# Blender 4.2.9 LTS
# www.blender.org
mtllib fighters-mig21-fly.mtl
o fishbed_adds_2.002
v 1.532864 -0.682648 2.946245
v 2.451033 -0.661704 2.946245
v 1.579704 -0.543503 2.946245
v 1.532864 -0.610114 2.946245
v 2.404194 -0.563860 2.946245
v 2.451033 -0.610700 2.946245
v 2.029087 -0.541219 1.953462
v 2.797216 -0.576345 1.953462
v 2.237948 -0.443374 1.953463
v 2.091023 -0.490214 1.953462
v 2.588355 -0.443374 1.953463
v 2.735280 -0.490214 1.953462
v 2.199555 -0.650761 1.513435
v 2.933151 -0.615634 1.513435
v 2.261492 -0.701765 1.513435
v 2.905748 -0.701765 1.513435
v 2.353384 -0.765754 1.513435
v 2.475477 -0.804075 1.513435
v 2.691762 -0.804075 1.513435
v 2.813855 -0.765754 1.513435
v -3.170822 -0.758934 0.593951
v -2.968904 -0.758934 0.593951
v -3.266339 -0.711964 0.512596
v -2.873387 -0.711964 0.512596
v 2.610739 -0.753005 0.535528
v 2.610739 -0.823344 0.465189
v 2.610739 -0.753005 0.465189
v 2.842077 -0.763104 0.512532
v 2.842077 -0.803516 0.472120
v 2.842077 -0.760887 0.470103
v 3.112826 -0.752733 0.488587
v 3.112826 -0.760725 0.488587
v 3.112826 -0.760725 0.496579
v 3.112826 -0.752733 0.496579
v 2.610739 -0.823344 0.509904
v 2.610739 -0.797722 0.535528
v 2.842077 -0.783865 0.514905
v 2.842077 -0.806093 0.492393
v 2.563184 -0.792657 3.351803
v 2.587007 -0.792657 3.351803
v 2.563184 -0.736575 3.351803
v 2.587007 -0.736575 3.351803
v 2.563184 -0.779026 3.351803
v 2.587007 -0.779026 3.351803
v 2.545513 -0.792657 3.351803
v 2.604677 -0.792657 3.351803
v 2.545513 -0.779026 3.351803
v 2.604677 -0.779026 3.351803
v 1.532865 -0.682648 -2.946238
v 2.451034 -0.661704 -2.946238
v 1.579705 -0.543503 -2.946238
v 1.532865 -0.610114 -2.946238
v 2.404195 -0.563860 -2.946238
v 2.451034 -0.610700 -2.946238
v 2.029088 -0.541219 -1.953455
v 2.797218 -0.576345 -1.953455
v 2.237949 -0.443374 -1.953455
v 2.091024 -0.490214 -1.953455
v 2.588356 -0.443374 -1.953455
v 2.735281 -0.490214 -1.953455
v 2.199556 -0.650761 -1.513427
v 2.933152 -0.615634 -1.513427
v 2.261492 -0.701765 -1.513428
v 2.905749 -0.701765 -1.513428
v 2.353385 -0.765754 -1.513428
v 2.475478 -0.804075 -1.513428
v 2.691763 -0.804075 -1.513428
v 2.813856 -0.765754 -1.513428
v -3.170821 -0.758934 -0.593944
v -2.968904 -0.758934 -0.593944
v -3.266338 -0.711964 -0.512589
v -2.873386 -0.711964 -0.512589
v 2.610740 -0.753005 -0.535520
v 2.610740 -0.823344 -0.465181
v 2.610740 -0.753005 -0.465181
v 2.842078 -0.763104 -0.512525
v 2.842078 -0.803516 -0.472112
v 2.842078 -0.760887 -0.470095
v 3.112827 -0.752733 -0.488579
v 3.112827 -0.760725 -0.488579
v 3.112827 -0.760725 -0.496572
v 3.112827 -0.752733 -0.496572
v 2.610740 -0.823344 -0.509896
v 2.610740 -0.797722 -0.535520
v 2.842078 -0.783865 -0.514898
v 2.842078 -0.806093 -0.492386
v 2.563185 -0.792657 -3.351796
v 2.587008 -0.792657 -3.351796
v 2.563185 -0.736575 -3.351796
v 2.587008 -0.736575 -3.351796
v 2.563185 -0.779026 -3.351796
v 2.587008 -0.779026 -3.351796
v 2.545514 -0.792657 -3.351796
v 2.604679 -0.792657 -3.351796
v 2.545514 -0.779026 -3.351796
v 2.604679 -0.779026 -3.351796
vn -0.0000 -0.0000 1.0000
vn -0.0000 -0.0000 -1.0000
vn -0.0000 0.8660 0.5000
vn 0.0935 0.0361 0.9950
vn 0.0260 -0.0178 -0.9995
vn 0.1634 -0.9825 -0.0896
vn -1.0000 -0.0000 -0.0000
vn 0.0396 0.9990 0.0196
vn 1.0000 -0.0000 -0.0000
vn 0.0579 0.0821 0.9949
vn -0.0344 0.9984 0.0439
vn 0.0681 -0.0397 -0.9969
vn 0.1077 -0.7074 0.6985
vn 0.1052 -0.7053 0.7011
vn 0.0789 -0.9961 -0.0395
vn -0.0000 0.8660 -0.5000
vn 0.0935 0.0361 -0.9950
vn 0.0260 -0.0178 0.9995
vn 0.1634 -0.9825 0.0896
vn 0.0396 0.9990 -0.0196
vn 0.0579 0.0821 -0.9949
vn -0.0344 0.9984 -0.0439
vn 0.0681 -0.0397 0.9969
vn 0.1077 -0.7074 -0.6985
vn 0.1052 -0.7053 -0.7011
vn 0.0789 -0.9961 0.0395
vt 0.000000 0.000000
vt 1.000000 0.000000
vt 1.000000 0.521282
vt 0.939021 1.000000
vt 0.060979 1.000000
vt 0.000000 0.521283
vt 0.961861 0.820691
vt 0.770982 1.000000
vt 0.229018 1.000000
vt 0.038139 0.820690
vt 1.000000 1.000000
vt 0.000000 1.000000
vt 0.512703 0.750000
vt 0.625000 0.750000
vt 0.625000 1.000000
vt 0.466064 1.000000
vt 0.375000 0.250000
vt 0.625000 0.250000
vt 0.625000 0.500000
vt 0.375000 0.500000
vt 0.375000 0.750000
vt 0.375000 0.610916
vt 0.375000 0.091073
vt 0.466064 0.000000
vt 0.625000 0.000000
vt 0.875000 0.500000
vt 0.875000 0.750000
vt 0.375000 0.720592
vt 0.125000 0.658927
vt 0.375000 0.610917
vt 0.125805 0.750000
vt 0.125000 0.500000
vt 0.000000 0.243055
vt 1.000000 0.243055
s 0
usemtl metal
f 1/1/1 2/2/1 6/3/1 5/4/1 3/5/1 4/6/1
f 7/1/1 8/2/1 12/3/1 11/4/1 9/5/1 10/6/1
f 13/1/2 14/2/2 16/3/2 20/7/2 19/8/2 18/9/2 17/10/2 15/6/2
f 21/1/3 22/2/3 24/11/3 23/12/3
f 37/13/4 28/14/4 25/15/4 36/16/4
f 26/17/5 27/18/5 30/19/5 29/20/5
f 33/21/6 38/22/6 29/20/6 32/20/6
f 35/23/7 36/24/7 25/25/7 27/18/7 26/17/7
f 30/19/8 27/26/8 25/27/8 28/14/8
f 32/20/9 31/19/9 34/14/9 33/21/9
f 28/14/10 37/13/10 33/21/10 34/14/10
f 30/19/11 28/14/11 34/14/11 31/19/11
f 29/20/12 30/19/12 31/19/12 32/20/12
f 37/28/13 38/22/13 33/21/13
f 35/29/14 38/30/14 37/21/14 36/31/14
f 26/32/15 29/20/15 38/30/15 35/29/15
f 43/33/1 44/34/1 42/11/1 41/12/1
f 39/1/1 40/2/1 44/34/1 43/33/1
f 44/34/1 40/2/1 46/2/1 48/34/1
f 39/1/1 43/33/1 47/33/1 45/1/1
f 49/1/2 52/6/2 51/5/2 53/4/2 54/3/2 50/2/2
f 55/1/2 58/6/2 57/5/2 59/4/2 60/3/2 56/2/2
f 61/1/1 63/6/1 65/10/1 66/9/1 67/8/1 68/7/1 64/3/1 62/2/1
f 69/1/16 71/12/16 72/11/16 70/2/16
f 85/13/17 84/16/17 73/15/17 76/14/17
f 74/17/18 77/20/18 78/19/18 75/18/18
f 81/21/19 80/20/19 77/20/19 86/22/19
f 83/23/7 74/17/7 75/18/7 73/25/7 84/24/7
f 78/19/20 76/14/20 73/27/20 75/26/20
f 80/20/9 81/21/9 82/14/9 79/19/9
f 76/14/21 82/14/21 81/21/21 85/13/21
f 78/19/22 79/19/22 82/14/22 76/14/22
f 77/20/23 80/20/23 79/19/23 78/19/23
f 85/28/24 81/21/24 86/22/24
f 83/29/25 84/31/25 85/21/25 86/30/25
f 74/32/26 83/29/26 86/30/26 77/20/26
f 91/33/2 89/12/2 90/11/2 92/34/2
f 87/1/2 91/33/2 92/34/2 88/2/2
f 92/34/2 96/34/2 94/2/2 88/2/2
f 87/1/2 93/1/2 95/33/2 91/33/2
o MIG-21.002
v -6.206302 -0.314094 0.248037
v -5.123399 -0.807199 0.486031
v -6.177374 -0.721983 0.372789
v -6.208434 -0.183444 0.364169
v -4.123147 -0.788516 0.486031
v -2.142693 -0.788516 0.486031
v -0.371542 -0.788516 0.486031
v 2.525575 -0.788516 0.499229
v 5.733911 -0.621138 0.401921
v 5.969322 -0.143074 0.301185
v 5.969322 -0.511224 0.312053
v -6.186112 -0.501513 0.453807
v -5.123399 -0.579559 0.601838
v -4.123147 -0.520450 0.601838
v 2.487629 -0.707790 3.570861
v 2.434616 -0.760673 3.570861
v 2.346768 -0.734232 3.570861
v 6.854775 -0.464543 1.854141
v 5.969322 -0.450547 0.344867
v -6.177374 -0.889678 0.149596
v -6.219945 -0.038331 0.149596
v -5.039287 -0.982183 0.237507
v -5.123399 0.118604 0.187344
v -6.206302 -0.760093 0.137202
v -6.206302 -0.200132 0.120359
v -3.845888 0.200867 0.305595
v -3.519047 -0.963499 0.237507
v -2.701456 0.240633 0.296426
v -2.862009 -0.963499 0.237507
v -0.218841 0.276431 0.252873
v -0.371542 -0.963499 0.237507
v 2.863795 0.236783 0.167841
v 2.525575 -0.963499 0.237507
v 5.710158 0.030318 0.081090
v 5.733911 -0.788832 0.136224
v 5.969322 -0.011027 0.118120
v 5.969322 -0.656631 0.118120
v 5.520594 -0.656631 -0.118112
v 2.482454 0.491454 0.055552
v 5.328108 1.916139 0.022217
v -2.142693 -0.608300 0.562024
v -1.928565 -0.432601 0.562024
v -2.230542 -0.520450 0.601838
v -0.218662 -0.366899 0.562024
v -0.325099 -0.608300 0.562024
v 2.586434 -0.432601 0.562024
v 2.832931 -0.608300 0.562024
v 2.992879 -0.519166 0.557268
v 3.017467 -0.733845 3.566106
v 2.886175 -0.707790 3.570861
v 2.857520 -0.760673 3.570861
v 2.684627 -0.707790 3.570861
v 2.684627 -0.760673 3.570861
v 3.926336 0.171640 0.165025
v 3.981967 0.425317 0.043640
v 6.319473 1.922346 0.044834
v 7.003015 -0.489568 1.846850
v 4.003305 -0.711423 0.482654
v 4.944837 -0.832423 0.165485
v 5.626504 -0.437554 0.464716
v 5.626504 -0.520521 0.464716
v 5.774743 -0.479037 0.457424
v 4.069913 -0.546939 0.559471
v 4.061659 -0.464116 0.560358
v 3.878082 -0.506207 0.560919
v 6.854775 -0.514594 1.854141
v 6.063885 -0.505959 1.842914
v 6.208320 -0.530531 1.841466
v 6.200066 -0.480566 1.842353
v -6.206302 -0.618037 0.270932
v -6.206302 -0.487945 0.306850
v 5.969322 -0.219556 0.341454
v 5.520594 -0.219556 -0.341446
v 5.733911 -0.244185 0.455604
v 3.923155 -0.210315 0.581210
v -2.140185 -0.166091 0.568737
v -0.218662 -0.158020 0.568737
v 2.788711 -0.166502 0.560457
v -6.198095 -0.342478 0.452757
v -6.206302 -0.402178 0.297718
v -5.123399 -0.294555 0.553955
v -4.123147 -0.201944 0.613120
v 5.328108 1.916139 -0.022210
v 6.319473 1.922346 -0.044827
v 5.520594 -0.143074 -0.301178
v 5.520594 -0.011027 -0.118112
v -5.390056 -0.291477 0.358799
v -5.371565 -0.380351 0.363440
v -5.336423 -0.764385 0.138560
v -5.336423 -0.609061 0.357511
v -5.381080 -0.247369 0.419355
v -5.401317 -0.100067 0.337303
v -5.349255 -0.719887 0.173029
v -5.349255 -0.577414 0.326165
v -5.408547 -0.185321 0.327374
v -5.360842 -0.394670 0.424221
v -5.401317 0.034341 0.138560
v -5.408547 -0.046356 0.187765
v -6.178658 -0.868595 0.143102
v -6.178657 -0.708181 0.356031
v -6.186250 -0.497760 0.433922
v -6.206672 -0.193500 0.348359
v -6.218182 -0.054686 0.143102
v -6.197283 -0.345630 0.433100
v -4.165631 0.216526 0.160685
v 0.540106 -0.788516 0.499229
v 2.740354 -0.707790 3.570861
v 2.732430 -0.760673 3.570861
v 0.540106 -0.963499 0.237507
v 0.630012 0.296005 0.218014
v 0.504989 -0.608300 0.562024
v 0.633012 -0.385066 0.562024
v 0.632584 -0.160421 0.566393
v 6.836935 -0.479135 1.909861
v 6.199178 -0.488351 1.898072
v 6.207432 -0.517088 1.897186
v 6.836935 -0.507922 1.909861
v 5.850232 -0.519973 1.852788
v 5.845280 -0.489994 1.853319
v 5.849701 -0.511906 1.886219
v 5.844748 -0.494664 1.886751
v 6.397771 0.104171 0.031664
v 6.397771 0.151088 0.033300
v 6.397771 0.151088 -0.033292
v -2.646213 0.572744 0.115045
v -2.666638 0.471634 0.218806
v -0.220767 0.460322 0.180777
v -0.221491 0.562497 0.067463
v 0.649875 0.560460 0.047381
v 0.664692 0.464709 0.161077
v -5.123399 -0.081540 0.453393
v -5.123399 0.028170 0.351101
v -4.123147 0.044604 0.496664
v -4.000459 0.153868 0.393166
v -2.255745 0.026195 0.492213
v -2.429157 0.152269 0.401786
v -0.218662 0.041801 0.491552
v -0.218729 0.161220 0.395741
v 2.858920 0.025543 0.478199
v 2.859859 0.134708 0.374767
v 5.725946 -0.028378 0.288549
v 5.733911 -0.123330 0.399206
v 3.925446 -0.027554 0.486567
v 3.926336 0.076426 0.376586
v 0.631363 0.154394 0.390170
v 0.632273 0.037315 0.487846
v -6.595133 -0.451871 0.174712
v -6.588782 -0.676415 0.074530
v -6.595133 -0.387637 0.154954
v -6.595133 -0.607628 0.145307
v -6.595133 -0.310158 0.069145
v -6.595133 -0.517932 0.180405
v -3.423229 0.216402 0.302013
v -3.381695 0.216402 0.302013
v 5.520594 -0.511224 -0.312046
v -4.005759 0.208696 0.233140
v -6.206302 -0.314094 -0.248029
v -5.123399 -0.807199 -0.486023
v -6.177374 -0.721983 -0.372781
v -6.208434 -0.183444 -0.364161
v -4.123147 -0.788516 -0.486023
v -2.142693 -0.788516 -0.486023
v -0.371542 -0.788516 -0.486023
v 2.525575 -0.788516 -0.499221
v 5.733911 -0.621138 -0.401914
v 5.969322 -0.143074 -0.301178
v 5.969322 -0.511224 -0.312046
v -6.186112 -0.501513 -0.453799
v -5.123399 -0.579559 -0.601830
v -4.123147 -0.520450 -0.601830
v 2.487629 -0.707790 -3.570853
v 2.434616 -0.760673 -3.570853
v 2.346768 -0.734232 -3.570853
v 6.854775 -0.464543 -1.854134
v 5.969322 -0.450547 -0.344860
v -6.177374 -0.889678 -0.149589
v -6.219945 -0.038331 -0.149589
v -5.039287 -0.982183 -0.237500
v -6.206302 -0.760093 -0.137194
v -6.206302 -0.200132 -0.120352
v -3.845888 0.200867 -0.305587
v -3.519047 -0.963499 -0.237500
v -2.701456 0.240633 -0.296418
v -2.862009 -0.963499 -0.237500
v -0.218841 0.276431 -0.252866
v -0.371542 -0.963499 -0.237500
v 2.863795 0.236783 -0.167833
v 2.525575 -0.963499 -0.237500
v 5.710158 0.030318 -0.081082
v 5.733911 -0.788832 -0.136217
v 5.969322 -0.011027 -0.118112
v 5.969322 -0.656631 -0.118112
v 5.520594 -0.450547 -0.344860
v 2.482454 0.491454 -0.055545
v 5.698923 0.248716 -0.011497
v 7.080404 1.885513 -0.012692
v -2.142693 -0.608300 -0.562016
v -1.928565 -0.432601 -0.562016
v -2.230542 -0.520450 -0.601830
v -0.218662 -0.366899 -0.562016
v -0.325099 -0.608300 -0.562016
v 2.586434 -0.432601 -0.562016
v 2.832931 -0.608300 -0.562016
v 2.992879 -0.519166 -0.557261
v 3.017467 -0.733845 -3.566098
v 2.886175 -0.707790 -3.570853
v 2.857520 -0.760673 -3.570853
v 2.684627 -0.707790 -3.570853
v 2.684627 -0.760673 -3.570853
v 3.926336 0.171640 -0.165017
v 3.981967 0.425317 -0.043632
v 7.003015 -0.489568 -1.846842
v 4.003305 -0.711423 -0.482647
v 4.944837 -0.832423 -0.165477
v 5.626504 -0.437554 -0.464708
v 5.626504 -0.520521 -0.464708
v 5.774743 -0.479037 -0.457417
v 4.069913 -0.546939 -0.559464
v 4.061659 -0.464116 -0.560350
v 3.878082 -0.506207 -0.560912
v 6.854775 -0.514594 -1.854134
v 6.063885 -0.505959 -1.842907
v 6.208320 -0.530531 -1.841459
v 6.200066 -0.480566 -1.842345
v -6.206302 -0.618037 -0.270924
v -6.206302 -0.487945 -0.306842
v 5.969322 -0.219556 -0.341446
v 5.520594 -0.679064 0.000004
v 5.733911 -0.244185 -0.455597
v 3.923155 -0.210315 -0.581203
v -2.140185 -0.166091 -0.568729
v -0.218662 -0.158020 -0.568729
v 2.788711 -0.166502 -0.560450
v -6.198095 -0.342478 -0.452749
v -6.206302 -0.402178 -0.297711
v -5.123399 -0.294555 -0.553947
v -4.123147 -0.201944 -0.613113
v -7.196801 -0.501521 0.000004
v -6.177374 -0.915548 0.000004
v -6.219945 -0.017697 0.000004
v -5.039287 -1.000764 0.000004
v -5.123399 0.139237 0.000004
v -6.206302 -0.179107 0.000004
v -3.519047 -0.982081 0.000004
v -2.862009 -0.982081 0.000004
v -0.371542 -0.982081 0.000004
v 2.406809 -0.989999 0.000004
v 5.743758 0.039552 0.000004
v 5.733911 -0.814703 0.000004
v 5.969322 0.017488 0.000004
v 5.969322 -0.679064 0.000004
v 5.520594 -0.656631 0.118120
v -2.638944 0.615095 0.000004
v -0.221575 0.587870 0.000004
v 2.346697 0.507157 0.000004
v 5.786040 0.248716 0.000004
v 5.698923 0.248716 0.011505
v 5.300601 1.916139 0.000004
v 7.128525 1.874633 0.000004
v 7.080404 1.885513 0.012699
v 6.319473 1.973152 0.000004
v 5.353080 -0.834571 0.000004
v -6.206302 -0.787638 0.000004
v 5.520594 0.017488 0.000004
v 5.520594 -0.219556 0.341454
v 5.520594 -0.143074 0.301185
v 5.520594 -0.011027 0.118120
v 5.520594 -0.511224 0.312053
v -5.390056 -0.291477 -0.358792
v -5.371565 -0.380351 -0.363433
v -5.336423 -0.764385 -0.138553
v -5.336423 -0.609061 -0.357504
v -5.381080 -0.247369 -0.419348
v -5.401317 -0.100067 -0.337295
v -5.349255 -0.719887 -0.173022
v -5.349255 -0.577414 -0.326157
v -5.408547 -0.185321 -0.327367
v -5.360842 -0.394670 -0.424214
v -5.336423 -0.788346 0.000004
v -5.401317 0.034341 -0.138553
v -5.349255 -0.774871 0.000004
v -5.408547 -0.046356 -0.187757
v -5.401317 0.034341 0.000004
v -5.408547 0.007265 0.000004
v -6.178658 -0.868595 -0.143094
v -6.178657 -0.708181 -0.356024
v -6.186250 -0.497760 -0.433915
v -6.206672 -0.193500 -0.348351
v -6.218182 -0.054686 -0.143094
v -6.197283 -0.345630 -0.433093
v -6.178659 -0.893343 0.000004
v -6.218182 -0.034053 0.000004
v -4.165384 0.216787 0.000004
v -4.165631 0.216526 -0.160677
v 0.540106 -0.788516 -0.499221
v 2.740354 -0.707790 -3.570853
v 2.732430 -0.760673 -3.570853
v 0.540106 -0.963499 -0.237500
v 0.630012 0.296005 -0.218006
v 0.540106 -0.982081 0.000004
v 0.634378 0.573471 0.000004
v 0.504989 -0.608300 -0.562016
v 0.633012 -0.385066 -0.562016
v 0.632584 -0.160421 -0.566386
v 6.836935 -0.479135 -1.909853
v 6.199178 -0.488351 -1.898065
v 6.207432 -0.517088 -1.897179
v 6.836935 -0.507922 -1.909853
v 5.850232 -0.519973 -1.852780
v 5.845280 -0.489994 -1.853312
v 5.849701 -0.511906 -1.886212
v 5.844748 -0.494664 -1.886743
v 6.397771 0.104171 -0.031656
v 6.397771 0.094813 0.000004
v 6.397771 0.183883 0.000004
v 2.496305 -1.238998 0.000004
v 2.692238 -1.397002 0.000004
v 3.017631 -1.483338 0.000004
v 5.211041 -1.129496 0.000004
v 5.334103 -1.000620 0.000004
v -2.646213 0.572744 -0.115037
v -2.666638 0.471634 -0.218799
v -0.220767 0.460322 -0.180770
v -0.221491 0.562497 -0.067456
v 0.649875 0.560460 -0.047374
v 0.664692 0.464709 -0.161069
v -5.123399 -0.081540 -0.453385
v -5.123399 0.028170 -0.351093
v -4.123147 0.044604 -0.496656
v -4.000459 0.153868 -0.393158
v -2.255745 0.026195 -0.492206
v -2.429157 0.152269 -0.401779
v -0.218662 0.041801 -0.491545
v -0.218729 0.161220 -0.395734
v 2.858920 0.025543 -0.478192
v 2.859859 0.134708 -0.374760
v 5.725946 -0.028378 -0.288541
v 5.733911 -0.123330 -0.399199
v 3.925446 -0.027554 -0.486559
v 3.926336 0.076426 -0.376578
v 0.631363 0.154394 -0.390162
v 0.632273 0.037315 -0.487838
v -6.595133 -0.451871 -0.174704
v -6.588782 -0.676415 -0.074522
v -6.595133 -0.387637 -0.154946
v -6.595133 -0.607628 -0.145300
v -6.595133 -0.694615 0.000004
v -6.595133 -0.295383 0.000004
v -6.595133 -0.310158 -0.069137
v -6.595133 -0.517932 -0.180397
v -5.123399 0.118604 -0.187336
v -3.423229 0.216402 -0.302005
v -3.381695 0.216402 -0.302005
v 5.520594 -0.450547 0.344867
v 6.473980 0.139348 0.000004
v -4.005759 0.208696 -0.233132
v 7.116276 -0.491617 1.879448
v 7.118630 -0.489280 1.893562
v 7.118630 -0.495728 1.893562
v 7.118838 -0.501565 -1.874339
v 7.116736 -0.495960 -1.872705
v 7.119092 -0.493623 -1.886819
v 7.119092 -0.500071 -1.886819
v 5.837732 -0.165897 -0.264763
v 5.837732 -0.233131 -0.300163
v 5.837732 -0.617362 -0.103831
v 5.837732 -0.637082 0.000004
v 5.837732 -0.489535 -0.274317
v 5.837732 -0.024747 0.000004
v 5.837732 -0.049814 -0.103831
v 5.837732 -0.436194 -0.303164
v 5.837732 -0.165897 0.264771
v 5.837732 -0.233131 0.300170
v 5.837732 -0.617362 0.103839
v 5.837732 -0.489535 0.274325
v 5.837732 -0.049814 0.103839
v 5.837732 -0.436194 0.303171
v 5.947391 -0.202980 -0.205594
v 5.947391 -0.255189 -0.233083
v 5.947391 -0.553553 -0.080627
v 5.947391 -0.568866 0.000004
v 5.947391 -0.454293 -0.213013
v 5.947391 -0.093374 0.000004
v 5.947391 -0.112840 -0.080627
v 5.947391 -0.412872 -0.235413
v 5.947391 -0.202980 0.205601
v 5.947391 -0.255189 0.233090
v 5.947391 -0.553553 0.080634
v 5.947391 -0.454293 0.213020
v 5.947391 -0.112840 0.080634
v 5.947391 -0.412872 0.235420
v 5.457458 -0.228632 -0.164665
v 5.457458 -0.270447 -0.186682
v 5.457458 -0.509415 -0.064576
v 5.457458 -0.521680 0.000004
v 5.457458 -0.429915 -0.170607
v 5.457458 -0.140846 0.000004
v 5.457458 -0.156436 -0.064576
v 5.457458 -0.396740 -0.188548
v 5.457458 -0.228632 0.164673
v 5.457458 -0.270447 0.186689
v 5.457458 -0.509415 0.064583
v 5.457458 -0.429915 0.170615
v 5.457458 -0.156436 0.064583
v 5.457458 -0.396740 0.188556
v 5.704541 0.132416 0.128128
v 5.704541 0.132416 -0.128120
v 7.081377 1.920615 0.000004
v 7.419428 1.894083 0.000004
v 7.426338 1.878824 0.000004
v 7.419287 1.878824 -0.005513
v 7.419287 1.878824 0.005520
v 0.058113 -0.627355 2.086349
v 2.736305 -0.560940 2.066442
v 1.232982 -0.528088 2.066442
v 0.279532 -0.560940 2.066442
v 0.145961 -0.693770 2.066442
v 1.179764 -0.693770 2.066442
v 2.845225 -0.693770 2.066442
v 3.005174 -0.626384 2.061687
v 1.618710 -0.693770 2.066442
v 1.686683 -0.537172 2.066442
v 0.058113 -0.627355 -2.086342
v 2.736305 -0.560940 -2.066435
v 1.232982 -0.528088 -2.066435
v 0.279532 -0.560940 -2.066435
v 0.145961 -0.693770 -2.066435
v 1.179764 -0.693770 -2.066435
v 2.845225 -0.693770 -2.066435
v 3.005174 -0.626384 -2.061679
v 1.618710 -0.693770 -2.066435
v 1.686683 -0.537172 -2.066435
v -5.082229 0.118260 0.000004
vn -0.0698 -0.1790 0.9814
vn -0.0655 -0.6354 0.7694
vn 0.0097 -0.6310 0.7757
vn -0.0002 -0.1822 0.9833
vn -0.0359 0.8486 0.5278
vn -0.0603 0.7878 0.6130
vn -0.0003 0.7079 0.7063
vn -0.0097 0.8090 0.5878
vn -0.0113 0.8153 0.5789
vn -0.1027 -0.9322 0.3470
vn -0.0395 -0.9347 0.3533
vn -0.1182 -0.8133 0.5697
vn -0.1106 0.5708 0.8136
vn -0.1241 0.7930 0.5964
vn -0.1324 0.6636 0.7362
vn 0.0945 -0.9391 -0.3305
vn 0.0957 -0.9954 -0.0000
vn 0.0947 -0.9422 -0.3215
vn -0.0881 0.2611 0.9613
vn -0.0257 0.2386 0.9708
vn -0.0617 0.5662 0.8219
vn 0.0037 0.7005 0.7136
vn 0.0044 0.7740 0.6332
vn 0.0077 0.2015 0.9795
vn 0.0024 0.5047 0.8633
vn 0.0068 -0.0066 1.0000
vn 0.0008 -0.0268 0.9996
vn 0.0011 0.1728 0.9850
vn 0.0023 0.4972 0.8676
vn 0.0068 0.5176 0.8556
vn 0.0031 0.1820 0.9833
vn 0.0006 0.1932 0.9812
vn 0.0140 0.5567 0.8306
vn 0.0012 -0.0158 0.9999
vn -0.0015 -0.0163 0.9999
vn 0.0887 -0.9807 -0.1744
vn 0.0649 -0.9881 0.1395
vn 0.1343 -0.9907 0.0217
vn 0.2507 0.1825 0.9507
vn 0.2126 0.5893 0.7794
vn 0.0462 0.5882 0.8074
vn 0.0281 0.2053 0.9783
vn 0.3845 0.2042 0.9002
vn 0.1751 -0.0381 0.9838
vn 0.3754 -0.0677 0.9244
vn 0.0371 -0.3669 0.9295
vn 0.0456 -0.3961 0.9171
vn 0.0070 -0.1744 0.9847
vn 0.0063 -0.1680 0.9858
vn 0.0176 -0.3132 0.9495
vn 0.0034 -0.3259 0.9454
vn -0.0000 -0.0000 1.0000
vn 0.0324 -0.9425 0.3328
vn 0.0180 -0.9998 -0.0000
vn 0.0580 -0.9983 -0.0000
vn 0.0624 -0.9416 0.3310
vn -0.0039 -0.3459 0.9383
vn -0.0031 -0.3424 0.9395
vn 0.0003 -0.3933 0.9194
vn 0.0002 -0.3925 0.9197
vn -0.0030 -0.3761 0.9266
vn -0.0041 -0.3717 0.9283
vn -0.1316 -0.1357 0.9820
vn -0.1426 -0.4004 0.9052
vn 0.3011 -0.6473 0.7002
vn 0.2808 -0.8951 0.3464
vn 0.4962 -0.7963 0.3460
vn 0.4532 -0.5810 0.6760
vn 0.1141 0.9935 -0.0000
vn 0.1013 0.9564 0.2741
vn 0.1883 0.9220 0.3383
vn -0.0020 -0.8280 0.5607
vn -0.0016 -0.9424 0.3344
vn 0.0288 -0.8402 0.5415
vn 0.0584 -0.8479 0.5270
vn -0.0000 -0.8177 0.5757
vn -0.0011 -0.9419 0.3360
vn -0.0021 -0.8212 0.5707
vn 0.0018 -0.8165 0.5774
vn 0.0859 0.7075 0.7014
vn 0.0813 0.7077 0.7018
vn 0.0816 0.7088 0.7006
vn -0.1826 -0.0902 0.9790
vn -0.2078 0.2321 0.9502
vn -0.3005 0.2133 0.9296
vn -0.2970 -0.1255 0.9466
vn -0.1437 0.9896 -0.0000
vn -0.1485 0.9321 0.3304
vn -0.1285 0.9510 0.2813
vn -0.0822 -0.9966 -0.0000
vn -0.0349 -0.9994 -0.0000
vn 0.0668 -0.6673 -0.7418
vn 0.0678 -0.6754 -0.7343
vn 0.0061 -0.9969 0.0780
vn 0.0061 -1.0000 -0.0000
vn -0.0000 -1.0000 -0.0000
vn -0.0000 -0.9970 0.0780
vn 0.2790 -0.9603 -0.0000
vn -0.0010 -1.0000 -0.0000
vn 0.4992 -0.8665 -0.0000
vn -0.9999 -0.0120 -0.0000
vn -0.3026 0.5400 0.7854
vn -0.3068 0.8514 0.4254
vn -0.2500 0.8588 0.4471
vn -0.2536 0.9673 -0.0000
vn -0.3066 0.9518 -0.0000
vn -0.2729 -0.8433 0.4630
vn -0.2807 -0.5274 0.8019
vn 0.0139 0.3384 0.9409
vn 0.0193 0.3400 0.9402
vn 0.0175 0.5566 0.8306
vn 0.0149 0.5303 0.8477
vn 0.0117 0.9432 0.3320
vn 0.0134 0.8592 0.5115
vn 0.0239 0.8861 0.4630
vn 0.0233 0.9997 -0.0000
vn 0.0327 0.4402 0.8973
vn 0.0376 0.9993 -0.0000
vn 0.0123 0.6806 0.7326
vn 0.0127 0.6794 0.7336
vn 0.0562 0.5505 0.8329
vn 0.0138 0.1565 0.9876
vn 0.0641 -0.0600 0.9961
vn 0.1205 -0.1037 0.9873
vn 0.0185 -0.0201 0.9996
vn -0.2929 0.6082 0.7378
vn -0.0970 0.7537 0.6500
vn -0.2366 0.6558 0.7169
vn -0.0000 -0.9985 -0.0544
vn -0.0000 -0.9987 -0.0506
vn -0.0000 -0.9990 -0.0444
vn -0.3969 -0.7252 0.5627
vn -0.3757 -0.7604 0.5297
vn -0.3585 -0.7862 0.5033
vn -0.1244 0.9550 0.2693
vn -0.2154 0.8928 0.3956
vn -0.2085 0.8970 0.3898
vn -0.0651 0.9790 0.1934
vn 0.0206 0.9955 0.0921
vn -0.0052 0.9933 0.1158
vn 0.0059 0.9937 0.1115
vn 0.0192 0.9950 0.0983
vn 0.0106 -0.1637 0.9865
vn 0.0208 -0.0112 0.9997
vn 0.0100 -0.0054 0.9999
vn 0.0327 -0.0177 0.9993
vn 0.1817 -0.9818 -0.0560
vn 0.1407 -0.9887 -0.0516
vn 0.3625 -0.9301 -0.0597
vn 0.2805 -0.9581 -0.0578
vn 0.2220 0.9727 0.0672
vn 0.1223 0.9893 0.0793
vn 0.1284 0.9882 0.0833
vn 0.2239 0.9721 0.0701
vn -0.0039 0.0179 0.9998
vn 0.0295 0.4254 0.9045
vn 0.0263 0.3294 0.9438
vn 0.0666 0.9208 0.3842
vn 0.0610 0.8353 0.5465
vn 0.1666 0.8475 0.5039
vn 0.0161 0.8096 0.5867
vn 0.0125 0.7342 0.6788
vn 0.0299 0.7901 0.6122
vn 0.0379 0.8741 0.4842
vn 0.4035 -0.4261 0.8097
vn 0.1719 -0.4536 0.8745
vn -0.1429 -0.9579 0.2491
vn 0.0741 -0.9951 -0.0651
vn -0.0099 -0.9922 0.1245
vn 0.2077 0.9632 -0.1706
vn 0.0486 0.9986 -0.0227
vn 0.1229 0.9895 0.0761
vn 0.0897 0.9930 -0.0769
vn 0.2065 -0.9610 -0.1842
vn 0.0072 -0.0165 0.9998
vn -0.0026 -0.9783 0.2071
vn -0.1617 0.9466 0.2791
vn -0.1936 0.9230 0.3324
vn -0.0363 0.9910 0.1288
vn -0.1788 -0.9345 0.3077
vn -0.0433 0.3190 -0.9468
vn -0.0287 0.1587 -0.9869
vn -0.0280 0.1519 -0.9880
vn -0.0630 -0.0789 0.9949
vn -0.1077 0.2169 0.9702
vn -0.1504 -0.4933 0.8567
vn -0.0450 -0.2210 0.9742
vn -0.1072 -0.9942 -0.0000
vn -0.1184 -0.8655 0.4867
vn -0.2731 -0.9620 -0.0000
vn -0.2318 0.5577 0.7970
vn -0.1237 0.9923 -0.0000
vn -0.1133 0.9170 -0.3824
vn -0.1126 0.9122 -0.3939
vn 0.0374 -0.0271 0.9989
vn 0.3549 0.6166 0.7027
vn 0.0155 -0.2511 -0.9678
vn 0.0162 -0.2575 -0.9661
vn -0.1133 0.2866 0.9513
vn 0.0816 0.7088 -0.7006
vn 0.0786 0.7254 -0.6838
vn 0.2107 0.7054 -0.6768
vn 0.2191 0.7023 -0.6774
vn 0.0562 0.5505 -0.8329
vn -0.2366 0.6558 -0.7169
vn -0.0317 0.7903 -0.6119
vn -0.0970 0.7537 -0.6500
vn -0.2072 0.8612 0.4641
vn -0.2180 0.9759 -0.0000
vn 0.0101 -0.8625 0.5060
vn -0.0039 -0.7100 0.7042
vn -0.9691 -0.1047 0.2232
vn -0.9710 -0.1524 0.1845
vn -0.9713 -0.1527 0.1823
vn -0.9675 -0.0733 0.2421
vn -0.0000 -0.6558 0.7549
vn -0.0000 -0.9086 0.4177
vn -0.0000 1.0000 -0.0000
vn -0.0000 0.9149 0.4037
vn -0.9520 -0.2245 0.2079
vn -0.9433 -0.2485 0.2200
vn -0.9907 0.1143 0.0734
vn -0.9745 0.0074 0.2243
vn -0.9885 0.0748 0.1313
vn -0.9899 0.1373 0.0343
vn -0.1655 0.5549 0.8153
vn -0.9896 0.1435 -0.0000
vn -0.9100 -0.3449 0.2301
vn -0.8872 -0.4412 0.1352
vn -0.8868 -0.4622 -0.0000
vn 0.0253 -0.9997 -0.0000
vn -0.0980 0.8034 -0.5873
vn 0.0308 0.3663 0.9300
vn 0.0272 0.5822 0.8126
vn 0.0191 -0.0091 0.9998
vn -0.0261 -0.0308 0.9992
vn -0.0240 -0.0270 0.9993
vn 0.0187 -0.0092 0.9998
vn -0.0312 -0.0398 0.9987
vn -0.0224 0.9859 0.1658
vn 0.0427 0.9789 0.1998
vn -0.0220 0.9902 0.1380
vn -0.9787 -0.2052 -0.0051
vn -0.0312 0.0126 -0.9994
vn -0.0213 -0.9720 0.2342
vn 0.2107 0.7054 0.6768
vn 0.2191 0.7023 0.6774
vn 0.3844 0.6577 0.6478
vn 0.0968 -0.9948 0.0300
vn 0.0969 -0.9953 -0.0000
vn 0.2930 -0.9561 -0.0000
vn 0.2831 -0.9499 0.1325
vn 0.0705 -0.0320 0.9970
vn 0.0765 -0.0642 0.9950
vn 0.2381 -0.1952 0.9514
vn 0.2563 -0.1776 0.9502
vn 0.0107 0.9373 0.3483
vn 0.0134 0.8424 0.5387
vn -0.0888 0.9502 0.2987
vn -0.0958 0.9782 0.1841
vn 0.4540 0.8910 -0.0000
vn 0.4518 0.8867 0.0977
vn -0.9983 -0.0578 -0.0000
vn -0.9983 -0.0537 0.0223
vn -0.9983 -0.0531 0.0242
vn -0.9985 -0.0467 0.0275
vn -0.9986 -0.0466 0.0269
vn -0.9983 -0.0590 -0.0001
vn -0.9982 -0.0592 -0.0004
vn -0.9964 -0.0793 -0.0285
vn -0.9963 -0.0800 -0.0298
vn -0.9947 -0.0979 -0.0325
vn -0.9944 -0.1010 -0.0305
vn -0.9939 -0.1090 -0.0186
vn -0.9939 -0.1090 -0.0185
vn -0.9945 -0.1043 -0.0000
vn -0.0000 -0.9086 -0.4177
vn 0.2414 0.7558 0.6087
vn -0.0000 0.6530 0.7573
vn -0.0000 0.2382 0.9712
vn 0.5045 -0.8634 -0.0000
vn 0.3960 -0.0320 0.9177
vn -0.0698 -0.1790 -0.9814
vn -0.0002 -0.1822 -0.9833
vn 0.0097 -0.6310 -0.7757
vn -0.0655 -0.6354 -0.7694
vn -0.0359 0.8486 -0.5278
vn -0.0113 0.8153 -0.5789
vn -0.0097 0.8090 -0.5878
vn -0.0003 0.7079 -0.7063
vn -0.0603 0.7878 -0.6130
vn -0.1027 -0.9322 -0.3470
vn -0.1182 -0.8133 -0.5697
vn -0.0395 -0.9347 -0.3533
vn -0.1106 0.5708 -0.8136
vn -0.1324 0.6636 -0.7362
vn -0.1241 0.7930 -0.5964
vn 0.0945 -0.9391 0.3305
vn 0.0947 -0.9422 0.3215
vn -0.0617 0.5662 -0.8219
vn -0.0257 0.2386 -0.9708
vn -0.0881 0.2611 -0.9613
vn 0.0044 0.7740 -0.6332
vn 0.0037 0.7005 -0.7136
vn 0.0024 0.5047 -0.8633
vn 0.0077 0.2015 -0.9795
vn 0.0011 0.1728 -0.9850
vn 0.0008 -0.0268 -0.9996
vn 0.0068 -0.0066 -1.0000
vn 0.0023 0.4972 -0.8676
vn 0.0068 0.5176 -0.8556
vn 0.0140 0.5567 -0.8306
vn 0.0006 0.1932 -0.9812
vn 0.0031 0.1820 -0.9833
vn -0.0015 -0.0163 -0.9999
vn 0.0012 -0.0158 -0.9999
vn 0.1229 0.9895 -0.0761
vn 0.1014 0.9936 0.0506
vn 0.0444 0.9777 -0.2055
vn -0.0000 -0.2471 -0.9690
vn -0.0000 0.2382 -0.9712
vn 0.2507 0.1825 -0.9507
vn 0.0281 0.2053 -0.9783
vn 0.0462 0.5882 -0.8074
vn 0.2126 0.5893 -0.7794
vn 0.3845 0.2042 -0.9002
vn 0.3754 -0.0677 -0.9244
vn 0.1751 -0.0381 -0.9838
vn 0.0371 -0.3669 -0.9295
vn 0.0034 -0.3259 -0.9454
vn 0.0176 -0.3132 -0.9495
vn 0.0063 -0.1680 -0.9858
vn 0.0070 -0.1744 -0.9847
vn 0.0456 -0.3961 -0.9171
vn -0.0000 -0.6558 -0.7549
vn -0.0000 -0.0000 -1.0000
vn 0.0324 -0.9425 -0.3328
vn 0.0624 -0.9416 -0.3310
vn -0.0039 -0.3459 -0.9383
vn -0.0031 -0.3424 -0.9395
vn 0.0003 -0.3933 -0.9194
vn -0.0041 -0.3717 -0.9283
vn -0.0030 -0.3761 -0.9266
vn 0.0002 -0.3925 -0.9197
vn -0.1426 -0.4004 -0.9052
vn -0.1316 -0.1357 -0.9820
vn 0.3011 -0.6473 -0.7002
vn 0.4532 -0.5810 -0.6760
vn 0.4962 -0.7963 -0.3460
vn 0.2808 -0.8951 -0.3464
vn 0.1883 0.9220 -0.3383
vn 0.1013 0.9564 -0.2741
vn -0.0000 0.9149 -0.4037
vn -0.0020 -0.8280 -0.5607
vn 0.0288 -0.8402 -0.5415
vn -0.0016 -0.9424 -0.3344
vn 0.0584 -0.8479 -0.5270
vn -0.0000 -0.8177 -0.5757
vn -0.0021 -0.8212 -0.5707
vn -0.0011 -0.9419 -0.3360
vn 0.0018 -0.8165 -0.5774
vn 0.0859 0.7075 -0.7014
vn 0.0813 0.7077 -0.7018
vn -0.1826 -0.0902 -0.9790
vn -0.2970 -0.1255 -0.9466
vn -0.3005 0.2133 -0.9296
vn -0.2078 0.2321 -0.9502
vn -0.1285 0.9510 -0.2813
vn -0.1485 0.9321 -0.3304
vn 0.0668 -0.6673 0.7418
vn 0.0678 -0.6754 0.7343
vn 0.0061 -0.9969 -0.0780
vn -0.0000 -0.9970 -0.0780
vn -0.3068 0.8514 -0.4254
vn -0.3026 0.5400 -0.7854
vn -0.2500 0.8588 -0.4471
vn -0.2807 -0.5274 -0.8019
vn -0.2729 -0.8433 -0.4630
vn 0.0641 -0.0600 -0.9961
vn 0.1205 -0.1037 -0.9873
vn 0.1638 -0.1371 -0.9769
vn 0.0139 0.3384 -0.9409
vn 0.0149 0.5303 -0.8477
vn 0.0175 0.5566 -0.8306
vn 0.0193 0.3400 -0.9402
vn 0.0117 0.9432 -0.3320
vn 0.0239 0.8861 -0.4630
vn 0.0134 0.8592 -0.5115
vn 0.0327 0.4402 -0.8973
vn 0.0387 0.4511 -0.8917
vn 0.0390 0.4537 -0.8903
vn 0.0266 0.3394 -0.9403
vn 0.0138 0.1565 -0.9876
vn 0.0185 -0.0201 -0.9996
vn -0.2929 0.6082 -0.7378
vn -0.0000 -0.9985 0.0544
vn -0.0000 -0.9990 0.0444
vn -0.0000 -0.9987 0.0506
vn -0.3969 -0.7252 -0.5627
vn -0.3585 -0.7862 -0.5033
vn -0.3757 -0.7604 -0.5297
vn -0.1244 0.9550 -0.2693
vn -0.0651 0.9790 -0.1934
vn -0.2085 0.8970 -0.3898
vn -0.2154 0.8928 -0.3956
vn 0.0206 0.9955 -0.0921
vn 0.0192 0.9950 -0.0983
vn 0.0059 0.9937 -0.1115
vn -0.0052 0.9933 -0.1158
vn 0.0106 -0.1637 -0.9865
vn 0.0208 -0.0113 -0.9997
vn 0.0327 -0.0177 -0.9993
vn 0.0100 -0.0054 -0.9999
vn 0.1407 -0.9887 0.0516
vn 0.1817 -0.9818 0.0560
vn 0.2805 -0.9581 0.0578
vn 0.3625 -0.9301 0.0597
vn 0.2220 0.9727 -0.0672
vn 0.2239 0.9721 -0.0701
vn 0.1284 0.9882 -0.0833
vn 0.1223 0.9893 -0.0793
vn -0.0039 0.0179 -0.9998
vn 0.0295 0.4254 -0.9045
vn 0.0263 0.3294 -0.9438
vn 0.0666 0.9208 -0.3842
vn 0.1666 0.8475 -0.5039
vn 0.0610 0.8353 -0.5465
vn 0.0161 0.8096 -0.5867
vn 0.0379 0.8741 -0.4842
vn 0.0299 0.7901 -0.6122
vn 0.0125 0.7342 -0.6788
vn 0.4036 -0.4261 -0.8097
vn 0.1719 -0.4536 -0.8745
vn -0.1429 -0.9579 -0.2491
vn -0.0099 -0.9922 -0.1245
vn 0.1164 -0.9922 0.0451
vn 0.0741 -0.9951 0.0651
vn 0.2077 0.9632 0.1706
vn 0.0486 0.9986 0.0227
vn 0.2065 -0.9610 0.1842
vn 0.0072 -0.0165 -0.9998
vn -0.0026 -0.9783 -0.2071
vn 0.0158 -0.9835 -0.1802
vn -0.1617 0.9466 -0.2791
vn -0.0363 0.9910 -0.1288
vn -0.1936 0.9230 -0.3324
vn -0.1788 -0.9345 -0.3077
vn -0.0433 0.3190 0.9468
vn -0.0280 0.1519 0.9880
vn -0.0287 0.1587 0.9869
vn -0.1077 0.2169 -0.9702
vn -0.0630 -0.0789 -0.9949
vn -0.0450 -0.2210 -0.9742
vn -0.1504 -0.4933 -0.8567
vn -0.1184 -0.8655 -0.4867
vn -0.2318 0.5577 -0.7970
vn -0.1126 0.9122 0.3939
vn -0.1133 0.9170 0.3824
vn -0.0000 0.6530 -0.7573
vn 0.0374 -0.0271 -0.9989
vn 0.3549 0.6166 -0.7027
vn 0.0162 -0.2575 0.9661
vn 0.0155 -0.2511 0.9678
vn -0.1133 0.2866 -0.9513
vn 0.1638 -0.1371 0.9769
vn 0.0786 0.7254 0.6838
vn 0.0266 0.3394 0.9403
vn -0.2072 0.8612 -0.4641
vn -0.0039 -0.7100 -0.7042
vn 0.0101 -0.8625 -0.5060
vn -0.9691 -0.1047 -0.2232
vn -0.9675 -0.0733 -0.2421
vn -0.9713 -0.1527 -0.1823
vn -0.9710 -0.1524 -0.1845
vn -0.0000 -0.2471 0.9690
vn -0.9433 -0.2485 -0.2200
vn -0.9520 -0.2245 -0.2079
vn -0.9907 0.1143 -0.0734
vn -0.9899 0.1373 -0.0343
vn -0.9885 0.0748 -0.1313
vn -0.9745 0.0074 -0.2243
vn -0.1655 0.5549 -0.8153
vn -0.8872 -0.4412 -0.1352
vn -0.9100 -0.3449 -0.2301
vn -0.0980 0.8034 0.5873
vn 0.0308 0.3663 -0.9300
vn 0.0272 0.5822 -0.8126
vn 0.0306 -0.0092 -0.9995
vn 0.0305 -0.0092 -0.9995
vn -0.0240 -0.0270 -0.9993
vn -0.0261 -0.0308 -0.9992
vn -0.0312 -0.0398 -0.9987
vn -0.0224 0.9859 -0.1658
vn 0.1722 -0.9701 -0.1713
vn -0.0220 0.9902 -0.1380
vn -0.9787 -0.2052 0.0051
vn -0.0312 0.0126 0.9994
vn -0.0213 -0.9720 -0.2342
vn 0.3844 0.6577 -0.6478
vn 0.0968 -0.9948 -0.0300
vn 0.2831 -0.9499 -0.1325
vn 0.2563 -0.1776 -0.9502
vn 0.2381 -0.1952 -0.9514
vn 0.0765 -0.0642 -0.9950
vn 0.0705 -0.0320 -0.9970
vn 0.0107 0.9373 -0.3483
vn 0.0134 0.8424 -0.5387
vn -0.0958 0.9782 -0.1841
vn -0.0888 0.9502 -0.2987
vn 0.4518 0.8867 -0.0977
vn -0.9983 -0.0531 -0.0242
vn -0.9983 -0.0537 -0.0223
vn -0.9986 -0.0466 -0.0269
vn -0.9985 -0.0467 -0.0275
vn -0.9982 -0.0592 0.0004
vn -0.9983 -0.0590 0.0001
vn -0.9963 -0.0800 0.0298
vn -0.9964 -0.0793 0.0285
vn -0.9944 -0.1010 0.0305
vn -0.9947 -0.0979 0.0325
vn -0.9939 -0.1090 0.0185
vn -0.9939 -0.1090 0.0186
vn 0.1304 -0.9076 0.3991
vn 0.1312 -0.9914 -0.0000
vn 0.3296 -0.9441 -0.0000
vn 0.3263 -0.8653 0.3805
vn 0.2414 0.7558 -0.6087
vn 0.3960 -0.0320 -0.9177
vn 0.0530 0.9972 0.0527
vn 0.0345 0.9952 -0.0915
vn 0.9864 -0.0000 -0.1645
vn 0.9808 0.1550 0.1185
vn 0.0578 -0.0000 0.9983
vn 0.0385 -0.9909 -0.1286
vn 0.0999 -0.6864 0.7203
vn 0.0814 -0.0000 -0.9967
vn 0.0339 -0.9766 -0.2126
vn 0.3388 -0.2258 0.9133
vn 0.3336 -0.6131 0.7161
vn 0.5418 -0.3998 0.7393
vn 0.1289 0.9015 -0.4131
vn 0.1320 0.9912 -0.0000
vn 0.3293 0.9442 -0.0000
vn 0.3246 0.8599 -0.3939
vn 0.1372 -0.2378 0.9616
vn 0.1336 -0.6446 0.7527
vn 0.1304 -0.9076 -0.3991
vn 0.1336 -0.6446 -0.7527
vn 0.3336 -0.6131 -0.7161
vn 0.3263 -0.8653 -0.3805
vn 0.1372 -0.2378 -0.9616
vn 0.1355 0.2461 -0.9597
vn 0.3362 0.2339 -0.9123
vn 0.3388 -0.2258 -0.9134
vn 0.1289 0.9015 0.4131
vn 0.3246 0.8599 0.3939
vn 0.1328 0.6478 -0.7501
vn 0.3312 0.6167 -0.7142
vn 0.1355 0.2461 0.9597
vn 0.3362 0.2339 0.9123
vn 0.1328 0.6478 0.7501
vn 0.3312 0.6167 0.7142
vn 0.0978 -0.4636 -0.8806
vn 0.5418 -0.3998 -0.7393
vn 0.5360 0.3933 0.7470
vn 0.5360 0.3933 -0.7470
vn 0.5215 -0.8383 0.1592
vn 0.5215 -0.8383 -0.1592
vn 0.5097 -0.6883 0.5161
vn 0.5097 -0.6883 -0.5161
vn 0.5197 0.8305 0.2005
vn 0.5197 0.8305 -0.2005
vn 0.5236 0.0126 0.8519
vn 0.5236 0.0126 -0.8519
vn 0.5081 0.6985 0.5039
vn 0.5081 0.6985 -0.5039
vn 1.0000 -0.0000 -0.0000
vn 0.0978 -0.4636 0.8806
vn 0.0942 0.9781 -0.1858
vn 0.0942 0.9781 0.1858
vn 0.0913 0.7967 -0.5974
vn 0.0913 0.7967 0.5974
vn 0.0938 -0.9678 -0.2336
vn 0.0938 -0.9678 0.2336
vn 0.0947 -0.0147 -0.9954
vn 0.0947 -0.0147 0.9954
vn 0.0910 -0.8077 -0.5826
vn 0.0910 -0.8077 0.5826
vn 0.0993 0.4733 -0.8753
vn 0.0993 0.4733 0.8753
vn 0.0501 0.5553 -0.8301
vn 0.5935 0.2688 -0.7586
vn 0.5935 0.2688 0.7586
vn 0.0025 -0.8551 -0.5184
vn 0.0025 -0.8551 0.5184
vn 0.1160 0.9904 0.0749
vn 0.0217 0.9961 0.0855
vn -0.0000 -0.9984 -0.0567
vn -0.0219 0.9918 0.1261
vn -0.1821 0.9198 0.3477
vn 0.2200 0.9734 0.0643
vn 0.2270 -0.9720 -0.0604
vn 0.4372 -0.8973 -0.0610
vn -0.2174 0.8916 0.3973
vn -0.4124 -0.6969 0.5867
vn 0.1160 0.9904 -0.0749
vn 0.0217 0.9961 -0.0855
vn -0.0000 -0.9984 0.0567
vn -0.0219 0.9918 -0.1261
vn -0.1821 0.9198 -0.3477
vn 0.2200 0.9734 -0.0643
vn 0.2270 -0.9720 0.0604
vn 0.4372 -0.8973 0.0610
vn -0.2174 0.8916 -0.3973
vn -0.4124 -0.6969 -0.5867
vn -0.1044 0.9945 -0.0000
vt 0.099542 0.080367
vt 0.117258 0.079419
vt 0.117285 0.149421
vt 0.096805 0.149579
vt 0.037724 0.168481
vt 0.045171 0.157990
vt 0.045809 0.267621
vt 0.036117 0.248548
vt 0.037339 0.201116
vt 0.037016 0.198166
vt 0.276277 0.001044
vt 0.267426 0.095170
vt 0.246971 0.089058
vt 0.252945 0.000338
vt 0.063143 0.080368
vt 0.052679 0.079880
vt 0.068177 0.004244
vt 0.905689 0.384389
vt 0.925643 0.401540
vt 0.859866 0.453692
vt 0.859433 0.453175
vt 0.079546 0.080581
vt 0.074726 0.149864
vt 0.055898 0.149694
vt 0.045782 0.422509
vt 0.032917 0.422579
vt 0.071301 0.288087
vt 0.056751 0.279836
vt 0.089978 0.302999
vt 0.086071 0.422332
vt 0.071465 0.422405
vt 0.056500 0.422471
vt 0.057014 0.482066
vt 0.071916 0.481997
vt 0.073100 0.633157
vt 0.058474 0.638124
vt 0.087657 0.481948
vt 0.091682 0.618879
vt 0.883173 0.782793
vt 0.882940 0.797494
vt 0.877455 0.795403
vt 0.074771 0.838990
vt 0.065422 0.838973
vt 0.062195 0.712433
vt 0.076530 0.712155
vt 0.182202 0.852546
vt 0.187451 0.835145
vt 0.201226 0.829295
vt 0.198764 0.855030
vt 0.112525 0.717841
vt 0.099879 0.722570
vt 0.097161 0.709150
vt 0.097889 0.647344
vt 0.103934 0.636075
vt 0.117285 0.614632
vt 0.554004 0.744705
vt 0.550307 0.748411
vt 0.552156 0.738563
vt 0.271398 0.619658
vt 0.288500 0.611118
vt 0.288622 0.823302
vt 0.276554 0.793906
vt 0.234934 0.474830
vt 0.248653 0.477338
vt 0.248817 0.620043
vt 0.235126 0.642151
vt 0.235150 0.283110
vt 0.249346 0.283128
vt 0.249183 0.411687
vt 0.234982 0.415040
vt 0.092060 0.005860
vt 0.108727 0.005223
vt 0.849952 0.940288
vt 0.846966 0.918289
vt 0.866077 0.918005
vt 0.869822 0.935610
vt 0.148162 0.839016
vt 0.153592 0.835673
vt 0.159655 0.853836
vt 0.150975 0.855146
vt 0.271282 0.477312
vt 0.250241 0.726618
vt 0.278627 0.850937
vt 0.255949 0.851716
vt 0.271038 0.233507
vt 0.271245 0.411716
vt 0.253167 0.149339
vt 0.270790 0.184953
vt 0.015759 0.717028
vt 0.032202 0.838116
vt 0.020706 0.837517
vt 0.845658 0.842367
vt 0.838045 0.848228
vt 0.822375 0.820558
vt 0.824520 0.818474
vt 0.026626 0.076750
vt 0.039734 0.000338
vt 0.050160 0.001919
vt 0.039648 0.078759
vt 0.288664 0.001236
vt 0.288041 0.088366
vt 0.855396 0.372681
vt 0.858311 0.452726
vt 0.288292 0.189477
vt 0.288305 0.233646
vt 0.288385 0.411708
vt 0.288638 0.850834
vt 0.288423 0.477303
vt 0.846550 0.909046
vt 0.865572 0.909046
vt 0.817460 0.813746
vt 0.819703 0.821980
vt 0.814465 0.822136
vt 0.804135 0.850674
vt 0.791651 0.843322
vt 0.811693 0.820355
vt 0.825365 0.809964
vt 0.826035 0.814400
vt 0.019076 0.422431
vt 0.019059 0.251000
vt 0.003319 0.422510
vt 0.008373 0.422456
vt 0.007794 0.483522
vt 0.004334 0.482553
vt 0.012569 0.611844
vt 0.008292 0.602439
vt 0.827772 0.306331
vt 0.832508 0.306384
vt 0.832550 0.359690
vt 0.984614 0.369452
vt 0.829939 0.359679
vt 0.679237 0.210541
vt 0.672829 0.090689
vt 0.791203 0.000338
vt 0.791203 0.053352
vt 0.680361 0.325014
vt 0.678664 0.314899
vt 0.787401 0.122191
vt 0.789893 0.125572
vt 0.660915 0.537180
vt 0.660746 0.609399
vt 0.555192 0.714311
vt 0.555239 0.696833
vt 0.658053 0.529899
vt 0.554937 0.690426
vt 0.448263 0.561280
vt 0.445621 0.577283
vt 0.342586 0.416690
vt 0.343031 0.406679
vt 0.448742 0.462910
vt 0.448731 0.494625
vt 0.343063 0.392907
vt 0.343072 0.389011
vt 0.116722 0.287975
vt 0.103038 0.287922
vt 0.096317 0.281746
vt 0.550307 0.776274
vt 0.554004 0.774270
vt 0.552132 0.785458
vt 0.554004 0.765525
vt 0.550307 0.766079
vt 0.554004 0.762183
vt 0.550307 0.762183
vt 0.660668 0.640080
vt 0.660435 0.725796
vt 0.555161 0.726399
vt 0.555183 0.717652
vt 0.660998 0.737921
vt 0.555551 0.737739
vt 0.448737 0.370199
vt 0.448733 0.389544
vt 0.343097 0.378814
vt 0.343290 0.369452
vt 0.831084 0.235067
vt 0.832550 0.237057
vt 0.031862 0.638856
vt 0.035439 0.713278
vt 0.051649 0.712647
vt 0.055190 0.838696
vt 0.040056 0.838484
vt 0.030691 0.482125
vt 0.046319 0.482087
vt 0.047953 0.638261
vt 0.857652 0.949133
vt 0.846491 0.951654
vt 0.871952 0.940268
vt 0.409353 0.961093
vt 0.348723 0.870465
vt 0.389273 0.747320
vt 0.411321 0.786797
vt 0.791880 0.111349
vt 0.797982 0.102470
vt 0.838561 0.225619
vt 0.832749 0.234390
vt 0.342586 0.861610
vt 0.383438 0.738563
vt 0.101756 0.831449
vt 0.110045 0.838939
vt 0.559949 0.356418
vt 0.563471 0.356048
vt 0.564286 0.365698
vt 0.885923 0.876073
vt 0.887948 0.875547
vt 0.858978 0.011389
vt 0.866137 0.000338
vt 0.866137 0.177493
vt 0.860973 0.185686
vt 0.416793 0.972610
vt 0.416793 0.795455
vt 0.781699 0.433180
vt 0.803051 0.395758
vt 0.856973 0.453103
vt 0.856191 0.454046
vt 0.858314 0.454886
vt 0.858307 0.454891
vt 0.857183 0.453290
vt 0.857506 0.453120
vt 0.858300 0.454902
vt 0.856445 0.454094
vt 0.844293 0.782996
vt 0.855543 0.798686
vt 0.822943 0.807463
vt 0.827090 0.852543
vt 0.796672 0.503828
vt 0.785118 0.484271
vt 0.856139 0.455586
vt 0.856480 0.456387
vt 0.088584 0.831880
vt 0.094078 0.721988
vt 0.175978 0.852403
vt 0.168602 0.835023
vt 0.823813 0.379489
vt 0.857520 0.452798
vt 0.080906 0.005289
vt 0.954356 0.133755
vt 0.954356 0.139958
vt 0.947250 0.181734
vt 0.944110 0.180948
vt 0.981874 0.374185
vt 0.982551 0.634180
vt 0.983267 0.372749
vt 0.981691 0.369452
vt 0.823051 0.305944
vt 0.829440 0.236912
vt 0.858352 0.454893
vt 0.858341 0.454884
vt 0.858983 0.453218
vt 0.859748 0.453786
vt 0.858298 0.454920
vt 0.856274 0.455277
vt 0.825795 0.271149
vt 0.818955 0.272180
vt 0.798117 0.242230
vt 0.829319 0.235010
vt 0.832131 0.289461
vt 0.834302 0.285996
vt 0.868065 0.299033
vt 0.860472 0.311671
vt 0.857980 0.453010
vt 0.858324 0.454883
vt 0.856574 0.456312
vt 0.858304 0.454930
vt 0.855543 0.827864
vt 0.109458 0.919866
vt 0.111279 0.909047
vt 0.179320 0.909046
vt 0.180965 0.918925
vt 0.018203 0.484463
vt 0.792895 0.265810
vt 0.799274 0.268367
vt 0.798350 0.326391
vt 0.791880 0.329535
vt 0.121162 0.881202
vt 0.121162 0.859225
vt 0.184802 0.859225
vt 0.184802 0.881202
vt 0.884746 0.797428
vt 0.887643 0.876199
vt 0.889806 0.891707
vt 0.890151 0.891148
vt 0.890151 0.794781
vt 0.889545 0.876348
vt 0.889790 0.891151
vt 0.564286 0.331237
vt 0.562173 0.331459
vt 0.562529 0.329081
vt 0.563775 0.328933
vt 0.889901 0.890800
vt 0.935518 0.316913
vt 0.932378 0.317699
vt 0.931342 0.311872
vt 0.922644 0.364444
vt 0.917293 0.360668
vt 0.927182 0.316810
vt 0.929281 0.317695
vt 0.930681 0.365460
vt 0.000338 0.253139
vt 0.008920 0.252511
vt 0.029410 0.145412
vt 0.029814 0.145270
vt 0.178489 0.834938
vt 0.026309 0.080027
vt 0.793936 0.505997
vt 0.781698 0.485637
vt 0.777716 0.432434
vt 0.800345 0.393479
vt 0.822100 0.376501
vt 0.854892 0.369195
vt 0.907164 0.381410
vt 0.927868 0.399776
vt 0.815515 0.274688
vt 0.813488 0.278178
vt 0.779499 0.265472
vt 0.787042 0.252548
vt 0.204189 0.839850
vt 0.835238 0.278941
vt 0.834284 0.276471
vt 0.864672 0.257787
vt 0.868065 0.264516
vt 0.216696 0.760501
vt 0.213892 0.691703
vt 0.234210 0.691876
vt 0.234257 0.761449
vt 0.155676 0.674964
vt 0.154827 0.645851
vt 0.154974 0.641654
vt 0.153796 0.593740
vt 0.163487 0.574637
vt 0.162854 0.684467
vt 0.301049 0.001237
vt 0.324383 0.000894
vt 0.328978 0.089670
vt 0.308464 0.095663
vt 0.180607 0.760510
vt 0.185824 0.835846
vt 0.170227 0.761041
vt 0.937789 0.424880
vt 0.860272 0.454232
vt 0.173295 0.691432
vt 0.191988 0.691370
vt 0.196869 0.760244
vt 0.149856 0.419556
vt 0.162754 0.419587
vt 0.174362 0.562523
vt 0.188843 0.554443
vt 0.188529 0.419630
vt 0.203201 0.419664
vt 0.207472 0.539596
vt 0.173504 0.419600
vt 0.173864 0.359762
vt 0.174967 0.202968
vt 0.189686 0.207946
vt 0.188833 0.359794
vt 0.208400 0.222304
vt 0.204639 0.359807
vt 0.776847 0.785241
vt 0.774360 0.797775
vt 0.771195 0.783829
vt 0.813726 0.287721
vt 0.819032 0.292331
vt 0.808896 0.326570
vt 0.783257 0.306382
vt 0.191378 0.000873
vt 0.192987 0.128432
vt 0.178566 0.128163
vt 0.181970 0.000871
vt 0.064667 0.003035
vt 0.081230 0.000551
vt 0.083692 0.026287
vt 0.069916 0.020436
vt 0.229280 0.122485
vt 0.234257 0.226584
vt 0.220754 0.204978
vt 0.214637 0.193621
vt 0.213797 0.131278
vt 0.216516 0.117737
vt 0.812588 0.284844
vt 0.779043 0.297498
vt 0.545933 0.744705
vt 0.547782 0.738563
vt 0.549631 0.748411
vt 0.305612 0.619639
vt 0.300656 0.793893
vt 0.341910 0.474768
vt 0.341910 0.642089
vt 0.328193 0.619998
vt 0.328193 0.477292
vt 0.341498 0.282931
vt 0.341825 0.414980
vt 0.327608 0.411641
vt 0.327289 0.282967
vt 0.225968 0.834804
vt 0.209479 0.834194
vt 0.849952 0.877803
vt 0.869822 0.882482
vt 0.866077 0.900086
vt 0.846966 0.899802
vt 0.030627 0.016565
vt 0.033440 0.000434
vt 0.042120 0.001745
vt 0.036056 0.019908
vt 0.828809 0.292045
vt 0.849780 0.321660
vt 0.305565 0.477292
vt 0.326892 0.726574
vt 0.321327 0.851678
vt 0.298649 0.850925
vt 0.305526 0.411696
vt 0.305576 0.233511
vt 0.323130 0.149943
vt 0.305770 0.185314
vt 0.131791 0.123522
vt 0.136966 0.002257
vt 0.148538 0.001673
vt 0.785285 0.789683
vt 0.811819 0.807391
vt 0.810045 0.809799
vt 0.780508 0.798019
vt 0.144569 0.764202
vt 0.157379 0.762209
vt 0.167997 0.838189
vt 0.157684 0.839770
vt 0.937747 0.476518
vt 0.860454 0.455429
vt 0.809552 0.817850
vt 0.808998 0.812638
vt 0.782676 0.831948
vt 0.815651 0.805339
vt 0.820137 0.805402
vt 0.534444 0.738563
vt 0.534444 0.888297
vt 0.531256 0.889885
vt 0.529720 0.742491
vt 0.136711 0.591359
vt 0.135983 0.419759
vt 0.120188 0.419754
vt 0.120914 0.359509
vt 0.124390 0.358469
vt 0.125254 0.419783
vt 0.124614 0.238790
vt 0.128897 0.229302
vt 0.567784 0.365417
vt 0.566345 0.365013
vt 0.567383 0.329985
vt 0.567784 0.329630
vt 0.565001 0.114671
vt 0.672152 0.275251
vt 0.670535 0.328256
vt 0.554936 0.234308
vt 0.569598 0.000338
vt 0.672152 0.201298
vt 0.670451 0.206306
vt 0.567612 0.010312
vt 0.873095 0.570306
vt 0.767419 0.410653
vt 0.767372 0.393175
vt 0.872926 0.498087
vt 0.870233 0.577587
vt 0.767117 0.417062
vt 0.448262 0.176947
vt 0.343031 0.331548
vt 0.342586 0.321537
vt 0.445620 0.160944
vt 0.448742 0.275317
vt 0.343072 0.349216
vt 0.343063 0.345320
vt 0.448731 0.243602
vt 0.213687 0.560787
vt 0.220355 0.554683
vt 0.233907 0.554655
vt 0.549630 0.776274
vt 0.547806 0.785458
vt 0.545933 0.774270
vt 0.545933 0.765525
vt 0.549631 0.766079
vt 0.549631 0.762183
vt 0.545933 0.762183
vt 0.872848 0.467406
vt 0.767362 0.389833
vt 0.767341 0.381086
vt 0.872615 0.381689
vt 0.767731 0.369746
vt 0.873178 0.369565
vt 0.448737 0.368028
vt 0.343290 0.368775
vt 0.343097 0.359413
vt 0.448733 0.348683
vt 0.148208 0.202290
vt 0.151631 0.127331
vt 0.156443 0.001315
vt 0.171674 0.001128
vt 0.167951 0.127951
vt 0.147417 0.359775
vt 0.164389 0.202850
vt 0.163119 0.359768
vt 0.857652 0.868959
vt 0.871952 0.877824
vt 0.846490 0.866438
vt 0.484236 0.750080
vt 0.486204 0.924377
vt 0.464155 0.963853
vt 0.423606 0.840708
vt 0.866813 0.123379
vt 0.907682 0.000338
vt 0.913495 0.009110
vt 0.872915 0.132258
vt 0.458320 0.972610
vt 0.417469 0.849563
vt 0.218224 0.007908
vt 0.226572 0.000338
vt 0.554936 0.338212
vt 0.559273 0.328933
vt 0.558458 0.338583
vt 0.762614 0.710659
vt 0.764520 0.710934
vt 0.769156 0.784132
vt 0.762567 0.786060
vt 0.933911 0.223339
vt 0.935906 0.049043
vt 0.941070 0.057236
vt 0.941070 0.234390
vt 0.491675 0.738563
vt 0.491675 0.915717
vt 0.862044 0.534482
vt 0.858685 0.457193
vt 0.859781 0.456647
vt 0.903336 0.522214
vt 0.858351 0.454931
vt 0.859886 0.456123
vt 0.859646 0.456399
vt 0.858344 0.454937
vt 0.858695 0.456935
vt 0.858331 0.454940
vt 0.827225 0.773974
vt 0.777716 0.809457
vt 0.857179 0.456896
vt 0.813077 0.519540
vt 0.821474 0.292954
vt 0.816083 0.328279
vt 0.205230 0.008022
vt 0.210624 0.118294
vt 0.058444 0.003178
vt 0.051067 0.020558
vt 0.860203 0.456183
vt 0.923913 0.505714
vt 0.198430 0.834785
vt 0.539843 0.889888
vt 0.535120 0.885960
vt 0.536656 0.738563
vt 0.539843 0.740152
vt 0.942624 0.364892
vt 0.942624 0.358690
vt 0.564962 0.364781
vt 0.566967 0.329638
vt 0.860127 0.454660
vt 0.858358 0.454905
vt 0.857508 0.456835
vt 0.858314 0.454937
vt 0.828846 0.271861
vt 0.839011 0.237043
vt 0.860101 0.455686
vt 0.858355 0.454922
vt 0.798316 0.777925
vt 0.109458 0.898227
vt 0.180965 0.899168
vt 0.134857 0.357486
vt 0.808480 0.328856
vt 0.807465 0.265130
vt 0.813935 0.268275
vt 0.814860 0.326299
vt 0.226575 0.854587
vt 0.226575 0.918227
vt 0.204598 0.918227
vt 0.204598 0.854587
vt 0.764187 0.710413
vt 0.764171 0.697905
vt 0.763811 0.697499
vt 0.765907 0.710033
vt 0.663250 0.365990
vt 0.659974 0.356007
vt 0.663250 0.353524
vt 0.763878 0.697949
vt 0.559273 0.363393
vt 0.558762 0.365698
vt 0.557516 0.365549
vt 0.557160 0.363171
vt 0.764020 0.698223
vt 0.943074 0.186775
vt 0.934376 0.134203
vt 0.941013 0.180953
vt 0.938914 0.181837
vt 0.929025 0.137979
vt 0.942413 0.133187
vt 0.529043 0.738563
vt 0.529043 0.944825
vt 0.517521 0.942889
vt 0.508977 0.933823
vt 0.492352 0.779390
vt 0.499578 0.756991
vt 0.511330 0.743894
vt 0.117962 0.589302
vt 0.126555 0.589891
vt 0.147933 0.697437
vt 0.155283 0.674832
vt 0.060954 0.020643
vt 0.144324 0.760957
vt 0.810968 0.522557
vt 0.861864 0.538529
vt 0.904938 0.525368
vt 0.926430 0.508064
vt 0.941026 0.477803
vt 0.941026 0.424123
vt 0.943012 0.289559
vt 0.935456 0.300046
vt 0.917260 0.283479
vt 0.919894 0.278840
vt 0.853207 0.858415
vt 0.776348 0.805651
vt 0.775292 0.806381
vt 0.882125 0.773969
vt 0.882781 0.774770
vt 0.556504 0.367388
vt 0.556059 0.367315
vt 0.556504 0.366374
vt 0.554955 0.367316
vt 0.554936 0.366437
vt 0.555383 0.366374
vt 0.555383 0.367388
vt 0.883522 0.774208
vt 0.767112 0.787281
vt 0.776214 0.806576
vt 0.776847 0.805905
vt 0.568460 0.339301
vt 0.570257 0.328933
vt 0.570257 0.347470
vt 0.569841 0.347349
vt 0.900843 0.361803
vt 0.896162 0.362720
vt 0.894943 0.353500
vt 0.897991 0.353004
vt 0.869004 0.257989
vt 0.877216 0.246384
vt 0.896451 0.264043
vt 0.893953 0.268768
vt 0.940756 0.256696
vt 0.943012 0.262365
vt 0.921527 0.269196
vt 0.920507 0.266192
vt 0.925733 0.308590
vt 0.898575 0.311003
vt 0.903663 0.288990
vt 0.912945 0.286652
vt 0.892715 0.309209
vt 0.872524 0.293637
vt 0.893826 0.281593
vt 0.900576 0.288203
vt 0.888084 0.237234
vt 0.900929 0.261117
vt 0.868934 0.285637
vt 0.892540 0.277836
vt 0.923772 0.237965
vt 0.913444 0.260009
vt 0.915583 0.235010
vt 0.909664 0.258926
vt 0.929025 0.023804
vt 0.931344 0.017655
vt 0.961604 0.031362
vt 0.961390 0.032051
vt 0.868934 0.327946
vt 0.870922 0.323570
vt 0.878888 0.328411
vt 0.877705 0.331298
vt 0.916424 0.346539
vt 0.913566 0.352153
vt 0.905800 0.346613
vt 0.907412 0.343047
vt 0.883336 0.313331
vt 0.889505 0.311872
vt 0.890768 0.321482
vt 0.886926 0.322196
vt 0.879663 0.358713
vt 0.873108 0.352804
vt 0.880569 0.346964
vt 0.884763 0.350461
vt 0.868944 0.345019
vt 0.878214 0.342056
vt 0.912419 0.321884
vt 0.916424 0.330101
vt 0.906892 0.332936
vt 0.904740 0.327813
vt 0.905484 0.315883
vt 0.900352 0.324373
vt 0.670967 0.325500
vt 0.679848 0.328093
vt 0.683237 0.331187
vt 0.685256 0.335307
vt 0.685256 0.344558
vt 0.684155 0.346950
vt 0.677023 0.352134
vt 0.673766 0.352655
vt 0.665542 0.350089
vt 0.661967 0.347135
vt 0.660133 0.342875
vt 0.659974 0.334261
vt 0.661388 0.331281
vt 0.668363 0.325888
vt 0.978465 0.065602
vt 0.972265 0.067809
vt 0.964605 0.035261
vt 0.965313 0.035075
vt 0.981729 0.000844
vt 0.989621 0.007459
vt 0.965921 0.030828
vt 0.965103 0.030294
vt 0.996123 0.015443
vt 0.966460 0.031641
vt 0.954882 0.000434
vt 0.963378 0.029903
vt 0.996123 0.042331
vt 0.966819 0.033330
vt 0.936911 0.059308
vt 0.929815 0.050406
vt 0.961768 0.033562
vt 0.962257 0.034361
vt 0.945696 0.066551
vt 0.963056 0.034855
vt 0.950696 0.001990
vt 0.962784 0.030091
vt 0.994495 0.046492
vt 0.966617 0.033921
vt 0.540520 0.791912
vt 0.542646 0.738563
vt 0.545257 0.738566
vt 0.545257 0.791873
vt 0.567382 0.328933
vt 0.566532 0.359952
vt 0.554261 0.400178
vt 0.554261 0.536820
vt 0.766311 0.504435
vt 0.766182 0.562475
vt 0.554222 0.596392
vt 0.553230 0.716140
vt 0.554182 0.371113
vt 0.765771 0.725247
vt 0.766441 0.738034
vt 0.548905 0.737887
vt 0.761602 0.369452
vt 0.766441 0.377189
vt 0.554260 0.338048
vt 0.554260 0.201407
vt 0.978491 0.603051
vt 0.978362 0.545011
vt 0.554222 0.141835
vt 0.553229 0.022085
vt 0.554182 0.367114
vt 0.977951 0.382239
vt 0.978621 0.369452
vt 0.548904 0.000338
vt 0.973783 0.738032
vt 0.978621 0.730295
vt 0.018672 0.143958
vt 0.137079 0.698681
s 1
usemtl mig21_3
f 109/35/27 98/36/28 101/37/29 110/38/30
f 122/39/31 230/40/32 232/41/33 124/42/34 250/43/35 249/44/35
f 116/45/36 118/46/37 98/47/28 99/48/38
f 227/49/39 228/50/40 100/51/41
f 227/49/39 177/56/45 178/57/46 229/58/47
f 124/42/34 232/41/33 234/59/48 126/60/49
f 229/58/47 178/57/46 172/61/50 231/62/51
f 172/61/50 138/63/52 140/64/53 173/65/54
f 231/62/51 172/61/50 173/65/54 233/66/55
f 242/67/56 209/68/57 174/69/58 235/70/59
f 209/68/57 208/71/60 142/72/61 174/69/58
f 170/76/65 238/77/66 239/78/67 171/79/68
f 154/84/72 159/85/73 161/86/74 144/87/75 143/88/76 104/89/77
f 112/90/78 111/91/78 113/92/78
f 129/93/79 343/94/80 358/95/81 155/96/82
f 207/97/83 202/98/84 104/99/77 143/100/76
f 137/101/85 102/102/86 103/103/87 141/104/88
f 98/36/28 109/35/27 108/105/89 99/106/90
f 177/56/45 109/35/27 110/38/30 178/57/46
f 202/98/98 205/115/99 129/93/79 104/99/100
f 154/116/101 155/96/82 131/117/92 105/118/91
f 102/102/102 125/119/102 127/120/103 103/103/104
f 101/121/29 123/122/105 125/119/102 102/102/102
f 151/123/106 502/124/107 353/125/108
f 98/47/28 118/46/37 123/122/105 101/121/29
f 338/130/113 336/131/113 117/132/114 119/133/115
f 335/134/116 337/135/117 118/46/37 116/45/36
f 123/122/120 340/138/121 341/139/122 125/119/123
f 125/119/123 341/139/122 342/140/122 127/120/103
f 155/96/82 358/95/81 345/141/124 131/117/92
f 205/115/99 396/142/125 343/94/80 129/93/79
f 124/42/135 126/60/136 223/153/137 222/154/138
f 350/155/139 224/156/140 225/157/141 397/158/142
f 397/158/142 225/157/141 135/159/143 351/160/144
f 357/161/145 152/162/146 356/163/147 355/164/147 504/165/147
f 151/166/148 353/167/149 356/168/150 152/169/151
f 351/170/152 135/171/152 136/172/153 354/173/154
f 513/174/155 514/175/156 149/176/157 112/177/157
f 509/178/158 513/174/159 112/177/160 113/179/160
f 512/180/161 509/181/162 113/182/163 111/183/164
f 518/184/165 511/185/166 148/186/167 203/187/168
f 110/38/30 101/37/29 102/188/86 137/189/85 139/190/169
f 146/191/170 147/192/171 145/193/172
f 204/194/78 147/192/171 146/191/170 203/195/78
f 112/90/78 149/196/78 148/197/78 111/91/78
f 517/198/156 515/199/173 147/200/174 204/201/157
f 515/199/173 516/202/175 145/203/176 147/200/174
f 516/204/177 510/205/178 146/206/179 145/207/180
f 511/185/166 512/180/161 111/183/164 148/186/167
f 135/171/143 151/166/148 152/169/151 136/172/181
f 354/208/154 136/209/153 152/162/146 357/161/145
f 128/210/182 150/211/183 151/123/148 135/159/143
f 239/78/67 235/70/59 174/69/58 171/79/68
f 150/211/184 240/212/185 237/213/186 130/214/96
f 104/99/100 129/93/79 155/96/82 154/116/101
f 206/215/187 241/216/188 236/217/189 128/210/190
f 159/221/193 157/222/194 162/223/64 164/224/195
f 158/225/196 156/226/197 114/227/198 153/228/199
f 157/222/194 158/229/200 153/230/62 162/223/64
f 157/231/192 159/85/73 154/84/72 105/232/91
f 164/233/201 165/234/201 163/235/201
f 160/238/203 161/239/204 163/240/204 165/241/205
f 161/242/206 159/221/193 164/224/195 163/243/206
f 156/226/197 160/238/203 165/241/205 114/227/198
f 156/262/70 170/76/65 171/79/68 160/263/221
f 126/60/49 234/59/48 241/216/188 206/215/187
f 175/268/225 177/56/45 227/49/39 100/51/41
f 109/35/27 177/56/45 175/268/225 108/105/89
f 110/38/30 139/190/169 138/63/52 172/61/50 178/57/46
f 144/87/75 161/86/74 160/263/221 171/79/68 174/69/58 142/72/61
f 357/273/230 504/274/230 355/164/230 292/275/230 180/276/230
f 354/208/231 357/161/232 180/277/232 179/278/233
f 118/298/37 337/299/117 340/300/121 123/301/120
f 206/215/259 128/210/182 135/159/143 226/302/260
f 128/210/190 236/217/189 240/212/185 150/211/184
f 514/175/156 517/198/156 204/201/157 149/176/157
f 149/196/78 204/194/78 203/195/78 148/197/78
f 510/205/178 518/184/165 203/187/168 146/206/179
f 126/60/136 206/215/259 226/302/260 223/153/137
f 127/120/103 342/140/122 396/142/125 205/115/99
f 202/303/84 207/304/83 141/305/88 103/306/87
f 173/65/54 140/64/53 208/71/60 209/68/57
f 233/66/55 173/65/54 209/68/57 242/67/56
f 103/307/104 127/308/103 205/309/99 202/310/98
f 215/318/269 214/319/269 216/320/269 217/321/269
f 165/234/270 164/233/270 214/319/270 215/318/270
f 349/331/283 221/332/284 224/156/140 350/155/139
f 122/39/31 252/333/285 201/334/286 119/133/115
f 225/157/141 226/302/260 135/159/143
f 222/154/138 223/153/137 224/156/140 221/332/284
f 223/153/137 226/302/260 225/157/141 224/156/140
f 100/51/41 228/50/40 119/133/115 117/132/114
f 230/40/32 228/50/40 227/49/39 229/58/47
f 229/58/47 231/62/51 232/41/33 230/40/32
f 234/59/48 232/41/33 231/62/51 233/66/55
f 242/67/56 235/70/59 236/217/189 241/216/188
f 240/212/185 236/217/189 235/70/59 239/78/67
f 237/213/186 240/212/185 239/78/67 238/77/66
f 233/66/55 242/67/56 241/216/188 234/59/48
f 119/133/115 228/50/40 230/40/32 122/39/31
f 338/130/287 119/133/288 529/336/287
f 265/354/309 266/355/310 257/356/311 254/357/312
f 277/358/313 448/359/314 449/360/314 279/361/315 428/362/316 426/363/317
f 272/364/318 255/365/319 254/366/312 274/367/320
f 423/368/321 256/369/322 424/370/323
f 423/368/321 425/373/326 333/374/327 332/375/328
f 279/361/315 281/376/329 430/377/330 428/362/316
f 425/373/326 427/378/331 327/379/332 333/374/327
f 327/379/332 328/380/333 296/381/334 294/382/335
f 427/378/331 429/383/336 328/380/333 327/379/332
f 438/384/337 431/385/338 329/386/339 400/387/340
f 400/387/340 329/386/339 298/388/341 399/389/342
f 325/397/348 326/398/349 435/399/350 434/400/351
f 309/405/355 260/406/356 299/407/357 300/408/358 316/409/359 314/410/360
f 268/413/362 269/414/362 267/415/362
f 284/416/363 310/417/364 358/95/81 343/94/80
f 398/418/365 299/419/357 260/420/356 391/421/366
f 293/422/367 297/423/368 259/424/369 258/425/370
f 254/357/312 255/426/371 264/427/372 265/354/309
f 332/375/328 333/374/327 266/355/310 265/354/309
f 391/421/380 260/420/381 284/416/363 394/438/382
f 309/439/383 261/440/373 286/441/376 310/417/364
f 258/425/384 259/424/385 282/442/386 280/443/384
f 257/444/311 258/425/384 280/443/384 278/445/387
f 307/446/388 291/447/226 503/448/389
f 254/366/312 257/444/311 278/445/387 274/367/320
f 338/453/113 447/454/394 273/455/395 336/456/113
f 335/134/116 272/364/318 274/367/320 337/135/117
f 278/445/398 280/443/399 341/139/122 340/138/121
f 280/443/399 282/442/386 342/140/122 341/139/122
f 310/417/364 286/441/376 345/141/124 358/95/81
f 394/438/382 284/416/363 343/94/80 396/142/125
f 291/464/405 292/465/406 355/466/407 352/467/407
f 279/361/408 418/468/409 419/469/410 281/376/411
f 350/470/412 397/471/142 421/472/413 420/473/414
f 397/471/142 351/474/144 290/475/415 421/472/413
f 292/476/416 504/477/417 505/478/418 507/479/418
f 307/480/419 180/481/420 292/482/406 291/483/405
f 351/484/421 354/485/231 179/486/233 290/487/421
f 523/488/422 268/489/423 305/490/423 524/491/424
f 519/492/425 269/493/426 268/489/426 523/488/427
f 522/494/428 267/495/429 269/496/430 519/497/431
f 528/498/432 392/499/433 304/500/434 521/501/435
f 266/355/310 295/502/436 293/503/367 258/504/370 257/356/311
f 302/505/437 301/506/438 303/507/439
f 393/508/362 392/509/362 302/505/437 303/507/439
f 268/413/362 267/415/362 304/510/362 305/511/362
f 527/512/424 393/513/423 303/514/440 525/515/441
f 525/515/441 303/514/440 301/516/442 526/517/443
f 526/518/444 301/519/445 302/520/446 520/521/447
f 521/501/435 304/500/434 267/495/429 522/494/428
f 290/487/415 179/486/448 180/481/420 307/480/419
f 283/522/449 290/475/415 307/446/419 306/523/450
f 435/399/350 326/398/349 329/386/339 431/385/338
f 306/523/451 285/524/378 433/525/452 436/526/453
f 260/420/381 309/439/383 310/417/364 284/416/363
f 395/527/454 283/522/455 432/528/456 437/529/457
f 314/533/460 319/534/461 317/535/462 312/536/463
f 313/537/464 308/538/344 270/539/343 311/540/465
f 312/536/463 317/535/462 308/541/466 313/542/466
f 312/543/459 261/544/373 309/405/355 314/410/360
f 319/545/467 318/546/467 320/547/467
f 315/552/470 320/553/471 318/554/472 316/555/472
f 316/556/473 318/557/473 319/534/461 314/533/460
f 311/540/465 270/539/343 320/553/471 315/552/470
f 311/574/354 315/575/486 326/398/349 325/397/348
f 281/376/329 395/527/454 437/529/457 430/377/330
f 330/580/490 256/369/322 423/368/321 332/375/328
f 265/354/309 264/427/372 330/580/490 332/375/328
f 266/355/310 333/374/327 327/379/332 294/382/335 295/502/436
f 300/408/358 298/388/341 329/386/339 326/398/349 315/575/486 316/409/359
f 353/581/149 352/582/491 355/583/491 356/584/150
f 504/477/493 356/587/493 508/588/493 505/478/493
f 274/598/320 278/599/398 340/300/121 337/299/117
f 395/527/512 422/600/513 290/475/415 283/522/449
f 283/522/455 306/523/451 436/526/453 432/528/456
f 524/491/424 305/490/423 393/513/423 527/512/424
f 305/511/362 304/510/362 392/509/362 393/508/362
f 520/521/447 302/520/446 392/499/433 528/498/432
f 281/376/411 419/469/410 422/600/513 395/527/512
f 282/442/386 394/438/382 396/142/125 342/140/122
f 391/601/366 259/602/369 297/603/368 398/604/365
f 328/380/333 400/387/340 399/389/342 296/381/334
f 429/383/336 438/384/337 400/387/340 328/380/333
f 259/605/385 391/606/380 394/607/382 282/608/386
f 406/617/522 408/618/522 407/619/522 405/620/522
f 320/547/523 406/617/523 405/620/523 319/545/523
f 343/628/362 358/629/362 416/630/362 415/631/362 414/632/362 413/633/362 412/634/362
f 349/635/532 350/470/412 420/473/414 417/636/533
f 277/358/313 447/454/394 390/637/534 452/638/535
f 421/472/413 290/475/415 422/600/513
f 418/468/409 417/636/533 420/473/414 419/469/410
f 419/469/410 420/473/414 421/472/413 422/600/513
f 256/369/322 273/455/395 447/454/394 424/370/323
f 426/363/317 425/373/326 423/368/321 424/370/323
f 425/373/326 426/363/317 428/362/316 427/378/331
f 430/377/330 429/383/336 427/378/331 428/362/316
f 438/384/337 437/529/457 432/528/456 431/385/338
f 436/526/453 435/399/350 431/385/338 432/528/456
f 433/525/452 434/400/351 435/399/350 436/526/453
f 429/383/336 430/377/330 437/529/457 438/384/337
f 447/454/394 277/358/313 426/363/317 424/370/323
f 338/453/287 529/640/287 447/454/536
f 454/656/557 455/657/557 453/658/557
f 456/659/558 459/660/558 458/661/558 457/662/558
f 308/667/561 317/668/561 456/669/561 457/670/561
f 150/211/183 130/214/280 502/124/279 151/123/148
f 306/523/450 307/446/419 503/448/531 285/524/530
f 357/765/617 504/766/417 292/767/416 180/768/617
f 505/478/618 506/769/618 507/479/618
f 505/478/619 508/588/619 506/769/619
f 355/770/620 292/476/620 507/479/620 506/769/620
f 356/587/621 355/770/621 506/769/621 508/588/621
f 142/771/622 208/772/623 518/184/165 510/205/178
f 141/773/624 207/774/624 517/198/156 514/175/156
f 140/775/625 138/776/626 512/180/161 511/185/166
f 144/777/627 142/771/622 510/205/178 516/204/177
f 143/778/628 144/779/629 516/202/175 515/199/173
f 207/774/624 143/778/628 515/199/173 517/198/156
f 208/772/623 140/775/625 511/185/166 518/184/165
f 138/776/626 139/780/630 509/181/162 512/180/161
f 139/781/631 137/782/631 513/174/159 509/178/158
f 137/782/624 141/773/624 514/175/156 513/174/155
f 298/783/632 520/521/447 528/498/432 399/784/633
f 297/785/634 524/491/424 527/512/424 398/786/634
f 296/787/635 521/501/435 522/494/428 294/788/636
f 300/789/637 526/518/444 520/521/447 298/783/632
f 299/790/638 525/515/441 526/517/443 300/791/639
f 398/786/634 527/512/424 525/515/441 299/790/638
f 399/784/633 528/498/432 521/501/435 296/787/635
f 294/788/636 522/494/428 519/497/431 295/792/640
f 295/793/641 519/492/425 523/488/427 293/794/641
f 293/794/634 523/488/422 524/491/424 297/785/634
f 529/336/642 119/133/115 201/334/286 389/795/642
f 447/454/394 529/640/642 389/796/642 390/637/534
usemtl dziob
f 167/126/109 176/127/110 243/128/111 248/129/112
f 334/145/127 245/146/128 247/147/129
f 121/148/130 339/149/131 444/150/132 247/147/129
f 334/145/127 244/151/133 246/152/134
f 176/248/110 167/249/109 184/250/210 183/251/211
f 167/249/109 166/252/212 190/253/213 184/250/210
f 359/254/214 120/255/215 244/151/133 443/256/216
f 97/257/217 245/146/128 243/128/111 176/127/110
f 339/279/131 121/280/130 194/281/234 380/282/235
f 166/252/212 120/283/215 189/284/236 190/253/237
f 183/251/211 191/293/252 97/294/217 176/248/110
f 120/283/215 359/296/214 377/295/257 189/284/236
f 121/280/130 97/294/217 191/293/252 194/281/234
f 166/297/212 167/126/109 248/129/112 246/152/134
f 443/256/216 244/151/133 334/145/127
f 247/147/129 245/146/128 97/257/217 121/148/130
f 247/147/129 444/150/132 334/145/127
f 248/129/112 334/145/127 246/152/134
f 244/151/133 120/255/215 166/297/212 246/152/134
f 248/129/112 243/128/111 334/145/127
f 245/146/128 334/145/127 243/128/111
f 322/449/390 446/450/391 439/451/392 331/452/393
f 334/145/127 445/459/400 441/460/401
f 276/461/402 445/459/400 444/150/132 339/149/131
f 334/145/127 442/462/403 440/463/404
f 331/562/393 365/563/477 366/564/478 322/565/390
f 322/565/390 366/564/478 372/566/479 321/567/480
f 359/254/214 443/256/216 440/463/404 275/568/481
f 253/569/482 331/452/393 439/451/392 441/460/401
f 339/279/131 380/282/235 378/589/494 276/590/402
f 321/567/480 372/566/495 371/591/496 275/592/481
f 365/563/477 331/562/393 253/596/482 373/595/508
f 275/592/481 371/591/496 377/295/257 359/296/214
f 276/590/402 378/589/494 373/595/508 253/596/482
f 321/597/480 442/462/403 446/450/391 322/449/390
f 443/256/216 334/145/127 440/463/404
f 445/459/400 276/461/402 253/569/482 441/460/401
f 445/459/400 334/145/127 444/150/132
f 446/450/391 442/462/403 334/145/127
f 440/463/404 442/462/403 321/597/480 275/568/481
f 446/450/391 334/145/127 439/451/392
f 441/460/401 439/451/392 334/145/127
usemtl Black_matte
f 199/52/42 388/53/43 379/54/43 193/55/44
f 198/136/118 199/52/42 193/55/44 188/137/119
f 196/244/207 197/245/208 192/246/209 186/247/207
f 387/258/218 195/259/219 185/260/220 375/261/218
f 197/245/208 200/266/223 187/267/224 192/246/209
f 183/251/238 184/250/239 192/246/240 187/267/241
f 184/250/239 190/253/246 186/247/247 192/246/240
f 194/281/248 191/293/249 188/137/250 193/55/251
f 380/282/253 194/281/248 193/55/251 379/54/253
f 190/253/246 189/284/254 185/260/255 186/247/247
f 189/284/254 377/295/256 375/261/256 185/260/255
f 188/137/250 191/293/249 183/251/238 187/267/241
f 200/266/223 198/136/118 188/137/119 187/267/224
f 195/259/219 196/244/258 186/247/258 185/260/220
f 411/323/272 219/324/273 451/325/274
f 335/337/289 116/338/290 195/259/291 387/258/289
f 116/338/290 99/339/292 196/244/293 195/259/291
f 99/339/292 108/340/294 197/245/295 196/244/293
f 108/340/294 175/341/296 200/266/297 197/245/295
f 175/341/296 100/342/298 198/136/299 200/266/297
f 100/342/298 117/343/300 199/52/301 198/136/299
f 117/343/300 336/344/302 388/53/302 199/52/301
f 218/329/278 410/328/277 451/325/307
f 219/324/282 218/329/281 451/325/308
f 385/371/324 376/372/325 379/54/43 388/53/43
f 384/457/396 370/458/397 376/372/325 385/371/324
f 382/558/474 368/559/474 374/560/475 383/561/476
f 387/258/218 375/261/218 367/570/483 381/571/484
f 383/561/476 374/560/475 369/578/488 386/579/489
f 365/563/497 369/578/498 374/560/499 366/564/500
f 366/564/500 374/560/499 368/559/502 372/566/503
f 378/589/504 376/372/505 370/458/506 373/595/507
f 380/282/253 379/54/253 376/372/505 378/589/504
f 372/566/503 368/559/502 367/570/509 371/591/510
f 371/591/510 367/570/509 375/261/256 377/295/256
f 370/458/506 369/578/498 365/563/497 373/595/507
f 386/579/489 369/578/488 370/458/397 384/457/396
f 381/571/484 367/570/483 368/559/511 382/558/511
f 411/271/228 451/622/525 220/272/229
f 335/337/289 387/258/289 381/571/537 272/641/538
f 272/641/538 381/571/537 382/558/539 255/642/540
f 255/642/540 382/558/539 383/561/541 264/643/542
f 264/643/542 383/561/541 386/579/543 330/644/544
f 330/644/544 386/579/543 384/457/545 256/645/546
f 256/645/546 384/457/545 385/371/547 273/646/548
f 273/646/548 385/371/547 388/53/302 336/344/302
f 409/624/527 451/622/307 410/625/277
f 220/272/528 451/622/554 409/624/529
f 473/671/564 471/672/565 485/673/566 487/674/566
f 482/699/589 483/700/589 497/701/589 496/702/589
f 464/703/575 467/704/580 481/705/590 478/706/590
f 468/707/588 469/708/586 483/709/591 482/710/591
f 461/711/579 460/712/584 474/713/592 475/714/592
f 470/715/552 463/716/551 477/717/593 484/718/593
f 463/716/551 462/719/576 476/720/594 477/717/594
f 471/672/565 470/715/552 484/718/595 485/673/595
f 462/719/576 464/703/575 478/706/596 476/720/596
f 465/721/569 472/722/582 486/723/597 479/724/597
f 466/725/570 465/721/569 479/724/598 480/726/598
f 469/708/586 473/671/564 487/674/599 483/709/599
f 467/704/580 461/711/579 475/714/600 481/705/600
f 472/722/582 468/707/588 482/710/601 486/723/601
f 460/712/584 466/725/570 480/726/602 474/713/602
f 475/741/604 474/742/604 488/743/604 489/744/604
f 484/745/605 477/746/605 491/747/605 498/748/605
f 477/746/606 476/749/606 490/750/606 491/747/606
f 485/751/607 484/745/607 498/748/607 499/752/607
f 476/749/608 478/753/608 492/754/608 490/750/608
f 479/755/609 486/756/609 500/757/609 493/758/609
f 480/759/610 479/755/610 493/758/610 494/760/610
f 483/700/611 487/761/611 501/762/611 497/701/611
f 481/763/612 475/741/612 489/744/612 495/764/612
f 486/756/613 482/699/613 496/702/613 500/757/613
f 474/742/614 480/759/614 494/760/614 488/743/614
f 487/761/615 485/751/615 499/752/615 501/762/615
f 478/753/616 481/763/616 495/764/616 492/754/616
usemtl steel
f 153/73/62 213/74/63 162/75/64
f 168/80/69 170/81/65 156/82/70 115/83/71
f 105/107/91 131/108/92 133/109/93 107/110/94
f 344/111/95 130/112/96 132/113/97 346/114/95
f 131/108/92 345/143/124 347/144/126 133/109/93
f 158/218/191 157/219/192 105/107/91 107/110/94 115/220/191
f 164/236/195 162/75/64 213/74/63 212/237/202
f 106/264/222 132/113/97 237/265/186
f 291/269/226 352/270/227 411/271/228 220/272/229
f 262/285/242 287/286/243 182/287/243 181/288/242
f 347/289/244 288/290/245 134/291/245 324/292/244
f 210/311/261 211/312/262 212/237/263 213/74/264
f 212/237/263 211/312/262 217/313/265 216/314/265
f 114/315/198 165/316/205 211/312/266 210/311/267
f 210/311/267 153/73/199 114/315/198
f 211/312/266 165/316/205 215/317/268 217/313/268
f 164/236/195 212/237/202 216/314/271 214/322/271
f 130/326/275 344/327/276 410/328/277 218/329/278
f 502/330/279 130/326/280 218/329/281 219/324/282
f 237/265/186 238/335/66 106/264/222
f 346/345/122 132/346/303 363/347/303 360/348/122
f 106/264/222 238/335/66 170/81/65 168/80/69
f 158/349/304 115/83/304 156/82/304
f 263/350/305 271/351/306 289/352/306 251/353/305
f 132/113/97 130/112/96 237/265/186
f 270/390/343 308/391/344 401/392/345
f 168/393/346 115/394/347 450/395/347 361/396/346
f 323/401/352 271/402/353 311/403/354 325/404/348
f 106/411/361 168/393/346 361/396/346 362/412/361
f 132/346/303 106/411/361 362/412/361 363/347/303
f 261/428/373 263/429/374 288/430/375 286/431/376
f 344/432/95 346/433/95 287/434/377 285/435/378
f 133/436/379 347/289/244 324/292/244 348/437/379
f 286/431/376 288/430/375 347/144/126 345/143/124
f 313/530/458 271/531/458 263/429/374 261/428/373 312/532/459
f 319/548/461 403/549/468 404/550/469 317/551/462
f 115/394/347 107/572/485 364/573/485 450/395/347
f 288/290/245 263/350/305 251/353/305 134/291/245
f 262/576/487 433/577/452 287/434/377
f 353/585/108 219/324/273 411/323/272 352/586/492
f 287/286/243 346/345/122 360/348/122 182/287/243
f 271/351/306 323/593/501 169/594/501 289/352/306
f 323/593/501 262/285/242 181/288/242 169/594/501
f 401/392/514 404/550/515 403/549/516 402/609/517
f 403/549/516 407/610/518 408/611/518 402/609/517
f 270/390/343 401/392/345 402/609/519 320/612/471
f 308/613/520 317/614/520 404/615/520
f 402/609/519 408/611/521 406/616/521 320/612/471
f 319/548/461 405/621/524 407/610/524 403/549/468
f 285/623/526 409/624/527 410/625/277 344/626/276
f 220/272/528 409/624/529 285/623/530 503/627/531
f 433/577/452 262/576/487 434/639/351
f 348/647/549 324/648/550 463/649/551 470/650/552
f 262/576/487 323/401/352 325/404/348 434/639/351
f 313/530/553 311/651/553 271/531/553
f 107/572/485 133/436/379 348/437/379 364/573/485
f 287/434/377 433/577/452 285/435/378
f 401/392/345 308/391/344 457/652/555 458/653/555
f 153/73/199 210/311/267 454/654/556 453/655/556
f 210/311/261 213/74/264 455/663/559 454/654/559
f 317/664/560 404/550/560 459/665/560 456/666/560
f 404/550/515 401/392/514 458/653/562 459/665/562
f 213/74/63 153/73/62 453/655/563 455/663/563
f 182/675/567 360/676/568 465/677/569 466/678/570
f 450/679/571 364/680/572 471/681/565 473/682/564
f 134/683/573 251/684/574 464/685/575 462/686/576
f 364/680/572 348/647/549 470/650/552 471/681/565
f 289/687/577 169/688/578 461/689/579 467/690/580
f 360/676/568 363/691/581 472/692/582 465/677/569
f 181/693/583 182/675/567 466/678/570 460/694/584
f 361/695/585 450/679/571 473/682/564 469/696/586
f 251/684/574 289/687/577 467/690/580 464/685/575
f 169/688/578 181/693/583 460/694/584 461/689/579
f 363/691/581 362/697/587 468/698/588 472/692/582
f 324/648/550 134/683/573 462/686/576 463/649/551
f 362/697/587 361/695/585 469/696/586 468/698/588
f 291/269/226 220/272/229 503/627/389
f 353/585/108 502/330/107 219/324/273
usemtl glow
f 499/727/603 498/728/603 491/729/603 490/730/603 492/731/603 495/732/603 489/733/603 488/734/603 494/735/603 493/736/603 500/737/603 496/738/603 497/739/603 501/740/603
o fishbed_interior.002
v -3.845888 0.200867 0.305595
v -2.701456 0.240633 0.296426
v -4.165631 0.216526 0.160685
v -2.646213 0.572744 0.115045
v -2.666638 0.471634 0.218806
v -3.423229 0.216402 0.302013
v -3.381695 0.216402 0.302013
v -2.701456 0.240633 0.257239
v -4.005759 0.208696 0.233140
v -3.845888 0.200867 0.266408
v -3.423229 0.216402 0.262826
v -3.381695 0.216402 0.262826
v -4.074847 0.228927 0.143790
v -3.603154 0.347124 0.097267
v -3.603154 0.109233 0.143790
v -2.701456 -0.422275 0.196306
v -3.752826 -0.451000 0.262826
v -3.381695 0.084461 0.262826
v -2.701456 0.108692 0.257415
v -3.538754 0.084461 0.262826
v -3.381695 0.084461 0.193251
v -2.701456 0.108692 0.237494
v -3.495041 0.084461 0.159735
v -3.381695 -0.446506 0.201893
v -3.538754 -0.446506 0.201893
v -3.700850 0.354496 0.068968
v -3.641441 0.466369 0.068968
v -3.606140 0.403654 -0.068961
v -3.845888 0.200867 -0.305587
v -2.701456 0.240633 -0.296418
v -2.638944 0.615095 0.000004
v -4.165384 0.216787 0.000004
v -4.165631 0.216526 -0.160677
v -2.646213 0.572744 -0.115037
v -2.666638 0.471634 -0.218799
v -3.423229 0.216402 -0.302005
v -3.381695 0.216402 -0.302005
v -2.638944 0.176257 0.000004
v -2.701456 0.240633 -0.257231
v -4.005759 0.208696 -0.233132
v -3.845888 0.200867 -0.266401
v -4.075081 0.246229 0.000004
v -3.423229 0.216402 -0.262819
v -3.381695 0.216402 -0.262819
v -4.074847 0.228927 -0.143782
v -3.603388 0.377843 0.000004
v -3.603154 0.347124 -0.097259
v -3.603388 0.072345 0.000004
v -3.603154 0.109233 -0.143782
v -2.701456 -0.422275 -0.196298
v -2.701456 -0.422275 0.000004
v -3.752826 -0.451000 0.000004
v -3.752826 -0.451000 -0.262819
v -3.381695 0.084461 -0.262819
v -2.701456 0.108692 -0.257408
v -2.660854 0.066881 0.000004
v -3.538754 0.084461 -0.262819
v -3.381695 0.084461 -0.193243
v -2.701456 0.108692 -0.237487
v -3.495041 0.084461 -0.159728
v -3.381695 -0.446506 -0.201885
v -3.538754 -0.446506 -0.201885
v -3.381695 -0.446506 0.000004
v -3.538754 -0.446506 0.000004
v -3.712218 0.333091 0.000004
v -3.700850 0.354496 -0.068961
v -3.630074 0.487775 0.000004
v -3.641441 0.466369 -0.068961
v -3.614513 0.354496 -0.068961
v -3.606140 0.403654 0.068968
v -3.614513 0.354496 0.068968
v -3.891601 0.031918 0.097431
v -3.891759 0.006924 0.000004
v -3.993016 -0.347687 0.000004
v -3.993016 -0.347687 0.178088
v -3.891601 0.031918 -0.097424
v -3.993016 -0.347687 -0.178081
v -3.764673 0.310428 0.068968
v -3.705263 0.422301 0.068968
v -3.764673 0.310428 -0.068961
v -3.705263 0.422301 -0.068961
vn -0.9848 0.0514 -0.1656
vn -0.9993 0.0367 -0.0000
vn -0.9977 0.0671 -0.0000
vn -0.9864 0.0960 -0.1332
vn -0.9890 0.1423 -0.0407
vn -0.0178 0.9998 -0.0000
vn -0.0183 0.9998 -0.0000
vn -0.0184 0.9998 -0.0000
vn -0.0367 0.9993 -0.0000
vn -0.0356 0.9994 -0.0000
vn -0.2198 0.9739 0.0562
vn -0.2097 0.9569 0.2009
vn -0.2338 0.9723 -0.0000
vn -0.2201 0.9755 -0.0000
vn -0.0154 0.9813 0.1920
vn -0.1636 0.8982 0.4081
vn -0.2471 0.9690 -0.0000
vn 1.0000 -0.0002 -0.0019
vn 1.0000 -0.0002 -0.0000
vn -0.0894 0.8133 0.5750
vn 0.6069 -0.1525 -0.7800
vn 0.6849 -0.2456 -0.6860
vn 0.7280 -0.3044 -0.6143
vn -0.9978 0.0657 -0.0000
vn -0.9990 0.0454 -0.0000
vn -0.9946 0.0452 -0.0932
vn -0.9843 0.0699 -0.1620
vn 0.7765 -0.3835 -0.4999
vn 0.2205 -0.2587 0.9404
vn -0.0041 -0.0003 -1.0000
vn -0.0040 -0.0003 -1.0000
vn -0.0000 -0.0000 -1.0000
vn -0.0081 -0.0007 -1.0000
vn -0.0159 0.9999 -0.0000
vn -0.0000 1.0000 -0.0000
vn 0.0748 -0.0106 -0.9971
vn 0.0273 0.0306 -0.9992
vn 0.0758 -0.0114 -0.9971
vn -0.0891 -0.0543 -0.9945
vn 0.0494 -0.0534 -0.9974
vn -0.0105 0.9999 -0.0000
vn -0.0113 0.9999 -0.0000
vn 0.1914 0.9815 -0.0000
vn 0.1884 0.9821 -0.0000
vn -0.8640 0.3454 -0.3663
vn -0.2723 -0.0539 -0.9607
vn 0.8832 -0.4690 -0.0000
vn -0.9848 0.0514 0.1656
vn -0.9864 0.0960 0.1332
vn -0.9890 0.1423 0.0407
vn -0.2198 0.9739 -0.0562
vn -0.2097 0.9569 -0.2009
vn -0.0154 0.9813 -0.1920
vn -0.1636 0.8982 -0.4081
vn 1.0000 -0.0002 0.0019
vn -0.0894 0.8133 -0.5750
vn 0.6069 -0.1525 0.7800
vn 0.7280 -0.3044 0.6143
vn 0.6849 -0.2456 0.6860
vn -0.9843 0.0699 0.1620
vn -0.9946 0.0452 0.0932
vn 0.7765 -0.3835 0.4999
vn 0.2146 -0.9461 -0.2424
vn 0.2212 -0.9752 -0.0000
vn -0.0041 -0.0003 1.0000
vn -0.0000 -0.0000 1.0000
vn -0.0040 -0.0003 1.0000
vn -0.0081 -0.0007 1.0000
vn 0.0748 -0.0106 0.9971
vn 0.0758 -0.0114 0.9971
vn 0.0273 0.0306 0.9992
vn 0.0494 -0.0534 0.9974
vn -0.0891 -0.0543 0.9945
vn -0.8640 0.3454 0.3663
vn -0.2723 -0.0539 0.9607
vn 0.9643 -0.2636 0.0234
vn 0.9646 -0.2637 -0.0000
vn 0.9643 -0.2636 -0.0234
vn 0.3951 0.9186 -0.0000
vn 0.2146 -0.9461 0.2424
vn 0.2205 -0.2587 -0.9404
vt -0.409657 0.909268
vt -0.413845 0.898256
vt -0.375832 0.898256
vt -0.373871 0.924907
vt -0.374205 0.928502
vt -0.399238 0.919632
vt -0.317747 0.936780
vt -0.318122 0.933069
vt -0.313531 0.931606
vt -0.312885 0.936276
vt -0.261559 0.932908
vt -0.261855 0.928378
vt -0.228339 0.912978
vt -0.237896 0.913247
vt -0.238401 0.898256
vt -0.228658 0.898256
vt -0.244565 0.923428
vt -0.228285 0.914723
vt -0.288811 0.907656
vt -0.287497 0.898256
vt 0.937178 0.422165
vt 0.943573 0.473343
vt 0.889270 0.493763
vt 0.891720 0.420373
vt 0.812925 0.417185
vt 0.829197 0.468250
vt 0.832859 0.423952
vt -0.368330 0.898256
vt -0.357534 0.898256
vt -0.357487 0.905885
vt -0.363917 0.916437
vt -0.317275 0.913131
vt -0.321387 0.902602
vt -0.309450 0.907028
vt -0.321387 0.893910
vt -0.309450 0.889484
vt -0.324658 0.922293
vt -0.359260 0.913813
vt -0.327770 0.915340
vt -0.323308 0.912901
vt -0.357329 0.905909
vt -0.331167 0.905235
vt -0.326115 0.903830
vt -0.357326 0.898256
vt -0.331803 0.898256
vt -0.326700 0.898256
vt -0.321336 0.898256
vt -0.425177 0.754509
vt -0.425177 0.747534
vt -0.421872 0.747534
vt -0.421872 0.754509
vt -0.409657 0.887244
vt -0.373871 0.871606
vt -0.399238 0.876880
vt -0.374205 0.868010
vt -0.317747 0.859733
vt -0.312885 0.860236
vt -0.313531 0.864906
vt -0.318122 0.863443
vt -0.261559 0.863604
vt -0.261855 0.868134
vt -0.228339 0.883534
vt -0.237896 0.883265
vt -0.244565 0.873084
vt -0.288811 0.888856
vt 0.834501 0.421284
vt 0.828320 0.474413
vt 0.958920 0.423568
vt 0.936047 0.424027
vt 0.941464 0.461213
vt -0.363917 0.880076
vt -0.357487 0.890628
vt -0.317275 0.883381
vt -0.324658 0.874219
vt -0.327770 0.881173
vt -0.359260 0.882699
vt -0.323308 0.883611
vt -0.331167 0.891278
vt -0.357330 0.890603
vt -0.326115 0.892682
vt -0.428482 0.754509
vt -0.428482 0.747534
vt -0.310457 0.898256
s 1
usemtl mig21_1
f 585/824/666 580/825/667 545/826/668 548/827/669
f 546/829/687 549/828/687 552/836/687
f 552/836/682 554/839/681 546/829/688
f 585/824/666 584/867/702 579/868/703 580/825/667
f 582/831/716 589/873/716 586/869/716
usemtl Black_matte
f 533/797/643 560/798/644 567/799/645 537/800/646
f 533/797/643 537/800/646 531/801/647 534/802/647
f 536/803/648 541/804/648 540/805/649 535/806/650
f 530/807/651 535/806/650 540/805/649 539/808/651
f 536/803/648 531/801/652 537/800/652 541/804/648
f 538/813/657 530/807/657 539/808/657 542/810/657 532/814/657
f 543/817/660 544/818/660 577/819/661 575/820/661
f 543/821/663 540/822/664 544/823/665
f 540/805/664 549/828/670 546/829/670 544/830/665
f 582/831/671 578/832/671 605/832/671 606/831/671
f 567/799/645 585/824/666 548/827/669 537/800/646
f 550/835/678 551/834/679 545/837/679 553/838/680
f 550/835/678 553/838/680 554/839/681 552/836/682
f 553/838/648 545/837/652 580/840/652 592/841/648
f 553/838/648 592/841/648 593/842/683 554/839/684
f 581/843/685 546/829/686 554/839/684 593/842/683
f 563/848/690 564/850/692 559/851/692 568/849/691
f 566/852/648 565/853/650 572/854/649 573/855/648
f 558/856/651 570/857/651 572/854/649 565/853/650
f 569/860/695 562/858/695 574/859/695 570/857/695 558/856/695
f 576/862/697 575/820/661 577/819/661 578/863/697
f 576/864/699 578/865/700 572/866/701
f 572/854/701 578/832/700 582/831/704 586/869/704
f 578/863/705 577/819/706 602/819/706 605/863/705
f 587/871/711 590/874/712 579/875/713 588/872/713
f 587/871/711 589/873/714 591/876/715 590/874/712
f 590/874/648 592/841/648 580/840/652 579/875/652
f 590/874/648 591/876/684 593/842/683 592/841/648
f 581/843/685 593/842/683 591/876/684 582/831/686
f 589/873/714 582/831/717 591/876/715
f 601/830/718 604/829/718 603/843/719 602/879/719
f 605/832/720 602/879/719 603/843/719 606/831/720
f 581/843/685 582/831/686 606/831/721 603/843/721
f 577/819/706 544/818/722 601/818/722 602/819/706
f 544/830/723 546/829/723 604/829/723 601/830/723
f 546/829/686 581/843/685 603/843/721 604/829/721
usemtl steel
f 532/809/653 542/810/654 571/811/655 561/812/656
f 542/810/654 543/815/658 575/816/659 571/811/655
f 539/808/662 540/805/662 543/815/658 542/810/654
f 541/804/672 547/833/673 549/828/674 540/805/674
f 541/804/672 537/800/675 548/827/675 547/833/673
f 547/833/648 548/827/652 551/834/652 550/835/676
f 547/833/648 550/835/676 552/836/677 549/828/677
f 555/847/674 556/846/674 599/846/674 600/847/674
f 563/848/690 568/849/691 567/799/645 560/798/644
f 566/852/648 573/855/648 568/849/652 559/851/652
f 562/858/693 561/812/656 571/811/655 574/859/694
f 574/859/694 571/811/655 575/816/659 576/861/696
f 570/857/698 574/859/694 576/861/696 572/854/698
f 573/855/707 572/854/708 586/869/708 583/870/709
f 567/799/645 568/849/691 584/867/702 585/824/666
f 573/855/707 583/870/709 584/867/710 568/849/710
f 583/870/648 587/871/676 588/872/652 584/867/652
f 583/870/648 586/869/677 589/873/677 587/871/676
f 597/878/708 595/877/708 598/877/708 557/878/708
f 595/877/708 597/878/708 610/878/708 609/877/708
f 556/846/674 555/847/674 607/847/674 608/846/674
usemtl glass.001
f 594/844/689 596/845/689 556/846/689 555/847/689
f 594/844/689 595/877/689 597/878/689 596/845/689
o fishbed_adds_1.002
v -4.440189 0.075852 -0.342658
v -6.888002 0.014208 -0.337456
v -4.440541 0.089812 -0.334595
v -6.888240 0.023665 -0.331994
v -4.440541 0.089812 -0.318470
v -6.888240 0.023665 -0.321071
v -4.440189 0.075852 -0.310408
v -6.888002 0.014208 -0.315609
v -4.439837 0.061892 -0.318470
v -6.887764 0.004751 -0.321071
v -4.439837 0.061892 -0.334595
v -6.887764 0.004751 -0.331994
v -7.386528 0.001647 -0.326533
v -5.288090 0.098040 0.093738
v -5.247331 0.138408 0.076773
v -5.288090 0.098040 -0.093733
v -5.247331 0.138408 -0.076767
v -4.999468 0.063629 0.160430
v -4.999468 0.063629 -0.160435
v -5.123400 0.063629 -0.160435
v -5.123400 0.063629 0.160430
v -5.185365 0.080834 -0.138696
v -5.185366 0.165261 0.098615
v -5.185366 0.165261 -0.098612
v -5.185365 0.080834 0.138695
v -5.075977 0.168963 -0.066487
v -5.075976 0.086779 -0.102620
v -5.075976 0.086779 0.102619
v -5.075977 0.168963 0.066490
v -4.999468 0.192114 0.089315
v -4.999468 0.178042 0.110133
v -5.025267 0.184307 0.091316
v -4.999468 0.178043 -0.110132
v -4.999468 0.192114 -0.089313
v -5.025266 0.184307 -0.091314
v -5.123400 0.192114 -0.089313
v -5.123400 0.178043 -0.110132
v -5.123400 0.178042 0.110133
v -5.123400 0.192114 0.089315
v -6.892511 0.023665 -0.331994
v -6.892511 0.023665 -0.321071
v -6.891698 0.004751 -0.321071
v -6.891698 0.004751 -0.331994
v -6.859107 0.023665 -0.331994
v -6.859107 0.023665 -0.321071
v -6.858294 0.004751 -0.321071
v -6.858294 0.004751 -0.331994
v -6.880436 0.038216 -0.346872
v -6.880436 0.038216 -0.306205
v -6.880197 -0.009801 -0.306205
v -6.880197 -0.009801 -0.346872
v -6.870609 0.038216 -0.346872
v -6.870609 0.038216 -0.306205
v -6.870370 -0.009801 -0.306205
v -6.870370 -0.009801 -0.346872
v -1.477074 0.606810 0.010885
v -1.477075 0.628558 0.010885
v -1.477074 0.606810 -0.010863
v -1.477075 0.628558 -0.010863
v -1.408798 0.606810 0.010885
v -1.383444 0.628558 0.010885
v -1.408798 0.606810 -0.010863
v -1.383444 0.628558 -0.010863
v -1.357566 0.623385 -0.010863
v -1.344019 0.606808 -0.010863
v -1.344019 0.606808 0.010885
v -1.357566 0.623385 0.010885
v -1.383445 0.592878 0.010885
v -1.383445 0.592878 -0.010863
v -1.344019 0.592876 0.010885
v -1.344019 0.592876 -0.010863
v -2.082747 0.598995 0.000008
v -1.950297 0.598995 0.000008
v -2.044485 0.730988 0.000010
v -1.960270 0.730988 0.000010
v -3.421260 0.270613 0.007224
v -3.412688 0.270613 0.007224
v -3.421260 0.174179 0.007224
v -3.412688 0.174179 0.007224
v -3.423655 0.133569 0.011411
v -3.410292 0.163278 0.004791
v -3.600367 0.062437 0.007224
v -3.602762 0.021827 0.011411
v -3.423655 0.274805 -0.000407
v -3.421260 0.270613 -0.008038
v -3.410293 0.274805 -0.000407
v -3.412688 0.270613 -0.008038
v -3.421260 0.174179 -0.008038
v -3.423655 0.174179 -0.000407
v -3.410292 0.174179 -0.000407
v -3.412688 0.174179 -0.008038
v -3.423655 0.133569 -0.012226
v -3.423655 0.133569 -0.000407
v -3.410292 0.163278 -0.000407
v -3.410292 0.163278 -0.005606
v -3.600367 0.062437 -0.008038
v -3.602762 0.062437 -0.000407
v -3.602762 0.021827 -0.012226
v -3.602762 0.021827 -0.000407
vn -0.0144 0.4998 -0.8660
vn -0.0224 0.4996 -0.8660
vn -0.0270 0.9996 -0.0000
vn -0.0350 0.9994 -0.0000
vn -0.0144 0.4998 0.8660
vn -0.0224 0.4996 0.8660
vn 0.0107 -0.4999 0.8660
vn 0.0028 -0.5001 0.8660
vn -0.0064 -0.5002 0.8659
vn 0.0233 -0.9997 -0.0000
vn 0.0154 -0.9999 -0.0000
vn 0.0107 -0.4999 -0.8660
vn 0.0028 -0.5001 -0.8660
vn 0.9997 0.0252 -0.0000
vn -0.0441 0.9990 -0.0000
vn 0.0062 -1.0000 -0.0000
vn -0.0316 0.4993 -0.8659
vn -0.0316 0.4993 0.8659
vn -0.0064 -0.5002 -0.8659
vn -0.4920 -0.7377 0.4623
vn -0.4948 0.7919 0.3578
vn -0.4948 0.7919 -0.3577
vn -0.4920 -0.7377 -0.4623
vn 0.6272 0.3917 0.6732
vn 0.4455 -0.4645 0.7654
vn 0.3144 -0.8234 0.4723
vn 0.5166 -0.8281 0.2177
vn 0.6265 0.6673 0.4028
vn -0.0000 0.4024 0.9154
vn -0.4160 -0.2834 0.8641
vn -0.3282 0.6942 0.6406
vn -0.0000 -1.0000 -0.0000
vn -0.3282 0.6942 -0.6405
vn 0.3144 -0.8234 -0.4724
vn 0.4454 -0.4645 -0.7654
vn 0.6272 0.3917 -0.6732
vn 0.6265 0.6673 -0.4028
vn 0.5166 -0.8281 -0.2177
vn -0.4160 -0.2835 -0.8641
vn -0.4245 -0.5680 -0.7051
vn -0.4245 -0.5681 0.7051
vn -0.0000 0.4025 -0.9154
vn -0.2533 0.6220 0.7409
vn -0.2533 0.6220 -0.7409
vn -0.0000 1.0000 -0.0000
vn -0.3669 0.9113 -0.1868
vn -0.3669 0.9113 0.1868
vn 0.2688 -0.9410 -0.2057
vn 0.2688 -0.9410 0.2057
vn -0.0000 0.8285 -0.5600
vn -0.0000 0.8285 0.5600
vn -0.0000 0.7146 -0.6995
vn -0.0000 -0.7149 0.6992
vn -0.0000 0.7149 0.6992
vn -0.0000 -0.7146 -0.6995
vn -1.0000 -0.0000 -0.0000
vn -0.0000 -0.0000 -1.0000
vn 0.1960 0.9806 -0.0000
vn 0.3406 0.9402 -0.0000
vn -0.0000 -0.0000 1.0000
vn 0.9271 0.3747 -0.0000
vn 1.0000 -0.0000 -0.0000
vn -0.4816 -0.8764 -0.0000
vn -0.0000 0.8764 0.4815
vn -0.0663 0.1062 0.9921
vn -0.7764 0.6302 -0.0000
vn -0.7520 0.6154 0.2360
vn -0.9541 -0.0000 0.2995
vn 0.9541 -0.0000 0.2996
vn 0.5133 0.0394 0.8573
vn 0.9990 0.0447 -0.0000
vn 0.6955 -0.7185 -0.0000
vn 0.9838 -0.1792 -0.0000
vn 0.5085 -0.0255 0.8607
vn 0.6925 -0.7141 0.1021
vn 0.2476 0.0330 0.9683
vn -0.7674 0.6412 -0.0000
vn -0.9994 0.0358 -0.0000
vn -0.9919 0.0356 0.1222
vn -0.7684 0.6180 0.1665
vn 0.5293 -0.8484 -0.0000
vn -0.0000 0.8765 -0.4815
vn -0.0663 0.1062 -0.9921
vn -0.9541 -0.0000 -0.2995
vn -0.7520 0.6154 -0.2360
vn 0.9541 -0.0000 -0.2996
vn 0.5133 0.0393 -0.8573
vn 0.6925 -0.7141 -0.1021
vn 0.5085 -0.0255 -0.8607
vn 0.2475 0.0330 -0.9683
vn -0.7684 0.6180 -0.1665
vn -0.9919 0.0356 -0.1222
vt 1.000000 0.500000
vt 1.000000 1.000000
vt 0.833333 1.000000
vt 0.833333 0.500000
vt 0.666667 1.000000
vt 0.666667 0.500000
vt 0.500000 1.000000
vt 0.500000 0.500000
vt 0.333333 1.000000
vt 0.333333 0.500000
vt 0.166667 1.000000
vt 0.166667 0.500000
vt -0.000000 1.000000
vt -0.000000 0.500000
vt 0.750000 0.490000
vt 0.957846 0.370000
vt 0.957846 0.130000
vt 0.750000 0.010000
vt 0.542154 0.130000
vt 0.542154 0.370000
vt 0.375000 0.000000
vt 0.625000 0.000000
vt 0.625000 0.250000
vt 0.375000 0.250000
vt 0.375000 0.500000
vt 0.597621 0.500000
vt 0.625000 0.500000
vt 0.375000 0.750000
vt 0.597621 0.750000
vt 0.597621 0.875000
vt 0.375000 0.875000
vt 0.375000 0.937500
vt 0.625000 0.937500
vt 0.625000 1.000000
vt 0.375000 1.000000
vt 0.250000 0.500000
vt 0.250000 0.750000
vt 0.812500 0.500000
vt 0.875000 0.500000
vt 0.875000 0.750000
vt 0.812500 0.750000
vt 0.625000 0.750000
vt 0.187500 0.500000
vt 0.187500 0.750000
vt 0.375000 0.375000
vt 0.597621 0.375000
vt 0.625000 0.312500
vt 0.375000 0.312500
vt 0.125000 0.500000
vt 0.125000 0.750000
vt 0.625000 0.340119
vt 0.597621 0.375000
vt 0.625000 0.517596
vt 0.750000 0.517596
vt 0.750000 0.732404
vt 0.625000 0.732404
vt 0.750000 0.517596
vt 0.784882 0.750000
vt 0.750000 0.732404
vt 0.625000 0.461944
vt 0.686898 0.500000
vt 0.750000 0.503579
vt 0.686897 0.757439
vt 0.750000 0.746422
vt 0.686897 0.750000
vt 0.000000 0.000000
vt 1.000000 0.000000
vt 0.000000 1.000000
vt -0.703094 0.455534
vt -0.702948 0.454967
vt -0.702349 0.454967
vt -0.702161 0.455534
vt -0.773821 0.943086
vt -0.769412 0.957484
vt -0.771144 0.959787
vt -0.775553 0.945389
vt -0.702560 0.447772
vt -0.702560 0.454960
vt -0.703094 0.454967
vt -0.703094 0.448079
vt -0.769412 0.937861
vt -0.774276 0.942687
vt -0.769868 0.937462
vt -0.703470 0.461318
vt -0.703470 0.468212
vt -0.704020 0.468212
vt -0.704021 0.461018
vt -0.703917 0.471115
vt -0.704020 0.468991
vt -0.703658 0.468991
vt -0.703094 0.471115
vt -0.774900 0.943171
vt -0.703912 0.488988
vt -0.703912 0.491889
vt -0.704741 0.491889
vt -0.704447 0.488995
vt -0.702568 0.470923
vt -0.702568 0.457497
vt -0.702028 0.457647
vt -0.702028 0.471073
vt -0.703094 0.447866
vt -0.703094 0.461018
vt -0.703918 0.460972
vt -0.703918 0.447819
vt -0.702356 0.456055
vt -0.702954 0.456055
vt -0.779961 0.954182
vt -0.781698 0.951861
vt -0.777291 0.937462
vt -0.775553 0.939783
vt -0.702025 0.448079
vt -0.702025 0.454967
vt -0.775553 0.959397
vt -0.776009 0.959797
vt -0.780416 0.954582
vt -0.704534 0.461318
vt -0.704533 0.468212
vt -0.704741 0.471115
vt -0.704382 0.468991
vt -0.781036 0.954111
vt -0.703377 0.488995
vt -0.703084 0.491889
vt -0.703094 0.457689
vt -0.704741 0.447772
vt -0.704741 0.460925
s 1
usemtl steel
f 611/880/724 612/881/725 614/882/725 613/883/724
f 613/883/726 614/882/727 616/884/727 615/885/726
f 615/885/728 616/884/729 618/886/729 617/887/728
f 617/887/730 618/886/731 620/888/731 619/889/730
f 620/888/731 618/886/731 623/888/732
f 619/889/733 620/888/734 622/890/734 621/891/733
f 621/891/735 622/890/736 612/892/736 611/893/735
f 611/894/737 613/895/737 615/896/737 617/897/737 619/898/737 621/899/737
f 616/884/727 614/882/727 623/884/738
f 622/890/734 620/888/734 623/890/739
f 614/882/725 612/881/725 623/882/740
f 618/886/729 616/884/729 623/886/741
f 612/892/736 622/890/736 623/892/742
f 624/900/743 625/901/744 627/902/745 626/903/746
f 629/904/747 643/905/748 645/906/749 636/906/750 637/904/751
f 628/907/752 641/908/752 648/909/752 631/910/752
f 635/911/753 633/912/754 625/913/744 624/914/743
f 630/915/755 629/904/755 628/907/755 631/916/755
f 634/917/756 627/918/745 625/919/744 633/920/754
f 642/921/757 641/908/758 628/907/759 638/907/760 639/921/761
f 632/922/762 630/915/763 631/916/764 635/923/753
f 630/924/765 647/925/765 643/905/765 629/904/765
f 631/910/764 648/909/766 633/912/754 635/911/753
f 626/903/746 627/902/745 634/926/756 632/927/762
f 626/928/746 632/922/762 635/923/753 624/929/743
f 632/927/762 634/930/756 647/931/767 630/924/763
f 637/904/751 636/906/750 639/921/761 638/907/760
f 628/907/759 629/904/747 637/904/751 638/907/760
f 644/932/768 646/933/768 649/934/768 640/935/768
f 646/936/769 634/917/756 633/937/754 649/938/770
f 640/935/771 641/921/758 642/921/757
f 643/939/748 644/932/772 645/906/749
f 646/933/769 647/940/767 634/941/756
f 648/942/766 649/934/770 633/943/754
f 646/933/773 644/932/773 643/906/773 647/940/773
f 640/935/774 649/934/774 648/944/774 641/921/774
f 645/906/749 644/932/772 640/935/771 642/921/757 639/921/761 636/906/750
f 655/945/775 651/945/775 659/945/775 663/945/775
f 657/945/776 653/945/776 661/945/776 665/945/776
f 650/945/777 654/945/777 662/945/777 658/945/777
f 652/945/778 656/945/778 664/945/778 660/945/778
f 666/900/779 667/901/779 669/902/779 668/903/779
f 668/903/780 669/902/780 673/906/780 672/904/780
f 673/906/781 671/921/781 677/921/782 674/906/782
f 670/907/783 671/921/783 667/913/783 666/914/783
f 668/928/755 672/904/755 670/907/755 666/929/755
f 673/906/768 669/918/768 667/919/768 671/921/768
f 675/904/784 674/906/782 677/921/782 676/907/784
f 672/904/780 673/906/780 674/906/780 675/904/780
f 671/921/783 670/907/783 676/907/783 677/921/783
f 676/907/783 670/907/783 678/907/783 680/907/783
f 678/907/755 679/904/755 681/904/755 680/907/755
f 675/904/784 676/907/784 680/907/785 681/904/785
f 670/907/786 672/904/786 679/904/786 678/907/786
f 672/904/780 675/904/780 681/904/780 679/904/780
f 682/945/783 683/946/783 685/881/783 684/947/783
usemtl Black_matte
f 694/948/787 686/949/787 687/950/787 696/951/787
f 688/952/788 692/953/788 693/954/788 690/955/788
f 694/956/779 699/957/789 688/958/790 686/959/791
f 686/960/783 688/952/783 689/961/783 687/962/783
f 687/963/792 689/964/793 700/965/794 696/966/785
f 703/967/795 704/968/796 691/969/797 690/970/798
f 688/952/799 690/955/798 691/971/797 689/961/793
f 689/964/793 691/969/797 704/968/796 700/965/794
f 707/972/800 709/973/801 693/974/802 692/975/803
f 699/976/789 707/977/800 692/978/803 688/979/790
f 690/980/798 693/981/804 709/982/804 703/983/795
f 694/948/805 696/951/805 697/984/805 695/985/805
f 698/986/806 702/987/806 708/988/806 706/989/806
f 694/956/779 695/990/807 698/991/808 699/957/789
f 695/992/780 697/993/780 701/994/780 698/986/780
f 697/995/809 696/966/785 700/965/794 701/996/810
f 703/967/795 702/997/811 705/998/812 704/968/796
f 698/986/813 701/994/810 705/999/812 702/987/811
f 701/996/810 700/965/794 704/968/796 705/998/812
f 707/972/800 706/1000/814 708/1001/815 709/973/801
f 699/976/789 698/970/808 706/1002/814 707/977/800
f 702/1003/811 703/983/795 709/982/804 708/1004/804
o fishbed_cockpit.002
v -3.845888 0.200867 0.305595
v -2.701456 0.240633 0.296426
v -4.165632 0.216526 0.160688
v -3.220485 0.576515 0.117857
v -3.902855 0.357079 0.140484
v -2.646213 0.572744 0.115045
v -2.666638 0.471634 0.218806
v -3.491629 0.558401 0.100335
v -3.398804 0.216402 0.300146
v -3.428260 0.388255 0.241272
v -3.000710 0.420052 0.249093
v -3.539212 0.551136 0.099753
v -3.506576 0.494268 0.171825
v -3.479310 0.384918 0.234378
v -3.439103 0.215002 0.300637
v -3.602607 0.542595 0.063231
v -3.648052 0.512964 0.091488
v -4.115288 0.240626 0.121979
v -3.579242 0.539597 0.099263
v -3.864557 0.359737 0.182351
v -3.623686 0.504973 0.125403
v -3.546119 0.567406 0.055123
v -2.673634 0.572924 0.115179
v -3.406670 0.262294 0.284424
v -2.695576 0.467166 0.221430
v -2.695667 0.467152 0.221438
v -2.724773 0.277878 0.285059
v -3.459899 0.498312 0.176081
v -3.106546 0.507984 0.202753
v -3.496739 0.580553 0.047940
v -3.247072 0.605598 0.054862
v -4.025689 0.283091 0.170757
v -4.054590 0.211088 0.211011
v -4.060897 0.234456 0.191639
v -3.853962 0.269578 0.259545
v -3.458153 0.295507 0.269244
v -3.845888 0.200867 -0.305587
v -2.701456 0.240633 -0.296418
v -2.638944 0.615095 0.000004
v -4.165386 0.216787 0.000004
v -4.165632 0.216526 -0.160680
v -3.220485 0.576515 -0.117850
v -3.270225 0.611697 0.000004
v -3.541294 0.575868 0.000004
v -3.902855 0.357079 -0.140477
v -2.646213 0.572744 -0.115037
v -2.666638 0.471634 -0.218799
v -3.491629 0.558401 -0.100328
v -3.398804 0.216402 -0.300138
v -3.428260 0.388255 -0.241265
v -3.000710 0.420052 -0.249085
v -3.539212 0.551136 -0.099745
v -3.506576 0.494268 -0.171818
v -3.479310 0.384918 -0.234370
v -3.439103 0.215002 -0.300629
v -4.111168 0.243679 0.000004
v -3.567387 0.560658 0.000004
v -3.602607 0.542595 -0.063224
v -3.648052 0.512964 -0.091480
v -4.115288 0.240626 -0.121971
v -3.501415 0.581139 0.000004
v -3.579242 0.539597 -0.099255
v -3.864557 0.359737 -0.182343
v -3.623686 0.504973 -0.125395
v -3.546119 0.567406 -0.055115
v -2.673634 0.572924 -0.115171
v -3.406670 0.262294 -0.284417
v -2.695576 0.467166 -0.221422
v -2.695667 0.467152 -0.221431
v -2.666265 0.614948 0.000004
v -2.724773 0.277878 -0.285052
v -3.459899 0.498312 -0.176073
v -3.106546 0.507984 -0.202746
v -3.496739 0.580553 -0.047932
v -3.247072 0.605598 -0.054855
v -4.025689 0.283091 -0.170749
v -4.054590 0.211088 -0.211004
v -4.060897 0.234456 -0.191631
v -3.853962 0.269578 -0.259538
v -3.458153 0.295507 -0.269236
vn 0.0014 0.9389 0.3442
vn -0.0103 0.8381 0.5454
vn -0.0088 0.8530 0.5219
vn -0.1629 0.4853 0.8590
vn -0.0280 0.4565 0.8893
vn -0.0607 0.4827 0.8737
vn -0.2039 0.5204 0.8292
vn -0.3897 0.8778 0.2785
vn -0.2879 0.9365 0.2002
vn -0.2957 0.9553 -0.0000
vn -0.4107 0.9118 -0.0000
vn -0.3946 0.8856 0.2451
vn 0.0031 0.5695 0.8220
vn 0.0217 0.4379 0.8988
vn -0.0435 0.8462 0.5311
vn -0.0894 0.8413 0.5331
vn -0.0746 0.6359 0.7682
vn -0.0272 0.6398 0.7681
vn 0.0377 0.3132 0.9489
vn 0.0173 0.3106 0.9504
vn 0.0106 0.3098 0.9507
vn -0.0380 0.3286 0.9437
vn -0.0035 0.3152 0.9490
vn -0.1446 0.8344 0.5319
vn -0.1488 0.8504 0.5047
vn -0.1303 0.6442 0.7537
vn -0.1323 0.5954 0.7925
vn -0.1832 0.9566 0.2266
vn -0.1245 0.4069 0.9050
vn -0.0951 0.3273 0.9401
vn -0.1211 0.3867 0.9142
vn -0.5035 0.8636 0.0272
vn -0.5037 0.8639 -0.0000
vn -0.4372 0.8994 -0.0000
vn -0.4461 0.8922 0.0702
vn -0.4482 0.8895 0.0887
vn -0.1162 0.9932 -0.0000
vn -0.1074 0.9612 0.2541
vn -0.0499 0.9637 0.2624
vn -0.0747 0.9972 -0.0000
vn -0.1857 0.6026 0.7761
vn -0.2106 0.5496 0.8085
vn -0.1340 0.5239 0.8412
vn -0.1853 0.5989 0.7791
vn -0.3367 0.5825 0.7398
vn -0.3387 0.5414 0.7695
vn -0.1955 0.9807 -0.0000
vn -0.2318 0.8169 0.5281
vn -0.2179 0.7796 0.5871
vn -0.2619 0.8930 0.3661
vn -0.0186 0.2639 0.9644
vn 0.0212 0.2989 0.9541
vn -0.0026 0.4290 0.9033
vn -0.0432 0.3705 0.9278
vn 0.0267 0.6257 0.7796
vn 0.0191 0.8250 0.5648
vn 0.0302 0.5437 0.8387
vn 0.0138 0.9999 -0.0000
vn -0.0215 0.3374 0.9411
vn -0.3902 0.8332 0.3918
vn -0.3930 0.8315 0.3927
vn -0.4275 0.8405 0.3329
vn -0.4445 0.8627 0.2410
vn -0.4553 0.8749 0.1648
vn -0.3218 0.5513 0.7697
vn -0.3217 0.5563 0.7662
vn -0.3216 0.5566 0.7660
vn -0.3215 0.5604 0.7633
vn -0.3397 0.5089 0.7910
vn 0.0014 0.9389 -0.3442
vn -0.0088 0.8530 -0.5219
vn -0.0103 0.8381 -0.5454
vn -0.1629 0.4853 -0.8590
vn -0.2039 0.5204 -0.8292
vn -0.0607 0.4827 -0.8737
vn -0.0280 0.4565 -0.8893
vn -0.3897 0.8778 -0.2785
vn -0.3946 0.8856 -0.2451
vn -0.2879 0.9365 -0.2002
vn 0.0031 0.5695 -0.8220
vn 0.0217 0.4379 -0.8988
vn -0.0435 0.8462 -0.5311
vn -0.0272 0.6398 -0.7681
vn -0.0746 0.6359 -0.7682
vn -0.0894 0.8413 -0.5331
vn 0.0106 0.3098 -0.9507
vn 0.0173 0.3106 -0.9504
vn 0.0377 0.3132 -0.9489
vn -0.0035 0.3152 -0.9490
vn -0.0380 0.3286 -0.9437
vn -0.1446 0.8344 -0.5319
vn -0.1323 0.5954 -0.7925
vn -0.1303 0.6442 -0.7537
vn -0.1488 0.8504 -0.5047
vn -0.1832 0.9566 -0.2266
vn -0.1245 0.4069 -0.9050
vn -0.1211 0.3867 -0.9142
vn -0.0951 0.3273 -0.9401
vn -0.5035 0.8636 -0.0272
vn -0.4482 0.8895 -0.0887
vn -0.4461 0.8922 -0.0702
vn -0.0499 0.9637 -0.2624
vn -0.1074 0.9612 -0.2541
vn -0.1857 0.6026 -0.7761
vn -0.1853 0.5989 -0.7791
vn -0.1340 0.5239 -0.8412
vn -0.2106 0.5496 -0.8085
vn -0.3387 0.5414 -0.7695
vn -0.3367 0.5825 -0.7398
vn -0.2179 0.7796 -0.5871
vn -0.2318 0.8169 -0.5281
vn -0.2619 0.8930 -0.3661
vn -0.0186 0.2639 -0.9644
vn -0.0432 0.3705 -0.9278
vn -0.0026 0.4290 -0.9033
vn 0.0212 0.2989 -0.9541
vn 0.0267 0.6257 -0.7796
vn 0.0302 0.5437 -0.8387
vn 0.0191 0.8250 -0.5648
vn -0.0215 0.3374 -0.9411
vn -0.3902 0.8332 -0.3918
vn -0.3930 0.8315 -0.3927
vn -0.4275 0.8405 -0.3329
vn -0.4445 0.8627 -0.2410
vn -0.4553 0.8749 -0.1648
vn -0.3218 0.5513 -0.7697
vn -0.3216 0.5566 -0.7660
vn -0.3217 0.5563 -0.7662
vn -0.3215 0.5604 -0.7633
vn -0.3397 0.5089 -0.7910
vt 0.125100 0.836614
vt 0.124718 0.836118
vt 0.126291 0.834065
vt 0.126602 0.834587
vt 0.119461 0.793185
vt 0.125484 0.807240
vt 0.102297 0.666899
vt 0.115179 0.794677
vt 0.095956 0.692485
vt 0.042033 0.302730
vt 0.111215 0.816182
vt 0.110553 0.815039
vt 0.111257 0.811156
vt 0.125610 0.800633
vt 0.118969 0.758305
vt 0.120097 0.823651
vt 0.039471 0.281434
vt 0.062113 0.419096
vt 0.083183 0.558189
vt 0.118948 0.758171
vt 0.117502 0.720170
vt 0.136406 0.832725
vt 0.111817 0.719898
vt 0.126081 0.808632
vt 0.070148 0.504677
vt 0.090295 0.625485
vt 0.027792 0.197858
vt 0.042667 0.307286
vt 0.076545 0.511032
vt 0.072666 0.476345
vt 0.103487 0.787540
vt 0.107720 0.797205
vt 0.111003 0.808417
vt 0.096753 0.791217
vt 0.095582 0.789196
vt 0.104983 0.784282
vt 0.103455 0.787474
vt 0.017107 0.121395
vt 0.118056 0.824452
vt 0.116278 0.825150
vt 0.107160 0.770496
vt 0.105817 0.772792
vt 0.109551 0.796637
vt 0.107106 0.790025
vt 0.107686 0.787288
vt 0.115175 0.794678
vt 0.000000 0.000000
vt 0.107169 0.770568
vt 0.048946 0.311979
vt 0.127654 0.783589
vt 0.083183 0.558187
vt 0.108524 0.796995
vt 0.110011 0.787374
vt 0.109561 0.796634
s 1
usemtl glass.001
f 710/1009/819 724/1010/820 745/1011/821 744/1012/822
f 713/1020/830 717/1021/831 737/1022/832 738/1023/833
f 727/1035/847 714/1036/847 726/1037/847 725/1017/847 766/1016/848 765/1038/848
f 770/1042/852 739/1031/853 740/1043/854 752/1044/855
f 730/1045/856 729/1046/857 723/1033/858 722/1030/859
f 729/1047/857 741/1048/860 743/1049/861 744/1050/822
f 730/1052/856 722/1030/859 721/1029/863 728/1013/864
f 721/1029/863 731/1032/865 728/1013/864
f 733/1027/866 736/1025/867 720/1053/868 719/1034/869
f 734/1019/870 732/1007/871 738/1023/833 720/1053/868 735/1024/872
f 732/1007/871 779/1006/873 740/1043/854 713/1020/830
f 736/1054/867 735/1024/872 720/1053/868
f 738/1055/833 737/1022/832 719/1034/869 720/1053/868
f 738/1023/833 732/1007/871 713/1020/830
f 740/1043/854 779/1006/873 752/1044/855
f 740/1043/854 739/1031/853 717/1021/831 713/1020/830
f 744/1050/822 743/1049/861 742/1057/884 710/1009/819
f 744/1012/822 745/1011/821 723/1033/858 729/1058/857
f 746/1009/888 788/1012/889 789/1011/890 764/1010/891
f 751/1020/897 782/1023/898 781/1022/899 757/1021/900
f 769/1035/914 765/1038/848 766/1016/848 767/1017/914 768/1037/914 754/1036/914
f 770/1042/852 752/1044/855 784/1043/917 783/1031/918
f 773/1045/919 762/1030/920 763/1033/921 772/1046/922
f 772/1047/922 788/1050/889 787/1049/923 785/1048/924
f 773/1052/919 771/1013/925 761/1029/926 762/1030/920
f 761/1029/926 771/1013/925 774/1032/927
f 776/1027/928 759/1034/929 760/1053/930 780/1025/931
f 777/1019/932 778/1024/933 760/1053/930 782/1023/898 775/1007/934
f 775/1007/934 751/1020/897 784/1043/917 779/1006/873
f 780/1054/931 760/1053/930 778/1024/933
f 782/1055/898 760/1053/930 759/1034/929 781/1022/899
f 782/1023/898 751/1020/897 775/1007/934
f 784/1043/917 752/1044/855 779/1006/873
f 784/1043/917 751/1020/897 757/1021/900 783/1031/918
f 788/1050/889 746/1009/888 786/1057/945 787/1049/923
f 788/1012/889 772/1058/922 763/1033/921 789/1011/890
usemtl metal
f 748/1005/816 779/1006/816 732/1007/817 715/1008/818
f 728/1013/823 731/1014/824 753/1015/825 766/1016/826 725/1017/827
f 716/1018/828 715/1008/818 732/1007/817 734/1019/829
f 716/1018/828 734/1019/829 735/1024/834 736/1025/835 711/1026/836
f 711/1026/836 736/1025/835 733/1027/837 718/1028/838
f 717/1021/839 721/1029/840 722/1030/841 737/1022/842
f 739/1031/843 731/1032/824 721/1029/840 717/1021/839
f 723/1033/844 745/1011/845 733/1027/837 719/1034/846
f 765/1038/849 749/1039/849 712/1040/850 727/1041/851
f 731/1032/824 739/1031/843 770/1042/862 753/1051/825
f 733/1027/837 724/1010/874 718/1028/838
f 730/1052/875 728/1013/823 725/1017/827 726/1037/876
f 729/1046/877 730/1052/875 726/1037/876 714/1056/878
f 712/1040/850 741/1048/879 729/1047/877 714/1036/878 727/1035/851
f 737/1022/842 722/1030/841 723/1033/844 719/1034/846
f 742/1057/880 743/1049/881 712/1040/882
f 743/1049/881 741/1048/883 712/1040/882
f 733/1027/837 745/1011/845 724/1010/874
f 748/1005/885 755/1008/886 775/1007/887 779/1006/885
f 771/1013/892 767/1017/893 766/1016/826 753/1015/825 774/1014/894
f 756/1018/895 777/1019/896 775/1007/887 755/1008/886
f 756/1018/895 747/1026/901 780/1025/902 778/1024/903 777/1019/896
f 747/1026/901 758/1028/904 776/1027/905 780/1025/902
f 757/1021/906 781/1022/907 762/1030/908 761/1029/909
f 783/1031/910 757/1021/906 761/1029/909 774/1032/894
f 763/1033/911 759/1034/912 776/1027/905 789/1011/913
f 765/1038/849 769/1041/915 750/1040/916 749/1039/849
f 774/1032/894 753/1051/825 770/1042/862 783/1031/910
f 776/1027/905 758/1028/904 764/1010/935
f 773/1052/936 768/1037/937 767/1017/893 771/1013/892
f 772/1046/938 754/1056/939 768/1037/937 773/1052/936
f 750/1040/916 769/1035/915 754/1036/939 772/1047/938 785/1048/940
f 781/1022/907 759/1034/912 763/1033/911 762/1030/908
f 786/1057/941 750/1040/942 787/1049/943
f 787/1049/943 750/1040/942 785/1048/944
f 776/1027/905 764/1010/935 789/1011/913
o fishbed_pylons.002
v 0.287435 -0.759983 2.106068
v 0.466157 -0.665563 2.106068
v 0.287435 -0.759983 2.066342
v 0.466157 -0.665563 2.066342
v 1.710832 -0.705289 2.106068
v 1.710832 -0.665563 2.106068
v 1.710832 -0.705289 2.066342
v 1.710832 -0.665563 2.066342
v 1.680025 -0.771236 2.066342
v 1.680025 -0.771236 2.106068
v 0.068941 -0.854378 2.066342
v 0.068941 -0.854378 2.106068
v 1.680025 -0.854378 2.066342
v 1.680025 -0.854378 2.106068
v 0.068941 -0.823816 2.066342
v 0.121499 -0.769747 2.066342
v 0.121520 -0.771236 2.066342
v 0.084334 -0.786200 2.066342
v 0.121499 -0.769747 2.106068
v 0.068941 -0.823816 2.106068
v 0.121520 -0.771236 2.106068
v 0.084334 -0.786200 2.106068
v 1.265653 -0.809015 2.695621
v 1.444375 -0.714595 2.695621
v 1.265653 -0.809015 2.655895
v 1.444375 -0.714595 2.655895
v 2.689050 -0.754321 2.695621
v 2.689050 -0.714595 2.695621
v 2.689050 -0.754321 2.655895
v 2.689050 -0.714595 2.655895
v 2.658244 -0.820268 2.655895
v 2.658244 -0.820268 2.695621
v 1.047159 -0.903410 2.655895
v 1.047159 -0.903410 2.695621
v 2.658244 -0.903410 2.655895
v 2.658244 -0.903410 2.695621
v 1.047159 -0.872848 2.655895
v 1.099717 -0.818779 2.655895
v 1.099738 -0.820268 2.655895
v 1.062553 -0.835232 2.655895
v 1.099717 -0.818779 2.695621
v 1.047159 -0.872848 2.695621
v 1.099738 -0.820268 2.695621
v 1.062553 -0.835232 2.695621
v 0.068941 -0.876028 2.066342
v 0.068941 -0.876028 2.106068
v 1.680025 -0.876028 2.066342
v 1.680025 -0.876028 2.106068
v 0.786801 -0.854378 2.066342
v 0.384050 -0.854378 2.066342
v 0.384050 -0.854378 2.106068
v 0.786801 -0.854378 2.106068
v 0.786801 -0.876028 2.066342
v 0.384050 -0.876028 2.066342
v 0.384050 -0.876028 2.106068
v 0.786801 -0.876028 2.106068
v 0.786801 -0.854378 2.005960
v 0.472193 -0.854378 2.005960
v 0.472193 -0.854378 2.166451
v 0.786801 -0.854378 2.166451
v 0.786801 -0.876028 2.005960
v 0.472193 -0.876028 2.005960
v 0.472193 -0.876028 2.166451
v 0.786801 -0.876028 2.166451
v 0.287435 -0.759983 -2.147302
v 0.466157 -0.665563 -2.147302
v 0.287435 -0.759983 -2.107576
v 0.466157 -0.665563 -2.107576
v 1.710832 -0.705289 -2.147302
v 1.710832 -0.665563 -2.147302
v 1.710832 -0.705289 -2.107576
v 1.710832 -0.665563 -2.107576
v 1.680025 -0.771236 -2.107576
v 1.680025 -0.771236 -2.147302
v 0.068941 -0.854378 -2.107576
v 0.068941 -0.854378 -2.147302
v 1.680025 -0.854378 -2.107576
v 1.680025 -0.854378 -2.147302
v 0.068941 -0.823816 -2.107576
v 0.121499 -0.769747 -2.107576
v 0.121520 -0.771236 -2.107576
v 0.084334 -0.786200 -2.107576
v 0.121499 -0.769747 -2.147302
v 0.068941 -0.823816 -2.147302
v 0.121520 -0.771236 -2.147302
v 0.084334 -0.786200 -2.147302
v 1.265653 -0.809015 -2.736855
v 1.444375 -0.714595 -2.736855
v 1.265653 -0.809015 -2.697129
v 1.444375 -0.714595 -2.697129
v 2.689050 -0.754321 -2.736855
v 2.689050 -0.714595 -2.736855
v 2.689050 -0.754321 -2.697129
v 2.689050 -0.714595 -2.697129
v 2.658244 -0.820268 -2.697129
v 2.658244 -0.820268 -2.736855
v 1.047159 -0.903410 -2.697129
v 1.047159 -0.903410 -2.736855
v 2.658244 -0.903410 -2.697129
v 2.658244 -0.903410 -2.736855
v 1.047159 -0.872848 -2.697129
v 1.099717 -0.818779 -2.697129
v 1.099738 -0.820268 -2.697129
v 1.062553 -0.835232 -2.697129
v 1.099717 -0.818779 -2.736855
v 1.047159 -0.872848 -2.736855
v 1.099738 -0.820268 -2.736855
v 1.062553 -0.835232 -2.736855
v 0.068941 -0.876028 -2.107576
v 0.068941 -0.876028 -2.147302
v 1.680025 -0.876028 -2.107576
v 1.680025 -0.876028 -2.147302
v 0.786801 -0.854378 -2.107576
v 0.384050 -0.854378 -2.107576
v 0.384050 -0.854378 -2.147302
v 0.786801 -0.854378 -2.147302
v 0.786801 -0.876028 -2.107576
v 0.384050 -0.876028 -2.107576
v 0.384050 -0.876028 -2.147302
v 0.786801 -0.876028 -2.147302
v 0.786801 -0.854378 -2.047194
v 0.472193 -0.854378 -2.047194
v 0.472193 -0.854378 -2.207685
v 0.786801 -0.854378 -2.207685
v 0.786801 -0.876028 -2.047194
v 0.472193 -0.876028 -2.047194
v 0.472193 -0.876028 -2.207685
v 0.786801 -0.876028 -2.207685
vn -0.4671 0.8842 -0.0000
vn -0.0000 -0.0000 -1.0000
vn 1.0000 -0.0000 -0.0000
vn -0.0000 -0.0000 1.0000
vn -0.0000 1.0000 -0.0000
vn -1.0000 -0.0000 -0.0000
vn 0.9060 -0.4232 -0.0000
vn -0.0000 0.0002 -1.0000
vn -0.9255 0.3788 -0.0000
vn -0.4048 0.9144 -0.0000
vn -0.0587 0.9983 -0.0000
vn -0.0000 -1.0000 -0.0000
vn -0.0000 0.0001 -1.0000
vn -0.0000 0.0003 1.0000
vn -0.5652 -0.0000 -0.8250
vn -0.5652 -0.0000 0.8250
vn -0.0000 0.0002 1.0000
vn -0.0000 0.0001 1.0000
vn -0.0000 0.0003 -1.0000
vt 0.375000 0.000000
vt 0.625000 0.000000
vt 0.625000 0.250000
vt 0.375000 0.250000
vt 0.625000 0.500000
vt 0.375000 0.500000
vt 0.625000 0.750000
vt 0.375000 0.750000
vt 0.625000 1.000000
vt 0.375000 1.000000
vt 0.875000 0.500000
vt 0.875000 0.750000
vt 0.375000 0.991841
vt 0.375000 0.954682
vt 0.375000 0.871349
vt 0.375000 0.258159
vt 0.375000 0.378651
vt 0.375000 0.295318
vt 0.375000 0.954682
vt 0.375000 0.250000
vt 0.375000 0.250000
vt 0.125000 0.500000
vt 0.125000 0.750000
vt 0.253651 0.500000
vt 0.253651 0.750000
vt 0.375000 0.295318
vt 0.170318 0.750000
vt 0.170318 0.500000
vt 0.375000 0.871349
s 0
usemtl metal.001
f 790/1059/946 791/1060/946 793/1061/946 792/1062/946
f 792/1062/947 793/1061/947 797/1063/947 796/1064/947
f 796/1064/948 797/1063/948 795/1065/948 794/1066/948
f 794/1066/949 795/1065/949 791/1067/949 790/1068/949
f 797/1063/950 793/1069/950 791/1070/950 795/1065/950
f 799/1066/949 810/1071/949 809/1068/949 801/1068/949 840/1072/949 841/1073/949 803/1066/949
f 809/1059/951 804/1062/951 800/1062/951 801/1059/951
f 804/1062/947 806/1074/947 798/1064/947 802/1064/947 838/1075/947 839/1076/947 800/1062/947
f 796/1064/952 794/1066/952 799/1066/952 798/1064/952
f 840/1072/949 801/1068/949 835/1068/949 844/1077/949
f 794/1066/949 790/1068/949 808/1068/949 810/1071/949 799/1066/949
f 792/1062/947 796/1064/947 798/1064/947 806/1074/947 805/1078/947
f 798/1064/948 799/1066/948 803/1066/948 802/1064/948
f 804/1062/947 807/1062/947 806/1074/947
f 807/1062/953 805/1079/953 806/1074/953
f 808/1059/949 811/1059/949 810/1059/949
f 811/1059/949 809/1059/949 810/1059/949
f 804/1062/954 809/1059/954 811/1059/954 807/1062/954
f 807/1062/955 811/1059/955 808/1059/955 805/1062/955
f 790/1059/956 792/1062/956 805/1062/956 808/1059/956
f 812/1059/946 813/1060/946 815/1061/946 814/1062/946
f 814/1062/947 815/1061/947 819/1063/947 818/1064/947
f 818/1064/948 819/1063/948 817/1065/948 816/1066/948
f 816/1066/949 817/1065/949 813/1067/949 812/1068/949
f 819/1063/950 815/1069/950 813/1070/950 817/1065/950
f 821/1066/949 832/1071/949 831/1068/949 823/1068/949 825/1066/949
f 831/1059/951 826/1062/951 822/1062/951 823/1059/951
f 826/1062/947 828/1074/947 820/1064/947 824/1064/947 822/1062/947
f 818/1064/952 816/1066/952 821/1066/952 820/1064/952
f 822/1080/957 824/1064/957 825/1066/957 823/1081/957
f 816/1066/949 812/1068/949 830/1068/949 832/1071/949 821/1066/949
f 814/1062/947 818/1064/947 820/1064/947 828/1074/947 827/1078/947
f 820/1064/948 821/1066/948 825/1066/948 824/1064/948
f 826/1062/947 829/1062/947 828/1074/947
f 829/1062/958 827/1079/958 828/1074/958
f 830/1059/959 833/1059/959 832/1059/959
f 833/1059/949 831/1059/949 832/1059/949
f 826/1062/954 831/1059/954 833/1059/954 829/1062/954
f 829/1062/955 833/1059/955 830/1059/955 827/1062/955
f 812/1059/956 814/1062/956 827/1062/956 830/1059/956
f 842/1082/957 836/1064/957 837/1066/957 845/1083/957
f 838/1075/947 802/1064/947 836/1064/947 842/1075/947
f 802/1064/948 803/1066/948 837/1066/948 836/1064/948
f 801/1059/951 800/1062/951 834/1062/951 835/1059/951
f 800/1062/947 839/1076/947 843/1084/947 834/1062/947
f 844/1085/957 845/1083/957 853/1083/957 852/1085/957
f 834/1080/957 843/1086/957 844/1085/957 835/1081/957
f 843/1086/957 842/1082/957 845/1083/957 844/1085/957
f 803/1066/949 841/1073/949 845/1087/949 837/1066/949
f 838/1075/948 842/1075/948 850/1075/948 846/1075/948
f 847/1076/947 846/1075/947 850/1075/947 851/1084/947
f 849/1073/949 848/1072/949 852/1077/949 853/1087/949
f 842/1082/957 843/1086/957 851/1086/957 850/1082/957
f 841/1073/950 840/1072/950 848/1072/950 849/1073/950
f 845/1087/948 841/1073/948 849/1073/948 853/1087/948
f 839/1076/950 838/1075/950 846/1075/950 847/1076/950
f 843/1084/960 839/1076/960 847/1076/960 851/1084/960
f 840/1072/961 844/1077/961 852/1077/961 848/1072/961
f 854/1059/946 856/1062/946 857/1061/946 855/1060/946
f 856/1062/949 860/1064/949 861/1063/949 857/1061/949
f 860/1064/948 858/1066/948 859/1065/948 861/1063/948
f 858/1066/947 854/1068/947 855/1067/947 859/1065/947
f 861/1063/950 859/1065/950 855/1070/950 857/1069/950
f 863/1066/947 867/1066/947 905/1073/947 904/1072/947 865/1068/947 873/1068/947 874/1071/947
f 873/1059/951 865/1059/951 864/1062/951 868/1062/951
f 868/1062/949 864/1062/949 903/1076/949 902/1075/949 866/1064/949 862/1064/949 870/1074/949
f 860/1064/952 862/1064/952 863/1066/952 858/1066/952
f 904/1072/947 908/1077/947 899/1068/947 865/1068/947
f 858/1066/947 863/1066/947 874/1071/947 872/1068/947 854/1068/947
f 856/1062/949 869/1078/949 870/1074/949 862/1064/949 860/1064/949
f 862/1064/948 866/1064/948 867/1066/948 863/1066/948
f 868/1062/949 870/1074/949 871/1062/949
f 871/1062/962 870/1074/962 869/1079/962
f 872/1059/947 874/1059/947 875/1059/947
f 875/1059/947 874/1059/947 873/1059/947
f 868/1062/954 871/1062/954 875/1059/954 873/1059/954
f 871/1062/955 869/1062/955 872/1059/955 875/1059/955
f 854/1059/956 872/1059/956 869/1062/956 856/1062/956
f 876/1059/946 878/1062/946 879/1061/946 877/1060/946
f 878/1062/949 882/1064/949 883/1063/949 879/1061/949
f 882/1064/948 880/1066/948 881/1065/948 883/1063/948
f 880/1066/947 876/1068/947 877/1067/947 881/1065/947
f 883/1063/950 881/1065/950 877/1070/950 879/1069/950
f 885/1066/947 889/1066/947 887/1068/947 895/1068/947 896/1071/947
f 895/1059/951 887/1059/951 886/1062/951 890/1062/951
f 890/1062/949 886/1062/949 888/1064/949 884/1064/949 892/1074/949
f 882/1064/952 884/1064/952 885/1066/952 880/1066/952
f 886/1080/957 887/1081/957 889/1066/957 888/1064/957
f 880/1066/947 885/1066/947 896/1071/947 894/1068/947 876/1068/947
f 878/1062/949 891/1078/949 892/1074/949 884/1064/949 882/1064/949
f 884/1064/948 888/1064/948 889/1066/948 885/1066/948
f 890/1062/949 892/1074/949 893/1062/949
f 893/1062/963 892/1074/963 891/1079/963
f 894/1059/964 896/1059/964 897/1059/964
f 897/1059/947 896/1059/947 895/1059/947
f 890/1062/954 893/1062/954 897/1059/954 895/1059/954
f 893/1062/955 891/1062/955 894/1059/955 897/1059/955
f 876/1059/956 894/1059/956 891/1062/956 878/1062/956
f 906/1082/957 909/1083/957 901/1066/957 900/1064/957
f 902/1075/949 906/1075/949 900/1064/949 866/1064/949
f 866/1064/948 900/1064/948 901/1066/948 867/1066/948
f 865/1059/951 899/1059/951 898/1062/951 864/1062/951
f 864/1062/949 898/1062/949 907/1084/949 903/1076/949
f 908/1085/957 916/1085/957 917/1083/957 909/1083/957
f 898/1080/957 899/1081/957 908/1085/957 907/1086/957
f 907/1086/957 908/1085/957 909/1083/957 906/1082/957
f 867/1066/947 901/1066/947 909/1087/947 905/1073/947
f 902/1075/948 910/1075/948 914/1075/948 906/1075/948
f 911/1076/949 915/1084/949 914/1075/949 910/1075/949
f 913/1073/947 917/1087/947 916/1077/947 912/1072/947
f 906/1082/957 914/1082/957 915/1086/957 907/1086/957
f 905/1073/950 913/1073/950 912/1072/950 904/1072/950
f 909/1087/948 917/1087/948 913/1073/948 905/1073/948
f 903/1076/950 911/1076/950 910/1075/950 902/1075/950
f 907/1084/961 915/1084/961 911/1076/961 903/1076/961
f 904/1072/960 912/1072/960 916/1077/960 908/1077/960
o seat.002
v -3.354341 -0.470184 0.247388
v -3.349825 -0.309716 0.247388
v -2.981994 -0.480662 0.247388
v -3.043513 -0.318336 0.247388
v -2.792817 -0.485986 0.247388
v -2.920943 -0.389465 0.247388
v -3.398411 -0.468944 0.148537
v -2.978902 -0.370780 0.148537
v -3.395319 -0.359062 0.148537
v -2.981994 -0.480662 0.148537
v -2.790204 -0.393144 0.148537
v -2.792817 -0.485986 0.148537
v -2.802257 0.361648 0.113197
v -2.852098 0.313450 0.168640
v -2.611900 0.398253 0.126862
v -2.771766 0.360790 0.204524
v -2.746121 0.564204 0.114001
v -2.636217 0.527777 0.122098
v -2.871792 0.450985 0.114547
v -2.855708 0.562980 0.115880
v -2.623926 -0.432442 0.100026
v -2.448349 0.262040 0.100026
v -2.691471 0.045080 0.172999
v -2.838339 0.025978 0.266509
v -2.860512 0.034212 0.142797
v -2.941387 0.059080 0.263655
v -2.515873 -0.048187 0.129193
v -2.784759 0.487460 0.149267
v -2.772147 0.514892 0.145595
v -2.710703 0.520338 0.097657
v -2.703629 0.547926 0.101892
v -2.760498 0.476242 0.177917
v -2.748292 0.506953 0.157186
v -2.686848 0.512399 0.108742
v -2.679773 0.539987 0.112990
v -2.797662 0.487823 0.167388
v -2.789695 0.502040 0.163011
v -2.765840 0.494101 0.174603
v -2.773806 0.479884 0.178980
v -2.844305 0.353529 0.203479
v -2.820448 0.345593 0.215069
v -2.852978 0.362364 0.218609
v -2.829122 0.354425 0.230201
v -2.848490 0.318709 0.194751
v -2.824633 0.310772 0.206342
v -2.852942 0.345651 0.210903
v -2.829087 0.337712 0.222494
v -2.783601 0.330354 0.126980
v -2.759746 0.322415 0.138571
v -2.791610 0.299122 0.124157
v -2.767755 0.291183 0.135748
v -3.354341 -0.470184 -0.247090
v -3.349825 -0.309716 -0.247090
v -2.981994 -0.480662 -0.247090
v -3.043513 -0.318336 -0.247090
v -3.398411 -0.468944 0.000149
v -3.395798 -0.376102 0.000149
v -2.981994 -0.480662 0.000149
v -2.960684 -0.388347 0.000149
v -2.792817 -0.485986 -0.247090
v -2.920943 -0.389465 -0.247090
v -2.792817 -0.485986 0.000149
v -2.790204 -0.393144 0.000149
v -3.398411 -0.468944 -0.148239
v -2.978902 -0.370780 -0.148239
v -3.395319 -0.359062 -0.148239
v -2.981994 -0.480662 -0.148239
v -2.790204 -0.393144 -0.148239
v -2.792817 -0.485986 -0.148239
v -2.802257 0.361648 -0.112899
v -2.852098 0.313450 -0.168343
v -2.611900 0.398253 -0.126565
v -2.771766 0.360790 -0.204227
v -2.783559 0.361122 0.000149
v -2.611900 0.398253 0.000149
v -2.746121 0.571320 0.000149
v -2.636217 0.527777 0.000149
v -2.746121 0.564204 -0.113704
v -2.636217 0.527777 -0.121800
v -2.817664 0.388100 0.000149
v -2.871792 0.450985 -0.114249
v -2.787785 0.561069 0.000149
v -2.855708 0.562980 -0.115583
v -2.623926 -0.432442 0.000149
v -2.623926 -0.432442 -0.099729
v -2.448349 0.262040 -0.099729
v -2.448349 0.262040 0.000149
v -2.691471 0.045080 -0.172702
v -2.838339 0.025978 -0.266211
v -2.860512 0.034212 -0.142499
v -2.842028 0.026081 0.000149
v -2.941387 0.059080 -0.263358
v -2.515873 -0.048187 -0.128896
v -2.515873 -0.048187 0.000149
v -2.784759 0.487460 -0.148970
v -2.772147 0.514892 -0.145297
v -2.710703 0.520338 -0.097360
v -2.703629 0.547926 -0.101594
v -2.760498 0.476242 -0.177620
v -2.748292 0.506953 -0.156888
v -2.686848 0.512399 -0.108444
v -2.679773 0.539987 -0.112693
v -2.797662 0.487823 -0.167091
v -2.789695 0.502040 -0.162714
v -2.765840 0.494101 -0.174305
v -2.773806 0.479884 -0.178682
v -2.844305 0.353529 -0.203181
v -2.820448 0.345593 -0.214771
v -2.852978 0.362364 -0.218312
v -2.829122 0.354425 -0.229903
v -2.848490 0.318709 -0.194454
v -2.824633 0.310772 -0.206044
v -2.852942 0.345651 -0.210605
v -2.829087 0.337712 -0.222196
v -2.783601 0.330354 -0.126682
v -2.759746 0.322415 -0.138273
v -2.791610 0.299122 -0.123859
v -2.767755 0.291183 -0.135450
vn -0.0000 -0.0000 1.0000
vn -0.0281 -0.9996 -0.0000
vn 0.0250 0.8898 -0.4557
vn -0.9996 0.0281 -0.0000
vn 0.7331 0.4859 0.4758
vn -0.9752 0.1652 -0.1474
vn 0.4820 0.0352 0.8754
vn 0.9996 -0.0281 -0.0000
vn -0.9129 0.0257 0.4073
vn 0.0279 0.9931 -0.1141
vn -0.3132 0.9429 0.1134
vn -0.0723 0.0188 0.9972
vn -0.2194 0.3050 0.9267
vn 0.2161 -0.1175 0.9693
vn -0.8058 0.0786 -0.5870
vn 0.3408 0.9397 0.0284
vn 0.0132 -0.0098 0.9999
vn 0.9828 0.1845 -0.0000
vn -0.8577 0.1407 -0.4945
vn -0.7458 -0.6639 -0.0537
vn -0.0756 0.9971 0.0002
vn 0.9771 -0.2127 -0.0000
vn 0.6400 0.7684 -0.0000
vn -0.2300 -0.9732 -0.0000
vn 0.9627 -0.2707 -0.0000
vn -0.7737 0.2260 -0.5919
vn 0.2402 0.0567 0.9691
vn -0.0300 -0.0376 0.9988
vn 0.5681 -0.1619 0.8069
vn -0.9509 0.2741 -0.1441
vn -0.6115 0.2265 -0.7581
vn 0.4293 0.0287 -0.9027
vn 0.6181 0.0178 0.7859
vn -0.7758 0.2734 -0.5687
vn 0.0325 -0.8843 -0.4657
vn -0.0114 0.8078 0.5893
vn -0.2788 0.4219 0.8627
vn -0.2591 0.4608 0.8488
vn -0.0140 0.8113 0.5845
vn 0.4277 0.2870 0.8572
vn 0.7533 -0.2541 0.6067
vn 0.4508 -0.4664 -0.7611
vn 0.5963 0.0086 0.8027
vn -0.8147 0.1311 -0.5649
vn -0.5073 -0.5033 0.6995
vn -0.5022 -0.3630 0.7849
vn -0.7532 0.2541 -0.6067
vn -0.3185 -0.9479 0.0064
vn 0.4292 -0.0285 -0.9028
vn -0.7208 0.2464 -0.6478
vn 0.7208 -0.2464 0.6478
vn 0.3272 0.9446 -0.0265
vn -0.0000 -0.0000 -1.0000
vn 0.0250 0.8898 0.4557
vn 0.7331 0.4859 -0.4758
vn -0.9752 0.1652 0.1474
vn 0.4820 0.0352 -0.8754
vn -0.9129 0.0257 -0.4073
vn 0.0279 0.9931 0.1141
vn -0.3132 0.9429 -0.1134
vn -0.0723 0.0188 -0.9972
vn -0.2194 0.3050 -0.9267
vn 0.2161 -0.1175 -0.9693
vn -0.8058 0.0786 0.5870
vn 0.3408 0.9397 -0.0284
vn 0.0132 -0.0098 -0.9999
vn -0.8577 0.1407 0.4945
vn -0.7458 -0.6639 0.0537
vn -0.0756 0.9971 -0.0002
vn -0.7737 0.2260 0.5919
vn 0.2402 0.0567 -0.9691
vn -0.0300 -0.0376 -0.9988
vn 0.5681 -0.1619 -0.8069
vn -0.9509 0.2741 0.1441
vn -0.6115 0.2265 0.7581
vn 0.4293 0.0287 0.9027
vn 0.6181 0.0178 -0.7859
vn -0.7758 0.2734 0.5687
vn 0.0325 -0.8843 0.4657
vn -0.0114 0.8078 -0.5893
vn -0.2788 0.4219 -0.8627
vn -0.2591 0.4608 -0.8488
vn -0.0140 0.8113 -0.5845
vn 0.4277 0.2870 -0.8572
vn 0.7533 -0.2541 -0.6067
vn 0.4508 -0.4664 0.7611
vn 0.5963 0.0086 -0.8027
vn -0.8147 0.1311 0.5649
vn -0.5073 -0.5033 -0.6995
vn -0.5022 -0.3630 -0.7849
vn -0.7532 0.2541 0.6067
vn -0.3185 -0.9479 -0.0064
vn 0.4292 -0.0285 0.9028
vn -0.7208 0.2464 0.6478
vn 0.7208 -0.2464 -0.6478
vn 0.3272 0.9446 0.0265
vt 0.625000 0.750000
vt 0.375000 0.750000
vt 0.625000 1.000000
vt 0.375000 1.000000
vt 0.125000 0.700022
vt 0.375000 0.700022
vt 0.125000 0.750000
vt 0.625000 0.700022
vt 0.875000 0.700022
vt 0.875000 0.750000
vt 0.375000 0.049978
vt 0.625000 0.049978
vt 0.625000 0.124230
vt 0.375000 0.124230
vt 0.375000 0.700022
vt 0.625000 0.700022
vt 0.625000 0.625770
vt 0.375000 0.625770
vt 0.375000 0.000000
vt 0.625000 0.000000
vt 0.875000 0.625770
vt 0.125000 0.625770
vt 0.625000 0.750000
vt 0.625000 0.700022
vt 0.625000 0.250000
vt 0.375000 0.250000
vt 0.625000 0.500000
vt 0.375000 0.500000
vt 0.125000 0.500000
vt 0.875000 0.500000
s 0
usemtl grey_.002
f 945/1106/995 946/1107/995 948/1112/995 947/1113/995
f 947/1113/996 948/1112/996 952/1114/996 951/1115/996
f 951/1115/997 952/1114/997 950/1088/997 949/1089/997
f 946/1107/998 945/1106/998 953/1106/998 954/1107/998
f 947/1116/999 951/1115/999 949/1089/999 945/1094/999
f 952/1114/1000 948/1117/1000 946/1097/1000 950/1088/1000
f 956/1089/1001 955/1088/1001 954/1090/1001 953/1091/1001
f 956/1089/1002 953/1091/1002 959/1091/1002 960/1089/1002
f 950/1088/1003 946/1097/1003 954/1097/1003 955/1088/1003
f 949/1089/1004 950/1088/1004 955/1088/1004 956/1089/1004
f 958/1089/1005 960/1089/1005 964/1089/1005 962/1089/1005
f 945/1094/1006 949/1089/1006 958/1089/1006 957/1094/1006
f 949/1089/1007 956/1089/1007 960/1089/1007 958/1089/1007
f 953/1106/1008 945/1106/1008 957/1106/1008 959/1106/1008
f 961/1094/1009 962/1089/1009 964/1089/1009 963/1094/1009
f 960/1089/1010 959/1091/1010 963/1091/1010 964/1089/1010
f 959/1106/1011 957/1106/1011 961/1106/1011 963/1106/1011
f 962/1089/1012 961/1094/1012 967/1094/1012 968/1089/1012
f 965/1094/1013 966/1089/1013 968/1089/1013 967/1094/1013
f 961/1106/1014 957/1106/1014 965/1106/1014 967/1106/1014
f 958/1089/1015 962/1089/1015 968/1089/1015 966/1089/1015
f 957/1094/1016 958/1089/1016 966/1089/1016 965/1094/1016
f 1012/1106/1039 1014/1113/1039 1015/1112/1039 1013/1107/1039
f 1014/1113/1040 1018/1115/1040 1019/1114/1040 1015/1112/1040
f 1018/1115/1041 1016/1089/1041 1017/1088/1041 1019/1114/1041
f 1013/1107/1042 1021/1107/1042 1020/1106/1042 1012/1106/1042
f 1014/1116/1043 1012/1094/1043 1016/1089/1043 1018/1115/1043
f 1019/1114/1044 1017/1088/1044 1013/1097/1044 1015/1117/1044
f 1023/1089/1045 1020/1091/1045 1021/1090/1045 1022/1088/1045
f 1023/1089/1046 1027/1089/1046 1026/1091/1046 1020/1091/1046
f 1017/1088/1047 1022/1088/1047 1021/1097/1047 1013/1097/1047
f 1016/1089/1048 1023/1089/1048 1022/1088/1048 1017/1088/1048
f 1025/1089/1049 1029/1089/1049 1031/1089/1049 1027/1089/1049
f 1012/1094/1050 1024/1094/1050 1025/1089/1050 1016/1089/1050
f 1016/1089/1051 1025/1089/1051 1027/1089/1051 1023/1089/1051
f 1020/1106/1052 1026/1106/1052 1024/1106/1052 1012/1106/1052
f 1028/1094/1053 1030/1094/1053 1031/1089/1053 1029/1089/1053
f 1027/1089/1054 1031/1089/1054 1030/1091/1054 1026/1091/1054
f 1026/1106/1055 1030/1106/1055 1028/1106/1055 1024/1106/1055
f 1029/1089/1056 1035/1089/1056 1034/1094/1056 1028/1094/1056
f 1032/1094/1057 1034/1094/1057 1035/1089/1057 1033/1089/1057
f 1028/1106/1058 1034/1106/1058 1032/1106/1058 1024/1106/1058
f 1025/1089/1059 1033/1089/1059 1035/1089/1059 1029/1089/1059
f 1024/1094/1060 1032/1094/1060 1033/1089/1060 1025/1089/1060
usemtl grey_dark.001
f 921/1088/965 920/1089/965 922/1089/965 923/1088/965
f 920/1089/965 921/1088/965 919/1090/965 918/1091/965
f 924/1092/966 927/1093/966 920/1089/966 918/1094/966
f 925/1095/967 926/1096/967 919/1097/967 921/1088/967
f 924/1098/968 926/1099/968 974/1100/968 973/1101/968
f 929/1102/969 928/1103/969 923/1088/969 922/1089/969
f 1008/1104/970 942/1095/970 930/1095/970 991/1104/970
f 927/1093/966 975/1105/966 979/1105/966 929/1102/966
f 920/1089/966 927/1093/966 929/1102/966 922/1089/966
f 941/1088/971 940/1095/971 932/1103/971 933/1088/971
f 979/1105/972 980/1104/972 928/1103/972 929/1102/972
f 918/1106/973 919/1107/973 926/1099/973 924/1098/973
f 976/1104/974 974/1108/974 926/1096/974 925/1095/974
f 973/1109/966 975/1105/966 927/1093/966 924/1092/966
f 930/1095/975 931/1088/975 933/1088/975 932/1103/975
f 930/1095/976 932/1103/976 935/1103/976 934/1095/976
f 943/1110/977 941/1088/977 933/1088/977 931/1088/977
f 940/1095/978 928/1103/978 938/1103/978 944/1103/978
f 942/1095/979 943/1110/979 931/1088/979 930/1095/979
f 993/1104/980 934/1095/980 935/1103/980 994/1104/980
f 930/1095/981 934/1095/981 937/1095/981 936/1111/981
f 932/1103/982 992/1104/982 994/1104/982 935/1103/982
f 997/1104/983 936/1111/983 937/1095/983 999/1104/983
f 991/1104/984 930/1095/984 936/1111/984 997/1104/984
f 934/1095/985 993/1104/985 999/1104/985 937/1095/985
f 944/1103/986 1011/1104/986 1004/1104/986 939/1103/986
f 992/1104/987 932/1103/987 939/1103/987 1004/1104/987
f 928/1103/988 980/1104/988 1001/1104/988 938/1103/988
f 938/1103/989 1001/1104/989 1011/1104/989 944/1103/989
f 925/1095/990 921/1088/990 943/1110/990 942/1095/990
f 932/1103/991 940/1095/991 944/1103/991 939/1103/991
f 921/1088/992 923/1088/992 941/1088/992 943/1110/992
f 923/1088/993 928/1103/993 940/1095/993 941/1088/993
f 976/1104/994 925/1095/994 942/1095/994 1008/1104/994
f 972/1088/1017 978/1088/1017 977/1089/1017 971/1089/1017
f 971/1089/1017 969/1091/1017 970/1090/1017 972/1088/1017
f 981/1092/966 969/1094/966 971/1089/966 984/1093/966
f 982/1095/1018 972/1088/1018 970/1097/1018 983/1096/1018
f 981/1098/968 973/1101/968 974/1100/968 983/1099/968
f 986/1102/1019 977/1089/1019 978/1088/1019 985/1103/1019
f 1008/1104/1020 991/1104/1020 987/1095/1020 1007/1095/1020
f 984/1093/966 986/1102/966 979/1105/966 975/1105/966
f 971/1089/966 977/1089/966 986/1102/966 984/1093/966
f 1006/1088/1021 990/1088/1021 989/1103/1021 1005/1095/1021
f 979/1105/972 986/1102/972 985/1103/972 980/1104/972
f 969/1106/1022 981/1098/1022 983/1099/1022 970/1107/1022
f 976/1104/1023 982/1095/1023 983/1096/1023 974/1108/1023
f 973/1109/966 981/1092/966 984/1093/966 975/1105/966
f 987/1095/1024 989/1103/1024 990/1088/1024 988/1088/1024
f 987/1095/1025 995/1095/1025 996/1103/1025 989/1103/1025
f 1009/1110/1026 988/1088/1026 990/1088/1026 1006/1088/1026
f 1005/1095/1027 1010/1103/1027 1002/1103/1027 985/1103/1027
f 1007/1095/1028 987/1095/1028 988/1088/1028 1009/1110/1028
f 993/1104/1029 994/1104/1029 996/1103/1029 995/1095/1029
f 987/1095/1030 998/1111/1030 1000/1095/1030 995/1095/1030
f 989/1103/982 996/1103/982 994/1104/982 992/1104/982
f 997/1104/1031 999/1104/1031 1000/1095/1031 998/1111/1031
f 991/1104/1032 997/1104/1032 998/1111/1032 987/1095/1032
f 995/1095/1033 1000/1095/1033 999/1104/1033 993/1104/1033
f 1010/1103/986 1003/1103/986 1004/1104/986 1011/1104/986
f 992/1104/987 1004/1104/987 1003/1103/987 989/1103/987
f 985/1103/988 1002/1103/988 1001/1104/988 980/1104/988
f 1002/1103/989 1010/1103/989 1011/1104/989 1001/1104/989
f 982/1095/1034 1007/1095/1034 1009/1110/1034 972/1088/1034
f 989/1103/1035 1003/1103/1035 1010/1103/1035 1005/1095/1035
f 972/1088/1036 1009/1110/1036 1006/1088/1036 978/1088/1036
f 978/1088/1037 1006/1088/1037 1005/1095/1037 985/1103/1037
f 976/1104/1038 1008/1104/1038 1007/1095/1038 982/1095/1038
o pilot.002
v -3.608827 -0.425301 0.072619
v -3.573777 -0.371585 0.073562
v -3.558734 -0.377392 0.113668
v -3.592317 -0.439466 0.124515
v -3.729851 -0.320171 0.110070
v -3.699998 -0.348126 0.190606
v -3.762524 -0.297913 0.196040
v -3.774834 -0.291260 0.143867
v -3.761077 -0.274281 0.145330
v -3.722816 -0.284604 0.111605
v -3.694097 -0.306954 0.180495
v -3.746307 -0.276857 0.197385
v -3.647332 -0.312510 0.095764
v -3.669615 -0.369199 0.091345
v -3.636640 -0.327934 0.150990
v -3.644825 -0.393180 0.156653
v -3.549178 -0.353724 0.049908
v -3.526997 -0.396791 0.114999
v -3.581872 -0.342928 0.174686
v -3.629756 -0.281651 0.071371
v -3.644844 -0.267828 0.144082
v -3.420073 -0.150463 0.072758
v -3.374829 -0.184729 0.143421
v -3.418707 -0.157367 0.198029
v -3.479375 -0.073081 0.088333
v -3.478063 -0.062190 0.161315
v -3.374643 -0.121234 0.064325
v -3.367419 -0.195390 0.143480
v -3.360881 -0.129867 0.197608
v -3.397277 -0.040177 0.081772
v -3.392780 0.007884 0.157884
v -3.086005 -0.267726 0.007102
v -3.069838 -0.225648 0.106326
v -3.147758 -0.128605 0.170140
v -3.207594 -0.183771 0.006139
v -3.154177 -0.061910 0.127669
v -3.100710 -0.247638 0.006985
v -2.965831 -0.115101 0.007833
v -2.980302 -0.107366 0.107410
v -3.057534 -0.086977 0.176681
v -3.165872 -0.059562 0.113641
v -3.185692 -0.055288 0.006000
v -2.941545 0.011916 0.007778
v -2.933714 0.001086 0.092806
v -3.009309 0.023208 0.162701
v -3.214139 -0.031792 0.055656
v -3.173629 0.098736 0.029716
v -3.159130 0.085319 0.006176
v -2.885972 0.118283 0.008033
v -2.885952 0.142709 0.119470
v -2.981477 0.085551 0.173254
v -3.180027 0.137156 0.081429
v -3.142479 0.178038 0.005886
v -2.844104 0.244240 0.008349
v -2.866082 0.247378 0.125763
v -3.002330 0.287155 0.166931
v -2.983476 0.168926 0.152658
v -3.074459 0.090810 0.148031
v -3.099518 0.140193 0.190713
v -3.113249 0.272219 0.073365
v -3.083701 0.255347 0.006665
v -2.961438 0.332851 0.007519
v -2.988778 0.362264 0.104794
v -2.917813 0.357111 0.110449
v -2.888055 0.345522 0.020948
v -2.859225 0.340338 0.023219
v -2.873244 0.348141 0.084200
v -3.034080 0.316886 0.010272
v -3.049126 0.332439 0.090029
v -2.919754 0.329906 0.160776
v -3.378029 0.179690 -0.111504
v -3.382394 0.200570 -0.114581
v -3.365891 0.207625 -0.135024
v -3.379771 0.197926 -0.119628
v -3.114635 -0.067306 0.151012
v -3.144992 0.098312 0.112936
v -3.189363 -0.032966 0.129374
v -3.111533 -0.051257 0.166809
v -3.080528 0.088647 0.143508
v -3.085315 0.140647 0.129538
v -3.068479 0.086362 0.114333
v -3.301942 0.083022 -0.165205
v -3.286957 0.133417 -0.131311
v -3.319771 0.156883 -0.130490
v -3.340964 0.101631 -0.172725
v -3.009858 0.323472 0.136925
v -3.041012 0.261387 0.129042
v -2.911960 0.160197 0.157466
v -2.877613 0.231777 0.177161
v -2.938406 0.306858 0.201238
v -3.038070 0.054509 0.173741
v -3.038761 0.070682 0.240206
v -3.077605 0.125545 0.251777
v -3.088804 0.048278 0.184226
v -3.106999 0.086777 0.155536
v -3.087863 0.053553 0.239003
v -3.121176 0.133413 0.191323
v -3.120275 0.118804 0.257485
v -3.289546 0.151935 -0.163775
v -3.319576 0.170169 -0.158650
v -3.348939 0.134709 0.178708
v -3.330003 0.188897 0.142420
v -3.353624 0.140262 0.225806
v -3.318039 0.227226 0.186192
v -3.336354 0.199741 0.243189
v -3.304559 0.113396 -0.195662
v -3.336687 0.127550 -0.189223
v -3.330003 0.188897 0.142420
v -3.348939 0.134709 0.178708
v -3.339239 0.182391 0.187693
v -3.353624 0.140262 0.225806
v -3.318039 0.227226 0.186192
v -3.336354 0.199741 0.243189
v -3.343382 0.178680 0.225158
v -3.326793 0.208743 0.189687
v -3.395677 0.250899 0.180036
v -3.406263 0.191148 0.228979
v -3.431076 0.255573 0.180797
v -3.446294 0.195172 0.232701
v -3.452430 0.226203 0.145625
v -3.459968 0.180566 0.195456
v -3.400619 0.239138 0.163767
v -3.425690 0.244696 0.167891
v -3.438409 0.187456 0.223660
v -3.409742 0.174929 0.219669
v -3.074506 0.066876 -0.108968
v -3.101104 0.074099 -0.123926
v -3.075382 0.111624 -0.115690
v -3.068449 -0.225792 -0.091955
v -3.351597 0.153895 0.211799
v -3.373767 0.193710 0.174203
v -3.332239 0.191484 0.163617
v -3.347662 0.224022 0.151717
v -3.371837 0.244363 0.165040
v -3.387703 0.231619 0.151713
v -3.376310 0.230573 0.131674
v -3.390701 0.234752 0.146038
v -3.389838 0.213987 0.143865
v -3.190170 -0.028267 -0.040144
v -3.171291 0.096225 -0.019020
v -3.132801 -0.048842 -0.154985
v -3.399775 0.222273 0.120047
v -3.408582 0.225269 0.130485
v -3.406918 0.212754 0.126267
v -3.119236 -0.066700 -0.149938
v -3.312500 0.164147 0.231004
v -3.298808 0.189808 0.194809
v -3.318735 0.132654 0.204154
v -3.304059 0.168893 0.164778
v -3.111856 0.102171 0.104070
v -3.590926 -0.440434 -0.116034
v -3.557468 -0.378273 -0.105317
v -3.572974 -0.372144 -0.065418
v -3.608035 -0.425852 -0.064431
v -3.773201 -0.292395 -0.138472
v -3.760289 -0.299467 -0.190443
v -3.697833 -0.349632 -0.183951
v -3.728615 -0.321031 -0.103925
v -3.721560 -0.285477 -0.105664
v -3.759428 -0.275428 -0.139903
v -3.744058 -0.278422 -0.191770
v -3.692047 -0.308380 -0.174072
v -3.668600 -0.369905 -0.084178
v -3.646266 -0.313252 -0.088793
v -3.633425 -0.323558 -0.146512
v -3.643058 -0.394409 -0.149055
v -3.525718 -0.397680 -0.106164
v -3.548649 -0.354093 -0.041663
v -3.579898 -0.344301 -0.166849
v -3.628971 -0.282197 -0.064494
v -3.643217 -0.268959 -0.137451
v -3.372337 -0.185469 -0.133529
v -3.418525 -0.152287 -0.063505
v -3.415707 -0.159201 -0.188756
v -3.477571 -0.074758 -0.079970
v -3.475601 -0.067242 -0.152940
v -3.365083 -0.195765 -0.133480
v -3.368755 -0.125016 -0.054515
v -3.357179 -0.131713 -0.187566
v -3.389657 -0.042159 -0.072338
v -3.384463 0.001886 -0.148080
v -3.140278 -0.131142 -0.157016
v -3.132132 -0.069860 -0.115206
v -2.978389 -0.107898 -0.092056
v -3.054041 -0.087984 -0.162588
v -2.932493 0.000931 -0.077258
v -3.007950 0.019601 -0.148822
v -2.882587 0.142782 -0.103787
v -2.977083 0.083758 -0.158618
v -3.178149 0.136243 -0.057331
v -2.864173 0.248486 -0.108935
v -3.078818 0.116998 -0.161693
v -3.039542 0.065679 -0.121917
v -2.977000 0.169197 -0.135525
v -3.005816 0.289755 -0.152764
v -3.119619 0.277969 -0.060509
v -2.916533 0.357050 -0.091300
v -2.990452 0.364546 -0.090166
v -2.872272 0.348002 -0.038028
v -3.054140 0.337261 -0.076309
v -2.918986 0.328604 -0.146683
v -3.367539 0.200511 -0.100188
v -3.339239 0.191757 -0.121100
v -3.396608 0.181864 -0.091265
v -3.389894 0.192420 -0.086483
v -3.399174 0.194059 -0.096802
v -3.014543 0.327209 -0.124579
v -3.045964 0.267086 -0.116213
v -2.905235 0.161167 -0.138144
v -2.873131 0.232365 -0.158352
v -2.937096 0.302943 -0.187225
v -3.007334 0.037996 -0.143581
v -3.006342 0.042833 -0.203967
v -3.044040 0.089606 -0.221090
v -3.071475 0.054636 -0.127580
v -3.054486 0.023993 -0.152758
v -3.055472 0.023406 -0.200388
v -3.096861 0.108800 -0.161252
v -3.085830 0.079916 -0.225526
v -3.314330 0.154981 -0.105282
v -3.327771 0.104343 -0.131180
v -3.343675 0.082891 -0.185036
v -3.308026 0.194434 -0.153929
v -3.333499 0.149058 -0.209039
v -3.328334 0.143458 -0.153083
v -3.327771 0.104343 -0.131180
v -3.314330 0.154981 -0.105282
v -3.343675 0.082891 -0.185036
v -3.308026 0.194434 -0.153929
v -3.333499 0.149058 -0.209039
v -3.400296 0.137073 -0.190779
v -3.390086 0.213208 -0.149577
v -3.440517 0.138783 -0.193192
v -3.425424 0.216885 -0.149200
v -3.451312 0.130759 -0.153971
v -3.443507 0.190560 -0.110022
v -3.418872 0.207927 -0.135390
v -3.393604 0.203032 -0.131756
v -3.402572 0.120708 -0.179546
v -3.431811 0.132726 -0.183677
v -3.363925 0.157021 -0.138704
v -3.029956 0.439145 0.055943
v -3.057526 0.433754 0.018620
v -3.047871 0.413082 0.032720
v -2.987984 0.495595 0.068712
v -3.009796 0.524510 0.037941
v -3.036763 0.481388 0.035166
v -3.024584 0.476182 0.058303
v -2.935531 0.489192 -0.063614
v -2.940377 0.530255 -0.026322
v -2.884564 0.491067 -0.031054
v -3.020393 0.461343 0.056937
v -2.988665 0.446549 0.072213
v -3.006217 0.396360 0.059922
v -3.058624 0.377380 0.023614
v -3.015539 0.364944 0.027740
v -3.047430 0.475179 0.006695
v -3.072749 0.446869 0.002687
v -3.072652 0.446754 0.010625
v -2.974203 0.388510 0.061447
v -2.989573 0.336442 0.058727
v -3.035722 0.466594 0.020208
v -2.923965 0.384764 0.045511
v -2.896862 0.418613 0.045664
v -2.949821 0.432798 0.074454
v -2.921683 0.339127 0.057432
v -2.921387 0.339377 -0.037302
v -2.923533 0.384765 -0.026637
v -3.057873 0.434140 -0.005037
v -3.063475 0.418867 0.006739
v -2.936479 0.538728 0.007039
v -3.023320 0.526700 0.006427
v -2.940798 0.530299 0.040367
v -3.021320 0.353546 0.007069
v -3.013593 0.313353 0.007142
v -3.044848 0.485800 0.006674
v -2.896381 0.418522 -0.027830
v -2.885045 0.491117 0.045933
v -2.936413 0.489284 0.077770
v -3.059653 0.378368 -0.010057
v -3.016540 0.365945 -0.013558
v -2.988189 0.446749 -0.055453
v -3.020275 0.461698 -0.041250
v -3.024154 0.476291 -0.043014
v -2.987243 0.495518 -0.053800
v -3.048831 0.414099 -0.018982
v -2.948970 0.432730 -0.059915
v -3.009405 0.524469 -0.025069
v -3.030602 0.440112 -0.040496
v -3.036563 0.481488 -0.021265
v -3.007566 0.397926 -0.045432
v -2.991566 0.338537 -0.044123
v -2.974855 0.389544 -0.046672
v -3.035754 0.466747 -0.006427
v -2.933615 0.433988 -0.104083
v -2.979392 0.413246 -0.081943
v -2.972181 0.467252 -0.093856
v -2.937170 0.383907 0.086556
v -2.903340 0.360295 0.013560
v -2.863811 0.386641 0.015831
v -2.893913 0.412301 0.098140
v -3.007404 0.404182 -0.055668
v -2.997409 0.504832 -0.071220
v -2.917287 0.485692 -0.098938
v -2.892758 0.412257 -0.078622
v -3.006117 0.402572 0.070542
v -2.936426 0.384068 -0.070477
v -2.918587 0.485828 0.113197
v -2.998349 0.504929 0.086630
v -2.973429 0.467382 0.108921
v -2.840173 0.464598 0.007766
v -2.869281 0.464683 0.080287
v -2.979607 0.412583 0.096550
v -2.935047 0.434136 0.118700
v -2.854768 0.512840 0.007610
v -2.873408 0.507112 0.060726
v -2.868383 0.464589 -0.065221
v -2.913128 0.541662 0.057722
v -3.041688 0.524324 0.006401
v -2.989937 0.538847 0.061355
v -3.002549 0.559509 0.006397
v -2.989276 0.538778 -0.048454
v -2.912503 0.541597 -0.043482
v -2.872751 0.507043 -0.045787
v -2.912719 0.558549 0.007112
v -3.058639 0.434467 -0.032144
v -3.058135 0.444403 -0.029251
v -2.996614 0.422895 -0.056131
v -3.001420 0.412727 -0.056146
v -3.230043 0.303475 0.033434
v -3.213298 0.218283 0.076586
v -3.211876 0.226342 0.096055
v -3.225889 0.311746 0.052443
v -3.163912 0.357538 0.027132
v -3.204528 0.302980 0.053524
v -3.209296 0.293685 0.032089
v -3.165548 0.355308 0.004015
v -3.191782 0.231344 0.092987
v -3.193419 0.222313 0.071031
v -3.053027 0.392168 -0.030518
v -3.054977 0.403284 -0.033220
v -3.004226 0.417664 -0.052744
v -3.000087 0.407455 -0.051411
v -3.100550 0.425584 -0.004834
v -3.094570 0.388948 -0.010354
v -3.180598 0.371264 0.003704
v -3.057396 0.443463 0.043182
v -3.057616 0.433271 0.045918
v -3.000556 0.411451 0.071332
v -2.996200 0.421978 0.071801
v -3.053246 0.401515 0.046583
v -3.051192 0.390341 0.043911
v -2.999118 0.406138 0.066263
v -3.003434 0.416477 0.068138
v -3.135849 0.138124 0.100664
v -3.043331 0.086764 0.097599
v -3.039986 0.088280 0.118519
v -3.133602 0.140497 0.121608
v -3.179259 0.373306 0.024316
v -3.063495 0.431284 0.044935
v -3.051668 0.477117 0.016304
v -3.100106 0.425198 0.017446
v -3.051670 0.477211 -0.003072
v -3.100550 0.425584 -0.004834
v -3.093519 0.387842 0.023164
v -3.093519 0.387842 0.023164
v -3.059825 0.406499 0.046176
v -3.070877 0.402685 0.052331
v -3.133602 0.140497 0.121608
v -3.123986 0.159551 0.119513
v -3.126700 0.156886 0.095896
v -3.031768 0.108806 0.116299
v -3.123986 0.159551 0.119513
v -3.064602 0.432539 -0.031423
v -3.043017 0.421396 -0.037388
v -3.044132 0.367832 0.038190
v -3.094570 0.388948 -0.010354
v -3.045990 0.369622 -0.024669
v -3.061504 0.408226 -0.032897
v -3.073388 0.428290 0.052323
v -3.135849 0.138124 0.100664
v -3.100106 0.425198 0.017446
v -3.074834 0.429891 -0.039097
v -3.072989 0.404821 -0.039206
v -3.035016 0.106779 0.092698
v -3.126700 0.156886 0.095896
v -3.041741 0.419954 0.051434
v -3.026166 0.500903 0.053506
v -3.005388 0.492718 0.080427
v -2.997673 0.505633 0.079455
v -3.008085 0.516458 0.053521
v -3.039936 0.506197 0.023791
v -3.026073 0.522076 0.024925
v -2.985720 0.483856 0.087541
v -2.978490 0.498085 0.087797
v -3.008992 0.477053 0.078937
v -2.987451 0.473448 0.088377
v -3.032934 0.467367 0.048740
v -3.009185 0.467789 0.075161
v -3.048105 0.476804 0.021089
v -2.992676 0.464918 0.082157
v -3.035147 0.453948 0.046111
v -3.009020 0.455645 0.068929
v -3.047081 0.461440 0.021056
v -2.999618 0.459318 0.075310
v -3.030745 0.523398 0.006427
v -3.042112 0.507260 0.006524
v -3.049696 0.479364 0.006676
v -3.050344 0.469700 0.012246
v -3.050639 0.471476 0.006696
v -2.997946 0.506578 -0.064675
v -3.004512 0.492627 -0.064413
v -3.025582 0.500843 -0.039669
v -3.007511 0.516398 -0.040715
v -3.039708 0.506174 -0.010675
v -3.025837 0.522051 -0.012004
v -2.977471 0.497970 -0.071790
v -2.984712 0.483742 -0.070746
v -3.009152 0.477257 -0.062024
v -2.992354 0.474787 -0.070294
v -3.008560 0.467880 -0.058181
v -3.032893 0.467716 -0.033840
v -3.048097 0.476933 -0.007514
v -2.991837 0.464894 -0.064864
v -3.008734 0.455969 -0.052213
v -3.035451 0.454554 -0.031212
v -3.047205 0.461675 -0.007307
v -2.999024 0.459442 -0.058156
v -3.050370 0.469774 0.001209
vn -0.0578 -0.6922 -0.7194
vn 0.1471 -0.5689 -0.8092
vn -0.0137 -0.9994 0.0330
vn 0.2939 -0.8865 0.3574
vn -0.6226 -0.3862 -0.6807
vn -0.1021 -0.5873 0.8029
vn -0.7373 -0.1934 0.6473
vn -0.9499 -0.0501 -0.3086
vn -0.4180 0.8662 -0.2738
vn -0.0687 0.7533 -0.6541
vn 0.5410 0.5739 0.6148
vn -0.0622 0.7266 0.6843
vn -0.5810 0.3268 -0.7454
vn -0.5779 -0.4165 -0.7018
vn -0.0423 0.1638 0.9856
vn -0.1206 -0.6503 0.7501
vn 0.1306 -0.4512 -0.8828
vn 0.3007 -0.9523 0.0515
vn -0.1468 -0.4699 0.8704
vn -0.6438 0.2152 -0.7343
vn -0.8379 0.3430 0.4247
vn 0.2102 -0.2176 -0.9531
vn -0.2757 -0.8807 -0.3852
vn 0.0534 -0.1797 0.9823
vn -0.5270 0.5523 -0.6459
vn -0.6083 0.5858 0.5355
vn -0.2562 -0.2316 -0.9385
vn -0.4081 -0.9065 0.1080
vn 0.1030 -0.1092 0.9887
vn -0.1238 0.6130 -0.7804
vn -0.1032 0.9363 0.3356
vn 0.6484 -0.7450 -0.1568
vn 0.4416 -0.7329 0.5176
vn 0.0897 -0.0549 0.9945
vn -0.7657 -0.4186 -0.4883
vn -0.0690 0.9117 0.4051
vn 0.9998 0.0180 -0.0089
vn 0.8744 -0.4851 0.0055
vn 0.7693 -0.4114 0.4888
vn 0.1740 -0.2307 0.9574
vn -0.7674 -0.4541 0.4526
vn -0.9870 -0.0410 -0.1553
vn 0.9397 -0.3421 -0.0012
vn 0.8565 -0.3702 0.3596
vn 0.8682 -0.3569 0.3447
vn 0.9440 -0.3289 0.0278
vn 0.1105 -0.0787 0.9908
vn -0.9600 -0.2796 -0.0160
vn -0.7866 0.5447 -0.2907
vn -0.9807 0.1881 -0.0533
vn 0.9976 -0.0674 -0.0158
vn 0.9537 0.0796 0.2899
vn 0.1555 -0.1395 0.9779
vn -0.8855 -0.1606 0.4360
vn -0.8904 0.4479 -0.0810
vn 0.7689 0.6394 -0.0045
vn 0.6686 0.7098 0.2215
vn -0.6340 0.4496 0.6292
vn -0.4320 0.8990 -0.0717
vn -0.1223 -0.1480 -0.9814
vn -0.5823 0.7708 -0.2584
vn -0.8086 0.5495 0.2103
vn -0.7901 0.6128 -0.0116
vn -0.1891 0.9802 0.0587
vn -0.2170 0.9586 0.1842
vn 0.1728 0.9628 0.2076
vn 0.0547 0.9985 0.0004
vn 0.3561 0.6793 0.6417
vn 0.1105 0.5970 0.7946
vn -0.5068 0.8616 -0.0272
vn -0.6017 0.7785 0.1786
vn 0.7825 -0.4368 -0.4437
vn 0.8785 -0.3298 -0.3457
vn 0.2201 -0.8541 -0.4713
vn -0.6101 0.6574 -0.4423
vn 0.2809 0.9566 0.0777
vn 0.1856 -0.1059 0.9769
vn -0.2819 0.1142 0.9526
vn -0.4687 0.7200 0.5117
vn -0.7703 -0.2087 0.6026
vn 0.3655 -0.3505 0.8623
vn 0.4270 0.5544 0.7144
vn -0.4873 -0.0204 0.8730
vn -0.2943 0.0593 0.9539
vn -0.4415 -0.8482 0.2924
vn 0.0423 0.0357 0.9985
vn 0.3435 0.0563 0.9375
vn -0.4055 -0.9139 -0.0168
vn -0.4695 0.5545 0.6871
vn -0.5797 0.1214 0.8057
vn 0.6489 -0.4760 0.5936
vn 0.8000 0.0267 0.5993
vn 0.3672 -0.8300 -0.4199
vn 0.4334 -0.5528 0.7117
vn -0.0483 0.4070 0.9121
vn -0.1131 -0.9377 -0.3284
vn -0.1354 -0.1278 -0.9825
vn -0.0261 -0.7928 0.6089
vn 0.1313 0.9301 -0.3430
vn 0.0158 0.3694 0.9291
vn 0.4389 0.8517 -0.2864
vn 0.5144 0.7529 -0.4105
vn -0.2923 -0.8591 -0.4201
vn 0.1158 0.1388 -0.9835
vn -0.2656 -0.7096 0.6527
vn 0.3850 0.9161 -0.1117
vn 0.0906 0.3641 0.9270
vn -0.1340 -0.0872 -0.9871
vn -0.0391 0.0868 -0.9955
vn -0.9323 0.3324 -0.1424
vn -0.9653 0.2223 -0.1374
vn -0.9405 0.3212 -0.1105
vn -0.9634 0.2557 -0.0809
vn -0.9006 0.4224 -0.1027
vn -0.9344 0.3509 -0.0612
vn 0.0581 0.1601 0.9854
vn 0.5960 0.7797 0.1918
vn 0.1622 0.9719 0.1705
vn 0.0560 0.0766 0.9955
vn -0.3189 0.9396 0.1244
vn -0.4970 -0.0333 0.8671
vn -0.3942 -0.0755 -0.9159
vn -0.5548 -0.7702 -0.3145
vn -0.3302 0.2254 -0.9166
vn 0.1638 0.2875 -0.9437
vn -0.0682 -0.9809 0.1824
vn -0.3377 -0.9331 0.1238
vn 0.0076 0.0532 -0.9986
vn -0.2307 0.2991 -0.9259
vn -0.4202 0.0593 -0.9055
vn 0.3939 -0.8150 -0.4250
vn -0.3985 -0.8912 0.2167
vn -0.5839 -0.6384 -0.5014
vn 0.2393 -0.1486 -0.9595
vn 0.6020 0.2346 -0.7633
vn 0.2870 0.9507 -0.1177
vn -0.9855 -0.0875 0.1454
vn 0.3827 0.2836 -0.8793
vn -0.6728 0.7212 0.1650
vn 0.5846 0.8100 0.0459
vn -0.9709 -0.1016 -0.2168
vn -0.9971 0.0635 0.0414
vn -0.4188 -0.1350 -0.8980
vn 0.0164 0.1030 -0.9945
vn -0.8939 0.4442 0.0595
vn -0.5566 -0.7801 -0.2858
vn -0.3864 -0.5276 -0.7565
vn -0.1227 0.0574 0.9908
vn 0.5501 0.8317 0.0752
vn -0.6060 -0.7925 -0.0682
vn -0.0630 -0.0885 -0.9941
vn -0.3791 0.4948 0.7820
vn 0.2881 -0.8991 -0.3295
vn -0.0587 -0.9423 -0.3296
vn -0.0388 -0.5438 0.8383
vn -0.0745 -0.6879 0.7220
vn -0.6013 -0.7989 0.0103
vn -0.6844 -0.1808 -0.7063
vn -0.1586 -0.5642 -0.8102
vn -0.6183 -0.3976 0.6779
vn -0.0565 0.7827 0.6198
vn -0.3565 0.9164 0.1820
vn 0.0016 0.7026 -0.7116
vn 0.4428 0.6098 -0.6573
vn -0.5757 -0.4197 0.7018
vn -0.4884 0.5739 0.6573
vn -0.0775 0.2493 -0.9653
vn -0.1438 -0.6786 -0.7203
vn 0.3142 -0.9455 -0.0858
vn 0.1119 -0.4009 0.9093
vn -0.1791 -0.5069 -0.8432
vn -0.6934 0.1915 0.6946
vn -0.8822 0.2530 -0.3971
vn -0.1674 -0.8399 -0.5163
vn 0.1505 -0.2253 0.9626
vn 0.1032 -0.1585 -0.9820
vn -0.4840 0.6342 0.6030
vn -0.5421 0.6561 -0.5250
vn -0.3251 -0.9267 -0.1886
vn -0.1075 -0.2509 0.9620
vn 0.0855 -0.1568 -0.9839
vn -0.0803 0.6815 0.7274
vn -0.1124 0.9483 -0.2968
vn 0.0780 -0.0798 -0.9938
vn -0.7547 0.2441 -0.6089
vn 0.2130 -0.1540 -0.9648
vn 0.8452 -0.3159 -0.4312
vn 0.1682 -0.0369 -0.9851
vn 0.9662 0.0807 -0.2448
vn 0.1694 -0.1037 -0.9801
vn -0.9294 -0.0420 -0.3667
vn 0.6275 0.7535 -0.1961
vn -0.6138 0.7358 0.2860
vn -0.0480 -0.1062 0.9932
vn 0.7716 0.3310 0.5431
vn -0.6265 0.3279 -0.7071
vn -0.8220 0.5545 -0.1298
vn 0.3747 0.8675 -0.3272
vn -0.1660 0.9563 -0.2406
vn 0.4567 0.7604 -0.4618
vn -0.6135 0.7728 -0.1628
vn 0.8128 0.4457 0.3751
vn 0.5294 0.4759 0.7023
vn -0.5234 -0.7670 0.3711
vn 0.0475 0.2190 0.9746
vn -0.9156 0.3850 -0.1162
vn -0.4671 0.5939 -0.6551
vn -0.6065 0.1684 -0.7770
vn 0.5732 -0.6638 -0.4804
vn 0.8447 -0.0589 -0.5320
vn 0.1429 0.4952 -0.8569
vn 0.4878 -0.7472 0.4514
vn 0.5185 -0.6113 -0.5979
vn -0.0235 0.1618 -0.9865
vn -0.1328 -0.2382 0.9621
vn 0.0026 -0.9302 0.3670
vn 0.0457 -0.8642 -0.5011
vn 0.0162 0.9557 0.2940
vn -0.0239 0.2296 -0.9730
vn 0.1994 0.2150 0.9560
vn -0.1268 -0.7267 0.6752
vn -0.2266 -0.8723 -0.4334
vn 0.3911 0.9168 -0.0812
vn 0.0605 0.2526 -0.9657
vn -0.9528 0.2459 0.1781
vn -0.9624 0.1221 0.2428
vn -0.9420 0.2587 0.2136
vn -0.9731 0.1579 0.1678
vn -0.9174 0.3680 0.1514
vn -0.9574 0.2650 0.1149
vn 0.0493 -0.0291 -0.9984
vn 0.1389 0.9394 -0.3133
vn -0.5660 -0.1768 -0.8052
vn -0.3746 0.8953 -0.2410
vn -0.5002 -0.7050 0.5028
vn -0.3662 0.0245 0.9302
vn 0.1911 0.4393 0.8778
vn -0.3001 0.3339 0.8936
vn -0.3305 -0.9437 0.0101
vn -0.1804 -0.9717 0.1527
vn -0.2916 -0.5006 0.8151
vn -0.5866 -0.0845 0.8054
vn -0.8431 0.0687 0.5334
vn -0.7170 -0.0219 0.6967
vn -0.2729 0.3981 0.8758
vn -0.4420 0.7440 0.5010
vn -0.8856 0.1101 0.4511
vn -0.6568 0.1701 0.7346
vn 0.2092 0.2757 -0.9382
vn 0.1800 0.8574 -0.4821
vn 0.8445 0.3031 -0.4416
vn -0.6343 0.0324 0.7724
vn -0.2570 -0.0588 0.9646
vn -0.3348 -0.3389 0.8793
vn -0.7274 -0.5452 0.4167
vn -0.6103 -0.5122 0.6043
vn -0.9654 0.2602 0.0189
vn -0.9039 -0.0116 -0.4276
vn -0.8764 -0.0047 0.4815
vn -0.0139 -0.2539 0.9671
vn -0.5037 0.0093 0.8638
vn -0.8377 0.0240 0.5456
vn 0.7111 -0.2264 0.6657
vn 0.7901 -0.3631 0.4939
vn 0.1822 -0.2170 0.9590
vn 0.6406 0.2239 0.7345
vn 0.7511 0.0848 -0.6547
vn 0.7840 -0.2451 -0.5703
vn -0.8466 0.0247 -0.5316
vn -0.9956 0.0924 0.0135
vn 0.2700 0.9628 -0.0051
vn -0.6230 0.7822 -0.0000
vn 0.1873 0.8539 0.4856
vn -0.8681 -0.4878 0.0920
vn -0.9760 -0.2148 0.0347
vn -0.9312 0.3645 0.0028
vn 0.8095 -0.3771 -0.4500
vn 0.8364 0.3036 0.4563
vn 0.2321 0.2771 0.9324
vn -0.7599 -0.4952 -0.4211
vn -0.6302 -0.5059 -0.5890
vn -0.2213 -0.0280 -0.9748
vn -0.6576 -0.0187 -0.7531
vn -0.6794 0.0596 -0.7313
vn -0.2197 0.3755 -0.9004
vn -0.7369 -0.0144 -0.6758
vn 0.1637 -0.2040 -0.9652
vn -0.4050 0.7721 -0.4897
vn -0.6134 0.0871 -0.7849
vn -0.8995 0.0713 -0.4312
vn -0.3766 -0.2129 -0.9016
vn -0.4767 -0.1804 -0.8603
vn 0.0777 -0.1583 -0.9843
vn -0.8107 0.0662 -0.5818
vn 0.0617 -0.2227 -0.9729
vn -0.4473 -0.4071 -0.7963
vn -0.4230 0.1055 -0.9000
vn 0.1440 -0.6384 0.7561
vn 0.6371 -0.7704 0.0227
vn 0.7877 -0.6148 0.0392
vn 0.5605 -0.4385 0.7026
vn -0.4144 -0.2582 -0.8727
vn -0.4320 0.4512 -0.7809
vn 0.2727 0.3621 -0.8913
vn 0.5933 -0.4705 -0.6531
vn 0.1803 -0.6606 -0.7288
vn 0.2361 0.3750 0.8965
vn -0.3780 0.4870 0.7874
vn -0.4247 0.0997 0.8998
vn 0.8053 0.0646 0.5894
vn 1.0000 -0.0076 -0.0002
vn 0.8388 0.5443 0.0109
vn 0.7165 0.5118 0.4740
vn -0.4538 -0.4025 0.7950
vn 0.0257 -0.2064 0.9781
vn 0.8023 0.0606 -0.5938
vn 0.6548 0.4962 -0.5701
vn -0.3977 0.7357 -0.5482
vn 0.3073 0.8080 -0.5028
vn 0.2883 0.8160 0.5010
vn 0.3145 0.9492 0.0016
vn -0.3848 0.9226 -0.0275
vn -0.2958 0.7528 0.5881
vn -0.4253 -0.2697 0.8639
vn -0.6893 0.7238 -0.0316
vn -0.7829 0.4874 -0.3866
vn -0.7764 0.4823 0.4056
vn -0.6454 0.6917 0.3242
vn -0.6460 0.7020 -0.2999
vn -0.3030 0.2703 -0.9139
vn -0.3002 0.2806 -0.9117
vn -0.3278 0.1696 -0.9294
vn -0.3305 0.1575 -0.9306
vn -0.8565 -0.0340 -0.5151
vn -0.7532 -0.5494 -0.3618
vn -0.6485 -0.0081 0.7612
vn -0.6585 0.4583 0.5970
vn 0.5113 -0.3552 0.7825
vn 0.7311 0.1781 0.6586
vn 0.3657 -0.4849 -0.7944
vn 0.2537 -0.6050 -0.7547
vn 0.5799 0.5735 0.5787
vn 0.4891 -0.1185 -0.8641
vn -0.2797 -0.2683 -0.9219
vn -0.2772 -0.2726 -0.9213
vn -0.2933 -0.2443 -0.9243
vn -0.2955 -0.2405 -0.9246
vn -0.5232 0.6554 -0.5447
vn 0.0690 -0.5114 -0.8566
vn -0.5874 0.4069 -0.6996
vn -0.3220 0.2348 0.9172
vn -0.3114 0.2526 0.9161
vn -0.3801 0.1304 0.9157
vn -0.3860 0.1190 0.9148
vn -0.3075 -0.2764 0.9105
vn -0.3078 -0.2744 0.9110
vn -0.3051 -0.2894 0.9073
vn -0.3047 -0.2917 0.9067
vn -0.4123 -0.7060 -0.5758
vn -0.4271 -0.7381 -0.5222
vn -0.2852 -0.5599 0.7779
vn -0.2749 -0.5414 0.7946
vn -0.4728 0.6759 0.5654
vn -0.1051 0.5477 0.8300
vn 0.2956 -0.5374 0.7898
vn -0.5769 -0.6766 0.4576
vn 0.0274 -0.2756 0.9609
vn -0.0180 -0.5291 0.8484
vn -0.5966 -0.3537 0.7204
vn 0.3446 0.5528 0.7587
vn 0.5562 0.2321 -0.7980
vn 0.3803 0.6510 0.6569
vn 0.3999 0.6926 0.6003
vn -0.0897 0.5699 -0.8168
vn -0.1103 0.1133 -0.9874
vn -0.4066 -0.7334 0.5448
vn -0.5716 -0.6631 -0.4832
vn -0.3953 -0.7372 -0.5480
vn 0.0583 -0.2820 -0.9576
vn -0.1886 0.5173 0.8348
vn -0.5784 -0.7122 -0.3978
vn -0.2052 0.5493 -0.8101
vn -0.0562 -0.5135 -0.8562
vn 0.2440 0.4959 -0.8334
vn 0.2503 0.5103 -0.8228
vn -0.4197 0.7189 0.5542
vn -0.1416 0.0995 0.9849
vn -0.5918 0.6493 0.4776
vn -0.7041 0.5861 0.4010
vn -0.8251 0.4684 0.3161
vn -0.7206 0.4570 0.5213
vn -0.8257 -0.0304 0.5632
vn -0.5602 -0.3280 0.7607
vn -0.5951 -0.1117 0.7958
vn -0.5439 0.2154 0.8110
vn -0.2867 0.1260 0.9497
vn -0.2923 0.1740 0.9404
vn -0.4819 0.4022 0.7785
vn -0.3779 -0.0974 0.9207
vn -0.8268 -0.0052 0.5624
vn -0.5284 -0.4035 0.7470
vn -0.4112 -0.3804 0.8284
vn -0.9480 0.0206 0.3175
vn -0.9110 -0.0429 0.4101
vn -0.8061 -0.0336 -0.5908
vn -0.7195 0.4297 -0.5456
vn -0.5297 0.1537 -0.8342
vn -0.6014 -0.1310 -0.7882
vn -0.5337 -0.3554 -0.7674
vn -0.3024 -0.5630 0.7691
vn -0.9804 0.0571 0.1886
vn -0.9956 0.0938 -0.0031
vn -0.9929 0.1187 0.0029
vn -0.8230 0.4644 -0.3271
vn -0.7036 0.5804 -0.4100
vn -0.6030 0.6358 -0.4818
vn -0.7879 0.6158 -0.0067
vn -0.8844 0.4666 -0.0048
vn -0.2782 0.0872 -0.9566
vn -0.2589 0.1071 -0.9599
vn -0.4958 0.2988 -0.8154
vn -0.9443 0.0252 -0.3280
vn -0.3731 -0.1285 -0.9188
vn -0.8084 0.0015 -0.5887
vn -0.5008 -0.3921 -0.7716
vn -0.3909 -0.4535 -0.8010
vn -0.9051 -0.0346 -0.4239
vn -0.2481 -0.6038 -0.7576
vn -0.9799 0.0594 -0.1902
s 1
usemtl green_army.001
f 1036//1061 1037//1062 1038//1063
f 1038//1063 1039//1064 1036//1061
f 1040//1065 1041//1066 1042//1067
f 1042//1067 1043//1068 1040//1065
f 1040//1065 1043//1068 1044//1069
f 1044//1069 1045//1070 1040//1065
f 1041//1066 1046//1071 1047//1072
f 1047//1072 1042//1067 1041//1066
f 1045//1070 1044//1069 1047//1072
f 1047//1072 1046//1071 1045//1070
f 1043//1068 1042//1067 1047//1072
f 1047//1072 1044//1069 1043//1068
f 1040//1065 1045//1070 1048//1073
f 1048//1073 1049//1074 1040//1065
f 1045//1070 1046//1071 1050//1075
f 1050//1075 1048//1073 1045//1070
f 1046//1071 1041//1066 1051//1076
f 1051//1076 1050//1075 1046//1071
f 1041//1066 1040//1065 1049//1074
f 1049//1074 1051//1076 1041//1066
f 1038//1063 1037//1062 1052//1077
f 1052//1077 1053//1078 1038//1063
f 1050//1075 1038//1063 1053//1078
f 1053//1078 1054//1079 1050//1075
f 1037//1062 1048//1073 1055//1080
f 1055//1080 1052//1077 1037//1062
f 1048//1073 1050//1075 1056//1081
f 1056//1081 1055//1080 1048//1073
f 1053//1078 1052//1077 1057//1082
f 1057//1082 1058//1083 1053//1078
f 1054//1079 1053//1078 1058//1083
f 1058//1083 1059//1084 1054//1079
f 1052//1077 1055//1080 1060//1085
f 1060//1085 1057//1082 1052//1077
f 1055//1080 1056//1081 1061//1086
f 1061//1086 1060//1085 1055//1080
f 1058//1083 1057//1082 1062//1087
f 1062//1087 1063//1088 1058//1083
f 1059//1084 1058//1083 1063//1088
f 1063//1088 1064//1089 1059//1084
f 1057//1082 1060//1085 1065//1090
f 1065//1090 1062//1087 1057//1082
f 1060//1085 1061//1086 1066//1091
f 1066//1091 1065//1090 1060//1085
f 1063//1088 1062//1087 1067//1092
f 1067//1092 1068//1093 1063//1088
f 1064//1089 1063//1088 1068//1093
f 1068//1093 1069//1094 1064//1089
f 1062//1087 1065//1090 1070//1095
f 1070//1095 1067//1092 1062//1087
f 1065//1090 1066//1091 1071//1096
f 1071//1096 1070//1095 1065//1090
f 1068//1093 1072//1097 1073//1098
f 1073//1098 1074//1099 1068//1093
f 1069//1094 1068//1093 1074//1099
f 1074//1099 1075//1100 1069//1094
f 1070//1095 1071//1096 1076//1101
f 1076//1101 1077//1102 1070//1095
f 1084//1103 1085//1104 1079//1105 1078//1106
f 1075//1100 1074//1099 1079//1105
f 1079//1105 1080//1107 1075//1100
f 1077//1102 1081//1108 1082//1109
f 1082//1109 1083//1110 1077//1102
f 1089//1111 1090//1112 1085//1104 1084//1103
f 1080//1107 1079//1105 1085//1104
f 1085//1104 1086//1113 1080//1107
f 1083//1110 1082//1109 1087//1114
f 1087//1114 1088//1115 1083//1110
f 1101//1116 1102//1117 1090//1112 1089//1111
f 1091//1118 1092//1119 1093//1120
f 1093//1120 1094//1121 1091//1118
f 1088//1115 1087//1114 1095//1122
f 1095//1122 1096//1123 1088//1115
f 1097//1124 1098//1125 1099//1126
f 1099//1126 1100//1127 1097//1124
f 1105//1128 1125//1129 1090//1112 1102//1117
f 1103//1130 1104//1131 1098//1125
f 1098//1125 1097//1124 1103//1130
f 1073//1098 1219//1132 1221//1133 1078//1106
f 1102//1117 1099//1126 1105//1128
f 1056//1081 1050//1075 1054//1079
f 1061//1086 1056//1081 1054//1079
f 1054//1079 1059//1084 1061//1086
f 1066//1091 1061//1086 1059//1084
f 1059//1084 1064//1089 1066//1091
f 1071//1096 1066//1091 1064//1089
f 1064//1089 1069//1094 1071//1096
f 1076//1101 1071//1096 1110//1138
f 1111//1139 1112//1140 1113//1141
f 1113//1141 1114//1142 1111//1139
f 1115//1143 1116//1144 1080//1107
f 1080//1107 1086//1113 1115//1143
f 1105//1128 1099//1126 1098//1125
f 1098//1125 1121//1149 1105//1128
f 1039//1064 1038//1063 1050//1075
f 1050//1075 1051//1076 1039//1064
f 1036//1061 1039//1064 1051//1076
f 1051//1076 1049//1074 1036//1061
f 1037//1062 1036//1061 1049//1074
f 1049//1074 1048//1073 1037//1062
f 1115//1143 1086//1113 1122//1150
f 1121//1149 1104//1131 1095//1122
f 1095//1122 1122//1150 1121//1149
f 1086//1113 1085//1104 1123//1151
f 1123//1151 1092//1119 1086//1113
f 1085//1104 1090//1112 1124//1152
f 1124//1152 1123//1151 1085//1104
f 1125//1129 1124//1152 1090//1112
f 1105//1128 1121//1149 1091//1118
f 1091//1118 1125//1129 1105//1128
f 1121//1149 1122//1150 1091//1118
f 1122//1150 1086//1113 1092//1119
f 1092//1119 1091//1118 1122//1150
f 1092//1119 1123//1151 1126//1153
f 1126//1153 1093//1120 1092//1119
f 1123//1151 1124//1152 1127//1154
f 1127//1154 1126//1153 1123//1151
f 1124//1152 1125//1129 1128//1155
f 1128//1155 1127//1154 1124//1152
f 1093//1120 1126//1153 1129//1156
f 1129//1156 1130//1157 1093//1120
f 1126//1153 1127//1154 1131//1158
f 1131//1158 1129//1156 1126//1153
f 1094//1121 1093//1120 1130//1157
f 1130//1157 1132//1159 1094//1121
f 1127//1154 1128//1155 1133//1160
f 1133//1160 1131//1158 1127//1154
f 1130//1157 1129//1156 1136//1163
f 1136//1163 1137//1164 1130//1157
f 1129//1156 1131//1158 1138//1165
f 1138//1165 1136//1163 1129//1156
f 1132//1159 1130//1157 1137//1164
f 1137//1164 1139//1166 1132//1159
f 1131//1158 1133//1160 1140//1167
f 1140//1167 1138//1165 1131//1158
f 1143//1170 1144//1171 1145//1172
f 1144//1171 1146//1173 1145//1172
f 1147//1174 1143//1170 1145//1172
f 1146//1173 1148//1175 1145//1172
f 1148//1175 1147//1174 1145//1172
f 1067//1092 1072//1097 1068//1093
f 1161//1188 1162//1189 1163//1190
f 1067//1092 1164//1191 1072//1097
f 1174//1201 1175//1202 1162//1189
f 1162//1189 1176//1203 1174//1201
f 1077//1102 1174//1201 1176//1203
f 1176//1203 1180//1207 1077//1102
f 1121//1149 1098//1125 1104//1131
f 1103//1130 1096//1123 1095//1122
f 1095//1122 1104//1131 1103//1130
f 1115//1143 1122//1150 1095//1122
f 1095//1122 1087//1114 1115//1143
f 1185//1212 1082//1109 1111//1139
f 1102//1117 1101//1116 1100//1127
f 1100//1127 1099//1126 1102//1117
f 1082//1109 1081//1108 1112//1140
f 1112//1140 1111//1139 1082//1109
f 1112//1140 1081//1108 1077//1102
f 1077//1102 1076//1101 1112//1140
f 1075//1100 1080//1107 1116//1144
f 1116//1144 1110//1138 1075//1100
f 1185//1212 1116//1144 1115//1143
f 1076//1101 1110//1138 1113//1141
f 1113//1141 1112//1140 1076//1101
f 1110//1138 1116//1144 1114//1142
f 1114//1142 1113//1141 1110//1138
f 1116//1144 1185//1212 1111//1139
f 1111//1139 1114//1142 1116//1144
f 1186//1213 1187//1214 1188//1215
f 1188//1215 1189//1216 1186//1213
f 1190//1217 1191//1218 1192//1219
f 1192//1219 1193//1220 1190//1217
f 1194//1221 1195//1222 1190//1217
f 1190//1217 1193//1220 1194//1221
f 1191//1218 1196//1223 1197//1224
f 1197//1224 1192//1219 1191//1218
f 1197//1224 1196//1223 1195//1222
f 1195//1222 1194//1221 1197//1224
f 1195//1222 1196//1223 1191//1218
f 1191//1218 1190//1217 1195//1222
f 1198//1225 1199//1226 1194//1221
f 1194//1221 1193//1220 1198//1225
f 1199//1226 1200//1227 1197//1224
f 1197//1224 1194//1221 1199//1226
f 1200//1227 1201//1228 1192//1219
f 1192//1219 1197//1224 1200//1227
f 1201//1228 1198//1225 1193//1220
f 1193//1220 1192//1219 1201//1228
f 1202//1229 1203//1230 1188//1215
f 1188//1215 1187//1214 1202//1229
f 1204//1231 1202//1229 1187//1214
f 1187//1214 1200//1227 1204//1231
f 1203//1230 1205//1232 1199//1226
f 1199//1226 1188//1215 1203//1230
f 1205//1232 1206//1233 1200//1227
f 1200//1227 1199//1226 1205//1232
f 1207//1234 1208//1235 1203//1230
f 1203//1230 1202//1229 1207//1234
f 1209//1236 1207//1234 1202//1229
f 1202//1229 1204//1231 1209//1236
f 1208//1235 1210//1237 1205//1232
f 1205//1232 1203//1230 1208//1235
f 1210//1237 1211//1238 1206//1233
f 1206//1233 1205//1232 1210//1237
f 1212//1239 1213//1240 1208//1235
f 1208//1235 1207//1234 1212//1239
f 1214//1241 1212//1239 1207//1234
f 1207//1234 1209//1236 1214//1241
f 1213//1240 1215//1242 1210//1237
f 1210//1237 1208//1235 1213//1240
f 1215//1242 1216//1243 1211//1238
f 1211//1238 1210//1237 1215//1242
f 1164//1191 1067//1092 1213//1240
f 1213//1240 1212//1239 1164//1191
f 1217//1244 1164//1191 1212//1239
f 1212//1239 1214//1241 1217//1244
f 1067//1092 1070//1095 1215//1242
f 1215//1242 1213//1240 1067//1092
f 1070//1095 1218//1245 1216//1243
f 1216//1243 1215//1242 1070//1095
f 1219//1132 1073//1098 1072//1097
f 1072//1097 1164//1191 1219//1132
f 1220//1246 1219//1132 1164//1191
f 1164//1191 1217//1244 1220//1246
f 1077//1102 1180//1207 1218//1245
f 1218//1245 1070//1095 1077//1102
f 1078//1106 1221//1133 1223//1247 1084//1103
f 1222//1248 1221//1133 1219//1132
f 1219//1132 1220//1246 1222//1248
f 1180//1207 1176//1203 1162//1189
f 1162//1189 1161//1188 1180//1207
f 1084//1103 1223//1247 1226//1249 1089//1111
f 1224//1250 1223//1247 1221//1133
f 1221//1133 1222//1248 1224//1250
f 1088//1115 1225//1251 1175//1202
f 1175//1202 1083//1110 1088//1115
f 1089//1111 1226//1249 1234//1252 1101//1116
f 1227//1253 1228//1254 1229//1255
f 1229//1255 1230//1256 1227//1253
f 1096//1123 1231//1257 1225//1251
f 1225//1251 1088//1115 1096//1123
f 1100//1127 1232//1258 1233//1259
f 1233//1259 1097//1124 1100//1127
f 1226//1249 1236//1260 1232//1258 1234//1252
f 1097//1124 1233//1259 1235//1261
f 1235//1261 1103//1130 1097//1124
f 1204//1231 1200//1227 1206//1233
f 1209//1236 1204//1231 1206//1233
f 1206//1233 1211//1238 1209//1236
f 1214//1241 1209//1236 1211//1238
f 1211//1238 1216//1243 1214//1241
f 1217//1244 1214//1241 1216//1243
f 1216//1243 1218//1245 1217//1244
f 1220//1246 1217//1244 1218//1245
f 1218//1245 1180//1207 1220//1246
f 1224//1250 1222//1248 1161//1188
f 1161//1188 1163//1190 1224//1250
f 1242//1267 1233//1259 1232//1258
f 1232//1258 1236//1260 1242//1267
f 1201//1228 1200//1227 1187//1214
f 1187//1214 1186//1213 1201//1228
f 1198//1225 1201//1228 1186//1213
f 1186//1213 1189//1216 1198//1225
f 1199//1226 1198//1225 1189//1216
f 1189//1216 1188//1215 1199//1226
f 1243//1268 1224//1250 1163//1190
f 1243//1268 1231//1257 1235//1261
f 1235//1261 1242//1267 1243//1268
f 1229//1255 1244//1269 1223//1247
f 1223//1247 1224//1250 1229//1255
f 1244//1269 1245//1270 1226//1249
f 1226//1249 1223//1247 1244//1269
f 1245//1270 1246//1271 1236//1260
f 1236//1260 1226//1249 1245//1270
f 1246//1271 1230//1256 1242//1267
f 1242//1267 1236//1260 1246//1271
f 1230//1256 1243//1268 1242//1267
f 1230//1256 1229//1255 1224//1250
f 1224//1250 1243//1268 1230//1256
f 1228//1254 1247//1272 1244//1269
f 1244//1269 1229//1255 1228//1254
f 1247//1272 1248//1273 1245//1270
f 1245//1270 1244//1269 1247//1272
f 1248//1273 1249//1274 1246//1271
f 1246//1271 1245//1270 1248//1273
f 1250//1275 1251//1276 1247//1272
f 1247//1272 1228//1254 1250//1275
f 1251//1276 1252//1277 1248//1273
f 1248//1273 1247//1272 1251//1276
f 1253//1278 1250//1275 1228//1254
f 1228//1254 1227//1253 1253//1278
f 1252//1277 1254//1279 1249//1274
f 1249//1274 1248//1273 1252//1277
f 1255//1280 1256//1281 1251//1276
f 1251//1276 1250//1275 1255//1280
f 1256//1281 1257//1282 1252//1277
f 1252//1277 1251//1276 1256//1281
f 1258//1283 1255//1280 1250//1275
f 1250//1275 1253//1278 1258//1283
f 1257//1282 1259//1284 1254//1279
f 1254//1279 1252//1277 1257//1282
f 1260//1285 1261//1286 1262//1287
f 1260//1285 1263//1288 1261//1286
f 1260//1285 1262//1287 1264//1289
f 1260//1285 1265//1290 1263//1288
f 1260//1285 1264//1289 1265//1290
f 1083//1110 1175//1202 1174//1201
f 1174//1201 1077//1102 1083//1110
f 1180//1207 1161//1188 1222//1248
f 1222//1248 1220//1246 1180//1207
f 1115//1143 1087//1114 1082//1109
f 1082//1109 1185//1212 1115//1143
f 1069//1094 1075//1100 1110//1138
f 1110//1138 1071//1096 1069//1094
f 1232//1258 1100//1127 1101//1116
f 1101//1116 1234//1252 1232//1258
f 1175//1202 1225//1251 1163//1190
f 1163//1190 1162//1189 1175//1202
f 1225//1251 1231//1257 1243//1268
f 1243//1268 1163//1190 1225//1251
f 1235//1261 1231//1257 1096//1123
f 1096//1123 1103//1130 1235//1261
f 1235//1261 1233//1259 1242//1267
f 1390//1419 1391//1420 1392//1421
f 1392//1421 1393//1422 1390//1419
f 1078//1106 1079//1105 1074//1099 1073//1098
f 1393//1422 1392//1421 1407//1432
f 1407//1432 1408//1433 1393//1422
f 1408//1433 1407//1432 1420//1444
f 1420//1444 1421//1445 1408//1433
f 1421//1445 1420//1444 1391//1420
f 1391//1420 1390//1419 1421//1445
usemtl grey_dark
f 1330//1355 1331//1356 1332//1357
f 1333//1358 1334//1359 1335//1360
f 1333//1358 1335//1360 1336//1361
f 1332//1357 1331//1356 1337//1362
f 1337//1362 1338//1363 1332//1357
f 1330//1355 1339//1364 1340//1365
f 1342//1366 1340//1365 1335//1360
f 1342//1366 1335//1360 1334//1359
f 1343//1367 1344//1368 1345//1369
f 1338//1363 1339//1364 1332//1357
f 1347//1370 1346//1371 1350//1372 1351//1373
f 1348//1374 1349//1375 1345//1369
f 1346//1371 1335//1360 1340//1365 1352//1376
f 1359//1377 1350//1372 1346//1371 1352//1376
f 1339//1364 1338//1363 1357//1378 1358//1379
f 1353//1380 1360//1381 1356//1382 1355//1383
f 1330//1355 1342//1366 1331//1356
f 1358//1379 1359//1377 1352//1376 1339//1364
f 1344//1368 1343//1367 1353//1380 1355//1383
f 1357//1378 1356//1382 1360//1381 1358//1379
f 1345//1369 1344//1368 1341//1384
f 1341//1384 1348//1374 1345//1369
f 1347//1370 1336//1361 1335//1360 1346//1371
f 1338//1363 1354//1385 1356//1382 1357//1378
f 1351//1373 1350//1372 1360//1381 1353//1380
f 1336//1361 1343//1367 1349//1375
f 1348//1374 1333//1358 1349//1375
f 1349//1375 1343//1367 1345//1369
f 1358//1379 1360//1381 1350//1372 1359//1377
f 1340//1365 1342//1366 1330//1355
f 1351//1373 1353//1380 1343//1367 1347//1370
f 1332//1357 1339//1364 1330//1355
f 1399//1386 1397//1387 1396//1388 1398//1389
f 1349//1375 1333//1358 1336//1361
f 1336//1361 1347//1370 1343//1367
f 1340//1365 1339//1364 1352//1376
f 1365//1394 1366//1395 1367//1396
f 1367//1396 1368//1397 1365//1394
f 1369//1398 1370//1399 1371//1400
f 1371//1400 1372//1401 1369//1398
f 1368//1397 1367//1396 1373//1402
f 1373//1402 1370//1399 1368//1397
f 1370//1399 1373//1402 1374//1403
f 1374//1403 1371//1400 1370//1399
f 1379//1408 1380//1409 1372//1401
f 1372//1401 1381//1410 1379//1408
f 1394//1423 1368//1397 1370//1399
f 1370//1399 1369//1398 1394//1423
f 1395//1424 1396//1388 1397//1387
f 1400//1425 1369//1398 1372//1401
f 1372//1401 1380//1409 1400//1425
f 1401//1426 1402//1427 1403//1428
f 1367//1396 1404//1429 1405//1430
f 1405//1430 1373//1402 1367//1396
f 1373//1402 1405//1430 1406//1431
f 1406//1431 1374//1403 1373//1402
f 1409//1434 1398//1389 1410//1435
f 1401//1426 1411//1436 1402//1427
f 1412//1437 1413//1438 1411//1436
f 1411//1436 1401//1426 1412//1437
f 1410//1435 1414//1439 1409//1434
f 1415//1440 1395//1424 1397//1387
f 1412//1437 1414//1439 1413//1438
f 1371//1400 1374//1403 1366//1395
f 1366//1395 1365//1394 1371//1400
f 1401//1426 1403//1428 1415//1440
f 1415//1440 1397//1387 1401//1426
f 1366//1395 1416//1441 1404//1429
f 1404//1429 1367//1396 1366//1395
f 1368//1397 1394//1423 1381//1410 1365//1394
f 1412//1437 1399//1386 1418//1442
f 1418//1442 1419//1443 1412//1437
f 1374//1403 1406//1431 1416//1441
f 1416//1441 1366//1395 1374//1403
f 1355//1383 1356//1382 1354//1385 1344//1368
f 1372//1401 1371//1400 1365//1394
f 1365//1394 1381//1410 1372//1401
f 1417//1446 1394//1423 1369//1398
f 1369//1398 1400//1425 1417//1446
f 1403//1428 1402//1427 1395//1424
f 1395//1424 1415//1440 1403//1428
f 1399//1386 1409//1434 1418//1442
f 1422//1447 1395//1424 1402//1427
f 1419//1443 1414//1439 1412//1437
f 1418//1442 1409//1434 1414//1439
f 1414//1439 1419//1443 1418//1442
f 1422//1447 1396//1388 1395//1424
f 1399//1386 1398//1389 1409//1434
f 1422//1447 1402//1427 1411//1436
f 1410//1435 1413//1438 1414//1439
f 1333//1358 1348//1374 1341//1384
f 1337//1362 1331//1356 1342//1366
f 1394//1423 1417//1446 1379//1408 1381//1410
usemtl black_matte.001
f 1106//1134 1107//1135 1108//1136
f 1108//1136 1109//1137 1106//1134
f 1117//1145 1118//1146 1119//1147
f 1119//1147 1120//1148 1117//1145
f 1125//1129 1091//1118 1094//1121
f 1094//1121 1128//1155 1125//1129
f 1118//1146 1134//1161 1135//1162
f 1135//1162 1119//1147 1118//1146
f 1128//1155 1094//1121 1132//1159
f 1132//1159 1133//1160 1128//1155
f 1141//1168 1117//1145 1120//1148
f 1120//1148 1142//1169 1141//1168
f 1133//1160 1132//1159 1139//1166
f 1139//1166 1140//1167 1133//1160
f 1134//1161 1141//1168 1142//1169
f 1142//1169 1135//1162 1134//1161
f 1149//1176 1150//1177 1151//1178
f 1151//1178 1152//1179 1149//1176
f 1152//1179 1151//1178 1153//1180
f 1153//1180 1154//1181 1152//1179
f 1154//1181 1153//1180 1155//1182
f 1155//1182 1156//1183 1154//1181
f 1153//1180 1151//1178 1157//1184
f 1157//1184 1158//1185 1153//1180
f 1153//1180 1158//1185 1155//1182
f 1152//1179 1154//1181 1159//1186
f 1159//1186 1160//1187 1152//1179
f 1154//1181 1156//1183 1159//1186
f 1155//1182 1158//1185 1159//1186
f 1159//1186 1156//1183 1155//1182
f 1160//1187 1159//1186 1158//1185
f 1158//1185 1157//1184 1160//1187
f 1149//1176 1152//1179 1160//1187
f 1160//1187 1165//1192 1149//1176
f 1165//1192 1160//1187 1157//1184
f 1157//1184 1166//1193 1165//1192
f 1165//1192 1166//1193 1167//1194
f 1150//1177 1168//1195 1169//1196
f 1166//1193 1170//1197 1168//1195
f 1168//1195 1167//1194 1166//1193
f 1150//1177 1167//1194 1168//1195
f 1150//1177 1169//1196 1151//1178
f 1166//1193 1157//1184 1170//1197
f 1151//1178 1169//1196 1170//1197
f 1170//1197 1157//1184 1151//1178
f 1169//1196 1168//1195 1171//1198
f 1171//1198 1172//1199 1169//1196
f 1168//1195 1170//1197 1173//1200
f 1173//1200 1171//1198 1168//1195
f 1170//1197 1169//1196 1172//1199
f 1172//1199 1173//1200 1170//1197
f 1172//1199 1171//1198 1177//1204
f 1177//1204 1178//1205 1172//1199
f 1171//1198 1173//1200 1179//1206
f 1179//1206 1177//1204 1171//1198
f 1173//1200 1172//1199 1178//1205
f 1178//1205 1179//1206 1173//1200
f 1178//1205 1177//1204 1179//1206
f 1150//1177 1149//1176 1181//1208
f 1181//1208 1182//1209 1150//1177
f 1149//1176 1165//1192 1183//1210
f 1183//1210 1181//1208 1149//1176
f 1167//1194 1150//1177 1182//1209
f 1182//1209 1184//1211 1167//1194
f 1165//1192 1167//1194 1184//1211
f 1184//1211 1183//1210 1165//1192
f 1237//1262 1106//1134 1109//1137
f 1109//1137 1238//1263 1237//1262
f 1239//1264 1240//1265 1241//1266
f 1249//1274 1227//1253 1230//1256
f 1230//1256 1246//1271 1249//1274
f 1239//1264 1241//1266 1107//1135
f 1107//1135 1106//1134 1239//1264
f 1254//1279 1253//1278 1227//1253
f 1227//1253 1249//1274 1254//1279
f 1240//1265 1239//1264 1106//1134
f 1106//1134 1237//1262 1240//1265
f 1259//1284 1258//1283 1253//1278
f 1253//1278 1254//1279 1259//1284
f 1241//1266 1240//1265 1237//1262
f 1237//1262 1107//1135 1241//1266
f 1266//1291 1267//1292 1135//1162
f 1135//1162 1142//1169 1266//1291
f 1268//1293 1269//1294 1267//1292
f 1267//1292 1266//1291 1268//1293
f 1270//1295 1271//1296 1269//1294
f 1269//1294 1268//1293 1270//1295
f 1272//1297 1273//1298 1267//1292
f 1267//1292 1269//1294 1272//1297
f 1271//1296 1272//1297 1269//1294
f 1274//1299 1275//1300 1268//1293
f 1268//1293 1266//1291 1274//1299
f 1275//1300 1270//1295 1268//1293
f 1270//1295 1275//1300 1272//1297
f 1272//1297 1271//1296 1270//1295
f 1273//1298 1272//1297 1275//1300
f 1275//1300 1274//1299 1273//1298
f 1120//1148 1274//1299 1266//1291
f 1266//1291 1142//1169 1120//1148
f 1276//1301 1273//1298 1274//1299
f 1274//1299 1120//1148 1276//1301
f 1119//1147 1276//1301 1120//1148
f 1108//1136 1238//1263 1135//1162
f 1119//1147 1238//1263 1109//1137
f 1109//1137 1276//1301 1119//1147
f 1238//1263 1119//1147 1135//1162
f 1267//1292 1108//1136 1135//1162
f 1109//1137 1273//1298 1276//1301
f 1273//1298 1109//1137 1108//1136
f 1108//1136 1267//1292 1273//1298
f 1107//1135 1237//1262 1238//1263
f 1238//1263 1108//1136 1107//1135
f 1361//1390 1362//1391 1363//1392
f 1363//1392 1364//1393 1361//1390
f 1375//1404 1376//1405 1377//1406
f 1377//1406 1378//1407 1375//1404
f 1382//1411 1383//1412 1384//1413
f 1384//1413 1385//1414 1382//1411
f 1386//1415 1387//1416 1388//1417
f 1388//1417 1389//1418 1386//1415
usemtl czarny.001
f 1426//1448 1428//1449 1427//1450 1423//1451
f 1423//1451 1433//1452 1434//1453 1431//1454 1424//1455
f 1424//1455 1429//1456 1430//1457
f 1430//1457 1425//1458 1424//1455
f 1432//1459 1429//1456 1424//1455
f 1424//1455 1431//1454 1432//1459
f 1434//1453 1433//1452 1437//1460 1438//1461
f 1434//1453 1436//1462 1432//1459
f 1432//1459 1431//1454 1434//1453
f 1433//1452 1435//1463 1439//1464 1437//1460
f 1457//1465 1448//1466 1447//1467 1454//1468 1456//1469
f 1438//1461 1440//1470 1436//1462
f 1436//1462 1434//1453 1438//1461
f 1425//1458 1426//1448 1423//1451 1424//1455
f 1427//1450 1435//1463 1433//1452 1423//1451
f 1444//1471 1439//1464 1435//1463
f 1444//1471 1435//1463 1443//1472
f 1444//1471 1443//1472 1445//1473
f 1450//1474 1451//1475 1449//1476 1448//1466
f 1441//1477 1451//1475 1450//1474 1442//1478
f 1452//1479 1453//1480 1447//1467
f 1447//1467 1446//1481 1452//1479
f 1448//1466 1449//1476 1446//1481 1447//1467
f 1458//1482 1450//1474 1448//1466 1457//1465
f 1447//1467 1453//1480 1455//1483
f 1455//1483 1454//1468 1447//1467
f 1461//1484 1457//1465 1456//1469 1460//1485
f 1450//1474 1458//1482 1443//1472 1442//1478
f 1455//1483 1459//1486 1456//1469
f 1456//1469 1454//1468 1455//1483
f 1462//1487 1458//1482 1457//1465 1461//1484
f 1459//1486 1463//1488 1460//1485
f 1460//1485 1456//1469 1459//1486
f 1427//1450 1428//1449 1441//1477 1442//1478
f 1435//1463 1427//1450 1442//1478 1443//1472
f 1464//1489 1445//1473 1443//1472
f 1464//1489 1443//1472 1458//1482
f 1464//1489 1458//1482 1462//1487
usemtl skin.001
f 1277//1302 1278//1303 1279//1304
f 1280//1305 1281//1306 1282//1307
f 1282//1307 1283//1308 1280//1305
f 1284//1309 1285//1310 1286//1311
f 1287//1312 1277//1302 1288//1313
f 1289//1314 1279//1304 1290//1315
f 1290//1315 1291//1316 1289//1314
f 1292//1317 1293//1318 1294//1319
f 1295//1320 1289//1314 1291//1316
f 1291//1316 1296//1321 1295//1320
f 1292//1317 1294//1319 1278//1303
f 1278//1303 1297//1322 1292//1317
f 1295//1320 1298//1323 1299//1324
f 1299//1324 1300//1325 1295//1320
f 1298//1323 1301//1326 1302//1327
f 1302//1327 1303//1328 1298//1323
f 1283//1308 1282//1307 1287//1312
f 1279//1304 1289//1314 1288//1313
f 1288//1313 1277//1302 1279//1304
f 1278//1303 1304//1329 1305//1330
f 1306//1331 1307//1332 1281//1306
f 1281//1306 1308//1333 1306//1331
f 1295//1320 1300//1325 1288//1313
f 1288//1313 1289//1314 1295//1320
f 1296//1321 1291//1316 1309//1334
f 1309//1334 1310//1335 1296//1321
f 1281//1306 1307//1332 1311//1336
f 1311//1336 1282//1307 1281//1306
f 1298//1323 1295//1320 1296//1321
f 1296//1321 1301//1326 1298//1323
f 1297//1322 1278//1303 1277//1302
f 1277//1302 1287//1312 1297//1322
f 1293//1318 1304//1329 1278//1303
f 1278//1303 1294//1319 1293//1318
f 1292//1317 1297//1322 1282//1307
f 1303//1328 1312//1337 1299//1324
f 1299//1324 1298//1323 1303//1328
f 1313//1338 1314//1339 1300//1325
f 1300//1325 1299//1324 1313//1338
f 1315//1340 1316//1341 1309//1334
f 1315//1340 1309//1334 1291//1316
f 1315//1340 1291//1316 1290//1315
f 1317//1342 1318//1343 1319//1344
f 1319//1344 1320//1345 1317//1342
f 1308//1333 1281//1306 1280//1305
f 1280//1305 1314//1339 1308//1333
f 1282//1307 1311//1336 1292//1317
f 1314//1339 1280//1305 1288//1313
f 1288//1313 1300//1325 1314//1339
f 1313//1338 1306//1331 1308//1333
f 1280//1305 1283//1308 1287//1312
f 1287//1312 1288//1313 1280//1305
f 1313//1338 1299//1324 1312//1337
f 1312//1337 1286//1311 1313//1338
f 1313//1338 1308//1333 1314//1339
f 1305//1330 1304//1329 1321//1346
f 1321//1346 1315//1340 1305//1330
f 1312//1337 1322//1347 1284//1309
f 1284//1309 1286//1311 1312//1337
f 1290//1315 1305//1330 1315//1340
f 1284//1309 1320//1345 1323//1348
f 1323//1348 1285//1310 1284//1309
f 1321//1346 1304//1329 1324//1349
f 1319//1344 1325//1350 1323//1348
f 1323//1348 1320//1345 1319//1344
f 1285//1310 1306//1331 1286//1311
f 1317//1342 1324//1349 1318//1343
f 1315//1340 1321//1346 1326//1351
f 1326//1351 1316//1341 1315//1340
f 1322//1347 1317//1342 1320//1345
f 1320//1345 1284//1309 1322//1347
f 1327//1352 1316//1341 1326//1351
f 1326//1351 1328//1353 1327//1352
f 1329//1354 1304//1329 1293//1318
f 1293//1318 1292//1317 1329//1354
f 1322//1347 1312//1337 1303//1328
f 1303//1328 1328//1353 1322//1347
f 1325//1350 1329//1354 1292//1317
f 1318//1343 1325//1350 1319//1344
f 1324//1349 1317//1342 1326//1351
f 1326//1351 1321//1346 1324//1349
f 1292//1317 1311//1336 1325//1350
f 1285//1310 1323//1348 1307//1332
f 1307//1332 1306//1331 1285//1310
f 1326//1351 1317//1342 1322//1347
f 1322//1347 1328//1353 1326//1351
f 1310//1335 1309//1334 1316//1341
f 1316//1341 1327//1352 1310//1335
f 1325//1350 1311//1336 1307//1332
f 1307//1332 1323//1348 1325//1350
f 1302//1327 1327//1352 1328//1353
f 1328//1353 1303//1328 1302//1327
f 1318//1343 1324//1349 1304//1329
f 1304//1329 1329//1354 1318//1343
f 1279//1304 1278//1303 1305//1330
f 1305//1330 1290//1315 1279//1304
f 1286//1311 1306//1331 1313//1338
f 1287//1312 1282//1307 1297//1322
f 1318//1343 1329//1354 1325//1350
