# Blender 4.2.14 LTS
# www.blender.org
mtllib fighters-mig21S.mtl
g Cockpit_fishbed_cockpit.002
v -0.305595 0.200867 -3.845888
v -0.296426 0.240633 -2.701456
v -0.160688 0.216526 -4.165632
v -0.117857 0.576515 -3.220485
v -0.140484 0.357079 -3.902855
v -0.115045 0.572744 -2.646213
v -0.218806 0.471634 -2.666638
v -0.100335 0.558401 -3.491629
v -0.300146 0.216402 -3.398804
v -0.241272 0.388255 -3.428260
v -0.249093 0.420052 -3.000710
v -0.099753 0.551136 -3.539212
v -0.171825 0.494268 -3.506576
v -0.234378 0.384918 -3.479310
v -0.300637 0.215002 -3.439103
v -0.063231 0.542595 -3.602607
v -0.091488 0.512964 -3.648052
v -0.121979 0.240626 -4.115288
v -0.099263 0.539597 -3.579242
v -0.182351 0.359737 -3.864557
v -0.125403 0.504973 -3.623686
v -0.055123 0.567406 -3.546119
v -0.115179 0.572924 -2.673634
v -0.284424 0.262294 -3.406670
v -0.221430 0.467166 -2.695576
v -0.221438 0.467152 -2.695667
v -0.285059 0.277878 -2.724773
v -0.176081 0.498312 -3.459899
v -0.202753 0.507984 -3.106546
v -0.047940 0.580553 -3.496739
v -0.054862 0.605598 -3.247072
v -0.170757 0.283091 -4.025689
v -0.211011 0.211088 -4.054590
v -0.191639 0.234456 -4.060897
v -0.259545 0.269578 -3.853962
v -0.269244 0.295507 -3.458153
v 0.305587 0.200867 -3.845888
v 0.296418 0.240633 -2.701456
v -0.000004 0.615095 -2.638944
v -0.000004 0.216787 -4.165386
v 0.160680 0.216526 -4.165632
v 0.117850 0.576515 -3.220485
v -0.000004 0.611697 -3.270225
v -0.000004 0.575868 -3.541294
v 0.140477 0.357079 -3.902855
v 0.115037 0.572744 -2.646213
v 0.218799 0.471634 -2.666638
v 0.100328 0.558401 -3.491629
v 0.300138 0.216402 -3.398804
v 0.241265 0.388255 -3.428260
v 0.249085 0.420052 -3.000710
v 0.099745 0.551136 -3.539212
v 0.171818 0.494268 -3.506576
v 0.234370 0.384918 -3.479310
v 0.300629 0.215002 -3.439103
v -0.000004 0.243679 -4.111168
v -0.000004 0.560658 -3.567387
v 0.063224 0.542595 -3.602607
v 0.091480 0.512964 -3.648052
v 0.121971 0.240626 -4.115288
v -0.000004 0.581139 -3.501415
v 0.099255 0.539597 -3.579242
v 0.182343 0.359737 -3.864557
v 0.125395 0.504973 -3.623686
v 0.055115 0.567406 -3.546119
v 0.115171 0.572924 -2.673634
v 0.284417 0.262294 -3.406670
v 0.221422 0.467166 -2.695576
v 0.221431 0.467152 -2.695667
v -0.000004 0.614948 -2.666265
v 0.285052 0.277878 -2.724773
v 0.176073 0.498312 -3.459899
v 0.202746 0.507984 -3.106546
v 0.047932 0.580553 -3.496739
v 0.054855 0.605598 -3.247072
v 0.170749 0.283091 -4.025689
v 0.211004 0.211088 -4.054590
v 0.191631 0.234456 -4.060897
v 0.259538 0.269578 -3.853962
v 0.269236 0.295507 -3.458153
vn -0.8590 0.4853 -0.1629
vn -0.8893 0.4565 -0.0280
vn -0.8737 0.4827 -0.0607
vn -0.8292 0.5204 -0.2039
vn -0.5311 0.8462 -0.0435
vn -0.5331 0.8413 -0.0894
vn -0.7682 0.6359 -0.0746
vn -0.7681 0.6398 -0.0272
vn -0.0272 0.8636 -0.5035
vn -0.0000 0.8639 -0.5037
vn -0.0000 0.9932 -0.1162
vn -0.2541 0.9612 -0.1074
vn -0.2624 0.9637 -0.0499
vn -0.0000 0.9972 -0.0747
vn -0.7761 0.6026 -0.1857
vn -0.8085 0.5496 -0.2106
vn -0.8412 0.5239 -0.1340
vn -0.7791 0.5989 -0.1853
vn -0.7398 0.5825 -0.3367
vn -0.7695 0.5414 -0.3387
vn -0.5281 0.8169 -0.2318
vn -0.5871 0.7796 -0.2179
vn -0.3661 0.8930 -0.2619
vn -0.9644 0.2639 -0.0186
vn -0.9541 0.2989 0.0212
vn -0.9033 0.4290 -0.0026
vn -0.9278 0.3705 -0.0432
vn -0.7796 0.6257 0.0267
vn -0.5648 0.8250 0.0191
vn -0.8388 0.5436 0.0302
vn -0.0000 0.9999 0.0138
vn -0.7910 0.5089 -0.3397
vn 0.8590 0.4853 -0.1629
vn 0.8292 0.5204 -0.2039
vn 0.8737 0.4827 -0.0607
vn 0.8893 0.4564 -0.0280
vn 0.5311 0.8462 -0.0435
vn 0.7681 0.6398 -0.0272
vn 0.7682 0.6359 -0.0746
vn 0.5331 0.8413 -0.0894
vn 0.0272 0.8636 -0.5035
vn 0.2624 0.9637 -0.0499
vn 0.2541 0.9612 -0.1074
vn 0.7761 0.6026 -0.1857
vn 0.7791 0.5989 -0.1853
vn 0.8412 0.5239 -0.1340
vn 0.8085 0.5496 -0.2106
vn 0.7695 0.5414 -0.3387
vn 0.7398 0.5825 -0.3367
vn 0.5871 0.7796 -0.2179
vn 0.5281 0.8169 -0.2318
vn 0.3661 0.8930 -0.2619
vn 0.9644 0.2639 -0.0186
vn 0.9278 0.3705 -0.0432
vn 0.9033 0.4290 -0.0026
vn 0.9541 0.2989 0.0212
vn 0.7796 0.6257 0.0267
vn 0.8388 0.5435 0.0302
vn 0.5648 0.8250 0.0191
vn 0.7910 0.5089 -0.3397
vn -0.3442 0.9389 0.0014
vn -0.5454 0.8381 -0.0103
vn -0.5219 0.8530 -0.0088
vn -0.2785 0.8778 -0.3898
vn -0.2002 0.9365 -0.2879
vn -0.0000 0.9553 -0.2957
vn -0.0000 0.9118 -0.4107
vn -0.2451 0.8856 -0.3946
vn -0.8220 0.5695 0.0031
vn -0.8987 0.4379 0.0217
vn -0.9489 0.3132 0.0377
vn -0.9504 0.3107 0.0173
vn -0.9507 0.3098 0.0106
vn -0.9437 0.3286 -0.0380
vn -0.9490 0.3152 -0.0035
vn -0.5319 0.8344 -0.1446
vn -0.5047 0.8504 -0.1488
vn -0.7537 0.6442 -0.1303
vn -0.7925 0.5954 -0.1323
vn -0.2266 0.9566 -0.1832
vn -0.9050 0.4069 -0.1245
vn -0.9401 0.3273 -0.0951
vn -0.9142 0.3867 -0.1211
vn -0.0000 0.8994 -0.4372
vn -0.0702 0.8922 -0.4461
vn -0.0887 0.8895 -0.4482
vn -0.0000 0.9807 -0.1955
vn -0.9411 0.3374 -0.0215
vn -0.3918 0.8332 -0.3902
vn -0.3927 0.8315 -0.3930
vn -0.3329 0.8405 -0.4275
vn -0.2410 0.8627 -0.4445
vn -0.1648 0.8749 -0.4553
vn -0.7698 0.5513 -0.3218
vn -0.7662 0.5563 -0.3217
vn -0.7660 0.5566 -0.3216
vn -0.7632 0.5604 -0.3215
vn 0.3442 0.9389 0.0014
vn 0.5219 0.8530 -0.0089
vn 0.5454 0.8381 -0.0103
vn 0.2785 0.8778 -0.3898
vn 0.2451 0.8856 -0.3946
vn 0.2002 0.9365 -0.2879
vn 0.8220 0.5695 0.0031
vn 0.8987 0.4381 0.0217
vn 0.9507 0.3098 0.0106
vn 0.9504 0.3106 0.0173
vn 0.9489 0.3132 0.0377
vn 0.9490 0.3152 -0.0035
vn 0.9437 0.3286 -0.0380
vn 0.5319 0.8344 -0.1446
vn 0.7925 0.5954 -0.1323
vn 0.7537 0.6442 -0.1303
vn 0.5047 0.8504 -0.1488
vn 0.2266 0.9566 -0.1832
vn 0.9050 0.4068 -0.1245
vn 0.9142 0.3867 -0.1211
vn 0.9401 0.3273 -0.0952
vn 0.0887 0.8895 -0.4482
vn 0.0702 0.8922 -0.4461
vn 0.9411 0.3374 -0.0215
vn 0.3918 0.8332 -0.3902
vn 0.3927 0.8315 -0.3930
vn 0.3329 0.8405 -0.4275
vn 0.2410 0.8627 -0.4445
vn 0.1648 0.8749 -0.4553
vn 0.7697 0.5513 -0.3218
vn 0.7660 0.5566 -0.3216
vn 0.7662 0.5563 -0.3217
vn 0.7632 0.5604 -0.3215
vt 0.119461 0.793185
vt 0.125484 0.807240
vt 0.102297 0.666899
vt 0.115179 0.794677
vt 0.120097 0.823651
vt 0.039471 0.281434
vt 0.062113 0.419096
vt 0.083183 0.558189
vt 0.103487 0.787540
vt 0.107720 0.797205
vt 0.111003 0.808417
vt 0.111257 0.811156
vt 0.110553 0.815039
vt 0.096753 0.791217
vt 0.017107 0.121395
vt 0.027792 0.197858
vt 0.118056 0.824452
vt 0.116278 0.825150
vt 0.107160 0.770496
vt 0.105817 0.772792
vt 0.076545 0.511032
vt 0.090295 0.625485
vt 0.109551 0.796637
vt 0.107106 0.790025
vt 0.107686 0.787288
vt 0.115175 0.794678
vt 0.107169 0.770568
vt 0.070148 0.504677
vt 0.095956 0.692485
vt 0.042667 0.307286
vt 0.111817 0.719898
vt 0.117502 0.720170
vt 0.048946 0.311979
vt 0.072666 0.476345
vt 0.118969 0.758305
vt 0.126291 0.834065
vt 0.118948 0.758171
vt 0.124718 0.836118
vt 0.127654 0.783589
vt 0.083183 0.558187
vt 0.110011 0.787374
vt 0.109561 0.796634
vt 0.125100 0.836614
vt 0.126602 0.834587
vt 0.042033 0.302730
vt 0.111215 0.816182
vt 0.125610 0.800633
vt 0.136406 0.832725
vt 0.126081 0.808632
vt 0.095582 0.789196
vt 0.104983 0.784282
vt 0.103455 0.787474
vt 0.000000 0.000000
vt 0.108524 0.796995
s 1
g Cockpit_glass.001
usemtl glass.001
f 1/1/1 15/2/2 36/3/3 35/4/4
f 4/5/5 8/6/6 28/7/7 29/8/8
f 18/9/9 5/10/9 17/11/9 16/12/9 57/13/10 56/14/10
f 61/15/11 30/16/12 31/17/13 43/18/14
f 21/19/15 20/20/16 14/21/17 13/22/18
f 20/23/16 32/24/19 34/25/20 35/26/4
f 21/27/15 13/22/18 12/28/21 19/29/22
f 12/28/21 22/30/23 19/29/22
f 24/31/24 27/32/25 11/33/26 10/34/27
f 25/35/28 23/36/29 29/8/8 11/33/26 26/37/30
f 23/36/29 70/38/31 31/17/13 4/5/5
f 27/39/25 26/37/30 11/33/26
f 29/40/8 28/7/7 10/34/27 11/33/26
f 29/8/8 23/36/29 4/5/5
f 31/17/13 70/38/31 43/18/14
f 31/17/13 30/16/12 8/6/6 4/5/5
f 35/26/4 34/25/20 33/41/32 1/1/1
f 35/4/4 36/3/3 14/21/17 20/42/16
f 37/1/33 79/4/34 80/3/35 55/2/36
f 42/5/37 73/8/38 72/7/39 48/6/40
f 60/9/41 56/14/10 57/13/10 58/12/41 59/11/41 45/10/41
f 61/15/11 43/18/14 75/17/42 74/16/43
f 64/19/44 53/22/45 54/21/46 63/20/47
f 63/23/47 79/26/34 78/25/48 76/24/49
f 64/27/44 62/29/50 52/28/51 53/22/45
f 52/28/51 62/29/50 65/30/52
f 67/31/53 50/34/54 51/33/55 71/32/56
f 68/35/57 69/37/58 51/33/55 73/8/38 66/36/59
f 66/36/59 42/5/37 75/17/42 70/38/31
f 71/39/56 51/33/55 69/37/58
f 73/40/38 51/33/55 50/34/54 72/7/39
f 73/8/38 42/5/37 66/36/59
f 75/17/42 43/18/14 70/38/31
f 75/17/42 42/5/37 48/6/40 74/16/43
f 79/26/34 37/1/33 77/41/60 78/25/48
f 79/4/34 63/42/47 54/21/46 80/3/35
g Cockpit_metal
usemtl metal
f 39/43/61 70/38/61 23/36/62 6/44/63
f 19/29/64 22/45/65 44/46/66 57/13/67 16/12/68
f 7/47/69 6/44/63 23/36/62 25/35/70
f 7/47/69 25/35/70 26/37/71 27/32/72 2/48/73
f 2/48/73 27/32/72 24/31/74 9/49/75
f 8/6/76 12/28/77 13/22/78 28/7/79
f 30/16/80 22/30/65 12/28/77 8/6/76
f 14/21/81 36/3/82 24/31/74 10/34/83
f 56/14/84 40/50/84 3/51/85 18/52/86
f 22/30/65 30/16/80 61/15/87 44/53/66
f 24/31/74 15/2/88 9/49/75
f 21/27/89 19/29/64 16/12/68 17/11/90
f 20/20/91 21/27/89 17/11/90 5/54/92
f 3/51/85 32/24/93 20/23/91 5/10/92 18/9/86
f 28/7/79 13/22/78 14/21/81 10/34/83
f 33/41/94 34/25/95 3/51/96
f 34/25/95 32/24/97 3/51/96
f 24/31/74 36/3/82 15/2/88
f 39/43/98 46/44/99 66/36/100 70/38/98
f 62/29/101 58/12/102 57/13/67 44/46/66 65/45/103
f 47/47/104 68/35/105 66/36/100 46/44/99
f 47/47/104 38/48/106 71/32/107 69/37/108 68/35/105
f 38/48/106 49/49/109 67/31/110 71/32/107
f 48/6/111 72/7/112 53/22/113 52/28/114
f 74/16/115 48/6/111 52/28/114 65/30/103
f 54/21/116 50/34/117 67/31/110 80/3/118
f 56/14/84 60/52/119 41/51/120 40/50/84
f 65/30/103 44/53/66 61/15/87 74/16/115
f 67/31/110 49/49/109 55/2/121
f 64/27/122 59/11/123 58/12/102 62/29/101
f 63/20/124 45/54/125 59/11/123 64/27/122
f 41/51/120 60/9/119 45/10/125 63/23/124 76/24/126
f 72/7/112 50/34/117 54/21/116 53/22/113
f 77/41/127 41/51/128 78/25/129
f 78/25/129 41/51/128 76/24/130
f 67/31/110 55/2/121 80/3/118
g Body_fishbed_interior.002
v -0.305595 0.200867 -3.845888
v -0.296426 0.240633 -2.701456
v -0.160685 0.216526 -4.165631
v -0.115045 0.572744 -2.646213
v -0.218806 0.471634 -2.666638
v -0.302013 0.216402 -3.423229
v -0.302013 0.216402 -3.381695
v -0.257239 0.240633 -2.701456
v -0.233140 0.208696 -4.005759
v -0.266408 0.200867 -3.845888
v -0.262826 0.216402 -3.423229
v -0.262826 0.216402 -3.381695
v -0.143790 0.228927 -4.074847
v -0.097267 0.347124 -3.603154
v -0.143790 0.109233 -3.603154
v -0.196306 -0.422275 -2.701456
v -0.262826 -0.451000 -3.752826
v -0.262826 0.084461 -3.381695
v -0.257415 0.108692 -2.701456
v -0.262826 0.084461 -3.538754
v -0.193251 0.084461 -3.381695
v -0.237494 0.108692 -2.701456
v -0.159735 0.084461 -3.495041
v -0.201893 -0.446506 -3.381695
v -0.201893 -0.446506 -3.538754
v -0.068968 0.354496 -3.700850
v -0.068968 0.466369 -3.641441
v 0.068961 0.403654 -3.606140
v 0.305587 0.200867 -3.845888
v 0.296418 0.240633 -2.701456
v -0.000004 0.615095 -2.638944
v -0.000004 0.216787 -4.165384
v 0.160677 0.216526 -4.165631
v 0.115037 0.572744 -2.646213
v 0.218799 0.471634 -2.666638
v 0.302005 0.216402 -3.423229
v 0.302005 0.216402 -3.381695
v -0.000004 0.176257 -2.638944
v 0.257231 0.240633 -2.701456
v 0.233132 0.208696 -4.005759
v 0.266401 0.200867 -3.845888
v -0.000004 0.246229 -4.075081
v 0.262819 0.216402 -3.423229
v 0.262819 0.216402 -3.381695
v 0.143782 0.228927 -4.074847
v -0.000004 0.377843 -3.603388
v 0.097259 0.347124 -3.603154
v -0.000004 0.072345 -3.603388
v 0.143782 0.109233 -3.603154
v 0.196298 -0.422275 -2.701456
v -0.000004 -0.422275 -2.701456
v -0.000004 -0.451000 -3.752826
v 0.262819 -0.451000 -3.752826
v 0.262819 0.084461 -3.381695
v 0.257408 0.108692 -2.701456
v -0.000004 0.066881 -2.660854
v 0.262819 0.084461 -3.538754
v 0.193243 0.084461 -3.381695
v 0.237487 0.108692 -2.701456
v 0.159728 0.084461 -3.495041
v 0.201885 -0.446506 -3.381695
v 0.201885 -0.446506 -3.538754
v -0.000004 -0.446506 -3.381695
v -0.000004 -0.446506 -3.538754
v -0.000004 0.333091 -3.712218
v 0.068961 0.354496 -3.700850
v -0.000004 0.487775 -3.630074
v 0.068961 0.466369 -3.641441
v 0.068961 0.354496 -3.614513
v -0.068968 0.403654 -3.606140
v -0.068968 0.354496 -3.614513
v -0.097431 0.031918 -3.891601
v -0.000004 0.006924 -3.891759
v -0.000004 -0.347687 -3.993016
v -0.178088 -0.347687 -3.993016
v 0.097424 0.031918 -3.891601
v 0.178081 -0.347687 -3.993016
v -0.068968 0.310428 -3.764673
v -0.068968 0.422301 -3.705263
v 0.068961 0.310428 -3.764673
v 0.068961 0.422301 -3.705263
v -2.106068 -0.759983 0.287435
v -2.106068 -0.665563 0.466157
v -2.066342 -0.759983 0.287435
v -2.066342 -0.665563 0.466157
v -2.106068 -0.705289 1.710832
v -2.106068 -0.665563 1.710832
v -2.066342 -0.705289 1.710832
v -2.066342 -0.665563 1.710832
v -2.066342 -0.771236 1.680025
v -2.106068 -0.771236 1.680025
v -2.066342 -0.854378 0.068941
v -2.106068 -0.854378 0.068941
v -2.066342 -0.854378 1.680025
v -2.106068 -0.854378 1.680025
v -2.066342 -0.823816 0.068941
v -2.066342 -0.769747 0.121499
v -2.066342 -0.771236 0.121520
v -2.066342 -0.786200 0.084334
v -2.106068 -0.769747 0.121499
v -2.106068 -0.823816 0.068941
v -2.106068 -0.771236 0.121520
v -2.106068 -0.786200 0.084334
v -2.695621 -0.809015 1.265653
v -2.695621 -0.714595 1.444375
v -2.655895 -0.809015 1.265653
v -2.655895 -0.714595 1.444375
v -2.695621 -0.754321 2.689050
v -2.695621 -0.714595 2.689050
v -2.655895 -0.754321 2.689050
v -2.655895 -0.714595 2.689050
v -2.655895 -0.820268 2.658244
v -2.695621 -0.820268 2.658244
v -2.655895 -0.903410 1.047159
v -2.695621 -0.903410 1.047159
v -2.655895 -0.903410 2.658244
v -2.695621 -0.903410 2.658244
v -2.655895 -0.872848 1.047159
v -2.655895 -0.818779 1.099717
v -2.655895 -0.820268 1.099738
v -2.655895 -0.835232 1.062553
v -2.695621 -0.818779 1.099717
v -2.695621 -0.872848 1.047159
v -2.695621 -0.820268 1.099738
v -2.695621 -0.835232 1.062553
v -2.066342 -0.876028 0.068941
v -2.106068 -0.876028 0.068941
v -2.066342 -0.876028 1.680025
v -2.106068 -0.876028 1.680025
v -2.066342 -0.854378 0.786801
v -2.066342 -0.854378 0.384050
v -2.106068 -0.854378 0.384050
v -2.106068 -0.854378 0.786801
v -2.066342 -0.876028 0.786801
v -2.066342 -0.876028 0.384050
v -2.106068 -0.876028 0.384050
v -2.106068 -0.876028 0.786801
v -2.005960 -0.854378 0.786801
v -2.005960 -0.854378 0.472193
v -2.166451 -0.854378 0.472193
v -2.166451 -0.854378 0.786801
v -2.005960 -0.876028 0.786801
v -2.005960 -0.876028 0.472193
v -2.166451 -0.876028 0.472193
v -2.166451 -0.876028 0.786801
v 2.147302 -0.759983 0.287435
v 2.147302 -0.665563 0.466157
v 2.107576 -0.759983 0.287435
v 2.107576 -0.665563 0.466157
v 2.147302 -0.705289 1.710832
v 2.147302 -0.665563 1.710832
v 2.107576 -0.705289 1.710832
v 2.107576 -0.665563 1.710832
v 2.107576 -0.771236 1.680025
v 2.147302 -0.771236 1.680025
v 2.107576 -0.854378 0.068941
v 2.147302 -0.854378 0.068941
v 2.107576 -0.854378 1.680025
v 2.147302 -0.854378 1.680025
v 2.107576 -0.823816 0.068941
v 2.107576 -0.769747 0.121499
v 2.107576 -0.771236 0.121520
v 2.107576 -0.786200 0.084334
v 2.147302 -0.769747 0.121499
v 2.147302 -0.823816 0.068941
v 2.147302 -0.771236 0.121520
v 2.147302 -0.786200 0.084334
v 2.736855 -0.809015 1.265653
v 2.736855 -0.714595 1.444375
v 2.697129 -0.809015 1.265653
v 2.697129 -0.714595 1.444375
v 2.736855 -0.754321 2.689050
v 2.736855 -0.714595 2.689050
v 2.697129 -0.754321 2.689050
v 2.697129 -0.714595 2.689050
v 2.697129 -0.820268 2.658244
v 2.736855 -0.820268 2.658244
v 2.697129 -0.903410 1.047159
v 2.736855 -0.903410 1.047159
v 2.697129 -0.903410 2.658244
v 2.736855 -0.903410 2.658244
v 2.697129 -0.872848 1.047159
v 2.697129 -0.818779 1.099717
v 2.697129 -0.820268 1.099738
v 2.697129 -0.835232 1.062553
v 2.736855 -0.818779 1.099717
v 2.736855 -0.872848 1.047159
v 2.736855 -0.820268 1.099738
v 2.736855 -0.835232 1.062553
v 2.107576 -0.876028 0.068941
v 2.147302 -0.876028 0.068941
v 2.107576 -0.876028 1.680025
v 2.147302 -0.876028 1.680025
v 2.107576 -0.854378 0.786801
v 2.107576 -0.854378 0.384050
v 2.147302 -0.854378 0.384050
v 2.147302 -0.854378 0.786801
v 2.107576 -0.876028 0.786801
v 2.107576 -0.876028 0.384050
v 2.147302 -0.876028 0.384050
v 2.147302 -0.876028 0.786801
v 2.047194 -0.854378 0.786801
v 2.047194 -0.854378 0.472193
v 2.207685 -0.854378 0.472193
v 2.207685 -0.854378 0.786801
v 2.047194 -0.876028 0.786801
v 2.047194 -0.876028 0.472193
v 2.207685 -0.876028 0.472193
v 2.207685 -0.876028 0.786801
v 0.342658 0.075852 -4.440189
v 0.337456 0.014208 -6.888002
v 0.334595 0.089812 -4.440541
v 0.331994 0.023665 -6.888240
v 0.318470 0.089812 -4.440541
v 0.321071 0.023665 -6.888240
v 0.310408 0.075852 -4.440189
v 0.315609 0.014208 -6.888002
v 0.318470 0.061892 -4.439837
v 0.321071 0.004751 -6.887764
v 0.334595 0.061892 -4.439837
v 0.331994 0.004751 -6.887764
v 0.326533 0.001647 -7.386528
v -0.093738 0.098040 -5.288090
v -0.076773 0.138408 -5.247331
v 0.093733 0.098040 -5.288090
v 0.076767 0.138408 -5.247331
v -0.160430 0.063629 -4.999468
v 0.160435 0.063629 -4.999468
v 0.160435 0.063629 -5.123400
v -0.160430 0.063629 -5.123400
v 0.138696 0.080834 -5.185365
v -0.098615 0.165261 -5.185366
v 0.098612 0.165261 -5.185366
v -0.138695 0.080834 -5.185365
v 0.066487 0.168963 -5.075977
v 0.102620 0.086779 -5.075976
v -0.102619 0.086779 -5.075976
v -0.066490 0.168963 -5.075977
v -0.089315 0.192114 -4.999468
v -0.110133 0.178042 -4.999468
v -0.091316 0.184307 -5.025267
v 0.110132 0.178043 -4.999468
v 0.089313 0.192114 -4.999468
v 0.091314 0.184307 -5.025266
v 0.089313 0.192114 -5.123400
v 0.110132 0.178043 -5.123400
v -0.110133 0.178042 -5.123400
v -0.089315 0.192114 -5.123400
v 0.331994 0.023665 -6.892511
v 0.321071 0.023665 -6.892511
v 0.321071 0.004751 -6.891698
v 0.331994 0.004751 -6.891698
v 0.331994 0.023665 -6.859107
v 0.321071 0.023665 -6.859107
v 0.321071 0.004751 -6.858294
v 0.331994 0.004751 -6.858294
v 0.346872 0.038216 -6.880436
v 0.306205 0.038216 -6.880436
v 0.306205 -0.009801 -6.880197
v 0.346872 -0.009801 -6.880197
v 0.346872 0.038216 -6.870609
v 0.306205 0.038216 -6.870609
v 0.306205 -0.009801 -6.870370
v 0.346872 -0.009801 -6.870370
v -0.010885 0.606810 -1.477074
v -0.010885 0.628558 -1.477075
v 0.010863 0.606810 -1.477074
v 0.010863 0.628558 -1.477075
v -0.010885 0.606810 -1.408798
v -0.010885 0.628558 -1.383444
v 0.010863 0.606810 -1.408798
v 0.010863 0.628558 -1.383444
v 0.010863 0.623385 -1.357566
v 0.010863 0.606808 -1.344019
v -0.010885 0.606808 -1.344019
v -0.010885 0.623385 -1.357566
v -0.010885 0.592878 -1.383445
v 0.010863 0.592878 -1.383445
v -0.010885 0.592876 -1.344019
v 0.010863 0.592876 -1.344019
v -0.000008 0.598995 -2.082747
v -0.000008 0.598995 -1.950297
v -0.000010 0.730988 -2.044485
v -0.000010 0.730988 -1.960270
v -0.007224 0.270613 -3.421260
v -0.007224 0.270613 -3.412688
v -0.007224 0.174179 -3.421260
v -0.007224 0.174179 -3.412688
v -0.011411 0.133569 -3.423655
v -0.004791 0.163278 -3.410292
v -0.007224 0.062437 -3.600367
v -0.011411 0.021827 -3.602762
v 0.000407 0.274805 -3.423655
v 0.008038 0.270613 -3.421260
v 0.000407 0.274805 -3.410293
v 0.008038 0.270613 -3.412688
v 0.008038 0.174179 -3.421260
v 0.000407 0.174179 -3.423655
v 0.000407 0.174179 -3.410292
v 0.008038 0.174179 -3.412688
v 0.012226 0.133569 -3.423655
v 0.000407 0.133569 -3.423655
v 0.000407 0.163278 -3.410292
v 0.005606 0.163278 -3.410292
v 0.008038 0.062437 -3.600367
v 0.000407 0.062437 -3.602762
v 0.012226 0.021827 -3.602762
v 0.000407 0.021827 -3.602762
v -2.946245 -0.682648 1.532864
v -2.946245 -0.661704 2.451033
v -2.946245 -0.543503 1.579704
v -2.946245 -0.610114 1.532864
v -2.946245 -0.563860 2.404194
v -2.946245 -0.610700 2.451033
v -1.953462 -0.541219 2.029087
v -1.953462 -0.576345 2.797216
v -1.953463 -0.443374 2.237948
v -1.953462 -0.490214 2.091023
v -1.953463 -0.443374 2.588355
v -1.953462 -0.490214 2.735280
v -1.513435 -0.650761 2.199555
v -1.513435 -0.615634 2.933151
v -1.513435 -0.701765 2.261492
v -1.513435 -0.701765 2.905748
v -1.513435 -0.765754 2.353384
v -1.513435 -0.804075 2.475477
v -1.513435 -0.804075 2.691762
v -1.513435 -0.765754 2.813855
v -0.593951 -0.758934 -3.170822
v -0.593951 -0.758934 -2.968904
v -0.512596 -0.711964 -3.266339
v -0.512596 -0.711964 -2.873387
v -0.535528 -0.753005 2.610739
v -0.465189 -0.823344 2.610739
v -0.465189 -0.753005 2.610739
v -0.512532 -0.763104 2.842077
v -0.472120 -0.803516 2.842077
v -0.470103 -0.760887 2.842077
v -0.488587 -0.752733 3.112826
v -0.488587 -0.760725 3.112826
v -0.496579 -0.760725 3.112826
v -0.496579 -0.752733 3.112826
v -0.509904 -0.823344 2.610739
v -0.535528 -0.797722 2.610739
v -0.514905 -0.783865 2.842077
v -0.492393 -0.806093 2.842077
v -3.351803 -0.792657 2.563184
v -3.351803 -0.792657 2.587007
v -3.351803 -0.736575 2.563184
v -3.351803 -0.736575 2.587007
v -3.351803 -0.779026 2.563184
v -3.351803 -0.779026 2.587007
v -3.351803 -0.792657 2.545513
v -3.351803 -0.792657 2.604677
v -3.351803 -0.779026 2.545513
v -3.351803 -0.779026 2.604677
v 2.946238 -0.682648 1.532865
v 2.946238 -0.661704 2.451034
v 2.946238 -0.543503 1.579705
v 2.946238 -0.610114 1.532865
v 2.946238 -0.563860 2.404195
v 2.946238 -0.610700 2.451034
v 1.953455 -0.541219 2.029088
v 1.953455 -0.576345 2.797218
v 1.953455 -0.443374 2.237949
v 1.953455 -0.490214 2.091024
v 1.953455 -0.443374 2.588356
v 1.953455 -0.490214 2.735281
v 1.513427 -0.650761 2.199556
v 1.513427 -0.615634 2.933152
v 1.513428 -0.701765 2.261492
v 1.513428 -0.701765 2.905749
v 1.513428 -0.765754 2.353385
v 1.513428 -0.804075 2.475478
v 1.513428 -0.804075 2.691763
v 1.513428 -0.765754 2.813856
v 0.593944 -0.758934 -3.170821
v 0.593944 -0.758934 -2.968904
v 0.512589 -0.711964 -3.266338
v 0.512589 -0.711964 -2.873386
v 0.535520 -0.753005 2.610740
v 0.465181 -0.823344 2.610740
v 0.465181 -0.753005 2.610740
v 0.512525 -0.763104 2.842078
v 0.472112 -0.803516 2.842078
v 0.470095 -0.760887 2.842078
v 0.488579 -0.752733 3.112827
v 0.488579 -0.760725 3.112827
v 0.496572 -0.760725 3.112827
v 0.496572 -0.752733 3.112827
v 0.509896 -0.823344 2.610740
v 0.535520 -0.797722 2.610740
v 0.514898 -0.783865 2.842078
v 0.492386 -0.806093 2.842078
v 3.351796 -0.792657 2.563185
v 3.351796 -0.792657 2.587008
v 3.351796 -0.736575 2.563185
v 3.351796 -0.736575 2.587008
v 3.351796 -0.779026 2.563185
v 3.351796 -0.779026 2.587008
v 3.351796 -0.792657 2.545514
v 3.351796 -0.792657 2.604679
v 3.351796 -0.779026 2.545514
v 3.351796 -0.779026 2.604679
v -0.248037 -0.314094 -6.206302
v -0.486031 -0.807199 -5.123399
v -0.372789 -0.721983 -6.177374
v -0.364169 -0.183444 -6.208434
v -0.486031 -0.788516 -4.123147
v -0.486031 -0.788516 -2.142693
v -0.486031 -0.788516 -0.371542
v -0.499229 -0.788516 2.525575
v -0.401921 -0.621138 5.733911
v -0.301185 -0.143074 5.969322
v -0.312053 -0.511224 5.969322
v -0.453807 -0.501513 -6.186112
v -0.601838 -0.579559 -5.123399
v -0.601838 -0.520450 -4.123147
v -3.570861 -0.707790 2.487629
v -3.570861 -0.760673 2.434616
v -3.570861 -0.734232 2.346768
v -1.854141 -0.464543 6.854775
v -0.344867 -0.450547 5.969322
v -0.149596 -0.889678 -6.177374
v -0.149596 -0.038331 -6.219945
v -0.237507 -0.982183 -5.039287
v -0.187344 0.118604 -5.123399
v -0.137202 -0.760093 -6.206302
v -0.120359 -0.200132 -6.206302
v -0.305595 0.200867 -3.845888
v -0.237507 -0.963499 -3.519047
v -0.296426 0.240633 -2.701456
v -0.237507 -0.963499 -2.862009
v -0.252873 0.276431 -0.218841
v -0.237507 -0.963499 -0.371542
v -0.167841 0.236783 2.863795
v -0.237507 -0.963499 2.525575
v -0.081090 0.030318 5.710158
v -0.136224 -0.788832 5.733911
v -0.118120 -0.011027 5.969322
v -0.118120 -0.656631 5.969322
v 0.118112 -0.656631 5.520594
v -0.055552 0.491454 2.482454
v -0.022217 1.916139 5.328108
v -0.562024 -0.608300 -2.142693
v -0.562024 -0.432601 -1.928565
v -0.601838 -0.520450 -2.230542
v -0.562024 -0.366899 -0.218662
v -0.562024 -0.608300 -0.325099
v -0.562024 -0.432601 2.586434
v -0.562024 -0.608300 2.832931
v -0.557268 -0.519166 2.992879
v -3.566106 -0.733845 3.017467
v -3.570861 -0.707790 2.886175
v -3.570861 -0.760673 2.857520
v -3.570861 -0.707790 2.684627
v -3.570861 -0.760673 2.684627
v -0.165025 0.171640 3.926336
v -0.043640 0.425317 3.981967
v -0.044834 1.922346 6.319473
v -1.846850 -0.489568 7.003015
v -0.482654 -0.711423 4.003305
v -0.165485 -0.832423 4.944837
v -0.464716 -0.437554 5.626504
v -0.464716 -0.520521 5.626504
v -0.457424 -0.479037 5.774743
v -0.559471 -0.546939 4.069913
v -0.560358 -0.464116 4.061659
v -0.560919 -0.506207 3.878082
v -1.854141 -0.514594 6.854775
v -1.842914 -0.505959 6.063885
v -1.841466 -0.530531 6.208320
v -1.842353 -0.480566 6.200066
v -0.270932 -0.618037 -6.206302
v -0.306850 -0.487945 -6.206302
v -0.341454 -0.219556 5.969322
v 0.341446 -0.219556 5.520594
v -0.455604 -0.244185 5.733911
v -0.581210 -0.210315 3.923155
v -0.568737 -0.166091 -2.140185
v -0.568737 -0.158020 -0.218662
v -0.560457 -0.166502 2.788711
v -0.452757 -0.342478 -6.198095
v -0.297718 -0.402178 -6.206302
v -0.553955 -0.294555 -5.123399
v -0.613120 -0.201944 -4.123147
v 0.022210 1.916139 5.328108
v 0.044827 1.922346 6.319473
v 0.301178 -0.143074 5.520594
v 0.118112 -0.011027 5.520594
v -0.358799 -0.291477 -5.390056
v -0.363440 -0.380351 -5.371565
v -0.138560 -0.764385 -5.336423
v -0.357511 -0.609061 -5.336423
v -0.419355 -0.247369 -5.381080
v -0.337303 -0.100067 -5.401317
v -0.173029 -0.719887 -5.349255
v -0.326165 -0.577414 -5.349255
v -0.327374 -0.185321 -5.408547
v -0.424221 -0.394670 -5.360842
v -0.138560 0.034341 -5.401317
v -0.187765 -0.046356 -5.408547
v -0.143102 -0.868595 -6.178658
v -0.356031 -0.708181 -6.178657
v -0.433922 -0.497760 -6.186250
v -0.348359 -0.193500 -6.206672
v -0.143102 -0.054686 -6.218182
v -0.433100 -0.345630 -6.197283
v -0.160685 0.216526 -4.165631
v -0.499229 -0.788516 0.540106
v -3.570861 -0.707790 2.740354
v -3.570861 -0.760673 2.732430
v -0.237507 -0.963499 0.540106
v -0.218014 0.296005 0.630012
v -0.562024 -0.608300 0.504989
v -0.562024 -0.385066 0.633012
v -0.566393 -0.160421 0.632584
v -1.909861 -0.479135 6.836935
v -1.898072 -0.488351 6.199178
v -1.897186 -0.517088 6.207432
v -1.909861 -0.507922 6.836935
v -1.852788 -0.519973 5.850232
v -1.853319 -0.489994 5.845280
v -1.886219 -0.511906 5.849701
v -1.886751 -0.494664 5.844748
v -0.031664 0.104171 6.397771
v -0.033300 0.151088 6.397771
v 0.033292 0.151088 6.397771
v -0.115045 0.572744 -2.646213
v -0.218806 0.471634 -2.666638
v -0.180777 0.460322 -0.220767
v -0.067463 0.562497 -0.221491
v -0.047381 0.560460 0.649875
v -0.161077 0.464709 0.664692
v -0.453393 -0.081540 -5.123399
v -0.351101 0.028170 -5.123399
v -0.496664 0.044604 -4.123147
v -0.393166 0.153868 -4.000459
v -0.492213 0.026195 -2.255745
v -0.401786 0.152269 -2.429157
v -0.491552 0.041801 -0.218662
v -0.395741 0.161220 -0.218729
v -0.478199 0.025543 2.858920
v -0.374767 0.134708 2.859859
v -0.288549 -0.028378 5.725946
v -0.399206 -0.123330 5.733911
v -0.486567 -0.027554 3.925446
v -0.376586 0.076426 3.926336
v -0.390170 0.154394 0.631363
v -0.487846 0.037315 0.632273
v -0.174712 -0.451871 -6.595133
v -0.074530 -0.676415 -6.588782
v -0.154954 -0.387637 -6.595133
v -0.145307 -0.607628 -6.595133
v -0.069145 -0.310158 -6.595133
v -0.180405 -0.517932 -6.595133
v -0.302013 0.216402 -3.423229
v -0.302013 0.216402 -3.381695
v 0.312046 -0.511224 5.520594
v -0.233140 0.208696 -4.005759
v 0.248029 -0.314094 -6.206302
v 0.486023 -0.807199 -5.123399
v 0.372781 -0.721983 -6.177374
v 0.364161 -0.183444 -6.208434
v 0.486023 -0.788516 -4.123147
v 0.486023 -0.788516 -2.142693
v 0.486023 -0.788516 -0.371542
v 0.499221 -0.788516 2.525575
v 0.401914 -0.621138 5.733911
v 0.301178 -0.143074 5.969322
v 0.312046 -0.511224 5.969322
v 0.453799 -0.501513 -6.186112
v 0.601830 -0.579559 -5.123399
v 0.601830 -0.520450 -4.123147
v 3.570853 -0.707790 2.487629
v 3.570853 -0.760673 2.434616
v 3.570853 -0.734232 2.346768
v 1.854134 -0.464543 6.854775
v 0.344860 -0.450547 5.969322
v 0.149589 -0.889678 -6.177374
v 0.149589 -0.038331 -6.219945
v 0.237500 -0.982183 -5.039287
v 0.137194 -0.760093 -6.206302
v 0.120352 -0.200132 -6.206302
v 0.305587 0.200867 -3.845888
v 0.237500 -0.963499 -3.519047
v 0.296418 0.240633 -2.701456
v 0.237500 -0.963499 -2.862009
v 0.252866 0.276431 -0.218841
v 0.237500 -0.963499 -0.371542
v 0.167833 0.236783 2.863795
v 0.237500 -0.963499 2.525575
v 0.081082 0.030318 5.710158
v 0.136217 -0.788832 5.733911
v 0.118112 -0.011027 5.969322
v 0.118112 -0.656631 5.969322
v 0.344860 -0.450547 5.520594
v 0.055545 0.491454 2.482454
v 0.011497 0.248716 5.698923
v 0.012692 1.885513 7.080404
v 0.562016 -0.608300 -2.142693
v 0.562016 -0.432601 -1.928565
v 0.601830 -0.520450 -2.230542
v 0.562016 -0.366899 -0.218662
v 0.562016 -0.608300 -0.325099
v 0.562016 -0.432601 2.586434
v 0.562016 -0.608300 2.832931
v 0.557261 -0.519166 2.992879
v 3.566098 -0.733845 3.017467
v 3.570853 -0.707790 2.886175
v 3.570853 -0.760673 2.857520
v 3.570853 -0.707790 2.684627
v 3.570853 -0.760673 2.684627
v 0.165017 0.171640 3.926336
v 0.043632 0.425317 3.981967
v 1.846842 -0.489568 7.003015
v 0.482647 -0.711423 4.003305
v 0.165477 -0.832423 4.944837
v 0.464708 -0.437554 5.626504
v 0.464708 -0.520521 5.626504
v 0.457417 -0.479037 5.774743
v 0.559464 -0.546939 4.069913
v 0.560350 -0.464116 4.061659
v 0.560912 -0.506207 3.878082
v 1.854134 -0.514594 6.854775
v 1.842907 -0.505959 6.063885
v 1.841459 -0.530531 6.208320
v 1.842345 -0.480566 6.200066
v 0.270924 -0.618037 -6.206302
v 0.306842 -0.487945 -6.206302
v 0.341446 -0.219556 5.969322
v -0.000004 -0.679064 5.520594
v 0.455597 -0.244185 5.733911
v 0.581203 -0.210315 3.923155
v 0.568729 -0.166091 -2.140185
v 0.568729 -0.158020 -0.218662
v 0.560450 -0.166502 2.788711
v 0.452749 -0.342478 -6.198095
v 0.297711 -0.402178 -6.206302
v 0.553947 -0.294555 -5.123399
v 0.613113 -0.201944 -4.123147
v -0.000004 -0.501521 -7.196801
v -0.000004 -0.915548 -6.177374
v -0.000004 -0.017697 -6.219945
v -0.000004 -1.000764 -5.039287
v -0.000004 0.139237 -5.123399
v -0.000004 -0.179107 -6.206302
v -0.000004 -0.982081 -3.519047
v -0.000004 -0.982081 -2.862009
v -0.000004 -0.982081 -0.371542
v -0.000004 -0.989999 2.406809
v -0.000004 0.039552 5.743758
v -0.000004 -0.814703 5.733911
v -0.000004 0.017488 5.969322
v -0.000004 -0.679064 5.969322
v -0.118120 -0.656631 5.520594
v -0.000004 0.615095 -2.638944
v -0.000004 0.587870 -0.221575
v -0.000004 0.507157 2.346697
v -0.000004 0.248716 5.786040
v -0.011505 0.248716 5.698923
v -0.000004 1.916139 5.300601
v -0.000004 1.874633 7.128525
v -0.012699 1.885513 7.080404
v -0.000004 1.973152 6.319473
v -0.000004 -0.834571 5.353080
v -0.000004 -0.787638 -6.206302
v -0.000004 0.017488 5.520594
v -0.341454 -0.219556 5.520594
v -0.301185 -0.143074 5.520594
v -0.118120 -0.011027 5.520594
v -0.312053 -0.511224 5.520594
v 0.358792 -0.291477 -5.390056
v 0.363433 -0.380351 -5.371565
v 0.138553 -0.764385 -5.336423
v 0.357504 -0.609061 -5.336423
v 0.419348 -0.247369 -5.381080
v 0.337295 -0.100067 -5.401317
v 0.173022 -0.719887 -5.349255
v 0.326157 -0.577414 -5.349255
v 0.327367 -0.185321 -5.408547
v 0.424214 -0.394670 -5.360842
v -0.000004 -0.788346 -5.336423
v 0.138553 0.034341 -5.401317
v -0.000004 -0.774871 -5.349255
v 0.187757 -0.046356 -5.408547
v -0.000004 0.034341 -5.401317
v -0.000004 0.007265 -5.408547
v 0.143094 -0.868595 -6.178658
v 0.356024 -0.708181 -6.178657
v 0.433915 -0.497760 -6.186250
v 0.348351 -0.193500 -6.206672
v 0.143094 -0.054686 -6.218182
v 0.433093 -0.345630 -6.197283
v -0.000004 -0.893343 -6.178659
v -0.000004 -0.034053 -6.218182
v -0.000004 0.216787 -4.165384
v 0.160677 0.216526 -4.165631
v 0.499221 -0.788516 0.540106
v 3.570853 -0.707790 2.740354
v 3.570853 -0.760673 2.732430
v 0.237500 -0.963499 0.540106
v 0.218006 0.296005 0.630012
v -0.000004 -0.982081 0.540106
v -0.000004 0.573471 0.634378
v 0.562016 -0.608300 0.504989
v 0.562016 -0.385066 0.633012
v 0.566386 -0.160421 0.632584
v 1.909853 -0.479135 6.836935
v 1.898065 -0.488351 6.199178
v 1.897179 -0.517088 6.207432
v 1.909853 -0.507922 6.836935
v 1.852780 -0.519973 5.850232
v 1.853312 -0.489994 5.845280
v 1.886212 -0.511906 5.849701
v 1.886743 -0.494664 5.844748
v 0.031656 0.104171 6.397771
v -0.000004 0.094813 6.397771
v -0.000004 0.183883 6.397771
v -0.000004 -1.238998 2.496305
v -0.000004 -1.397002 2.692238
v -0.000004 -1.483338 3.017631
v -0.000004 -1.129496 5.211041
v -0.000004 -1.000620 5.334103
v 0.115037 0.572744 -2.646213
v 0.218799 0.471634 -2.666638
v 0.180770 0.460322 -0.220767
v 0.067456 0.562497 -0.221491
v 0.047374 0.560460 0.649875
v 0.161069 0.464709 0.664692
v 0.453385 -0.081540 -5.123399
v 0.351093 0.028170 -5.123399
v 0.496656 0.044604 -4.123147
v 0.393158 0.153868 -4.000459
v 0.492206 0.026195 -2.255745
v 0.401779 0.152269 -2.429157
v 0.491545 0.041801 -0.218662
v 0.395734 0.161220 -0.218729
v 0.478192 0.025543 2.858920
v 0.374760 0.134708 2.859859
v 0.288541 -0.028378 5.725946
v 0.399199 -0.123330 5.733911
v 0.486559 -0.027554 3.925446
v 0.376578 0.076426 3.926336
v 0.390162 0.154394 0.631363
v 0.487838 0.037315 0.632273
v 0.174704 -0.451871 -6.595133
v 0.074522 -0.676415 -6.588782
v 0.154946 -0.387637 -6.595133
v 0.145300 -0.607628 -6.595133
v -0.000004 -0.694615 -6.595133
v -0.000004 -0.295383 -6.595133
v 0.069137 -0.310158 -6.595133
v 0.180397 -0.517932 -6.595133
v 0.187336 0.118604 -5.123399
v 0.302005 0.216402 -3.423229
v 0.302005 0.216402 -3.381695
v -0.344867 -0.450547 5.520594
v -0.000004 0.139348 6.473980
v 0.233132 0.208696 -4.005759
v -1.879448 -0.491617 7.116276
v -1.893562 -0.489280 7.118630
v -1.893562 -0.495728 7.118630
v 1.874339 -0.501565 7.118838
v 1.872705 -0.495960 7.116736
v 1.886819 -0.493623 7.119092
v 1.886819 -0.500071 7.119092
v 0.264763 -0.165897 5.837732
v 0.300163 -0.233131 5.837732
v 0.103831 -0.617362 5.837732
v -0.000004 -0.637082 5.837732
v 0.274317 -0.489535 5.837732
v -0.000004 -0.024747 5.837732
v 0.103831 -0.049814 5.837732
v 0.303164 -0.436194 5.837732
v -0.264771 -0.165897 5.837732
v -0.300170 -0.233131 5.837732
v -0.103839 -0.617362 5.837732
v -0.274325 -0.489535 5.837732
v -0.103839 -0.049814 5.837732
v -0.303171 -0.436194 5.837732
v 0.205594 -0.202980 5.947391
v 0.233083 -0.255189 5.947391
v 0.080627 -0.553553 5.947391
v -0.000004 -0.568866 5.947391
v 0.213013 -0.454293 5.947391
v -0.000004 -0.093374 5.947391
v 0.080627 -0.112840 5.947391
v 0.235413 -0.412872 5.947391
v -0.205601 -0.202980 5.947391
v -0.233090 -0.255189 5.947391
v -0.080634 -0.553553 5.947391
v -0.213020 -0.454293 5.947391
v -0.080634 -0.112840 5.947391
v -0.235420 -0.412872 5.947391
v 0.164665 -0.228632 5.457458
v 0.186682 -0.270447 5.457458
v 0.064576 -0.509415 5.457458
v -0.000004 -0.521680 5.457458
v 0.170607 -0.429915 5.457458
v -0.000004 -0.140846 5.457458
v 0.064576 -0.156436 5.457458
v 0.188548 -0.396740 5.457458
v -0.164673 -0.228632 5.457458
v -0.186689 -0.270447 5.457458
v -0.064583 -0.509415 5.457458
v -0.170615 -0.429915 5.457458
v -0.064583 -0.156436 5.457458
v -0.188556 -0.396740 5.457458
v -0.128128 0.132416 5.704541
v 0.128120 0.132416 5.704541
v -0.000004 1.920615 7.081377
v -0.000004 1.894083 7.419428
v -0.000004 1.878824 7.426338
v 0.005513 1.878824 7.419287
v -0.005520 1.878824 7.419287
v -2.086349 -0.627355 0.058113
v -2.066442 -0.560940 2.736305
v -2.066442 -0.528088 1.232982
v -2.066442 -0.560940 0.279532
v -2.066442 -0.693770 0.145961
v -2.066442 -0.693770 1.179764
v -2.066442 -0.693770 2.845225
v -2.061687 -0.626384 3.005174
v -2.066442 -0.693770 1.618710
v -2.066442 -0.537172 1.686683
v 2.086342 -0.627355 0.058113
v 2.066435 -0.560940 2.736305
v 2.066435 -0.528088 1.232982
v 2.066435 -0.560940 0.279532
v 2.066435 -0.693770 0.145961
v 2.066435 -0.693770 1.179764
v 2.066435 -0.693770 2.845225
v 2.061679 -0.626384 3.005174
v 2.066435 -0.693770 1.618710
v 2.066435 -0.537172 1.686683
v -0.000004 0.118260 -5.082229
v -0.247388 -0.470184 -3.354341
v -0.247388 -0.309716 -3.349825
v -0.247388 -0.480662 -2.981994
v -0.247388 -0.318336 -3.043513
v -0.247388 -0.485986 -2.792817
v -0.247388 -0.389465 -2.920943
v -0.148537 -0.468944 -3.398411
v -0.148537 -0.370780 -2.978902
v -0.148537 -0.359062 -3.395319
v -0.148537 -0.480662 -2.981994
v -0.148537 -0.393144 -2.790204
v -0.148537 -0.485986 -2.792817
v -0.113197 0.361648 -2.802257
v -0.168640 0.313450 -2.852098
v -0.126862 0.398253 -2.611900
v -0.204524 0.360790 -2.771766
v -0.114001 0.564204 -2.746121
v -0.122098 0.527777 -2.636217
v -0.114547 0.450985 -2.871792
v -0.115880 0.562980 -2.855708
v -0.100026 -0.432442 -2.623926
v -0.100026 0.262040 -2.448349
v -0.172999 0.045080 -2.691471
v -0.266509 0.025978 -2.838339
v -0.142797 0.034212 -2.860512
v -0.263655 0.059080 -2.941387
v -0.129193 -0.048187 -2.515873
v -0.149267 0.487460 -2.784759
v -0.145595 0.514892 -2.772147
v -0.097657 0.520338 -2.710703
v -0.101892 0.547926 -2.703629
v -0.177917 0.476242 -2.760498
v -0.157186 0.506953 -2.748292
v -0.108742 0.512399 -2.686848
v -0.112990 0.539987 -2.679773
v -0.167388 0.487823 -2.797662
v -0.163011 0.502040 -2.789695
v -0.174603 0.494101 -2.765840
v -0.178980 0.479884 -2.773806
v -0.203479 0.353529 -2.844305
v -0.215069 0.345593 -2.820448
v -0.218609 0.362364 -2.852978
v -0.230201 0.354425 -2.829122
v -0.194751 0.318709 -2.848490
v -0.206342 0.310772 -2.824633
v -0.210903 0.345651 -2.852942
v -0.222494 0.337712 -2.829087
v -0.126980 0.330354 -2.783601
v -0.138571 0.322415 -2.759746
v -0.124157 0.299122 -2.791610
v -0.135748 0.291183 -2.767755
v 0.247090 -0.470184 -3.354341
v 0.247090 -0.309716 -3.349825
v 0.247090 -0.480662 -2.981994
v 0.247090 -0.318336 -3.043513
v -0.000149 -0.468944 -3.398411
v -0.000149 -0.376102 -3.395798
v -0.000149 -0.480662 -2.981994
v -0.000149 -0.388347 -2.960684
v 0.247090 -0.485986 -2.792817
v 0.247090 -0.389465 -2.920943
v -0.000149 -0.485986 -2.792817
v -0.000149 -0.393144 -2.790204
v 0.148239 -0.468944 -3.398411
v 0.148239 -0.370780 -2.978902
v 0.148239 -0.359062 -3.395319
v 0.148239 -0.480662 -2.981994
v 0.148239 -0.393144 -2.790204
v 0.148239 -0.485986 -2.792817
v 0.112899 0.361648 -2.802257
v 0.168343 0.313450 -2.852098
v 0.126565 0.398253 -2.611900
v 0.204227 0.360790 -2.771766
v -0.000149 0.361122 -2.783559
v -0.000149 0.398253 -2.611900
v -0.000149 0.571320 -2.746121
v -0.000149 0.527777 -2.636217
v 0.113704 0.564204 -2.746121
v 0.121800 0.527777 -2.636217
v -0.000149 0.388100 -2.817664
v 0.114249 0.450985 -2.871792
v -0.000149 0.561069 -2.787785
v 0.115583 0.562980 -2.855708
v -0.000149 -0.432442 -2.623926
v 0.099729 -0.432442 -2.623926
v 0.099729 0.262040 -2.448349
v -0.000149 0.262040 -2.448349
v 0.172702 0.045080 -2.691471
v 0.266211 0.025978 -2.838339
v 0.142499 0.034212 -2.860512
v -0.000149 0.026081 -2.842028
v 0.263358 0.059080 -2.941387
v 0.128896 -0.048187 -2.515873
v -0.000149 -0.048187 -2.515873
v 0.148970 0.487460 -2.784759
v 0.145297 0.514892 -2.772147
v 0.097360 0.520338 -2.710703
v 0.101594 0.547926 -2.703629
v 0.177620 0.476242 -2.760498
v 0.156888 0.506953 -2.748292
v 0.108444 0.512399 -2.686848
v 0.112693 0.539987 -2.679773
v 0.167091 0.487823 -2.797662
v 0.162714 0.502040 -2.789695
v 0.174305 0.494101 -2.765840
v 0.178682 0.479884 -2.773806
v 0.203181 0.353529 -2.844305
v 0.214771 0.345593 -2.820448
v 0.218312 0.362364 -2.852978
v 0.229903 0.354425 -2.829122
v 0.194454 0.318709 -2.848490
v 0.206044 0.310772 -2.824633
v 0.210605 0.345651 -2.852942
v 0.222196 0.337712 -2.829087
v 0.126682 0.330354 -2.783601
v 0.138273 0.322415 -2.759746
v 0.123859 0.299122 -2.791610
v 0.135450 0.291183 -2.767755
vn -0.0000 0.0657 -0.9978
vn -0.0000 0.0454 -0.9990
vn 0.0932 0.0452 -0.9946
vn 0.1620 0.0699 -0.9843
vn 0.3664 0.3454 -0.8640
vn 0.9974 -0.0534 0.0494
vn 0.9945 -0.0543 -0.0891
vn 0.9607 -0.0539 -0.2723
vn -0.1620 0.0699 -0.9843
vn -0.0932 0.0452 -0.9946
vn -0.3664 0.3454 -0.8640
vn 0.1656 0.0514 -0.9848
vn -0.0000 0.0367 -0.9993
vn -0.0000 0.0671 -0.9977
vn 0.1332 0.0960 -0.9864
vn 0.0407 0.1423 -0.9890
vn -0.0000 0.9998 -0.0178
vn -0.0000 0.9998 -0.0183
vn -0.0000 0.9998 -0.0184
vn -0.0000 0.9993 -0.0367
vn -0.0000 0.9994 -0.0356
vn -0.1920 0.9813 -0.0154
vn 0.0019 -0.0002 1.0000
vn -0.0000 -0.0002 1.0000
vn 0.7800 -0.1525 0.6069
vn 0.6860 -0.2456 0.6849
vn 0.6143 -0.3044 0.7280
vn 0.4999 -0.3835 0.7765
vn -0.9404 -0.2587 0.2205
vn 0.9971 -0.0106 0.0748
vn 0.9992 0.0306 0.0273
vn 0.9971 -0.0114 0.0758
vn -0.0000 0.9999 -0.0105
vn -0.0000 0.9999 -0.0113
vn -0.0000 0.9815 0.1914
vn -0.0000 0.9821 0.1884
vn -0.1656 0.0514 -0.9848
vn -0.0407 0.1423 -0.9890
vn -0.1332 0.0960 -0.9864
vn 0.1920 0.9813 -0.0154
vn -0.0019 -0.0002 1.0000
vn -0.7800 -0.1525 0.6069
vn -0.6143 -0.3044 0.7280
vn -0.6860 -0.2456 0.6849
vn -0.4999 -0.3835 0.7765
vn 0.2424 -0.9461 0.2146
vn -0.0000 -0.9752 0.2212
vn -0.9971 -0.0106 0.0748
vn -0.9971 -0.0114 0.0758
vn -0.9992 0.0306 0.0273
vn -0.9974 -0.0534 0.0494
vn -0.9945 -0.0543 -0.0891
vn -0.9607 -0.0539 -0.2723
vn -0.0234 -0.2636 0.9643
vn -0.0000 -0.2637 0.9646
vn 0.0234 -0.2636 0.9643
vn -0.0000 0.9186 0.3951
vn -0.2424 -0.9461 0.2146
vn 0.9404 -0.2587 0.2205
vn -0.0562 0.9739 -0.2198
vn -0.2009 0.9569 -0.2097
vn -0.0000 0.9723 -0.2338
vn -0.0000 0.9755 -0.2201
vn -0.4081 0.8982 -0.1636
vn -0.0000 0.9690 -0.2471
vn -0.5750 0.8133 -0.0894
vn 1.0000 -0.0003 -0.0041
vn 1.0000 -0.0003 -0.0040
vn 1.0000 -0.0000 -0.0000
vn 1.0000 -0.0007 -0.0081
vn -0.0000 0.9999 -0.0159
vn -0.0000 1.0000 -0.0000
vn 0.0562 0.9739 -0.2198
vn 0.2009 0.9569 -0.2097
vn 0.4081 0.8982 -0.1636
vn 0.5750 0.8133 -0.0894
vn -1.0000 -0.0003 -0.0041
vn -1.0000 -0.0000 -0.0000
vn -1.0000 -0.0003 -0.0040
vn -1.0000 -0.0007 -0.0081
vn -0.0000 -0.4690 0.8832
vn -0.0000 0.8842 -0.4671
vn -0.0000 -0.0000 1.0000
vn -0.0000 -0.0000 -1.0000
vn -0.0000 -0.4232 0.9060
vn -0.0000 0.3787 -0.9255
vn -0.0000 0.9144 -0.4048
vn -0.0000 0.9983 -0.0587
vn -0.0000 -1.0000 -0.0000
vn 1.0000 -0.0000 -0.0001
vn -1.0000 0.0003 -0.0000
vn -0.0000 0.3788 -0.9255
vn 0.8250 -0.0000 -0.5652
vn -0.8250 -0.0000 -0.5652
vn -1.0000 -0.0000 0.0001
vn 1.0000 0.0003 -0.0000
vn 0.8660 0.4998 -0.0144
vn 0.8660 0.4996 -0.0223
vn -0.0000 0.9996 -0.0270
vn -0.0000 0.9994 -0.0351
vn -0.8660 0.4998 -0.0144
vn -0.8660 0.4996 -0.0223
vn -0.8660 -0.4999 0.0107
vn -0.8660 -0.5001 0.0027
vn -0.8660 -0.5001 0.0029
vn -0.8659 -0.5002 -0.0064
vn -0.0000 -0.9997 0.0233
vn -0.0000 -0.9999 0.0153
vn 0.8660 -0.4999 0.0107
vn 0.8660 -0.5001 0.0027
vn -0.0000 0.0252 0.9997
vn -0.0000 0.9990 -0.0441
vn -0.0000 -1.0000 0.0062
vn 0.8659 0.4993 -0.0316
vn -0.8659 0.4993 -0.0316
vn 0.8659 -0.5002 -0.0064
vn -0.4623 -0.7377 -0.4920
vn -0.3578 0.7919 -0.4948
vn 0.3577 0.7920 -0.4948
vn 0.4623 -0.7377 -0.4920
vn -0.6732 0.3917 0.6272
vn -0.7654 -0.4645 0.4455
vn -0.4723 -0.8234 0.3145
vn -0.2177 -0.8281 0.5166
vn -0.4028 0.6673 0.6265
vn -0.9154 0.4024 -0.0000
vn -0.8641 -0.2834 -0.4160
vn -0.6406 0.6942 -0.3282
vn 0.6405 0.6943 -0.3282
vn 0.4724 -0.8234 0.3144
vn 0.7654 -0.4645 0.4454
vn 0.6732 0.3917 0.6272
vn 0.4028 0.6673 0.6265
vn 0.2177 -0.8281 0.5166
vn 0.8641 -0.2835 -0.4160
vn 0.7051 -0.5680 -0.4245
vn -0.7051 -0.5680 -0.4245
vn 0.9154 0.4025 -0.0000
vn -0.7409 0.6220 -0.2533
vn 0.7409 0.6220 -0.2533
vn 0.1868 0.9113 -0.3669
vn -0.1868 0.9113 -0.3669
vn 0.2057 -0.9410 0.2688
vn -0.2057 -0.9410 0.2688
vn 0.5600 0.8285 -0.0000
vn -0.5600 0.8285 -0.0000
vn 0.6995 0.7146 -0.0000
vn -0.6992 -0.7149 -0.0000
vn -0.6992 0.7149 -0.0000
vn 0.6995 -0.7146 -0.0000
vn -0.0000 0.9806 0.1960
vn -0.0000 0.9402 0.3406
vn -0.0000 0.3747 0.9271
vn -0.0000 -0.8764 -0.4816
vn -0.4815 0.8765 -0.0000
vn -0.9921 0.1062 -0.0663
vn -0.0000 0.6302 -0.7764
vn -0.2360 0.6154 -0.7521
vn -0.2994 -0.0000 -0.9541
vn -0.2995 -0.0000 0.9541
vn -0.8573 0.0394 0.5133
vn -0.0000 0.0451 0.9990
vn -0.0000 -0.7185 0.6955
vn -0.0000 -0.1792 0.9838
vn -0.8607 -0.0255 0.5085
vn -0.1021 -0.7141 0.6925
vn -0.9683 0.0330 0.2476
vn 0.0001 0.6411 -0.7674
vn -0.0000 0.0358 -0.9994
vn -0.1221 0.0356 -0.9919
vn -0.1665 0.6180 -0.7684
vn -0.0000 -0.8484 0.5293
vn 0.4815 0.8765 -0.0000
vn 0.9921 0.1062 -0.0663
vn 0.2994 -0.0000 -0.9541
vn 0.2360 0.6154 -0.7520
vn 0.2995 -0.0000 0.9541
vn 0.8573 0.0393 0.5133
vn 0.1021 -0.7141 0.6925
vn 0.8607 -0.0255 0.5085
vn 0.9683 0.0330 0.2475
vn 0.1665 0.6179 -0.7684
vn 0.1221 0.0356 -0.9919
vn -0.5000 0.8660 -0.0000
vn -0.9950 0.0361 0.0935
vn 0.9995 -0.0178 0.0260
vn 0.0896 -0.9825 0.1634
vn -0.0196 0.9990 0.0396
vn -0.9949 0.0821 0.0579
vn -0.0439 0.9984 -0.0344
vn 0.9969 -0.0397 0.0681
vn -0.6985 -0.7074 0.1077
vn -0.7011 -0.7053 0.1052
vn 0.0395 -0.9961 0.0789
vn 0.5000 0.8660 -0.0000
vn 0.9950 0.0361 0.0935
vn -0.9995 -0.0178 0.0260
vn -0.0896 -0.9825 0.1634
vn 0.0196 0.9990 0.0396
vn 0.9949 0.0821 0.0579
vn 0.0439 0.9984 -0.0344
vn -0.9969 -0.0397 0.0681
vn 0.6985 -0.7074 0.1077
vn 0.7011 -0.7053 0.1052
vn -0.0395 -0.9961 0.0789
vn -0.9814 -0.1790 -0.0698
vn -0.7694 -0.6354 -0.0655
vn -0.7757 -0.6310 0.0097
vn -0.9833 -0.1822 -0.0002
vn -0.5278 0.8486 -0.0359
vn -0.6130 0.7878 -0.0603
vn -0.7063 0.7079 -0.0003
vn -0.5878 0.8090 -0.0097
vn -0.5789 0.8153 -0.0113
vn -0.3470 -0.9322 -0.1027
vn -0.3533 -0.9347 -0.0395
vn -0.5697 -0.8133 -0.1182
vn -0.8136 0.5708 -0.1106
vn -0.5964 0.7930 -0.1241
vn -0.7362 0.6636 -0.1324
vn -0.9613 0.2611 -0.0881
vn -0.9708 0.2386 -0.0257
vn -0.8219 0.5662 -0.0617
vn -0.7136 0.7005 0.0037
vn -0.6332 0.7740 0.0044
vn -0.9795 0.2015 0.0077
vn -0.8633 0.5047 0.0024
vn -1.0000 -0.0066 0.0068
vn -0.9996 -0.0268 0.0008
vn -0.9850 0.1728 0.0011
vn -0.8676 0.4972 0.0023
vn -0.8556 0.5176 0.0068
vn -0.9833 0.1820 0.0031
vn -0.9812 0.1932 0.0006
vn -0.8306 0.5567 0.0140
vn -0.9999 -0.0158 0.0012
vn -0.9999 -0.0163 -0.0015
vn -0.9507 0.1825 0.2507
vn -0.7794 0.5893 0.2126
vn -0.8074 0.5882 0.0462
vn -0.9783 0.2053 0.0281
vn -0.9295 -0.3669 0.0371
vn -0.9171 -0.3961 0.0456
vn -0.9847 -0.1744 0.0070
vn -0.9858 -0.1680 0.0063
vn -0.9495 -0.3132 0.0176
vn -0.9454 -0.3259 0.0034
vn -0.3328 -0.9425 0.0324
vn -0.0000 -0.9998 0.0180
vn -0.0000 -0.9983 0.0580
vn -0.3310 -0.9416 0.0624
vn -0.9383 -0.3459 -0.0039
vn -0.9395 -0.3424 -0.0031
vn -0.9194 -0.3933 0.0003
vn -0.9197 -0.3925 0.0002
vn -0.9266 -0.3761 -0.0030
vn -0.9283 -0.3717 -0.0041
vn -0.9820 -0.1357 -0.1316
vn -0.9052 -0.4004 -0.1426
vn -0.5607 -0.8280 -0.0020
vn -0.3344 -0.9424 -0.0016
vn -0.5415 -0.8402 0.0288
vn -0.5270 -0.8479 0.0584
vn -0.3464 -0.8951 0.2808
vn -0.7002 -0.6473 0.3011
vn -0.5757 -0.8177 -0.0000
vn -0.3360 -0.9419 -0.0011
vn -0.5707 -0.8212 -0.0021
vn -0.5774 -0.8165 0.0018
vn -0.7014 0.7075 0.0859
vn -0.7018 0.7077 0.0813
vn -0.7006 0.7088 0.0816
vn -0.0000 0.9896 -0.1437
vn -0.3304 0.9321 -0.1485
vn -0.2813 0.9510 -0.1285
vn -0.0000 -0.9966 -0.0822
vn -0.0000 -0.9994 -0.0349
vn -0.0780 -0.9969 0.0061
vn -0.0000 -1.0000 0.0061
vn -0.0780 -0.9970 -0.0000
vn -0.0000 -0.9603 0.2790
vn -0.0000 -1.0000 -0.0010
vn -0.9409 0.3384 0.0139
vn -0.9402 0.3400 0.0193
vn -0.8306 0.5566 0.0175
vn -0.8477 0.5303 0.0149
vn -0.3320 0.9432 0.0117
vn -0.5115 0.8592 0.0134
vn -0.4630 0.8861 0.0239
vn -0.0000 0.9997 0.0233
vn -0.8973 0.4402 0.0327
vn -0.0000 0.9993 0.0376
vn -0.7326 0.6806 0.0123
vn -0.7337 0.6794 0.0127
vn -0.8329 0.5505 0.0562
vn -0.9876 0.1565 0.0138
vn -0.9961 -0.0600 0.0641
vn -0.9873 -0.1037 0.1205
vn -0.9996 -0.0201 0.0185
vn -0.7378 0.6082 -0.2929
vn -0.6500 0.7537 -0.0970
vn -0.7169 0.6558 -0.2366
vn 0.0544 -0.9985 -0.0000
vn 0.0506 -0.9987 -0.0000
vn 0.0444 -0.9990 -0.0000
vn -0.5627 -0.7252 -0.3969
vn -0.5297 -0.7604 -0.3757
vn -0.5033 -0.7862 -0.3585
vn -0.2693 0.9550 -0.1244
vn -0.3956 0.8928 -0.2154
vn -0.3898 0.8970 -0.2085
vn -0.1934 0.9790 -0.0651
vn -0.0921 0.9955 0.0206
vn -0.1158 0.9933 -0.0052
vn -0.1115 0.9937 0.0059
vn -0.0983 0.9950 0.0192
vn -0.9865 -0.1637 0.0106
vn -0.9997 -0.0113 0.0208
vn -0.9999 -0.0054 0.0100
vn -0.9993 -0.0177 0.0327
vn 0.0560 -0.9818 0.1817
vn 0.0516 -0.9887 0.1407
vn 0.0597 -0.9301 0.3625
vn 0.0578 -0.9581 0.2805
vn -0.0672 0.9727 0.2220
vn -0.0793 0.9893 0.1223
vn -0.0833 0.9882 0.1284
vn -0.0701 0.9721 0.2239
vn -0.9998 0.0179 -0.0039
vn -0.7336 0.6795 0.0127
vn -0.9045 0.4254 0.0295
vn -0.9438 0.3294 0.0263
vn -0.3842 0.9208 0.0666
vn -0.5465 0.8353 0.0610
vn -0.5039 0.8475 0.1666
vn -0.2741 0.9564 0.1013
vn -0.5867 0.8096 0.0161
vn -0.6788 0.7342 0.0125
vn -0.6122 0.7901 0.0299
vn -0.4842 0.8741 0.0379
vn -0.2491 -0.9579 -0.1429
vn 0.0651 -0.9951 0.0741
vn -0.0217 -0.9907 0.1343
vn -0.1245 -0.9922 -0.0099
vn 0.1706 0.9632 0.2077
vn 0.0227 0.9986 0.0486
vn -0.0761 0.9895 0.1229
vn 0.0769 0.9930 0.0897
vn 0.1842 -0.9610 0.2065
vn 0.1744 -0.9807 0.0887
vn -0.8745 -0.4536 0.1719
vn -0.9998 -0.0166 0.0072
vn -0.2791 0.9466 -0.1617
vn -0.3324 0.9230 -0.1936
vn -0.1288 0.9910 -0.0363
vn -0.3077 -0.9345 -0.1788
vn -0.9838 -0.0381 0.1751
vn -0.9989 -0.0271 0.0374
vn -0.9513 0.2866 -0.1133
vn 0.8329 0.5505 0.0562
vn 0.7168 0.6559 -0.2366
vn 0.6119 0.7903 -0.0317
vn 0.6500 0.7537 -0.0970
vn -0.9300 0.3663 0.0308
vn -0.8126 0.5822 0.0272
vn 0.0051 -0.2052 -0.9787
vn 0.9994 0.0126 -0.0312
vn -0.3483 0.9373 0.0107
vn -0.5387 0.8424 0.0134
vn -0.2987 0.9502 -0.0888
vn -0.1841 0.9782 -0.0958
vn -0.0000 0.8910 0.4540
vn -0.0977 0.8867 0.4518
vn 0.9814 -0.1790 -0.0698
vn 0.9833 -0.1822 -0.0002
vn 0.7757 -0.6310 0.0097
vn 0.7694 -0.6354 -0.0655
vn 0.5278 0.8486 -0.0359
vn 0.5789 0.8153 -0.0113
vn 0.5878 0.8090 -0.0097
vn 0.7063 0.7079 -0.0003
vn 0.6130 0.7878 -0.0603
vn 0.3470 -0.9322 -0.1027
vn 0.5697 -0.8133 -0.1182
vn 0.3533 -0.9347 -0.0395
vn 0.8136 0.5708 -0.1106
vn 0.7362 0.6636 -0.1324
vn 0.5964 0.7930 -0.1241
vn 0.8219 0.5662 -0.0617
vn 0.9708 0.2386 -0.0257
vn 0.9613 0.2611 -0.0881
vn 0.6332 0.7740 0.0044
vn 0.7136 0.7005 0.0037
vn 0.8633 0.5047 0.0024
vn 0.9795 0.2015 0.0077
vn 0.9850 0.1727 0.0011
vn 0.9996 -0.0268 0.0008
vn 1.0000 -0.0066 0.0068
vn 0.8676 0.4972 0.0023
vn 0.8556 0.5176 0.0068
vn 0.8306 0.5567 0.0140
vn 0.9812 0.1932 0.0006
vn 0.9833 0.1820 0.0031
vn 0.9999 -0.0163 -0.0015
vn 0.9999 -0.0158 0.0012
vn 0.9507 0.1825 0.2507
vn 0.9783 0.2053 0.0281
vn 0.8074 0.5882 0.0462
vn 0.7794 0.5893 0.2126
vn 0.9295 -0.3669 0.0371
vn 0.9454 -0.3259 0.0034
vn 0.9495 -0.3132 0.0176
vn 0.9858 -0.1680 0.0063
vn 0.9847 -0.1744 0.0070
vn 0.9171 -0.3961 0.0456
vn 0.3328 -0.9425 0.0324
vn 0.3310 -0.9416 0.0624
vn 0.9383 -0.3459 -0.0039
vn 0.9395 -0.3424 -0.0031
vn 0.9194 -0.3933 0.0003
vn 0.9283 -0.3717 -0.0041
vn 0.9266 -0.3761 -0.0030
vn 0.9197 -0.3925 0.0002
vn 0.9052 -0.4004 -0.1426
vn 0.9820 -0.1357 -0.1316
vn 0.5607 -0.8280 -0.0020
vn 0.5415 -0.8402 0.0288
vn 0.3344 -0.9424 -0.0016
vn 0.5270 -0.8479 0.0584
vn 0.7002 -0.6473 0.3011
vn 0.3464 -0.8951 0.2808
vn 0.5757 -0.8177 -0.0000
vn 0.5707 -0.8212 -0.0021
vn 0.3360 -0.9419 -0.0011
vn 0.5774 -0.8165 0.0018
vn 0.7014 0.7075 0.0859
vn 0.7006 0.7088 0.0816
vn 0.7018 0.7077 0.0813
vn 0.2813 0.9510 -0.1285
vn 0.3304 0.9321 -0.1485
vn 0.0780 -0.9969 0.0061
vn 0.0780 -0.9970 -0.0000
vn 0.9961 -0.0600 0.0641
vn 0.9873 -0.1037 0.1205
vn 0.9769 -0.1371 0.1638
vn 0.9409 0.3384 0.0139
vn 0.8477 0.5303 0.0149
vn 0.8306 0.5566 0.0175
vn 0.9402 0.3400 0.0193
vn 0.3320 0.9432 0.0117
vn 0.4630 0.8861 0.0239
vn 0.5115 0.8592 0.0134
vn 0.8973 0.4402 0.0327
vn 0.8917 0.4510 0.0387
vn 0.8903 0.4537 0.0390
vn 0.9402 0.3395 0.0266
vn 0.9876 0.1565 0.0138
vn 0.9996 -0.0201 0.0185
vn 0.7378 0.6082 -0.2929
vn -0.0544 -0.9985 -0.0000
vn -0.0444 -0.9990 -0.0000
vn -0.0506 -0.9987 -0.0000
vn 0.5627 -0.7252 -0.3969
vn 0.5033 -0.7862 -0.3585
vn 0.5297 -0.7604 -0.3757
vn 0.2693 0.9550 -0.1244
vn 0.1934 0.9790 -0.0651
vn 0.3898 0.8970 -0.2085
vn 0.3956 0.8928 -0.2154
vn 0.0921 0.9955 0.0206
vn 0.0983 0.9950 0.0192
vn 0.1115 0.9937 0.0059
vn 0.1158 0.9933 -0.0052
vn 0.9865 -0.1637 0.0106
vn 0.9997 -0.0113 0.0208
vn 0.9993 -0.0177 0.0327
vn 0.9999 -0.0054 0.0100
vn -0.0516 -0.9887 0.1407
vn -0.0560 -0.9818 0.1817
vn -0.0578 -0.9581 0.2805
vn -0.0597 -0.9301 0.3625
vn 0.0672 0.9727 0.2220
vn 0.0701 0.9721 0.2239
vn 0.0833 0.9882 0.1284
vn 0.0793 0.9893 0.1223
vn 0.9998 0.0179 -0.0039
vn 0.9045 0.4254 0.0295
vn 0.9438 0.3294 0.0263
vn 0.3842 0.9208 0.0666
vn 0.2741 0.9564 0.1013
vn 0.5039 0.8476 0.1666
vn 0.5465 0.8353 0.0610
vn 0.5867 0.8096 0.0161
vn 0.4842 0.8741 0.0379
vn 0.6122 0.7901 0.0299
vn 0.6788 0.7342 0.0125
vn 0.2491 -0.9579 -0.1429
vn 0.1245 -0.9922 -0.0099
vn -0.0451 -0.9922 0.1164
vn -0.0651 -0.9951 0.0741
vn -0.1706 0.9632 0.2077
vn -0.0506 0.9936 0.1014
vn 0.0761 0.9895 0.1229
vn -0.0227 0.9986 0.0486
vn -0.1842 -0.9610 0.2065
vn 0.8745 -0.4536 0.1719
vn 0.9998 -0.0165 0.0072
vn 0.2791 0.9466 -0.1617
vn 0.1288 0.9910 -0.0363
vn 0.3324 0.9230 -0.1936
vn 0.3077 -0.9345 -0.1788
vn 0.9838 -0.0381 0.1751
vn 0.9989 -0.0271 0.0374
vn 0.9513 0.2866 -0.1133
vn -0.9769 -0.1371 0.1638
vn -0.9403 0.3394 0.0266
vn 0.9300 0.3663 0.0308
vn 0.8126 0.5822 0.0272
vn -0.0051 -0.2052 -0.9787
vn -0.9994 0.0126 -0.0312
vn 0.3483 0.9373 0.0107
vn 0.5387 0.8424 0.0134
vn 0.1841 0.9782 -0.0958
vn 0.2987 0.9502 -0.0888
vn 0.0977 0.8867 0.4518
vn 0.1645 -0.0000 0.9864
vn -0.1186 0.1549 0.9808
vn -0.7203 -0.6865 0.0999
vn -0.9950 -0.0642 0.0765
vn -0.9970 -0.0321 0.0705
vn 0.9970 -0.0321 0.0705
vn 0.9950 -0.0642 0.0765
vn 0.8301 0.5553 0.0501
vn 0.8916 0.4511 0.0387
vn 0.7586 0.2688 0.5935
vn -0.7586 0.2688 0.5935
vn 0.5184 -0.8551 0.0025
vn -0.5184 -0.8551 0.0025
vn -0.0749 0.9904 0.1160
vn -0.0855 0.9961 0.0217
vn 0.0567 -0.9984 -0.0000
vn -0.1261 0.9918 -0.0219
vn -0.3477 0.9198 -0.1821
vn -0.0643 0.9734 0.2200
vn 0.0604 -0.9720 0.2270
vn 0.0610 -0.8973 0.4372
vn -0.3973 0.8916 -0.2174
vn -0.5867 -0.6969 -0.4124
vn 0.0749 0.9904 0.1160
vn 0.0855 0.9961 0.0217
vn -0.0567 -0.9984 -0.0000
vn 0.1261 0.9918 -0.0219
vn 0.3477 0.9198 -0.1821
vn 0.0643 0.9734 0.2200
vn -0.0604 -0.9720 0.2270
vn -0.0610 -0.8973 0.4372
vn 0.3973 0.8916 -0.2174
vn 0.5867 -0.6969 -0.4124
vn -0.0000 0.9945 -0.1044
vn -0.9790 -0.0902 -0.1826
vn -0.9502 0.2321 -0.2078
vn -0.9296 0.2133 -0.3005
vn -0.9466 -0.1255 -0.2970
vn -0.0000 -0.0120 -0.9999
vn -0.7854 0.5400 -0.3026
vn -0.4254 0.8514 -0.3068
vn -0.4471 0.8588 -0.2500
vn -0.0000 0.9673 -0.2536
vn -0.0000 0.9518 -0.3066
vn -0.4630 -0.8433 -0.2729
vn -0.8019 -0.5274 -0.2807
vn -0.9949 -0.0789 -0.0630
vn -0.9702 0.2169 -0.1077
vn -0.8567 -0.4933 -0.1504
vn -0.9742 -0.2210 -0.0450
vn -0.0000 -0.9942 -0.1072
vn -0.4867 -0.8655 -0.1184
vn -0.0000 -0.9620 -0.2731
vn -0.7970 0.5577 -0.2318
vn -0.4641 0.8612 -0.2072
vn -0.0000 0.9759 -0.2180
vn -0.5060 -0.8625 0.0101
vn -0.7042 -0.7100 -0.0039
vn -0.8153 0.5549 -0.1655
vn -0.0000 -0.9997 0.0253
vn 0.9790 -0.0902 -0.1826
vn 0.9466 -0.1255 -0.2970
vn 0.9296 0.2133 -0.3005
vn 0.9502 0.2321 -0.2078
vn 0.4254 0.8514 -0.3068
vn 0.7854 0.5400 -0.3026
vn 0.4471 0.8588 -0.2500
vn 0.8019 -0.5274 -0.2807
vn 0.4630 -0.8433 -0.2729
vn 0.9702 0.2169 -0.1077
vn 0.9949 -0.0789 -0.0630
vn 0.9742 -0.2210 -0.0450
vn 0.8567 -0.4933 -0.1504
vn 0.4867 -0.8655 -0.1184
vn 0.7970 0.5577 -0.2318
vn 0.4641 0.8612 -0.2072
vn 0.7042 -0.7100 -0.0039
vn 0.5060 -0.8625 0.0101
vn 0.8153 0.5549 -0.1655
vn 0.3305 -0.9391 0.0945
vn -0.0000 -0.9954 0.0957
vn 0.3215 -0.9422 0.0947
vn 0.7418 -0.6673 0.0668
vn 0.7343 -0.6754 0.0678
vn 0.9468 0.3190 -0.0433
vn 0.9869 0.1587 -0.0287
vn 0.9880 0.1519 -0.0280
vn -0.0000 0.9923 -0.1237
vn 0.3824 0.9170 -0.1133
vn 0.3939 0.9122 -0.1126
vn 0.9678 -0.2511 0.0155
vn 0.9661 -0.2575 0.0162
vn -0.2232 -0.1047 -0.9691
vn -0.1844 -0.1524 -0.9710
vn -0.1823 -0.1527 -0.9713
vn -0.2421 -0.0733 -0.9675
vn -0.2079 -0.2245 -0.9520
vn -0.2200 -0.2485 -0.9433
vn -0.0734 0.1143 -0.9907
vn -0.2243 0.0074 -0.9745
vn -0.1313 0.0748 -0.9885
vn -0.0343 0.1373 -0.9899
vn -0.0000 0.1436 -0.9896
vn -0.2301 -0.3450 -0.9100
vn -0.1352 -0.4412 -0.8872
vn -0.0000 -0.4622 -0.8868
vn 0.5873 0.8034 -0.0980
vn -0.6768 0.7053 0.2107
vn -0.6774 0.7022 0.2191
vn -0.6478 0.6577 0.3844
vn -0.0000 -0.0578 -0.9983
vn -0.0223 -0.0537 -0.9983
vn -0.0242 -0.0531 -0.9983
vn -0.0275 -0.0467 -0.9985
vn -0.0269 -0.0466 -0.9986
vn 0.0001 -0.0590 -0.9983
vn 0.0004 -0.0592 -0.9982
vn 0.0284 -0.0793 -0.9964
vn 0.0298 -0.0800 -0.9963
vn 0.0325 -0.0978 -0.9947
vn 0.0305 -0.1009 -0.9944
vn 0.0186 -0.1090 -0.9939
vn 0.0185 -0.1089 -0.9939
vn -0.0000 -0.1043 -0.9945
vn -0.1325 -0.9499 0.2831
vn -0.0000 -0.9561 0.2930
vn -0.0000 -0.8634 0.5045
vn -0.9502 -0.1776 0.2563
vn -0.9514 -0.1952 0.2381
vn -0.9177 -0.0320 0.3960
vn -0.3305 -0.9391 0.0945
vn -0.3215 -0.9422 0.0947
vn -0.7418 -0.6673 0.0668
vn -0.7343 -0.6754 0.0678
vn -0.9468 0.3190 -0.0433
vn -0.9880 0.1519 -0.0280
vn -0.9869 0.1587 -0.0287
vn -0.3939 0.9122 -0.1126
vn -0.3824 0.9170 -0.1133
vn -0.9661 -0.2575 0.0162
vn -0.9678 -0.2511 0.0155
vn 0.2232 -0.1047 -0.9691
vn 0.2421 -0.0733 -0.9675
vn 0.1823 -0.1527 -0.9713
vn 0.1844 -0.1524 -0.9710
vn 0.2200 -0.2485 -0.9433
vn 0.2079 -0.2245 -0.9520
vn 0.0734 0.1143 -0.9907
vn 0.0343 0.1373 -0.9899
vn 0.1313 0.0748 -0.9885
vn 0.2243 0.0074 -0.9745
vn 0.1352 -0.4412 -0.8872
vn 0.2301 -0.3450 -0.9100
vn -0.5873 0.8034 -0.0980
vn 0.6768 0.7053 0.2107
vn 0.6478 0.6577 0.3844
vn 0.6774 0.7022 0.2191
vn 0.0242 -0.0531 -0.9983
vn 0.0223 -0.0537 -0.9983
vn 0.0269 -0.0466 -0.9986
vn 0.0275 -0.0467 -0.9985
vn -0.0004 -0.0592 -0.9982
vn -0.0001 -0.0590 -0.9983
vn -0.0298 -0.0800 -0.9963
vn -0.0284 -0.0793 -0.9964
vn -0.0305 -0.1010 -0.9944
vn -0.0325 -0.0979 -0.9947
vn -0.0185 -0.1090 -0.9939
vn -0.0186 -0.1090 -0.9939
vn 0.1325 -0.9499 0.2831
vn 0.9502 -0.1776 0.2563
vn 0.9177 -0.0320 0.3960
vn 0.9514 -0.1952 0.2381
vn -0.9134 -0.2258 0.3388
vn -0.7161 -0.6131 0.3336
vn -0.7393 -0.3998 0.5418
vn 0.8806 -0.4636 0.0978
vn 0.7161 -0.6131 0.3336
vn 0.9134 -0.2258 0.3388
vn 0.7393 -0.3998 0.5418
vn -0.7142 0.6167 0.3312
vn -0.9123 0.2339 0.3362
vn -0.7470 0.3933 0.5361
vn 0.9123 0.2339 0.3362
vn 0.7142 0.6167 0.3312
vn 0.7470 0.3933 0.5360
vn -0.3805 -0.8653 0.3263
vn -0.0000 -0.9441 0.3296
vn -0.1592 -0.8383 0.5215
vn 0.3805 -0.8653 0.3263
vn 0.1592 -0.8383 0.5215
vn -0.5161 -0.6883 0.5097
vn 0.5161 -0.6883 0.5097
vn -0.0000 0.9442 0.3293
vn -0.3939 0.8599 0.3246
vn -0.2005 0.8305 0.5197
vn 0.3939 0.8599 0.3246
vn 0.2005 0.8305 0.5197
vn -0.8519 0.0126 0.5236
vn 0.8519 0.0126 0.5236
vn -0.5039 0.6985 0.5081
vn 0.5039 0.6985 0.5081
vn -0.8806 -0.4637 0.0978
vn 0.1858 0.9781 0.0942
vn -0.1858 0.9781 0.0942
vn 0.5974 0.7967 0.0913
vn -0.5974 0.7967 0.0913
vn 0.2336 -0.9678 0.0938
vn -0.2336 -0.9678 0.0938
vn 0.9954 -0.0147 0.0947
vn -0.9954 -0.0147 0.0947
vn 0.5826 -0.8077 0.0910
vn -0.5826 -0.8077 0.0910
vn 0.8753 0.4733 0.0993
vn -0.8753 0.4733 0.0993
vn -0.1395 -0.9881 0.0649
vn -0.9002 0.2042 0.3845
vn -0.9244 -0.0677 0.3754
vn -0.3460 -0.7963 0.4962
vn -0.6760 -0.5810 0.4532
vn -0.0000 0.9935 0.1141
vn -0.3383 0.9220 0.1883
vn -0.0000 -0.8665 0.4992
vn -0.8097 -0.4261 0.4035
vn -0.2071 -0.9783 -0.0026
vn -0.7027 0.6166 0.3549
vn 0.6838 0.7254 0.0786
vn -0.7549 -0.6558 -0.0000
vn -0.4177 -0.9086 -0.0000
vn -0.4037 0.9149 -0.0000
vn -0.9998 -0.0091 0.0191
vn -0.9992 -0.0308 -0.0261
vn -0.9993 -0.0270 -0.0240
vn -0.9998 -0.0092 0.0187
vn -0.9987 -0.0398 -0.0312
vn -0.1658 0.9859 -0.0224
vn -0.1998 0.9789 0.0427
vn -0.1380 0.9902 -0.0220
vn -0.2342 -0.9720 -0.0213
vn -0.0300 -0.9948 0.0968
vn -0.0000 -0.9953 0.0969
vn 0.4177 -0.9086 -0.0000
vn -0.6087 0.7558 0.2414
vn -0.7573 0.6530 -0.0000
vn -0.9712 0.2382 -0.0000
vn 0.2055 0.9777 0.0444
vn 0.9690 -0.2471 -0.0000
vn 0.9712 0.2382 -0.0000
vn 0.9002 0.2042 0.3845
vn 0.9244 -0.0677 0.3754
vn 0.7549 -0.6558 -0.0000
vn 0.6760 -0.5810 0.4532
vn 0.3460 -0.7963 0.4962
vn 0.3383 0.9220 0.1883
vn 0.4037 0.9149 -0.0000
vn 0.8097 -0.4261 0.4035
vn 0.2071 -0.9783 -0.0026
vn 0.1802 -0.9835 0.0158
vn 0.7573 0.6530 -0.0000
vn 0.7027 0.6166 0.3549
vn -0.6838 0.7254 0.0786
vn -0.9690 -0.2471 -0.0000
vn 0.9995 -0.0092 0.0306
vn 0.9995 -0.0092 0.0305
vn 0.9993 -0.0270 -0.0240
vn 0.9992 -0.0307 -0.0261
vn 0.9987 -0.0397 -0.0312
vn 0.1658 0.9859 -0.0224
vn 0.1713 -0.9701 0.1722
vn 0.1380 0.9902 -0.0220
vn 0.2342 -0.9720 -0.0213
vn 0.0300 -0.9948 0.0968
vn -0.3991 -0.9076 0.1304
vn -0.0000 -0.9914 0.1312
vn 0.6087 0.7558 0.2414
vn -0.0527 0.9972 0.0530
vn 0.0915 0.9952 0.0345
vn -0.9983 -0.0000 0.0578
vn 0.1286 -0.9909 0.0385
vn 0.9967 -0.0000 0.0814
vn 0.2126 -0.9766 0.0339
vn 0.4131 0.9015 0.1289
vn -0.0000 0.9912 0.1320
vn -0.9616 -0.2378 0.1372
vn -0.7527 -0.6446 0.1336
vn 0.3991 -0.9076 0.1304
vn 0.7527 -0.6446 0.1336
vn 0.9616 -0.2378 0.1372
vn 0.9597 0.2461 0.1355
vn -0.4131 0.9015 0.1289
vn 0.7501 0.6478 0.1328
vn -0.9597 0.2461 0.1355
vn -0.7501 0.6478 0.1328
vn 0.7581 0.2266 -0.6115
vn 0.9027 0.0287 0.4293
vn -0.7859 0.0178 0.6181
vn 0.5687 0.2734 -0.7758
vn 0.4657 -0.8843 0.0325
vn -0.5893 0.8078 -0.0114
vn -0.8627 0.4218 -0.2788
vn -0.8488 0.4608 -0.2591
vn -0.5845 0.8113 -0.0140
vn -0.8572 0.2870 0.4277
vn -0.6067 -0.2541 0.7532
vn 0.7611 -0.4664 0.4508
vn -0.8027 0.0086 0.5963
vn 0.5649 0.1311 -0.8147
vn -0.6995 -0.5033 -0.5073
vn -0.7849 -0.3630 -0.5022
vn 0.6067 0.2541 -0.7532
vn -0.0064 -0.9479 -0.3185
vn 0.9028 -0.0285 0.4292
vn 0.6478 0.2464 -0.7208
vn -0.6478 -0.2464 0.7208
vn 0.0265 0.9446 0.3272
vn -0.7581 0.2265 -0.6115
vn -0.9027 0.0287 0.4293
vn 0.7859 0.0178 0.6181
vn -0.5687 0.2734 -0.7758
vn -0.4657 -0.8843 0.0325
vn 0.5893 0.8078 -0.0114
vn 0.8627 0.4218 -0.2788
vn 0.8489 0.4608 -0.2591
vn 0.5845 0.8113 -0.0140
vn 0.8572 0.2870 0.4277
vn 0.6067 -0.2541 0.7532
vn -0.7611 -0.4664 0.4508
vn 0.8027 0.0086 0.5963
vn -0.5649 0.1311 -0.8147
vn 0.6995 -0.5032 -0.5073
vn 0.7849 -0.3630 -0.5022
vn -0.6067 0.2541 -0.7532
vn 0.0064 -0.9479 -0.3185
vn -0.9028 -0.0285 0.4292
vn -0.6478 0.2464 -0.7208
vn 0.6478 -0.2464 0.7208
vn -0.0265 0.9446 0.3272
vn -0.0000 -0.9996 -0.0281
vn 0.4557 0.8898 0.0250
vn -0.0000 0.0281 -0.9996
vn -0.4758 0.4859 0.7331
vn 0.1474 0.1652 -0.9752
vn -0.8754 0.0352 0.4820
vn -0.0000 -0.0281 0.9996
vn -0.4073 0.0257 -0.9129
vn 0.1141 0.9931 0.0279
vn -0.1134 0.9429 -0.3132
vn -0.9972 0.0188 -0.0723
vn -0.9267 0.3050 -0.2194
vn -0.9693 -0.1175 0.2162
vn 0.5870 0.0786 -0.8058
vn -0.0284 0.9397 0.3408
vn -0.9999 -0.0098 0.0132
vn -0.0000 0.1845 0.9828
vn 0.4945 0.1407 -0.8577
vn 0.0537 -0.6639 -0.7458
vn -0.0002 0.9971 -0.0756
vn -0.0000 -0.2127 0.9771
vn -0.0000 0.7684 0.6400
vn -0.0000 -0.9732 -0.2300
vn -0.0000 -0.2707 0.9627
vn 0.5919 0.2260 -0.7737
vn -0.9691 0.0567 0.2402
vn -0.9988 -0.0376 -0.0300
vn -0.8069 -0.1619 0.5681
vn 0.1441 0.2741 -0.9509
vn -0.4557 0.8898 0.0250
vn 0.4758 0.4859 0.7331
vn -0.1474 0.1652 -0.9752
vn 0.8754 0.0352 0.4820
vn 0.4073 0.0257 -0.9129
vn -0.1141 0.9931 0.0279
vn 0.1134 0.9429 -0.3132
vn 0.9972 0.0188 -0.0723
vn 0.9267 0.3050 -0.2194
vn 0.9693 -0.1175 0.2161
vn -0.5870 0.0786 -0.8058
vn 0.0284 0.9397 0.3408
vn 0.9999 -0.0098 0.0132
vn -0.4945 0.1407 -0.8577
vn -0.0537 -0.6639 -0.7458
vn 0.0002 0.9971 -0.0756
vn -0.5919 0.2260 -0.7737
vn 0.9691 0.0567 0.2402
vn 0.9988 -0.0376 -0.0300
vn 0.8069 -0.1619 0.5681
vn -0.1441 0.2741 -0.9509
vt -0.368330 0.898256
vt -0.357534 0.898256
vt -0.357487 0.905885
vt -0.363917 0.916437
vt -0.321387 0.902602
vt -0.317275 0.913131
vt -0.323308 0.912901
vt -0.326115 0.903830
vt -0.363917 0.880076
vt -0.357487 0.890628
vt -0.321387 0.893910
vt -0.323308 0.883611
vt -0.317275 0.883381
vt -0.409657 0.909268
vt -0.413845 0.898256
vt -0.375832 0.898256
vt -0.373871 0.924907
vt -0.374205 0.928502
vt -0.399238 0.919632
vt -0.317747 0.936780
vt -0.318122 0.933069
vt -0.313531 0.931606
vt -0.312885 0.936276
vt -0.261559 0.932908
vt -0.261855 0.928378
vt -0.244565 0.923428
vt -0.237896 0.913247
vt -0.228285 0.914723
vt 0.937178 0.422165
vt 0.943573 0.473343
vt 0.889270 0.493763
vt 0.891720 0.420373
vt 0.812925 0.417185
vt 0.829197 0.468250
vt 0.832859 0.423952
vt -0.309450 0.907028
vt -0.309450 0.889484
vt -0.327770 0.915340
vt -0.359260 0.913813
vt -0.357329 0.905909
vt -0.331167 0.905235
vt -0.357326 0.898256
vt -0.331803 0.898256
vt -0.326700 0.898256
vt -0.321336 0.898256
vt -0.409657 0.887244
vt -0.399238 0.876880
vt -0.374205 0.868010
vt -0.373871 0.871606
vt -0.317747 0.859733
vt -0.312885 0.860236
vt -0.313531 0.864906
vt -0.318122 0.863443
vt -0.261559 0.863604
vt -0.261855 0.868134
vt -0.244565 0.873084
vt -0.228339 0.883534
vt -0.237896 0.883265
vt 0.834501 0.421284
vt 0.828320 0.474413
vt 0.958920 0.423568
vt 0.936047 0.424027
vt 0.941464 0.461213
vt -0.327770 0.881173
vt -0.331167 0.891278
vt -0.357330 0.890603
vt -0.359260 0.882699
vt -0.326115 0.892682
vt -0.310457 0.898256
vt -0.228339 0.912978
vt -0.238401 0.898256
vt -0.228658 0.898256
vt -0.288811 0.907656
vt -0.287497 0.898256
vt -0.324658 0.922293
vt -0.421872 0.754509
vt -0.421872 0.747534
vt -0.288811 0.888856
vt -0.324658 0.874219
vt -0.428482 0.747534
vt -0.428482 0.754509
vt -0.425177 0.754509
vt -0.425177 0.747534
vt 0.375000 0.000000
vt 0.625000 0.000000
vt 0.625000 0.250000
vt 0.375000 0.250000
vt 0.625000 0.500000
vt 0.375000 0.500000
vt 0.625000 0.750000
vt 0.375000 0.750000
vt 0.625000 1.000000
vt 0.375000 1.000000
vt 0.875000 0.500000
vt 0.875000 0.750000
vt 0.375000 0.991841
vt 0.375000 0.954682
vt 0.375000 0.871349
vt 0.375000 0.258159
vt 0.375000 0.378651
vt 0.375000 0.295318
vt 0.125000 0.500000
vt 0.125000 0.750000
vt 0.253651 0.500000
vt 0.253651 0.750000
vt 0.170318 0.750000
vt 0.170318 0.500000
vt 1.000000 0.500000
vt 1.000000 1.000000
vt 0.833333 1.000000
vt 0.833333 0.500000
vt 0.666667 1.000000
vt 0.666667 0.500000
vt 0.500000 1.000000
vt 0.500000 0.500000
vt 0.333333 1.000000
vt 0.333333 0.500000
vt 0.166667 1.000000
vt 0.166667 0.500000
vt -0.000000 1.000000
vt -0.000000 0.500000
vt 0.750000 0.490000
vt 0.957846 0.370000
vt 0.957846 0.130000
vt 0.750000 0.010000
vt 0.542154 0.130000
vt 0.542154 0.370000
vt 0.597621 0.500000
vt 0.597621 0.750000
vt 0.597621 0.875000
vt 0.375000 0.875000
vt 0.375000 0.937500
vt 0.625000 0.937500
vt 0.250000 0.500000
vt 0.250000 0.750000
vt 0.812500 0.500000
vt 0.812500 0.750000
vt 0.187500 0.500000
vt 0.187500 0.750000
vt 0.375000 0.375000
vt 0.597621 0.375000
vt 0.625000 0.312500
vt 0.375000 0.312500
vt 0.625000 0.340119
vt 0.625000 0.517596
vt 0.750000 0.517596
vt 0.750000 0.732404
vt 0.625000 0.732404
vt 0.784882 0.750000
vt 0.625000 0.461944
vt 0.686898 0.500000
vt 0.750000 0.503579
vt 0.686897 0.757439
vt 0.750000 0.746422
vt 0.686897 0.750000
vt 0.000000 0.000000
vt 1.000000 0.000000
vt -0.703094 0.455534
vt -0.702948 0.454967
vt -0.702349 0.454967
vt -0.702161 0.455534
vt -0.773821 0.943086
vt -0.769412 0.957484
vt -0.771144 0.959787
vt -0.775553 0.945389
vt -0.702560 0.447772
vt -0.702560 0.454960
vt -0.703094 0.454967
vt -0.703094 0.448079
vt -0.769412 0.937861
vt -0.774276 0.942687
vt -0.769868 0.937462
vt -0.703470 0.461318
vt -0.703470 0.468212
vt -0.704020 0.468212
vt -0.704021 0.461018
vt -0.703917 0.471115
vt -0.704020 0.468991
vt -0.703658 0.468991
vt -0.703094 0.471115
vt -0.774900 0.943171
vt -0.703912 0.488988
vt -0.703912 0.491889
vt -0.704741 0.491889
vt -0.704447 0.488995
vt -0.702568 0.470923
vt -0.702568 0.457497
vt -0.702028 0.457647
vt -0.702028 0.471073
vt -0.703094 0.447866
vt -0.703094 0.461018
vt -0.703918 0.460972
vt -0.703918 0.447819
vt -0.702356 0.456055
vt -0.702954 0.456055
vt -0.779961 0.954182
vt -0.781698 0.951861
vt -0.777291 0.937462
vt -0.775553 0.939783
vt -0.702025 0.448079
vt -0.702025 0.454967
vt -0.775553 0.959397
vt -0.776009 0.959797
vt -0.780416 0.954582
vt -0.704534 0.461318
vt -0.704533 0.468212
vt -0.704741 0.471115
vt -0.704382 0.468991
vt -0.781036 0.954111
vt -0.703377 0.488995
vt -0.703084 0.491889
vt -0.703094 0.457689
vt -0.704741 0.447772
vt -0.704741 0.460925
vt 1.000000 0.521282
vt 0.939021 1.000000
vt 0.060979 1.000000
vt 0.000000 0.521283
vt 0.961861 0.820691
vt 0.770982 1.000000
vt 0.229018 1.000000
vt 0.038139 0.820690
vt 0.512703 0.750000
vt 0.466064 1.000000
vt 0.375000 0.610916
vt 0.375000 0.091073
vt 0.466064 0.000000
vt 0.375000 0.720592
vt 0.125000 0.658927
vt 0.375000 0.610917
vt 0.125805 0.750000
vt 0.000000 0.243055
vt 1.000000 0.243055
vt 0.099542 0.080367
vt 0.117258 0.079419
vt 0.117285 0.149421
vt 0.096805 0.149579
vt 0.037724 0.168481
vt 0.045171 0.157990
vt 0.045809 0.267621
vt 0.036117 0.248548
vt 0.037339 0.201116
vt 0.037016 0.198166
vt 0.276277 0.001044
vt 0.267426 0.095170
vt 0.246971 0.089058
vt 0.252945 0.000338
vt 0.063143 0.080368
vt 0.052679 0.079880
vt 0.068177 0.004244
vt 0.079546 0.080581
vt 0.074726 0.149864
vt 0.055898 0.149694
vt 0.045782 0.422509
vt 0.032917 0.422579
vt 0.071301 0.288087
vt 0.056751 0.279836
vt 0.089978 0.302999
vt 0.086071 0.422332
vt 0.071465 0.422405
vt 0.056500 0.422471
vt 0.057014 0.482066
vt 0.071916 0.481997
vt 0.073100 0.633157
vt 0.058474 0.638124
vt 0.087657 0.481948
vt 0.091682 0.618879
vt 0.074771 0.838990
vt 0.065422 0.838973
vt 0.062195 0.712433
vt 0.076530 0.712155
vt 0.112525 0.717841
vt 0.099879 0.722570
vt 0.097161 0.709150
vt 0.097889 0.647344
vt 0.103934 0.636075
vt 0.117285 0.614632
vt 0.554004 0.744705
vt 0.550307 0.748411
vt 0.552156 0.738563
vt 0.271398 0.619658
vt 0.288500 0.611118
vt 0.288622 0.823302
vt 0.276554 0.793906
vt 0.234934 0.474830
vt 0.248653 0.477338
vt 0.248817 0.620043
vt 0.235126 0.642151
vt 0.235150 0.283110
vt 0.249346 0.283128
vt 0.249183 0.411687
vt 0.234982 0.415040
vt 0.092060 0.005860
vt 0.108727 0.005223
vt 0.271282 0.477312
vt 0.250241 0.726618
vt 0.278627 0.850937
vt 0.255949 0.851716
vt 0.271038 0.233507
vt 0.271245 0.411716
vt 0.253167 0.149339
vt 0.270790 0.184953
vt 0.015759 0.717028
vt 0.032202 0.838116
vt 0.020706 0.837517
vt 0.026626 0.076750
vt 0.039734 0.000338
vt 0.050160 0.001919
vt 0.039648 0.078759
vt 0.288664 0.001236
vt 0.288041 0.088366
vt 0.288292 0.189477
vt 0.288305 0.233646
vt 0.288385 0.411708
vt 0.288638 0.850834
vt 0.288423 0.477303
vt 0.019076 0.422431
vt 0.019059 0.251000
vt 0.003319 0.422510
vt 0.008373 0.422456
vt 0.007794 0.483522
vt 0.004334 0.482553
vt 0.012569 0.611844
vt 0.008292 0.602439
vt 0.827772 0.306331
vt 0.832508 0.306384
vt 0.832550 0.359690
vt 0.984614 0.369452
vt 0.829939 0.359679
vt 0.679237 0.210541
vt 0.672829 0.090689
vt 0.791203 0.000338
vt 0.791203 0.053352
vt 0.680361 0.325014
vt 0.678664 0.314899
vt 0.787401 0.122191
vt 0.789893 0.125572
vt 0.660915 0.537180
vt 0.660746 0.609399
vt 0.555192 0.714311
vt 0.555239 0.696833
vt 0.658053 0.529899
vt 0.554937 0.690426
vt 0.448263 0.561280
vt 0.445621 0.577283
vt 0.342586 0.416690
vt 0.343031 0.406679
vt 0.448742 0.462910
vt 0.448731 0.494625
vt 0.343063 0.392907
vt 0.343072 0.389011
vt 0.116722 0.287975
vt 0.103038 0.287922
vt 0.096317 0.281746
vt 0.550307 0.776274
vt 0.554004 0.774270
vt 0.552132 0.785458
vt 0.554004 0.765525
vt 0.550307 0.766079
vt 0.554004 0.762183
vt 0.550307 0.762183
vt 0.660668 0.640080
vt 0.660435 0.725796
vt 0.555161 0.726399
vt 0.555183 0.717652
vt 0.660998 0.737921
vt 0.555551 0.737739
vt 0.448737 0.370199
vt 0.448733 0.389544
vt 0.343097 0.378814
vt 0.343290 0.369452
vt 0.831084 0.235067
vt 0.832550 0.237057
vt 0.031862 0.638856
vt 0.035439 0.713278
vt 0.051649 0.712647
vt 0.055190 0.838696
vt 0.040056 0.838484
vt 0.030691 0.482125
vt 0.046319 0.482087
vt 0.047953 0.638261
vt 0.409353 0.961093
vt 0.348723 0.870465
vt 0.389273 0.747320
vt 0.411321 0.786797
vt 0.791880 0.111349
vt 0.797982 0.102470
vt 0.838561 0.225619
vt 0.832749 0.234390
vt 0.342586 0.861610
vt 0.383438 0.738563
vt 0.101756 0.831449
vt 0.110045 0.838939
vt 0.559949 0.356418
vt 0.563471 0.356048
vt 0.564286 0.365698
vt 0.858978 0.011389
vt 0.866137 0.000338
vt 0.866137 0.177493
vt 0.860973 0.185686
vt 0.416793 0.972610
vt 0.416793 0.795455
vt 0.088584 0.831880
vt 0.094078 0.721988
vt 0.080906 0.005289
vt 0.981874 0.374185
vt 0.982551 0.634180
vt 0.983267 0.372749
vt 0.981691 0.369452
vt 0.823051 0.305944
vt 0.829440 0.236912
vt 0.109458 0.919866
vt 0.111279 0.909047
vt 0.179320 0.909046
vt 0.180965 0.918925
vt 0.018203 0.484463
vt 0.792895 0.265810
vt 0.799274 0.268367
vt 0.798350 0.326391
vt 0.791880 0.329535
vt 0.121162 0.881202
vt 0.121162 0.859225
vt 0.184802 0.859225
vt 0.184802 0.881202
vt 0.564286 0.331237
vt 0.562173 0.331459
vt 0.562529 0.329081
vt 0.563775 0.328933
vt 0.000338 0.253139
vt 0.008920 0.252511
vt 0.029410 0.145412
vt 0.029814 0.145270
vt 0.026309 0.080027
vt 0.216696 0.760501
vt 0.213892 0.691703
vt 0.234210 0.691876
vt 0.234257 0.761449
vt 0.155676 0.674964
vt 0.154827 0.645851
vt 0.154974 0.641654
vt 0.153796 0.593740
vt 0.163487 0.574637
vt 0.162854 0.684467
vt 0.301049 0.001237
vt 0.324383 0.000894
vt 0.328978 0.089670
vt 0.308464 0.095663
vt 0.180607 0.760510
vt 0.185824 0.835846
vt 0.170227 0.761041
vt 0.173295 0.691432
vt 0.191988 0.691370
vt 0.196869 0.760244
vt 0.149856 0.419556
vt 0.162754 0.419587
vt 0.174362 0.562523
vt 0.188843 0.554443
vt 0.188529 0.419630
vt 0.203201 0.419664
vt 0.207472 0.539596
vt 0.173504 0.419600
vt 0.173864 0.359762
vt 0.174967 0.202968
vt 0.189686 0.207946
vt 0.188833 0.359794
vt 0.208400 0.222304
vt 0.204639 0.359807
vt 0.191378 0.000873
vt 0.192987 0.128432
vt 0.178566 0.128163
vt 0.181970 0.000871
vt 0.229280 0.122485
vt 0.234257 0.226584
vt 0.220754 0.204978
vt 0.214637 0.193621
vt 0.213797 0.131278
vt 0.216516 0.117737
vt 0.545933 0.744705
vt 0.547782 0.738563
vt 0.549631 0.748411
vt 0.305612 0.619639
vt 0.300656 0.793893
vt 0.341910 0.474768
vt 0.341910 0.642089
vt 0.328193 0.619998
vt 0.328193 0.477292
vt 0.341498 0.282931
vt 0.341825 0.414980
vt 0.327608 0.411641
vt 0.327289 0.282967
vt 0.225968 0.834804
vt 0.209479 0.834194
vt 0.305565 0.477292
vt 0.326892 0.726574
vt 0.321327 0.851678
vt 0.298649 0.850925
vt 0.305526 0.411696
vt 0.305576 0.233511
vt 0.323130 0.149943
vt 0.305770 0.185314
vt 0.131791 0.123522
vt 0.136966 0.002257
vt 0.148538 0.001673
vt 0.144569 0.764202
vt 0.157379 0.762209
vt 0.167997 0.838189
vt 0.157684 0.839770
vt 0.534444 0.738563
vt 0.534444 0.888297
vt 0.531256 0.889885
vt 0.529720 0.742491
vt 0.136711 0.591359
vt 0.135983 0.419759
vt 0.120188 0.419754
vt 0.120914 0.359509
vt 0.124390 0.358469
vt 0.125254 0.419783
vt 0.124614 0.238790
vt 0.128897 0.229302
vt 0.567784 0.365417
vt 0.566345 0.365013
vt 0.567383 0.329985
vt 0.567784 0.329630
vt 0.565001 0.114671
vt 0.672152 0.275251
vt 0.670535 0.328256
vt 0.554936 0.234308
vt 0.569598 0.000338
vt 0.672152 0.201298
vt 0.670451 0.206306
vt 0.567612 0.010312
vt 0.873095 0.570306
vt 0.767419 0.410653
vt 0.767372 0.393175
vt 0.872926 0.498087
vt 0.870233 0.577587
vt 0.767117 0.417062
vt 0.448262 0.176947
vt 0.343031 0.331548
vt 0.342586 0.321537
vt 0.445620 0.160944
vt 0.448742 0.275317
vt 0.343072 0.349216
vt 0.343063 0.345320
vt 0.448731 0.243602
vt 0.213687 0.560787
vt 0.220355 0.554683
vt 0.233907 0.554655
vt 0.549630 0.776274
vt 0.547806 0.785458
vt 0.545933 0.774270
vt 0.545933 0.765525
vt 0.549631 0.766079
vt 0.549631 0.762183
vt 0.545933 0.762183
vt 0.872848 0.467406
vt 0.767362 0.389833
vt 0.767341 0.381086
vt 0.872615 0.381689
vt 0.767731 0.369746
vt 0.873178 0.369565
vt 0.448737 0.368028
vt 0.343290 0.368775
vt 0.343097 0.359413
vt 0.448733 0.348683
vt 0.148208 0.202290
vt 0.151631 0.127331
vt 0.156443 0.001315
vt 0.171674 0.001128
vt 0.167951 0.127951
vt 0.147417 0.359775
vt 0.164389 0.202850
vt 0.163119 0.359768
vt 0.484236 0.750080
vt 0.486204 0.924377
vt 0.464155 0.963853
vt 0.423606 0.840708
vt 0.866813 0.123379
vt 0.907682 0.000338
vt 0.913495 0.009110
vt 0.872915 0.132258
vt 0.458320 0.972610
vt 0.417469 0.849563
vt 0.218224 0.007908
vt 0.226572 0.000338
vt 0.554936 0.338212
vt 0.559273 0.328933
vt 0.558458 0.338583
vt 0.933911 0.223339
vt 0.935906 0.049043
vt 0.941070 0.057236
vt 0.941070 0.234390
vt 0.491675 0.738563
vt 0.491675 0.915717
vt 0.205230 0.008022
vt 0.210624 0.118294
vt 0.198430 0.834785
vt 0.539843 0.889888
vt 0.535120 0.885960
vt 0.536656 0.738563
vt 0.539843 0.740152
vt 0.564962 0.364781
vt 0.566967 0.329638
vt 0.109458 0.898227
vt 0.180965 0.899168
vt 0.134857 0.357486
vt 0.808480 0.328856
vt 0.807465 0.265130
vt 0.813935 0.268275
vt 0.814860 0.326299
vt 0.226575 0.854587
vt 0.226575 0.918227
vt 0.204598 0.918227
vt 0.204598 0.854587
vt 0.559273 0.363393
vt 0.558762 0.365698
vt 0.557516 0.365549
vt 0.557160 0.363171
vt 0.529043 0.738563
vt 0.529043 0.944825
vt 0.517521 0.942889
vt 0.508977 0.933823
vt 0.492352 0.779390
vt 0.499578 0.756991
vt 0.511330 0.743894
vt 0.117962 0.589302
vt 0.126555 0.589891
vt 0.147933 0.697437
vt 0.155283 0.674832
vt 0.144324 0.760957
vt 0.556504 0.367388
vt 0.556059 0.367315
vt 0.556504 0.366374
vt 0.554955 0.367316
vt 0.554936 0.366437
vt 0.555383 0.366374
vt 0.555383 0.367388
vt 0.568460 0.339301
vt 0.570257 0.328933
vt 0.570257 0.347470
vt 0.569841 0.347349
vt 0.540520 0.791912
vt 0.542646 0.738563
vt 0.545257 0.738566
vt 0.545257 0.791873
vt 0.567382 0.328933
vt 0.566532 0.359952
vt 0.554261 0.400178
vt 0.554261 0.536820
vt 0.766311 0.504435
vt 0.766182 0.562475
vt 0.554222 0.596392
vt 0.553230 0.716140
vt 0.554182 0.371113
vt 0.765771 0.725247
vt 0.766441 0.738034
vt 0.548905 0.737887
vt 0.761602 0.369452
vt 0.766441 0.377189
vt 0.554260 0.338048
vt 0.554260 0.201407
vt 0.978491 0.603051
vt 0.978362 0.545011
vt 0.554222 0.141835
vt 0.553229 0.022085
vt 0.554182 0.367114
vt 0.977951 0.382239
vt 0.978621 0.369452
vt 0.548904 0.000338
vt 0.973783 0.738032
vt 0.978621 0.730295
vt 0.018672 0.143958
vt 0.137079 0.698681
vt 0.845658 0.842367
vt 0.838045 0.848228
vt 0.822375 0.820558
vt 0.824520 0.818474
vt 0.817460 0.813746
vt 0.819703 0.821980
vt 0.814465 0.822136
vt 0.804135 0.850674
vt 0.791651 0.843322
vt 0.811693 0.820355
vt 0.825365 0.809964
vt 0.826035 0.814400
vt 0.858314 0.454886
vt 0.858307 0.454891
vt 0.857183 0.453290
vt 0.857506 0.453120
vt 0.858300 0.454902
vt 0.856445 0.454094
vt 0.844293 0.782996
vt 0.855543 0.798686
vt 0.822943 0.807463
vt 0.827090 0.852543
vt 0.858352 0.454893
vt 0.858341 0.454884
vt 0.858983 0.453218
vt 0.859748 0.453786
vt 0.858298 0.454920
vt 0.856274 0.455277
vt 0.857980 0.453010
vt 0.858324 0.454883
vt 0.858304 0.454930
vt 0.856574 0.456312
vt 0.855543 0.827864
vt 0.785285 0.789683
vt 0.811819 0.807391
vt 0.810045 0.809799
vt 0.780508 0.798019
vt 0.809552 0.817850
vt 0.808998 0.812638
vt 0.782676 0.831948
vt 0.815651 0.805339
vt 0.820137 0.805402
vt 0.858351 0.454931
vt 0.859886 0.456123
vt 0.859646 0.456399
vt 0.858344 0.454937
vt 0.858695 0.456935
vt 0.858331 0.454940
vt 0.827225 0.773974
vt 0.777716 0.809457
vt 0.860127 0.454660
vt 0.858358 0.454905
vt 0.857508 0.456835
vt 0.858314 0.454937
vt 0.858355 0.454922
vt 0.860101 0.455686
vt 0.798316 0.777925
vt 0.905689 0.384389
vt 0.925643 0.401540
vt 0.859866 0.453692
vt 0.859433 0.453175
vt 0.855396 0.372681
vt 0.858311 0.452726
vt 0.781699 0.433180
vt 0.803051 0.395758
vt 0.856973 0.453103
vt 0.856191 0.454046
vt 0.796672 0.503828
vt 0.785118 0.484271
vt 0.856139 0.455586
vt 0.856480 0.456387
vt 0.823813 0.379489
vt 0.857520 0.452798
vt 0.935518 0.316913
vt 0.932378 0.317699
vt 0.931342 0.311872
vt 0.793936 0.505997
vt 0.781698 0.485637
vt 0.777716 0.432434
vt 0.800345 0.393479
vt 0.822100 0.376501
vt 0.854892 0.369195
vt 0.907164 0.381410
vt 0.927868 0.399776
vt 0.929281 0.317695
vt 0.927182 0.316810
vt 0.937789 0.424880
vt 0.860272 0.454232
vt 0.937747 0.476518
vt 0.860454 0.455429
vt 0.862044 0.534482
vt 0.858685 0.457193
vt 0.859781 0.456647
vt 0.903336 0.522214
vt 0.857179 0.456896
vt 0.813077 0.519540
vt 0.860203 0.456183
vt 0.923913 0.505714
vt 0.947250 0.181734
vt 0.943074 0.186775
vt 0.944110 0.180948
vt 0.810968 0.522557
vt 0.861864 0.538529
vt 0.904938 0.525368
vt 0.926430 0.508064
vt 0.941026 0.477803
vt 0.941026 0.424123
vt 0.941013 0.180953
vt 0.938914 0.181837
vt 0.900843 0.361803
vt 0.896162 0.362720
vt 0.894943 0.353500
vt 0.897991 0.353004
vt 0.929025 0.023804
vt 0.931344 0.017655
vt 0.961604 0.031362
vt 0.961390 0.032051
vt 0.868934 0.327946
vt 0.870922 0.323570
vt 0.878888 0.328411
vt 0.877705 0.331298
vt 0.916424 0.346539
vt 0.913566 0.352153
vt 0.905800 0.346613
vt 0.907412 0.343047
vt 0.883336 0.313331
vt 0.889505 0.311872
vt 0.890768 0.321482
vt 0.886926 0.322196
vt 0.879663 0.358713
vt 0.873108 0.352804
vt 0.880569 0.346964
vt 0.884763 0.350461
vt 0.868944 0.345019
vt 0.878214 0.342056
vt 0.912419 0.321884
vt 0.916424 0.330101
vt 0.906892 0.332936
vt 0.904740 0.327813
vt 0.905484 0.315883
vt 0.900352 0.324373
vt 0.978465 0.065602
vt 0.972265 0.067809
vt 0.964605 0.035261
vt 0.965313 0.035075
vt 0.981729 0.000844
vt 0.989621 0.007459
vt 0.965921 0.030828
vt 0.965103 0.030294
vt 0.996123 0.015443
vt 0.966460 0.031641
vt 0.954882 0.000434
vt 0.963378 0.029903
vt 0.996123 0.042331
vt 0.966819 0.033330
vt 0.936911 0.059308
vt 0.929815 0.050406
vt 0.961768 0.033562
vt 0.962257 0.034361
vt 0.945696 0.066551
vt 0.963056 0.034855
vt 0.950696 0.001990
vt 0.962784 0.030091
vt 0.994495 0.046492
vt 0.966617 0.033921
vt 0.883173 0.782793
vt 0.882940 0.797494
vt 0.877455 0.795403
vt 0.182202 0.852546
vt 0.187451 0.835145
vt 0.201226 0.829295
vt 0.198764 0.855030
vt 0.849952 0.940288
vt 0.846966 0.918289
vt 0.866077 0.918005
vt 0.869822 0.935610
vt 0.148162 0.839016
vt 0.153592 0.835673
vt 0.159655 0.853836
vt 0.150975 0.855146
vt 0.846550 0.909046
vt 0.865572 0.909046
vt 0.857652 0.949133
vt 0.846491 0.951654
vt 0.871952 0.940268
vt 0.885923 0.876073
vt 0.887948 0.875547
vt 0.175978 0.852403
vt 0.168602 0.835023
vt 0.954356 0.133755
vt 0.954356 0.139958
vt 0.825795 0.271149
vt 0.818955 0.272180
vt 0.798117 0.242230
vt 0.829319 0.235010
vt 0.832131 0.289461
vt 0.834302 0.285996
vt 0.868065 0.299033
vt 0.860472 0.311671
vt 0.884746 0.797428
vt 0.887643 0.876199
vt 0.889806 0.891707
vt 0.890151 0.891148
vt 0.890151 0.794781
vt 0.889545 0.876348
vt 0.889790 0.891151
vt 0.889901 0.890800
vt 0.922644 0.364444
vt 0.917293 0.360668
vt 0.930681 0.365460
vt 0.178489 0.834938
vt 0.815515 0.274688
vt 0.813488 0.278178
vt 0.779499 0.265472
vt 0.787042 0.252548
vt 0.204189 0.839850
vt 0.835238 0.278941
vt 0.834284 0.276471
vt 0.864672 0.257787
vt 0.868065 0.264516
vt 0.776847 0.785241
vt 0.774360 0.797775
vt 0.771195 0.783829
vt 0.813726 0.287721
vt 0.819032 0.292331
vt 0.808896 0.326570
vt 0.783257 0.306382
vt 0.064667 0.003035
vt 0.081230 0.000551
vt 0.083692 0.026287
vt 0.069916 0.020436
vt 0.812588 0.284844
vt 0.779043 0.297498
vt 0.849952 0.877803
vt 0.869822 0.882482
vt 0.866077 0.900086
vt 0.846966 0.899802
vt 0.030627 0.016565
vt 0.033440 0.000434
vt 0.042120 0.001745
vt 0.036056 0.019908
vt 0.828809 0.292045
vt 0.849780 0.321660
vt 0.857652 0.868959
vt 0.871952 0.877824
vt 0.846490 0.866438
vt 0.762614 0.710659
vt 0.764520 0.710934
vt 0.769156 0.784132
vt 0.762567 0.786060
vt 0.821474 0.292954
vt 0.816083 0.328279
vt 0.058444 0.003178
vt 0.051067 0.020558
vt 0.942624 0.364892
vt 0.942624 0.358690
vt 0.828846 0.271861
vt 0.839011 0.237043
vt 0.764187 0.710413
vt 0.764171 0.697905
vt 0.763811 0.697499
vt 0.765907 0.710033
vt 0.663250 0.365990
vt 0.659974 0.356007
vt 0.663250 0.353524
vt 0.763878 0.697949
vt 0.764020 0.698223
vt 0.934376 0.134203
vt 0.929025 0.137979
vt 0.942413 0.133187
vt 0.060954 0.020643
vt 0.943012 0.289559
vt 0.935456 0.300046
vt 0.917260 0.283479
vt 0.919894 0.278840
vt 0.853207 0.858415
vt 0.776348 0.805651
vt 0.775292 0.806381
vt 0.882125 0.773969
vt 0.882781 0.774770
vt 0.883522 0.774208
vt 0.767112 0.787281
vt 0.776214 0.806576
vt 0.776847 0.805905
vt 0.869004 0.257989
vt 0.877216 0.246384
vt 0.896451 0.264043
vt 0.893953 0.268768
vt 0.940756 0.256696
vt 0.943012 0.262365
vt 0.921527 0.269196
vt 0.920507 0.266192
vt 0.925733 0.308590
vt 0.898575 0.311003
vt 0.903663 0.288990
vt 0.912945 0.286652
vt 0.892715 0.309209
vt 0.872524 0.293637
vt 0.893826 0.281593
vt 0.900576 0.288203
vt 0.888084 0.237234
vt 0.900929 0.261117
vt 0.868934 0.285637
vt 0.892540 0.277836
vt 0.923772 0.237965
vt 0.913444 0.260009
vt 0.915583 0.235010
vt 0.909664 0.258926
vt 0.670967 0.325500
vt 0.679848 0.328093
vt 0.683237 0.331187
vt 0.685256 0.335307
vt 0.685256 0.344558
vt 0.684155 0.346950
vt 0.677023 0.352134
vt 0.673766 0.352655
vt 0.665542 0.350089
vt 0.661967 0.347135
vt 0.660133 0.342875
vt 0.659974 0.334261
vt 0.661388 0.331281
vt 0.668363 0.325888
vt 0.125000 0.700022
vt 0.375000 0.700022
vt 0.625000 0.700022
vt 0.875000 0.700022
vt 0.375000 0.049978
vt 0.625000 0.049978
vt 0.625000 0.124230
vt 0.375000 0.124230
vt 0.625000 0.625770
vt 0.375000 0.625770
vt 0.875000 0.625770
vt 0.125000 0.625770
s 1
g Body_mig21_1
usemtl mig21_1
f 136/55/131 131/56/132 96/57/133 99/58/134
f 97/59/135 100/60/135 103/61/135
f 103/61/136 105/62/137 97/59/138
f 136/55/131 135/63/139 130/64/140 131/56/132
f 133/65/141 140/66/141 137/67/141
g Body_Black_matte
usemtl Black_matte
f 84/68/142 111/69/143 118/70/144 88/71/145
f 84/68/142 88/71/145 82/72/146 85/73/146
f 87/74/147 92/75/147 91/76/148 86/77/149
f 81/78/150 86/77/149 91/76/148 90/79/150
f 87/74/147 82/72/151 88/71/151 92/75/147
f 89/80/152 81/78/152 90/79/152 93/81/152 83/82/152
f 94/83/153 95/84/153 128/85/154 126/86/154
f 94/87/155 91/88/156 95/89/157
f 91/76/156 100/60/158 97/59/158 95/90/157
f 133/65/159 129/91/159 156/91/159 157/65/159
f 118/70/144 136/55/131 99/58/134 88/71/145
f 101/92/160 102/93/161 96/94/161 104/95/162
f 101/92/160 104/95/162 105/62/137 103/61/136
f 104/95/147 96/94/151 131/96/151 143/97/147
f 104/95/147 143/97/147 144/98/163 105/62/164
f 132/99/165 97/59/166 105/62/164 144/98/163
f 114/100/167 115/101/168 110/102/168 119/103/169
f 117/104/147 116/105/149 123/106/148 124/107/147
f 109/108/150 121/109/150 123/106/148 116/105/149
f 120/110/170 113/111/170 125/112/170 121/109/170 109/108/170
f 127/113/171 126/86/154 128/85/154 129/114/171
f 127/115/172 129/116/173 123/117/174
f 123/106/174 129/91/173 133/65/175 137/67/175
f 129/114/176 128/85/177 153/85/177 156/114/176
f 138/118/178 141/119/179 130/120/180 139/121/180
f 138/118/178 140/66/181 142/122/182 141/119/179
f 141/119/147 143/97/147 131/96/151 130/120/151
f 141/119/147 142/122/164 144/98/163 143/97/147
f 132/99/165 144/98/163 142/122/164 133/65/166
f 140/66/181 133/65/183 142/122/182
f 152/90/184 155/59/184 154/99/185 153/123/185
f 156/91/186 153/123/185 154/99/185 157/65/186
f 132/99/165 133/65/166 157/65/187 154/99/187
f 128/85/177 95/84/188 152/84/188 153/85/177
f 95/90/189 97/59/189 155/59/189 152/90/189
f 97/59/166 132/99/165 154/99/187 155/59/187
f 373/212/285 365/213/285 366/214/285 375/215/285
f 367/216/286 371/217/286 372/218/286 369/219/286
f 373/220/214 378/221/287 367/222/288 365/223/289
f 365/224/208 367/216/208 368/225/208 366/226/208
f 366/227/290 368/228/291 379/229/292 375/230/213
f 382/231/293 383/232/294 370/233/295 369/234/296
f 367/216/297 369/219/296 370/235/295 368/225/291
f 368/228/291 370/233/295 383/232/294 379/229/292
f 386/236/298 388/237/299 372/238/300 371/239/301
f 378/240/287 386/241/298 371/242/301 367/243/288
f 369/244/296 372/245/302 388/246/302 382/247/293
f 373/212/303 375/215/303 376/248/303 374/249/303
f 377/250/304 381/251/304 387/252/304 385/253/304
f 373/220/214 374/254/305 377/255/306 378/221/287
f 374/256/199 376/257/199 380/258/199 377/250/199
f 376/259/307 375/230/213 379/229/292 380/260/308
f 382/231/293 381/261/309 384/262/310 383/232/294
f 377/250/311 380/258/308 384/263/310 381/251/309
f 380/260/308 379/229/292 383/232/294 384/262/310
f 386/236/298 385/264/312 387/265/313 388/237/299
f 378/240/287 377/234/306 385/266/312 386/241/298
f 381/267/309 382/247/293 388/246/302 387/268/302
f 587/785/735 776/786/736 767/787/736 581/788/737
f 586/789/738 587/785/735 581/788/737 576/790/739
f 584/791/740 585/792/741 580/793/742 574/794/740
f 775/795/743 583/796/744 573/797/745 763/798/743
f 585/792/741 588/799/746 575/800/747 580/793/742
f 571/743/748 572/742/749 580/793/750 575/800/751
f 572/742/749 578/745/752 574/794/753 580/793/750
f 582/752/754 579/756/755 576/790/756 581/788/757
f 768/753/758 582/752/754 581/788/757 767/787/758
f 578/745/752 577/755/759 573/797/760 574/794/753
f 577/755/759 765/759/761 763/798/761 573/797/760
f 576/790/756 579/756/755 571/743/748 575/800/751
f 588/799/746 586/789/738 576/790/739 575/800/747
f 583/796/744 584/791/762 574/794/762 573/797/745
f 799/801/763 607/802/764 839/803/765
f 723/804/766 504/805/767 583/796/768 775/795/766
f 504/805/767 487/806/769 584/791/770 583/796/768
f 487/806/769 496/807/771 585/792/772 584/791/770
f 496/807/771 563/808/773 588/799/774 585/792/772
f 563/808/773 488/809/775 586/789/776 588/799/774
f 488/809/775 505/810/777 587/785/778 586/789/776
f 505/810/777 724/811/779 776/786/779 587/785/778
f 606/812/780 798/813/781 839/803/782
f 607/802/783 606/812/784 839/803/785
f 773/814/786 764/815/787 767/787/736 776/786/736
f 772/816/788 758/817/789 764/815/787 773/814/786
f 770/818/790 756/819/790 762/820/791 771/821/792
f 775/795/743 763/798/743 755/822/793 769/823/794
f 771/821/792 762/820/791 757/824/795 774/825/796
f 753/771/797 757/824/798 762/820/799 754/772/800
f 754/772/800 762/820/799 756/819/801 760/774/802
f 766/778/803 764/815/804 758/817/805 761/783/806
f 768/753/758 767/787/758 764/815/804 766/778/803
f 760/774/802 756/819/801 755/822/807 759/780/808
f 759/780/808 755/822/807 763/798/761 765/759/761
f 758/817/805 757/824/798 753/771/797 761/783/806
f 774/825/796 757/824/795 758/817/789 772/816/788
f 769/823/794 755/822/793 756/819/809 770/818/809
f 799/826/810 839/827/811 608/828/812
f 723/804/766 775/795/766 769/823/813 660/829/814
f 660/829/814 769/823/813 770/818/815 643/830/816
f 643/830/816 770/818/815 771/821/817 652/831/818
f 652/831/818 771/821/817 774/825/819 718/832/820
f 718/832/820 774/825/819 772/816/821 644/833/822
f 644/833/822 772/816/821 773/814/823 661/834/824
f 661/834/824 773/814/823 776/786/779 724/811/779
f 797/835/825 839/827/782 798/836/781
f 608/828/826 839/827/827 797/835/828
f 861/837/829 859/838/830 873/839/831 875/840/831
f 870/841/832 871/842/832 885/843/832 884/844/832
f 852/845/833 855/846/834 869/847/835 866/848/835
f 856/849/836 857/850/837 871/851/838 870/852/838
f 849/853/839 848/854/840 862/855/841 863/856/841
f 858/857/842 851/858/843 865/859/844 872/860/844
f 851/858/843 850/861/845 864/862/846 865/859/846
f 859/838/830 858/857/842 872/860/847 873/839/847
f 850/861/845 852/845/833 866/848/848 864/862/848
f 853/863/849 860/864/850 874/865/851 867/866/851
f 854/867/852 853/863/849 867/866/853 868/868/853
f 857/850/837 861/837/829 875/840/854 871/851/854
f 855/846/834 849/853/839 863/856/855 869/847/855
f 860/864/850 856/849/836 870/852/856 874/865/856
f 848/854/840 854/867/852 868/868/857 862/855/857
f 863/869/858 862/870/858 876/871/858 877/872/858
f 872/873/859 865/874/859 879/875/859 886/876/859
f 865/874/860 864/877/860 878/878/860 879/875/860
f 873/879/861 872/873/861 886/876/861 887/880/861
f 864/877/862 866/881/862 880/882/862 878/878/862
f 867/883/863 874/884/863 888/885/863 881/886/863
f 868/887/864 867/883/864 881/886/864 882/888/864
f 871/842/865 875/889/865 889/890/865 885/843/865
f 869/891/866 863/869/866 877/872/866 883/892/866
f 874/884/867 870/841/867 884/844/867 888/885/867
f 862/870/868 868/887/868 882/888/868 876/871/868
f 875/889/869 873/879/869 887/880/869 889/890/869
f 866/881/870 869/891/870 883/892/870 880/882/870
g Body_steel
usemtl steel
f 83/124/190 93/81/191 122/125/192 112/126/193
f 93/81/191 94/127/194 126/128/195 122/125/192
f 90/79/196 91/76/196 94/127/194 93/81/191
f 92/75/197 98/129/198 100/60/199 91/76/199
f 92/75/197 88/71/200 99/58/200 98/129/198
f 98/129/147 99/58/151 102/93/151 101/92/201
f 98/129/147 101/92/201 103/61/202 100/60/202
f 106/130/199 107/131/199 150/131/199 151/130/199
f 114/100/167 119/103/169 118/70/144 111/69/143
f 117/104/147 124/107/147 119/103/151 110/102/151
f 113/111/203 112/126/193 122/125/192 125/112/204
f 125/112/204 122/125/192 126/128/195 127/132/205
f 121/109/206 125/112/204 127/132/205 123/106/206
f 124/107/207 123/106/208 137/67/208 134/133/209
f 118/70/144 119/103/169 135/63/139 136/55/131
f 124/107/207 134/133/209 135/63/210 119/103/210
f 134/133/147 138/118/201 139/121/151 135/63/151
f 134/133/147 137/67/202 140/66/202 138/118/201
f 148/134/208 146/135/208 149/135/208 108/134/208
f 146/135/208 148/134/208 161/134/208 160/135/208
f 107/131/199 106/130/199 158/130/199 159/131/199
f 290/162/227 291/163/228 293/164/228 292/165/227
f 292/165/229 293/164/230 295/166/230 294/167/229
f 294/167/231 295/166/232 297/168/232 296/169/231
f 296/169/233 297/168/234 299/170/235 298/171/233
f 299/170/235 297/168/234 302/170/236
f 298/171/237 299/170/238 301/172/238 300/173/237
f 300/173/239 301/172/240 291/174/240 290/175/239
f 290/176/241 292/177/241 294/178/241 296/179/241 298/180/241 300/181/241
f 295/166/230 293/164/230 302/166/242
f 301/172/238 299/170/238 302/172/243
f 293/164/228 291/163/228 302/164/244
f 297/168/232 295/166/232 302/168/245
f 291/174/240 301/172/240 302/174/246
f 303/138/247 304/139/248 306/140/249 305/141/250
f 308/143/251 322/182/252 324/142/253 315/142/254 316/143/255
f 307/145/256 320/183/256 327/184/256 310/185/256
f 314/186/257 312/187/258 304/146/248 303/147/247
f 309/188/219 308/143/219 307/145/219 310/189/219
f 313/190/259 306/148/249 304/149/248 312/191/258
f 321/144/260 320/183/261 307/145/262 317/145/263 318/144/264
f 311/192/265 309/188/266 310/189/267 314/193/257
f 309/194/268 326/195/268 322/182/268 308/143/268
f 310/185/267 327/184/269 312/187/258 314/186/257
f 305/141/250 306/140/249 313/196/259 311/197/265
f 305/156/250 311/192/265 314/193/257 303/157/247
f 311/197/265 313/198/259 326/195/270 309/194/266
f 316/143/255 315/142/254 318/144/264 317/145/263
f 307/145/262 308/143/251 316/143/255 317/145/263
f 323/199/202 325/200/202 328/201/202 319/202/202
f 325/200/271 313/190/259 312/203/258 328/201/272
f 319/202/273 320/144/261 321/144/260
f 322/204/252 323/199/274 324/142/253
f 325/200/271 326/205/270 313/206/259
f 327/207/269 328/201/272 312/208/258
f 325/200/275 323/199/275 322/142/275 326/205/275
f 319/202/276 328/201/276 327/209/276 320/144/276
f 324/142/253 323/199/274 319/202/273 321/144/260 318/144/264 315/142/254
f 334/210/277 330/210/277 338/210/277 342/210/277
f 336/210/278 332/210/278 340/210/278 344/210/278
f 329/210/279 333/210/279 341/210/279 337/210/279
f 331/210/280 335/210/280 343/210/280 339/210/280
f 345/138/214 346/139/214 348/140/214 347/141/214
f 347/141/199 348/140/199 352/142/199 351/143/199
f 352/142/281 350/144/281 356/144/282 353/142/282
f 349/145/208 350/144/208 346/146/208 345/147/208
f 347/156/219 351/143/219 349/145/219 345/157/219
f 352/142/202 348/148/202 346/149/202 350/144/202
f 354/143/283 353/142/282 356/144/282 355/145/283
f 351/143/199 352/142/199 353/142/199 354/143/199
f 350/144/208 349/145/208 355/145/208 356/144/208
f 355/145/208 349/145/208 357/145/208 359/145/208
f 357/145/219 358/143/219 360/143/219 359/145/219
f 354/143/283 355/145/283 359/145/213 360/143/213
f 349/145/284 351/143/284 358/143/284 357/145/284
f 351/143/199 354/143/199 360/143/199 358/143/199
f 361/210/208 362/211/208 364/163/208 363/174/208
f 541/893/480 601/894/871 550/895/473
f 556/896/872 558/897/368 544/898/487 503/899/873
f 493/900/395 519/901/394 521/902/874 495/903/875
f 732/904/876 518/905/466 520/906/877 734/907/876
f 519/901/394 733/908/411 735/909/878 521/902/874
f 546/910/879 545/911/481 493/900/395 495/903/875 503/912/879
f 552/913/474 550/895/473 601/894/871 600/914/880
f 494/915/881 520/906/877 625/916/465
f 679/917/567 740/918/882 799/826/810 608/828/812
f 650/919/883 675/920/884 570/921/884 569/922/883
f 735/923/202 676/924/885 522/925/885 712/926/202
f 598/927/886 599/928/887 600/914/888 601/894/889
f 600/914/888 599/928/887 605/929/890 604/930/890
f 502/931/477 553/932/485 599/928/891 598/927/892
f 598/927/892 541/893/478 502/931/477
f 599/928/891 553/932/485 603/933/893 605/929/893
f 552/913/474 600/914/880 604/930/894 602/934/894
f 518/935/895 732/936/896 798/813/781 606/812/780
f 890/937/660 518/935/659 606/812/784 607/802/783
f 625/916/465 626/938/369 494/915/881
f 734/939/219 520/940/897 751/941/897 748/942/219
f 494/915/881 626/938/369 558/897/368 556/896/872
f 546/943/898 503/899/898 544/898/898
f 651/944/899 659/945/900 677/946/900 639/947/899
f 520/906/877 518/905/466 625/916/465
f 658/948/633 696/949/632 789/950/901
f 556/951/902 503/952/903 838/953/903 749/954/902
f 711/955/904 659/956/905 699/957/642 713/958/536
f 494/959/906 556/951/902 749/954/902 750/960/906
f 520/940/897 494/959/906 750/960/906 751/941/897
f 649/961/560 651/962/907 676/963/908 674/964/561
f 732/965/876 734/966/876 675/967/909 673/968/620
f 521/969/910 735/923/202 712/926/202 736/970/910
f 674/964/561 676/963/908 735/909/878 733/908/411
f 701/971/911 659/972/911 651/962/907 649/961/560 700/973/636
f 707/974/628 791/975/912 792/976/913 705/977/629
f 503/952/903 495/978/914 752/979/914 838/953/903
f 676/924/885 651/944/899 639/947/899 522/925/885
f 650/980/915 821/981/621 675/967/909
f 741/982/402 607/802/764 799/801/763 740/983/916
f 675/920/884 734/939/219 748/942/219 570/921/884
f 659/945/900 711/984/917 557/985/917 677/946/900
f 711/984/917 650/919/883 569/922/883 557/985/917
f 789/950/918 792/976/919 791/975/920 790/986/921
f 791/975/920 795/987/922 796/988/922 790/986/921
f 658/948/633 789/950/901 790/986/923 708/989/639
f 696/990/924 705/991/924 792/992/924
f 790/986/923 796/988/925 794/993/925 708/989/639
f 707/974/628 793/994/926 795/987/926 791/975/912
f 673/995/927 797/835/825 798/836/781 732/996/896
f 608/828/826 797/835/828 673/995/662 891/997/661
f 821/981/621 650/980/915 822/998/539
f 736/999/928 712/1000/929 851/1001/843 858/1002/842
f 650/980/915 711/955/904 713/958/536 822/998/539
f 701/971/930 699/1003/930 659/972/930
f 495/978/914 521/969/910 736/970/910 752/979/914
f 675/967/909 821/981/621 673/968/620
f 789/950/901 696/949/632 845/1004/931 846/1005/931
f 541/893/478 598/927/892 842/1006/932 841/1007/932
f 598/927/886 601/894/889 843/1008/933 842/1006/933
f 705/1009/934 792/976/934 847/1010/934 844/1011/934
f 792/976/919 789/950/918 846/1005/935 847/1010/935
f 601/894/871 541/893/480 841/1007/936 843/1008/936
f 570/1012/937 748/1013/938 853/1014/849 854/1015/852
f 838/1016/939 752/1017/940 859/1018/830 861/1019/829
f 522/1020/941 639/1021/942 852/1022/833 850/1023/845
f 752/1017/940 736/999/928 858/1002/842 859/1018/830
f 677/1024/943 557/1025/944 849/1026/839 855/1027/834
f 748/1013/938 751/1028/945 860/1029/850 853/1014/849
f 569/1030/946 570/1012/937 854/1015/852 848/1031/840
f 749/1032/947 838/1016/939 861/1019/829 857/1033/837
f 639/1021/942 677/1024/943 855/1027/834 852/1022/833
f 557/1025/944 569/1030/946 848/1031/840 849/1026/839
f 751/1028/945 750/1034/948 856/1035/836 860/1029/850
f 712/1000/929 522/1020/941 850/1023/845 851/1001/843
f 750/1034/948 749/1032/947 857/1033/837 856/1035/836
f 679/917/567 608/828/812 891/997/568
f 741/982/402 890/937/401 607/802/764
g Body_glass.001
usemtl glass.001
f 145/136/211 147/137/211 107/131/211 106/130/211
f 145/136/211 146/135/211 148/134/211 147/137/211
s 0
g Body_metal.001
usemtl metal.001
f 162/138/212 163/139/212 165/140/212 164/141/212
f 164/141/199 165/140/199 169/142/199 168/143/199
f 168/143/213 169/142/213 167/144/213 166/145/213
f 166/145/208 167/144/208 163/146/208 162/147/208
f 169/142/202 165/148/202 163/149/202 167/144/202
f 171/145/208 182/150/208 181/147/208 173/147/208 212/151/208 213/152/208 175/145/208
f 181/138/214 176/141/214 172/141/214 173/138/214
f 176/141/199 178/153/199 170/143/199 174/143/199 210/154/199 211/155/199 172/141/199
f 168/143/215 166/145/215 171/145/215 170/143/215
f 212/151/208 173/147/208 207/147/208 216/151/208
f 166/145/208 162/147/208 180/147/208 182/150/208 171/145/208
f 164/141/199 168/143/199 170/143/199 178/153/199 177/141/199
f 170/143/213 171/145/213 175/145/213 174/143/213
f 176/141/199 179/141/199 178/153/199
f 179/141/199 177/141/199 178/153/199
f 180/138/208 183/138/208 182/138/208
f 183/138/208 181/138/208 182/138/208
f 176/141/216 181/138/216 183/138/216 179/141/216
f 179/141/217 183/138/217 180/138/217 177/141/217
f 162/138/218 164/141/218 177/141/218 180/138/218
f 184/138/212 185/139/212 187/140/212 186/141/212
f 186/141/199 187/140/199 191/142/199 190/143/199
f 190/143/213 191/142/213 189/144/213 188/145/213
f 188/145/208 189/144/208 185/146/208 184/147/208
f 191/142/202 187/148/202 185/149/202 189/144/202
f 193/145/208 204/150/208 203/147/208 195/147/208 197/145/208
f 203/138/214 198/141/214 194/141/214 195/138/214
f 198/141/199 200/153/199 192/143/199 196/143/199 194/141/199
f 190/143/215 188/145/215 193/145/215 192/143/215
f 194/156/219 196/143/219 197/145/219 195/157/219
f 188/145/208 184/147/208 202/147/208 204/150/208 193/145/208
f 186/141/199 190/143/199 192/143/199 200/153/199 199/141/199
f 192/143/213 193/145/213 197/145/213 196/143/213
f 198/141/199 201/141/199 200/153/199
f 201/141/220 199/141/220 200/153/220
f 202/138/221 205/138/221 204/138/221
f 205/138/208 203/138/208 204/138/208
f 198/141/222 203/138/222 205/138/222 201/141/222
f 201/141/217 205/138/217 202/138/217 199/141/217
f 184/138/218 186/141/218 199/141/218 202/138/218
f 214/158/219 208/143/219 209/145/219 217/159/219
f 210/154/199 174/143/199 208/143/199 214/154/199
f 174/143/213 175/145/213 209/145/213 208/143/213
f 173/138/214 172/141/214 206/141/214 207/138/214
f 172/141/199 211/155/199 215/155/199 206/141/199
f 216/160/219 217/159/219 225/159/219 224/160/219
f 206/156/219 215/161/219 216/160/219 207/157/219
f 215/161/219 214/158/219 217/159/219 216/160/219
f 175/145/208 213/152/208 217/152/208 209/145/208
f 210/154/213 214/154/213 222/154/213 218/154/213
f 219/155/199 218/154/199 222/154/199 223/155/199
f 221/152/208 220/151/208 224/151/208 225/152/208
f 214/158/219 215/161/219 223/161/219 222/158/219
f 213/152/202 212/151/202 220/151/202 221/152/202
f 217/152/213 213/152/213 221/152/213 225/152/213
f 211/155/202 210/154/202 218/154/202 219/155/202
f 215/155/223 211/155/223 219/155/223 223/155/223
f 212/151/224 216/151/224 224/151/224 220/151/224
f 226/138/212 228/141/212 229/140/212 227/139/212
f 228/141/208 232/143/208 233/142/208 229/140/208
f 232/143/213 230/145/213 231/144/213 233/142/213
f 230/145/199 226/147/199 227/146/199 231/144/199
f 233/142/202 231/144/202 227/149/202 229/148/202
f 235/145/199 239/145/199 277/152/199 276/151/199 237/147/199 245/147/199 246/150/199
f 245/138/214 237/138/214 236/141/214 240/141/214
f 240/141/208 236/141/208 275/155/208 274/154/208 238/143/208 234/143/208 242/153/208
f 232/143/215 234/143/215 235/145/215 230/145/215
f 276/151/199 280/151/199 271/147/199 237/147/199
f 230/145/199 235/145/199 246/150/199 244/147/199 226/147/199
f 228/141/208 241/141/208 242/153/208 234/143/208 232/143/208
f 234/143/213 238/143/213 239/145/213 235/145/213
f 240/141/208 242/153/208 243/141/208
f 243/141/225 242/153/225 241/141/225
f 244/138/199 246/138/199 247/138/199
f 247/138/199 246/138/199 245/138/199
f 240/141/216 243/141/216 247/138/216 245/138/216
f 243/141/217 241/141/217 244/138/217 247/138/217
f 226/138/218 244/138/218 241/141/218 228/141/218
f 248/138/212 250/141/212 251/140/212 249/139/212
f 250/141/208 254/143/208 255/142/208 251/140/208
f 254/143/213 252/145/213 253/144/213 255/142/213
f 252/145/199 248/147/199 249/146/199 253/144/199
f 255/142/202 253/144/202 249/149/202 251/148/202
f 257/145/199 261/145/199 259/147/199 267/147/199 268/150/199
f 267/138/214 259/138/214 258/141/214 262/141/214
f 262/141/208 258/141/208 260/143/208 256/143/208 264/153/208
f 254/143/215 256/143/215 257/145/215 252/145/215
f 258/156/219 259/157/219 261/145/219 260/143/219
f 252/145/199 257/145/199 268/150/199 266/147/199 248/147/199
f 250/141/208 263/141/208 264/153/208 256/143/208 254/143/208
f 256/143/213 260/143/213 261/145/213 257/145/213
f 262/141/208 264/153/208 265/141/208
f 265/141/225 264/153/225 263/141/225
f 266/138/226 268/138/226 269/138/226
f 269/138/199 268/138/199 267/138/199
f 262/141/222 265/141/222 269/138/222 267/138/222
f 265/141/217 263/141/217 266/138/217 269/138/217
f 248/138/218 266/138/218 263/141/218 250/141/218
f 278/158/219 281/159/219 273/145/219 272/143/219
f 274/154/208 278/154/208 272/143/208 238/143/208
f 238/143/213 272/143/213 273/145/213 239/145/213
f 237/138/214 271/138/214 270/141/214 236/141/214
f 236/141/208 270/141/208 279/155/208 275/155/208
f 280/160/219 288/160/219 289/159/219 281/159/219
f 270/156/219 271/157/219 280/160/219 279/161/219
f 279/161/219 280/160/219 281/159/219 278/158/219
f 239/145/199 273/145/199 281/152/199 277/152/199
f 274/154/213 282/154/213 286/154/213 278/154/213
f 283/155/208 287/155/208 286/154/208 282/154/208
f 285/152/199 289/152/199 288/151/199 284/151/199
f 278/158/219 286/158/219 287/161/219 279/161/219
f 277/152/202 285/152/202 284/151/202 276/151/202
f 281/152/213 289/152/213 285/152/213 277/152/213
f 275/155/202 283/155/202 282/154/202 274/154/202
f 279/155/224 287/155/224 283/155/224 275/155/224
f 276/151/223 284/151/223 288/151/223 280/151/223
g Body_metal
usemtl metal
f 389/210/208 390/211/208 394/269/208 393/270/208 391/271/208 392/272/208
f 395/210/208 396/211/208 400/269/208 399/270/208 397/271/208 398/272/208
f 401/210/199 402/211/199 404/269/199 408/273/199 407/274/199 406/275/199 405/276/199 403/272/199
f 409/210/314 410/211/314 412/163/314 411/174/314
f 425/277/315 416/144/315 413/146/315 424/278/315
f 414/141/316 415/140/316 418/142/316 417/143/316
f 421/145/317 426/279/317 417/143/317 420/143/317
f 423/280/214 424/281/214 413/139/214 415/140/214 414/141/214
f 418/142/318 415/148/318 413/149/318 416/144/318
f 420/143/213 419/142/213 422/144/213 421/145/213
f 416/144/319 425/277/319 421/145/319 422/144/319
f 418/142/320 416/144/320 422/144/320 419/142/320
f 417/143/321 418/142/321 419/142/321 420/143/321
f 425/282/322 426/279/322 421/145/322
f 423/283/323 426/284/323 425/145/323 424/285/323
f 414/156/324 417/143/324 426/284/324 423/283/324
f 431/286/208 432/287/208 430/163/208 429/174/208
f 427/210/208 428/211/208 432/287/208 431/286/208
f 432/287/208 428/211/208 434/211/208 436/287/208
f 427/210/208 431/286/208 435/286/208 433/210/208
f 437/210/199 440/272/199 439/271/199 441/270/199 442/269/199 438/211/199
f 443/210/199 446/272/199 445/271/199 447/270/199 448/269/199 444/211/199
f 449/210/208 451/272/208 453/276/208 454/275/208 455/274/208 456/273/208 452/269/208 450/211/208
f 457/210/325 459/174/325 460/163/325 458/211/325
f 473/277/326 472/278/326 461/146/326 464/144/326
f 462/141/327 465/143/327 466/142/327 463/140/327
f 469/145/328 468/143/328 465/143/328 474/279/328
f 471/280/214 462/141/214 463/140/214 461/139/214 472/281/214
f 466/142/329 464/144/329 461/149/329 463/148/329
f 468/143/213 469/145/213 470/144/213 467/142/213
f 464/144/330 470/144/330 469/145/330 473/277/330
f 466/142/331 467/142/331 470/144/331 464/144/331
f 465/143/332 468/143/332 467/142/332 466/142/332
f 473/282/333 469/145/333 474/279/333
f 471/283/334 472/285/334 473/145/334 474/284/334
f 462/156/335 471/283/335 474/284/335 465/143/335
f 479/286/199 477/174/199 478/163/199 480/287/199
f 475/210/199 479/286/199 480/287/199 476/211/199
f 480/287/199 484/287/199 482/211/199 476/211/199
f 475/210/199 481/210/199 483/286/199 479/286/199
s 1
g Body_mig21_3
usemtl mig21_3
f 497/288/336 486/289/337 489/290/338 498/291/339
f 510/292/340 618/293/341 620/294/342 512/295/343 638/296/344 637/297/344
f 504/298/345 506/299/346 486/300/337 487/301/347
f 615/302/348 616/303/349 488/304/350
f 615/302/348 565/305/351 566/306/352 617/307/353
f 512/295/343 620/294/342 622/308/354 514/309/355
f 617/307/353 566/306/352 560/310/356 619/311/357
f 560/310/356 526/312/358 528/313/359 561/314/360
f 619/311/357 560/310/356 561/314/360 621/315/361
f 630/316/362 597/317/363 562/318/364 623/319/365
f 597/317/363 596/320/366 530/321/367 562/318/364
f 558/322/368 626/323/369 627/324/370 559/325/371
f 542/326/372 547/327/373 549/328/374 532/329/375 531/330/376 492/331/377
f 500/332/208 499/333/208 501/334/208
f 517/335/378 731/336/379 746/337/380 543/338/381
f 595/339/382 590/340/383 492/341/377 531/342/376
f 525/343/384 490/344/385 491/345/386 529/346/387
f 486/289/337 497/288/336 496/347/388 487/348/389
f 565/305/351 497/288/336 498/291/339 566/306/352
f 590/340/390 593/349/391 517/335/378 492/341/392
f 542/350/393 543/338/381 519/351/394 493/352/395
f 490/344/396 513/353/396 515/354/397 491/345/398
f 489/355/338 511/356/399 513/353/396 490/344/396
f 539/357/400 890/358/401 741/359/402
f 486/300/337 506/299/346 511/356/399 489/355/338
f 726/360/403 724/361/403 505/362/404 507/363/405
f 723/364/406 725/365/407 506/299/346 504/298/345
f 511/356/408 728/366/409 729/367/219 513/353/410
f 513/353/410 729/367/219 730/368/219 515/354/397
f 543/338/381 746/337/380 733/369/411 519/351/394
f 593/349/391 784/370/412 731/336/379 517/335/378
f 512/295/413 514/309/414 611/371/415 610/372/416
f 738/373/417 612/374/418 613/375/419 785/376/420
f 785/376/420 613/375/419 523/377/421 739/378/422
f 745/379/423 540/380/424 744/381/425 743/382/425 892/383/425
f 539/384/426 741/385/427 744/386/428 540/387/429
f 739/388/430 523/389/430 524/390/431 742/391/432
f 901/392/433 902/393/434 537/394/435 500/395/435
f 897/396/436 901/392/437 500/395/438 501/397/438
f 900/398/439 897/399/440 501/400/441 499/401/442
f 906/402/443 899/403/444 536/404/445 591/405/446
f 498/291/339 489/290/338 490/406/385 525/407/384 527/408/447
f 534/409/448 535/410/449 533/411/450
f 592/412/208 535/410/449 534/409/448 591/413/208
f 500/332/208 537/414/208 536/415/208 499/333/208
f 905/416/434 903/417/451 535/418/452 592/419/435
f 903/417/451 904/420/453 533/421/454 535/418/452
f 904/422/455 898/423/456 534/424/457 533/425/458
f 899/403/444 900/398/439 499/401/442 536/404/445
f 523/389/421 539/384/426 540/387/429 524/390/459
f 742/426/432 524/427/431 540/380/460 745/379/423
f 516/428/461 538/429/462 539/357/426 523/377/421
f 627/324/370 623/319/365 562/318/364 559/325/371
f 538/429/463 628/430/464 625/431/465 518/432/466
f 492/341/392 517/335/378 543/338/381 542/350/393
f 594/433/467 629/434/468 624/435/469 516/428/470
f 547/436/471 545/437/472 550/438/473 552/439/474
f 546/440/475 544/441/476 502/442/477 541/443/478
f 545/437/472 546/444/479 541/445/480 550/438/473
f 545/446/481 547/327/373 542/326/372 493/447/395
f 552/448/482 553/449/482 551/450/482
f 548/451/483 549/452/484 551/453/484 553/454/485
f 549/455/486 547/436/471 552/439/474 551/456/486
f 544/441/476 548/451/483 553/454/485 502/442/477
f 544/457/487 558/322/368 559/325/371 548/458/488
f 514/309/355 622/308/354 629/434/468 594/433/467
f 563/459/489 565/305/351 615/302/348 488/304/350
f 497/288/336 565/305/351 563/459/489 496/347/388
f 498/291/339 527/408/447 526/312/358 560/310/356 566/306/352
f 532/329/375 549/328/374 548/458/488 559/325/371 562/318/364 530/321/367
f 745/460/490 892/461/490 743/382/490 680/462/490 568/463/490
f 742/426/491 745/379/492 568/464/492 567/465/493
f 506/466/346 725/467/407 728/468/409 511/469/408
f 594/433/494 516/428/461 523/377/421 614/470/495
f 516/428/470 624/435/469 628/430/464 538/429/463
f 902/393/434 905/416/434 592/419/435 537/394/435
f 537/414/208 592/412/208 591/413/208 536/415/208
f 898/423/456 906/402/443 591/405/446 534/424/457
f 514/309/414 594/433/494 614/470/495 611/371/415
f 515/354/397 730/368/219 784/370/412 593/349/391
f 590/471/383 595/472/382 529/473/387 491/474/386
f 561/314/360 528/313/359 596/320/366 597/317/363
f 621/315/361 561/314/360 597/317/363 630/316/362
f 491/475/398 515/476/397 593/477/391 590/478/390
f 603/479/496 602/480/496 604/481/496 605/482/496
f 553/449/497 552/448/497 602/480/497 603/479/497
f 737/483/498 609/484/499 612/374/418 738/373/417
f 510/292/340 640/485/500 589/486/501 507/363/405
f 613/375/419 614/470/495 523/377/421
f 610/372/416 611/371/415 612/374/418 609/484/499
f 611/371/415 614/470/495 613/375/419 612/374/418
f 488/304/350 616/303/349 507/363/405 505/362/404
f 618/293/341 616/303/349 615/302/348 617/307/353
f 617/307/353 619/311/357 620/294/342 618/293/341
f 622/308/354 620/294/342 619/311/357 621/315/361
f 630/316/362 623/319/365 624/435/469 629/434/468
f 628/430/464 624/435/469 623/319/365 627/324/370
f 625/431/465 628/430/464 627/324/370 626/323/369
f 621/315/361 630/316/362 629/434/468 622/308/354
f 507/363/405 616/303/349 618/293/341 510/292/340
f 726/360/502 507/363/503 917/487/502
f 653/488/504 654/489/505 645/490/506 642/491/507
f 665/492/508 836/493/509 837/494/509 667/495/510 816/496/511 814/497/512
f 660/498/513 643/499/514 642/500/507 662/501/515
f 811/502/516 644/503/517 812/504/518
f 811/502/516 813/505/519 721/506/520 720/507/521
f 667/495/510 669/508/522 818/509/523 816/496/511
f 813/505/519 815/510/524 715/511/525 721/506/520
f 715/511/525 716/512/526 684/513/527 682/514/528
f 815/510/524 817/515/529 716/512/526 715/511/525
f 826/516/530 819/517/531 717/518/532 788/519/533
f 788/519/533 717/518/532 686/520/534 787/521/535
f 713/522/536 714/523/537 823/524/538 822/525/539
f 697/526/540 648/527/541 687/528/542 688/529/543 704/530/544 702/531/545
f 656/532/199 657/533/199 655/534/199
f 672/535/546 698/536/547 746/337/380 731/336/379
f 786/537/548 687/538/542 648/539/541 779/540/549
f 681/541/550 685/542/551 647/543/552 646/544/553
f 642/491/507 643/545/554 652/546/555 653/488/504
f 720/507/521 721/506/520 654/489/505 653/488/504
f 779/540/556 648/539/557 672/535/546 782/547/558
f 697/548/559 649/549/560 674/550/561 698/536/547
f 646/544/562 647/543/563 670/551/564 668/552/562
f 645/553/506 646/544/562 668/552/562 666/554/565
f 695/555/566 679/556/567 891/557/568
f 642/500/507 645/553/506 666/554/565 662/501/515
f 726/558/403 835/559/569 661/560/570 724/561/403
f 723/364/406 660/498/513 662/501/515 725/365/407
f 666/554/571 668/552/572 729/367/219 728/366/409
f 668/552/572 670/551/564 730/368/219 729/367/219
f 698/536/547 674/550/561 733/369/411 746/337/380
f 782/547/558 672/535/546 731/336/379 784/370/412
f 679/562/573 680/563/574 743/564/575 740/565/575
f 667/495/576 806/566/577 807/567/578 669/508/579
f 738/568/580 785/569/420 809/570/581 808/571/582
f 785/569/420 739/572/422 678/573/583 809/570/581
f 680/574/584 892/575/585 893/576/586 895/577/586
f 695/578/587 568/579/588 680/580/574 679/581/573
f 739/582/589 742/583/491 567/584/493 678/585/589
f 911/586/590 656/587/591 693/588/591 912/589/592
f 907/590/593 657/591/594 656/587/594 911/586/595
f 910/592/596 655/593/597 657/594/598 907/595/599
f 916/596/600 780/597/601 692/598/602 909/599/603
f 654/489/505 683/600/604 681/601/550 646/602/553 645/490/506
f 690/603/605 689/604/606 691/605/607
f 781/606/199 780/607/199 690/603/605 691/605/607
f 656/532/199 655/534/199 692/608/199 693/609/199
f 915/610/592 781/611/591 691/612/608 913/613/609
f 913/613/609 691/612/608 689/614/610 914/615/611
f 914/616/612 689/617/613 690/618/614 908/619/615
f 909/599/603 692/598/602 655/593/597 910/592/596
f 678/585/583 567/584/616 568/579/588 695/578/587
f 671/620/617 678/573/583 695/555/587 694/621/618
f 823/524/538 714/523/537 717/518/532 819/517/531
f 694/621/619 673/622/620 821/623/621 824/624/622
f 648/539/557 697/548/559 698/536/547 672/535/546
f 783/625/623 671/620/624 820/626/625 825/627/626
f 702/628/627 707/629/628 705/630/629 700/631/630
f 701/632/631 696/633/632 658/634/633 699/635/634
f 700/631/630 705/630/629 696/636/635 701/637/635
f 700/638/636 649/639/560 697/526/540 702/531/545
f 707/640/637 706/641/637 708/642/637
f 703/643/638 708/644/639 706/645/640 704/646/640
f 704/647/641 706/648/641 707/629/628 702/628/627
f 699/635/634 658/634/633 708/644/639 703/643/638
f 699/649/642 703/650/643 714/523/537 713/522/536
f 669/508/522 783/625/623 825/627/626 818/509/523
f 718/651/644 644/503/517 811/502/516 720/507/521
f 653/488/504 652/546/555 718/651/644 720/507/521
f 654/489/505 721/506/520 715/511/525 682/514/528 683/600/604
f 688/529/543 686/520/534 717/518/532 714/523/537 703/650/643 704/530/544
f 741/652/427 740/653/645 743/654/645 744/655/428
f 892/575/646 744/656/646 896/657/646 893/576/646
f 662/658/515 666/659/571 728/468/409 725/467/407
f 783/625/647 810/660/648 678/573/583 671/620/617
f 671/620/624 694/621/619 824/624/622 820/626/625
f 912/589/592 693/588/591 781/611/591 915/610/592
f 693/609/199 692/608/199 780/607/199 781/606/199
f 908/619/615 690/618/614 780/597/601 916/596/600
f 669/508/579 807/567/578 810/660/648 783/625/647
f 670/551/564 782/547/558 784/370/412 730/368/219
f 779/661/549 647/662/552 685/663/551 786/664/548
f 716/512/526 788/519/533 787/521/535 684/513/527
f 817/515/529 826/516/530 788/519/533 716/512/526
f 647/665/563 779/666/556 782/667/558 670/668/564
f 794/669/649 796/670/649 795/671/649 793/672/649
f 708/642/650 794/669/650 793/672/650 707/640/650
f 731/673/199 746/674/199 804/675/199 803/676/199 802/677/199 801/678/199 800/679/199
f 737/680/651 738/568/580 808/571/582 805/681/652
f 665/492/508 835/559/569 778/682/653 840/683/654
f 809/570/581 678/573/583 810/660/648
f 806/566/577 805/681/652 808/571/582 807/567/578
f 807/567/578 808/571/582 809/570/581 810/660/648
f 644/503/517 661/560/570 835/559/569 812/504/518
f 814/497/512 813/505/519 811/502/516 812/504/518
f 813/505/519 814/497/512 816/496/511 815/510/524
f 818/509/523 817/515/529 815/510/524 816/496/511
f 826/516/530 825/627/626 820/626/625 819/517/531
f 824/624/622 823/524/538 819/517/531 820/626/625
f 821/623/621 822/525/539 823/524/538 824/624/622
f 817/515/529 818/509/523 825/627/626 826/516/530
f 835/559/569 665/492/508 814/497/512 812/504/518
f 726/558/502 917/684/502 835/559/655
f 842/685/656 843/686/656 841/687/656
f 844/688/657 847/689/657 846/690/657 845/691/657
f 696/692/658 705/693/658 844/694/658 845/695/658
f 538/429/462 518/432/659 890/358/660 539/357/426
f 694/621/618 695/555/587 891/557/661 673/622/662
f 745/696/663 892/697/585 680/698/664 568/699/663
f 893/576/665 894/700/665 895/577/665
f 893/576/666 896/657/666 894/700/666
f 743/701/667 680/574/667 895/577/667 894/700/667
f 744/656/668 743/701/668 894/700/668 896/657/668
f 530/702/669 596/703/670 906/402/443 898/423/456
f 529/704/671 595/705/671 905/416/434 902/393/434
f 528/706/672 526/707/673 900/398/439 899/403/444
f 532/708/674 530/702/669 898/423/456 904/422/455
f 531/709/675 532/710/676 904/420/453 903/417/451
f 595/705/671 531/709/675 903/417/451 905/416/434
f 596/703/670 528/706/672 899/403/444 906/402/443
f 526/707/673 527/711/677 897/399/440 900/398/439
f 527/712/678 525/713/678 901/392/437 897/396/436
f 525/713/671 529/704/671 902/393/434 901/392/433
f 686/714/679 908/619/615 916/596/600 787/715/680
f 685/716/681 912/589/592 915/610/592 786/717/681
f 684/718/682 909/599/603 910/592/596 682/719/683
f 688/720/684 914/616/612 908/619/615 686/714/679
f 687/721/685 913/613/609 914/615/611 688/722/686
f 786/717/681 915/610/592 913/613/609 687/721/685
f 787/715/680 916/596/600 909/599/603 684/718/682
f 682/719/683 910/592/596 907/595/599 683/723/687
f 683/724/688 907/590/593 911/586/595 681/725/688
f 681/725/681 911/586/590 912/589/592 685/716/681
f 917/487/689 507/363/405 589/486/501 777/726/689
f 835/559/569 917/684/689 777/727/689 778/682/653
g Body_dziob
usemtl dziob
f 555/728/690 564/729/691 631/730/692 636/731/693
f 722/732/694 633/733/695 635/734/696
f 509/735/697 727/736/698 832/737/699 635/734/696
f 722/732/694 632/738/700 634/739/701
f 564/740/691 555/741/690 572/742/702 571/743/703
f 555/741/690 554/744/704 578/745/705 572/742/702
f 747/746/706 508/747/707 632/738/700 831/748/708
f 485/749/709 633/733/695 631/730/692 564/729/691
f 727/750/698 509/751/697 582/752/710 768/753/711
f 554/744/704 508/754/707 577/755/712 578/745/713
f 571/743/703 579/756/714 485/757/709 564/740/691
f 508/754/707 747/758/706 765/759/715 577/755/712
f 509/751/697 485/757/709 579/756/714 582/752/710
f 554/760/704 555/728/690 636/731/693 634/739/701
f 831/748/708 632/738/700 722/732/694
f 635/734/696 633/733/695 485/749/709 509/735/697
f 635/734/696 832/737/699 722/732/694
f 636/731/693 722/732/694 634/739/701
f 632/738/700 508/747/707 554/760/704 634/739/701
f 636/731/693 631/730/692 722/732/694
f 633/733/695 722/732/694 631/730/692
f 710/761/716 834/762/717 827/763/718 719/764/719
f 722/732/694 833/765/720 829/766/721
f 664/767/722 833/765/720 832/737/699 727/736/698
f 722/732/694 830/768/723 828/769/724
f 719/770/719 753/771/725 754/772/726 710/773/716
f 710/773/716 754/772/726 760/774/727 709/775/728
f 747/746/706 831/748/708 828/769/724 663/776/729
f 641/777/730 719/764/719 827/763/718 829/766/721
f 727/750/698 768/753/711 766/778/731 664/779/722
f 709/775/728 760/774/732 759/780/733 663/781/729
f 753/771/725 719/770/719 641/782/730 761/783/734
f 663/781/729 759/780/733 765/759/715 747/758/706
f 664/779/722 766/778/731 761/783/734 641/782/730
f 709/784/728 830/768/723 834/762/717 710/761/716
f 831/748/708 722/732/694 828/769/724
f 833/765/720 664/767/722 641/777/730 829/766/721
f 833/765/720 722/732/694 832/737/699
f 834/762/717 830/768/723 722/732/694
f 828/769/724 830/768/723 709/784/728 663/776/729
f 834/762/717 722/732/694 827/763/718
f 829/766/721 827/763/718 722/732/694
g Body_glow
usemtl glow
f 887/1036/213 886/1037/213 879/1038/213 878/1039/213 880/1040/213 883/1041/213 877/1042/213 876/1043/213 882/1044/213 881/1045/213 888/1046/213 884/1047/213 885/1048/213 889/1049/213
s 0
g Body_grey_.002
usemtl grey_.002
f 945/138/949 946/139/949 948/140/949 947/141/949
f 947/141/950 948/140/950 952/142/950 951/143/950
f 951/143/951 952/142/951 950/144/951 949/145/951
f 946/139/952 945/138/952 953/138/952 954/139/952
f 947/156/953 951/143/953 949/145/953 945/157/953
f 952/142/954 948/148/954 946/149/954 950/144/954
f 956/145/955 955/144/955 954/146/955 953/147/955
f 956/145/956 953/147/956 959/147/956 960/145/956
f 950/144/957 946/149/957 954/149/957 955/144/957
f 949/145/958 950/144/958 955/144/958 956/145/958
f 958/145/959 960/145/959 964/145/959 962/145/959
f 945/157/960 949/145/960 958/145/960 957/157/960
f 949/145/961 956/145/961 960/145/961 958/145/961
f 953/138/962 945/138/962 957/138/962 959/138/962
f 961/157/963 962/145/963 964/145/963 963/157/963
f 960/145/964 959/147/964 963/147/964 964/145/964
f 959/138/965 957/138/965 961/138/965 963/138/965
f 962/145/966 961/157/966 967/157/966 968/145/966
f 965/157/967 966/145/967 968/145/967 967/157/967
f 961/138/968 957/138/968 965/138/968 967/138/968
f 958/145/969 962/145/969 968/145/969 966/145/969
f 957/157/970 958/145/970 966/145/970 965/157/970
f 1012/138/971 1014/141/971 1015/140/971 1013/139/971
f 1014/141/972 1018/143/972 1019/142/972 1015/140/972
f 1018/143/973 1016/145/973 1017/144/973 1019/142/973
f 1013/139/974 1021/139/974 1020/138/974 1012/138/974
f 1014/156/975 1012/157/975 1016/145/975 1018/143/975
f 1019/142/976 1017/144/976 1013/149/976 1015/148/976
f 1023/145/977 1020/147/977 1021/146/977 1022/144/977
f 1023/145/978 1027/145/978 1026/147/978 1020/147/978
f 1017/144/979 1022/144/979 1021/149/979 1013/149/979
f 1016/145/980 1023/145/980 1022/144/980 1017/144/980
f 1025/145/981 1029/145/981 1031/145/981 1027/145/981
f 1012/157/982 1024/157/982 1025/145/982 1016/145/982
f 1016/145/983 1025/145/983 1027/145/983 1023/145/983
f 1020/138/984 1026/138/984 1024/138/984 1012/138/984
f 1028/157/985 1030/157/985 1031/145/985 1029/145/985
f 1027/145/986 1031/145/986 1030/147/986 1026/147/986
f 1026/138/987 1030/138/987 1028/138/987 1024/138/987
f 1029/145/988 1035/145/988 1034/157/988 1028/157/988
f 1032/157/989 1034/157/989 1035/145/989 1033/145/989
f 1028/138/990 1034/138/990 1032/138/990 1024/138/990
f 1025/145/991 1033/145/991 1035/145/991 1029/145/991
f 1024/157/992 1032/157/992 1033/145/992 1025/145/992
g Body_grey_dark.001
usemtl grey_dark.001
f 921/144/208 920/145/208 922/145/208 923/144/208
f 920/145/208 921/144/208 919/146/208 918/147/208
f 924/1050/993 927/1051/993 920/145/993 918/157/993
f 925/1052/994 926/1053/994 919/149/994 921/144/994
f 924/1054/995 926/1055/995 974/1056/995 973/1057/995
f 929/1051/996 928/1052/996 923/144/996 922/145/996
f 1008/1058/997 942/1052/997 930/1052/997 991/1058/997
f 927/1051/993 975/1059/993 979/1059/993 929/1051/993
f 920/145/993 927/1051/993 929/1051/993 922/145/993
f 941/144/998 940/1052/998 932/1052/998 933/144/998
f 979/1059/999 980/1058/999 928/1052/999 929/1051/999
f 918/138/1000 919/139/1000 926/1055/1000 924/1054/1000
f 976/1058/1001 974/1060/1001 926/1053/1001 925/1052/1001
f 973/1061/993 975/1059/993 927/1051/993 924/1050/993
f 930/1052/1002 931/144/1002 933/144/1002 932/1052/1002
f 930/1052/1003 932/1052/1003 935/1052/1003 934/1052/1003
f 943/144/1004 941/144/1004 933/144/1004 931/144/1004
f 940/1052/1005 928/1052/1005 938/1052/1005 944/1052/1005
f 942/1052/1006 943/144/1006 931/144/1006 930/1052/1006
f 993/1058/1007 934/1052/1007 935/1052/1007 994/1058/1007
f 930/1052/1008 934/1052/1008 937/1052/1008 936/1052/1008
f 932/1052/1009 992/1058/1009 994/1058/1009 935/1052/1009
f 997/1058/1010 936/1052/1010 937/1052/1010 999/1058/1010
f 991/1058/1011 930/1052/1011 936/1052/1011 997/1058/1011
f 934/1052/1012 993/1058/1012 999/1058/1012 937/1052/1012
f 944/1052/1013 1011/1058/1013 1004/1058/1013 939/1052/1013
f 992/1058/1014 932/1052/1014 939/1052/1014 1004/1058/1014
f 928/1052/1015 980/1058/1015 1001/1058/1015 938/1052/1015
f 938/1052/1016 1001/1058/1016 1011/1058/1016 944/1052/1016
f 925/1052/1017 921/144/1017 943/144/1017 942/1052/1017
f 932/1052/1018 940/1052/1018 944/1052/1018 939/1052/1018
f 921/144/1019 923/144/1019 941/144/1019 943/144/1019
f 923/144/1020 928/1052/1020 940/1052/1020 941/144/1020
f 976/1058/1021 925/1052/1021 942/1052/1021 1008/1058/1021
f 972/144/199 978/144/199 977/145/199 971/145/199
f 971/145/199 969/147/199 970/146/199 972/144/199
f 981/1050/993 969/157/993 971/145/993 984/1051/993
f 982/1052/1022 972/144/1022 970/149/1022 983/1053/1022
f 981/1054/995 973/1057/995 974/1056/995 983/1055/995
f 986/1051/1023 977/145/1023 978/144/1023 985/1052/1023
f 1008/1058/1024 991/1058/1024 987/1052/1024 1007/1052/1024
f 984/1051/993 986/1051/993 979/1059/993 975/1059/993
f 971/145/993 977/145/993 986/1051/993 984/1051/993
f 1006/144/1025 990/144/1025 989/1052/1025 1005/1052/1025
f 979/1059/999 986/1051/999 985/1052/999 980/1058/999
f 969/138/1026 981/1054/1026 983/1055/1026 970/139/1026
f 976/1058/1027 982/1052/1027 983/1053/1027 974/1060/1027
f 973/1061/993 981/1050/993 984/1051/993 975/1059/993
f 987/1052/1028 989/1052/1028 990/144/1028 988/144/1028
f 987/1052/1029 995/1052/1029 996/1052/1029 989/1052/1029
f 1009/144/1030 988/144/1030 990/144/1030 1006/144/1030
f 1005/1052/1031 1010/1052/1031 1002/1052/1031 985/1052/1031
f 1007/1052/1032 987/1052/1032 988/144/1032 1009/144/1032
f 993/1058/1033 994/1058/1033 996/1052/1033 995/1052/1033
f 987/1052/1034 998/1052/1034 1000/1052/1034 995/1052/1034
f 989/1052/1009 996/1052/1009 994/1058/1009 992/1058/1009
f 997/1058/1035 999/1058/1035 1000/1052/1035 998/1052/1035
f 991/1058/1036 997/1058/1036 998/1052/1036 987/1052/1036
f 995/1052/1037 1000/1052/1037 999/1058/1037 993/1058/1037
f 1010/1052/1013 1003/1052/1013 1004/1058/1013 1011/1058/1013
f 992/1058/1014 1004/1058/1014 1003/1052/1014 989/1052/1014
f 985/1052/1015 1002/1052/1015 1001/1058/1015 980/1058/1015
f 1002/1052/1016 1010/1052/1016 1011/1058/1016 1001/1058/1016
f 982/1052/1038 1007/1052/1038 1009/144/1038 972/144/1038
f 989/1052/1039 1003/1052/1039 1010/1052/1039 1005/1052/1039
f 972/144/1040 1009/144/1040 1006/144/1040 978/144/1040
f 978/144/1041 1006/144/1041 1005/1052/1041 985/1052/1041
f 976/1058/1042 1008/1058/1042 1007/1052/1042 982/1052/1042
