# Blender 4.2.14 LTS
# www.blender.org
mtllib M144.mtl
g FFG02QGSUW3QAA6NMZ4CSOY21_FFG02QGSUW3QAA6NMZ4CSOY21
v -0.181519 -0.010724 -0.400421
v -0.065702 -0.010175 -0.400150
v -0.065701 -0.012706 -0.400052
v -0.181519 -0.012465 -0.400052
v -0.181519 -0.010724 -0.400421
v -0.181529 -0.012328 -0.396072
v -0.181529 -0.010589 -0.396441
v -0.181519 -0.010724 -0.400421
v -0.181519 -0.012465 -0.400052
v -0.065701 -0.012706 -0.400052
v -0.065712 -0.012571 -0.396072
v -0.181529 -0.012328 -0.396072
v -0.181519 -0.012465 -0.400052
v -0.181519 -0.010724 -0.400421
v -0.181529 -0.010589 -0.396441
v -0.065712 -0.010039 -0.396167
v -0.065702 -0.010175 -0.400150
v -0.181529 -0.010589 -0.396441
v -0.181529 -0.012328 -0.396072
v -0.065712 -0.012571 -0.396072
v -0.065712 -0.010039 -0.396167
v -0.517746 -0.024342 -0.204045
v -0.512665 -0.022334 -0.204044
v -0.180435 -0.010917 -0.397360
v -0.180532 -0.011261 -0.397429
v -0.512766 -0.026350 -0.204045
v -0.517746 -0.024342 -0.204045
v -0.180532 -0.011261 -0.397429
v -0.180435 -0.011603 -0.396995
v -0.480160 -0.027094 -0.203991
v -0.473484 -0.029747 -0.204000
v -0.517814 -0.037153 -0.159846
v -0.524520 -0.031615 -0.159846
v -0.473423 -0.024441 -0.203983
v -0.480160 -0.027094 -0.203991
v -0.524520 -0.031615 -0.159846
v -0.517814 -0.026079 -0.159846
v -0.480160 -0.027094 -0.203991
v -0.473423 -0.024441 -0.203983
v -0.512665 -0.022334 -0.204044
v -0.517746 -0.024342 -0.204045
v -0.473484 -0.029747 -0.204000
v -0.512766 -0.026350 -0.204045
v -0.212024 -0.027539 -0.159846
v -0.143479 -0.035930 -0.159846
v -0.088611 -0.010973 -0.397041
v -0.088611 -0.010973 -0.397041
v -0.143479 -0.035930 -0.159846
v -0.212022 -0.041045 -0.159846
v -0.282234 -0.023095 -0.159846
v -0.284631 -0.042211 -0.159846
v -0.212022 -0.041045 -0.159846
v -0.212024 -0.027539 -0.159846
v -0.415656 -0.021667 -0.159846
v -0.415656 -0.040936 -0.159846
v -0.517814 -0.037153 -0.159846
v -0.517814 -0.026079 -0.159846
v -0.065712 -0.012571 -0.396072
v -0.065701 -0.012706 -0.400052
v -0.284631 -0.042211 -0.159846
v -0.415656 -0.021667 -0.159846
v -0.415656 -0.040936 -0.159846
v -0.282234 -0.023095 -0.159846
v -0.143479 -0.035930 -0.159846
v -0.524520 -0.031615 -0.159846
v -0.181519 -0.010724 0.400421
v -0.181519 -0.012465 0.400052
v -0.065701 -0.012706 0.400052
v -0.065702 -0.010175 0.400150
v -0.181529 -0.012328 0.396072
v -0.181519 -0.012465 0.400052
v -0.181519 -0.010724 0.400421
v -0.181529 -0.010589 0.396441
v -0.065701 -0.012706 0.400052
v -0.181519 -0.012465 0.400052
v -0.181529 -0.012328 0.396072
v -0.065712 -0.012571 0.396072
v -0.181519 -0.010724 0.400421
v -0.065702 -0.010175 0.400150
v -0.065712 -0.010039 0.396167
v -0.181529 -0.010589 0.396441
v -0.181529 -0.010589 0.396441
v -0.065712 -0.010039 0.396167
v -0.065712 -0.012571 0.396072
v -0.181529 -0.012328 0.396072
v -0.517746 -0.024342 0.204045
v -0.180532 -0.011261 0.397429
v -0.180435 -0.010917 0.397360
v -0.512665 -0.022334 0.204044
v -0.512766 -0.026350 0.204045
v -0.180435 -0.011603 0.396995
v -0.180532 -0.011261 0.397429
v -0.517746 -0.024342 0.204045
v -0.480160 -0.027094 0.203991
v -0.524520 -0.031615 0.159846
v -0.517814 -0.037153 0.159846
v -0.473484 -0.029747 0.204000
v -0.473423 -0.024441 0.203983
v -0.517814 -0.026079 0.159846
v -0.524520 -0.031615 0.159846
v -0.480160 -0.027094 0.203991
v -0.480160 -0.027094 0.203991
v -0.517746 -0.024342 0.204045
v -0.512665 -0.022334 0.204044
v -0.473423 -0.024441 0.203983
v -0.473484 -0.029747 0.204000
v -0.512766 -0.026350 0.204045
v -0.212024 -0.027539 0.159846
v -0.088611 -0.010973 0.397041
v -0.143479 -0.035930 0.159846
v -0.088611 -0.010973 0.397041
v -0.212022 -0.041045 0.159846
v -0.143479 -0.035930 0.159846
v -0.212022 -0.041045 0.159846
v -0.284631 -0.042211 0.159845
v -0.282234 -0.023095 0.159845
v -0.212024 -0.027539 0.159846
v -0.415656 -0.021667 0.159846
v -0.415656 -0.040936 0.159846
v -0.517814 -0.037153 0.159846
v -0.517814 -0.026079 0.159846
v -0.065701 -0.012706 0.400052
v -0.065712 -0.012571 0.396072
v -0.284631 -0.042211 0.159845
v -0.415656 -0.021667 0.159846
v -0.415656 -0.040936 0.159846
v -0.282234 -0.023095 0.159845
v -0.143479 -0.035930 0.159846
v -0.524520 -0.031615 0.159846
v 0.767687 -0.093326 0.863402
v 0.479170 -0.087090 0.590643
v 0.424806 -0.087906 0.588897
v 0.725037 -0.093649 0.863391
v 0.413526 -0.092240 0.588674
v 0.716888 -0.094883 0.863142
v 0.165656 -0.083351 0.352963
v 0.218112 -0.083351 0.352963
v 0.152456 -0.090291 0.352739
v 0.408943 -0.099349 0.588897
v 0.715436 -0.098892 0.863338
v 0.145953 -0.100007 0.352963
v 0.767687 -0.095047 0.863369
v 0.725347 -0.095365 0.863020
v 0.425208 -0.089620 0.588427
v 0.479054 -0.089628 0.588864
v 0.414508 -0.093368 0.587575
v 0.717868 -0.096011 0.862041
v 0.166059 -0.085065 0.352493
v 0.218112 -0.085072 0.352931
v 0.153390 -0.091376 0.351699
v 0.410028 -0.099941 0.587690
v 0.716544 -0.099354 0.862103
v 0.147002 -0.100720 0.351796
v 0.165656 -0.083351 0.352963
v 0.218112 -0.083351 0.352963
v 0.218112 -0.085072 0.352931
v 0.166059 -0.085065 0.352493
v 0.725037 -0.093649 0.863391
v 0.725347 -0.095365 0.863020
v 0.767687 -0.095047 0.863369
v 0.767687 -0.093326 0.863402
v 0.767687 -0.095047 0.863369
v 0.479054 -0.089628 0.588864
v 0.479170 -0.087090 0.590643
v 0.767687 -0.093326 0.863402
v 0.153390 -0.091376 0.351699
v 0.152456 -0.090291 0.352739
v 0.715436 -0.098892 0.863338
v 0.408943 -0.099349 0.588897
v 0.716888 -0.094883 0.863142
v 0.717868 -0.096011 0.862041
v 0.479054 -0.089628 0.588864
v 0.218112 -0.085072 0.352931
v 0.218112 -0.083351 0.352963
v 0.479170 -0.087090 0.590643
v 0.145953 -0.100007 0.352963
v 0.147002 -0.100720 0.351796
v 0.145953 -0.100007 0.352963
v 0.716544 -0.099354 0.862103
v 0.715436 -0.098892 0.863338
v 1.106376 0.156000 -0.402730
v 1.039412 0.156065 -0.394194
v 1.039278 -0.077104 -0.322604
v 1.122664 -0.066522 -0.335159
v 1.106376 0.156000 -0.402730
v 1.122664 -0.066522 -0.335159
v 1.039278 -0.080659 -0.334270
v 1.039412 0.155976 -0.405860
v 1.106376 0.156000 -0.402730
v 1.039412 0.155976 -0.405860
v 1.039412 0.156065 -0.394194
v 1.039278 -0.077104 -0.322604
v 1.039278 -0.080659 -0.334270
v 1.039278 -0.077104 -0.322604
v 1.039412 0.156065 -0.394194
v 1.039412 0.155976 -0.405860
v -0.535076 -0.019415 -0.026256
v -0.528265 -0.043716 -0.026256
v -0.587671 -0.043716 -0.026256
v -0.587671 -0.009998 -0.026256
v -0.587671 -0.043716 0.026256
v -0.528265 -0.043716 0.026256
v -0.535076 -0.019415 0.026256
v -0.587671 -0.009998 0.026256
v -0.502545 0.091983 0.026256
v -0.519522 0.091983 0.021005
v -0.519522 0.091983 0.026256
v -0.530012 0.086143 0.021005
v -0.530195 0.066458 0.021005
v -0.530195 0.066458 0.026256
v -0.530012 0.086143 0.026256
v -0.519038 0.054946 0.021005
v -0.519038 0.054946 0.026256
v -0.519038 0.054946 -0.021530
v -0.519038 0.054946 -0.026256
v -0.535076 -0.019415 -0.026256
v -0.587671 -0.009998 0.026256
v -0.587671 -0.009998 -0.026256
v -0.587671 -0.043716 -0.026256
v -0.587671 -0.043716 0.026256
v -0.587671 -0.043716 -0.026256
v -0.528265 -0.043716 -0.026256
v -0.502545 0.066458 -0.026256
v -0.502545 0.066458 0.026256
v -0.522604 0.066458 0.012498
v -0.522420 0.086143 0.012498
v -0.510818 0.091983 0.012498
v -0.530195 0.066458 -0.021530
v -0.530195 0.066458 -0.026256
v -0.530012 0.086143 -0.026256
v -0.530012 0.086143 -0.021530
v -0.519522 0.091983 -0.021530
v -0.519522 0.091983 -0.026256
v -0.522604 0.066458 -0.013023
v -0.522420 0.086143 -0.013023
v -0.510818 0.091983 -0.013023
v -0.502545 0.091983 -0.026256
v -0.535076 -0.019415 0.026256
v -0.587671 -0.009998 -0.026256
v -0.587671 -0.009998 0.026256
v -0.504933 0.081735 -0.018139
v -0.504113 0.081202 0.019373
v -0.485190 0.069953 0.018799
v -0.486010 0.070487 -0.018713
v -0.510719 -0.036953 0.017837
v -0.511539 -0.036419 -0.019676
v -0.532826 -0.039037 0.018289
v -0.533645 -0.038503 -0.019222
v -0.532826 -0.039037 0.018289
v -0.504113 0.081202 0.019373
v -0.511539 -0.036419 -0.019676
v -0.533645 -0.038503 -0.019222
v -0.504933 0.081735 -0.018139
v -0.486010 0.070487 -0.018713
v -0.502545 0.066458 -0.026256
v -0.519038 0.054946 -0.026256
v -0.530195 0.066458 -0.026256
v -0.530012 0.086143 -0.026256
v -0.519522 0.091983 -0.026256
v -0.502545 0.091983 -0.026256
v -0.502545 0.066458 0.026256
v -0.502545 0.091983 0.026256
v -0.519522 0.091983 0.026256
v -0.530012 0.086143 0.026256
v -0.530195 0.066458 0.026256
v -0.519038 0.054946 0.026256
v -0.535076 -0.019415 -0.026256
v -0.528265 -0.043716 -0.026256
v -0.535076 -0.019415 0.026256
v -0.528265 -0.043716 0.026256
v 0.934552 -0.098701 -0.361778
v 0.934086 -0.097329 -0.599554
v 0.821005 -0.086291 -0.590839
v 0.808717 -0.088313 -0.353962
v 0.808717 -0.088313 -0.353962
v 0.821005 -0.086291 -0.590839
v 0.821005 -0.108538 -0.590777
v 0.803996 -0.115316 -0.353962
v 0.934086 -0.097329 -0.599554
v 0.934552 -0.098701 -0.361778
v 0.803996 -0.115316 -0.353962
v 0.821005 -0.108538 -0.590777
v 0.808717 -0.088313 -0.353962
v 0.803996 -0.115316 -0.353962
v 0.934552 -0.098701 -0.361778
v 0.934086 -0.097329 -0.599554
v 0.821005 -0.108538 -0.590777
v 0.821005 -0.086291 -0.590839
v 1.186028 -0.101640 0.217586
v 1.132266 -0.099009 0.193471
v 1.057430 -0.097183 0.305249
v 1.186082 -0.101560 0.305249
v 1.186028 -0.101640 0.217586
v 1.186082 -0.101560 0.305249
v 1.057430 -0.105548 0.305249
v 1.132266 -0.104328 0.193596
v 1.078787 -0.109886 0.216897
v 1.109070 -0.106404 0.214586
v 1.109046 -0.105433 0.215930
v 1.078765 -0.108294 0.219264
v 1.078809 -0.111435 0.212723
v 1.109089 -0.107000 0.212542
v 1.078787 -0.109866 0.208585
v 1.109070 -0.106374 0.210549
v 1.108995 -0.103650 0.216742
v 1.078720 -0.104953 0.220433
v 1.109042 -0.105377 0.209241
v 1.078765 -0.108260 0.206234
v 1.078720 -0.104981 0.205143
v 1.108995 -0.103664 0.208545
v 1.057290 -0.109438 0.220693
v 1.057248 -0.105743 0.222082
v 1.057329 -0.113188 0.213041
v 1.057306 -0.111343 0.218038
v 1.057306 -0.111365 0.208047
v 1.057290 -0.109464 0.205390
v 1.057248 -0.105775 0.203993
v 1.054778 -0.106257 0.220775
v 1.054824 -0.109419 0.219589
v 1.054842 -0.111050 0.217316
v 1.054869 -0.112627 0.213041
v 1.054842 -0.111067 0.208766
v 1.054824 -0.109442 0.206494
v 1.054777 -0.106285 0.205298
v 1.052544 -0.107086 0.218712
v 1.052600 -0.109404 0.217841
v 1.052623 -0.110601 0.216175
v 1.052654 -0.111757 0.213040
v 1.052623 -0.110613 0.209904
v 1.052600 -0.109420 0.208239
v 1.052544 -0.107105 0.207361
v 1.052544 -0.107105 0.207361
v 1.052600 -0.109420 0.208239
v 1.052600 -0.109404 0.217841
v 1.052544 -0.107086 0.218712
v 1.052623 -0.110601 0.216175
v 1.052623 -0.110613 0.209904
v 1.109333 -0.095961 0.211487
v 1.078994 -0.092989 0.209176
v 1.078987 -0.091440 0.213347
v 1.109339 -0.095365 0.213530
v 1.078994 -0.093009 0.217488
v 1.109333 -0.095991 0.215524
v 1.109302 -0.098716 0.209330
v 1.079007 -0.097922 0.205640
v 1.078999 -0.094581 0.206808
v 1.109322 -0.096931 0.210143
v 1.109319 -0.096989 0.216832
v 1.078999 -0.094615 0.219840
v 1.079007 -0.097895 0.220929
v 1.109302 -0.098702 0.217529
v 1.057505 -0.093798 0.205380
v 1.057528 -0.097493 0.203993
v 1.057482 -0.090049 0.213032
v 1.057491 -0.091893 0.208035
v 1.057491 -0.091873 0.218027
v 1.057505 -0.093772 0.220684
v 1.057528 -0.097462 0.222082
v 1.055048 -0.097020 0.205298
v 1.055041 -0.093859 0.206484
v 1.055032 -0.092229 0.208757
v 1.055032 -0.090651 0.213032
v 1.055032 -0.092210 0.217307
v 1.055041 -0.093837 0.219579
v 1.055048 -0.096994 0.220775
v 1.052801 -0.096230 0.207361
v 1.052818 -0.093911 0.208232
v 1.052822 -0.092714 0.209898
v 1.052833 -0.091558 0.213033
v 1.052822 -0.092702 0.216168
v 1.052818 -0.093894 0.217836
v 1.052801 -0.096210 0.218712
v 1.052801 -0.096210 0.218712
v 1.052818 -0.093894 0.217836
v 1.052818 -0.093911 0.208232
v 1.052801 -0.096230 0.207361
v 1.052822 -0.092714 0.209898
v 1.052822 -0.092702 0.216168
v 1.057430 -0.097183 0.305249
v 1.057489 -0.096753 0.194070
v 1.057489 -0.106541 0.193768
v 1.057430 -0.105548 0.305249
v 1.057489 -0.096753 0.194070
v 1.132266 -0.099009 0.193471
v 1.132266 -0.104328 0.193596
v 1.057489 -0.106541 0.193768
v 1.057489 -0.096753 0.194070
v 1.057489 -0.106541 0.193768
v 1.140466 -0.101669 0.193533
v 1.140466 -0.101669 0.193533
v 1.136492 -0.101995 0.212459
v 1.052654 -0.111757 0.213040
v 1.136824 -0.099907 0.213614
v 1.052833 -0.091558 0.213033
v 1.140466 -0.101669 0.193533
v 1.057430 -0.097183 0.305249
v 1.057430 -0.105548 0.305249
v 1.186082 -0.101560 0.305249
v 1.133447 -0.120265 -0.031188
v 1.138000 -0.118825 -0.035622
v 1.138000 -0.102283 -0.033001
v 1.133447 -0.102281 -0.028340
v 1.133447 -0.136488 -0.039455
v 1.138000 -0.133749 -0.043226
v 1.133447 -0.149362 -0.052329
v 1.138000 -0.145591 -0.055069
v 1.138000 -0.133749 -0.043226
v 1.133447 -0.136488 -0.039455
v 1.133447 -0.157629 -0.068552
v 1.138000 -0.153195 -0.069992
v 1.133447 -0.160477 -0.086535
v 1.138000 -0.155815 -0.086535
v 1.138000 -0.153195 -0.069992
v 1.133447 -0.157629 -0.068552
v 1.133447 -0.157629 -0.104519
v 1.138000 -0.153195 -0.103078
v 1.133447 -0.149362 -0.120741
v 1.138000 -0.145591 -0.118002
v 1.138000 -0.153195 -0.103078
v 1.133447 -0.157629 -0.104519
v 1.133447 -0.136488 -0.133615
v 1.138000 -0.133749 -0.129844
v 1.133447 -0.120265 -0.141882
v 1.138000 -0.118825 -0.137449
v 1.138000 -0.133749 -0.129844
v 1.133447 -0.136488 -0.133615
v 1.133447 -0.102281 -0.144730
v 1.138000 -0.102281 -0.140069
v 1.133447 -0.084299 -0.141882
v 1.138000 -0.085739 -0.137449
v 1.138000 -0.102281 -0.140069
v 1.133447 -0.102281 -0.144730
v 1.133447 -0.068076 -0.133615
v 1.138000 -0.070815 -0.129844
v 1.133447 -0.055202 -0.120741
v 1.138000 -0.058973 -0.118002
v 1.138000 -0.070815 -0.129844
v 1.133447 -0.068076 -0.133615
v 1.133447 -0.046935 -0.104519
v 1.138000 -0.051369 -0.103078
v 1.133447 -0.044087 -0.086535
v 1.138000 -0.048749 -0.086535
v 1.138000 -0.051369 -0.103078
v 1.133447 -0.046935 -0.104519
v 1.133447 -0.046935 -0.068552
v 1.138000 -0.051369 -0.069992
v 1.133447 -0.055202 -0.052329
v 1.138000 -0.058973 -0.055069
v 1.138000 -0.051369 -0.069992
v 1.133447 -0.046935 -0.068552
v 1.133447 -0.068076 -0.039455
v 1.138000 -0.070815 -0.043226
v 1.133447 -0.084299 -0.031188
v 1.138000 -0.085739 -0.035622
v 1.138000 -0.070815 -0.043226
v 1.133447 -0.068076 -0.039455
v 1.133447 -0.102281 -0.028340
v 1.138000 -0.102283 -0.033001
v 1.031962 -0.124826 -0.017149
v 1.031962 -0.102281 -0.013578
v 1.031962 -0.145165 -0.027511
v 1.031962 -0.161306 -0.043652
v 1.031962 -0.171668 -0.063991
v 1.031962 -0.175239 -0.086535
v 1.031962 -0.171668 -0.109080
v 1.031962 -0.161306 -0.129418
v 1.031962 -0.145165 -0.145558
v 1.031962 -0.124826 -0.155922
v 1.031962 -0.102281 -0.159492
v 1.031962 -0.079737 -0.155922
v 1.031962 -0.059399 -0.145558
v 1.031962 -0.043258 -0.129418
v 1.031962 -0.032896 -0.109080
v 1.031962 -0.029325 -0.086535
v 1.031962 -0.032896 -0.063991
v 1.031962 -0.043258 -0.043652
v 1.031962 -0.059399 -0.027511
v 1.031962 -0.079737 -0.017149
v 1.016091 -0.102281 -0.004038
v 1.016091 -0.127775 -0.008077
v 1.031962 -0.124826 -0.017149
v 1.031962 -0.102281 -0.013578
v 1.016091 -0.127775 -0.008077
v 1.016091 -0.150772 -0.019794
v 1.031962 -0.145165 -0.027511
v 1.031962 -0.124826 -0.017149
v 1.016091 -0.150772 -0.019794
v 1.016091 -0.169023 -0.038045
v 1.031962 -0.161306 -0.043652
v 1.031962 -0.145165 -0.027511
v 1.016091 -0.169023 -0.038045
v 1.016091 -0.180740 -0.061043
v 1.031962 -0.171668 -0.063991
v 1.031962 -0.161306 -0.043652
v 1.016091 -0.180740 -0.061043
v 1.016091 -0.184779 -0.086535
v 1.031962 -0.175239 -0.086535
v 1.031962 -0.171668 -0.063991
v 1.016091 -0.184779 -0.086535
v 1.016091 -0.180740 -0.112028
v 1.031962 -0.171668 -0.109080
v 1.031962 -0.175239 -0.086535
v 1.016091 -0.180740 -0.112028
v 1.016091 -0.169023 -0.135026
v 1.031962 -0.161306 -0.129418
v 1.031962 -0.171668 -0.109080
v 1.016091 -0.169023 -0.135026
v 1.016091 -0.150772 -0.153276
v 1.031962 -0.145165 -0.145558
v 1.031962 -0.161306 -0.129418
v 1.016091 -0.150772 -0.153276
v 1.016091 -0.127775 -0.164994
v 1.031962 -0.124826 -0.155922
v 1.031962 -0.145165 -0.145558
v 1.016091 -0.127775 -0.164994
v 1.016091 -0.102281 -0.169032
v 1.031962 -0.102281 -0.159492
v 1.031962 -0.124826 -0.155922
v 1.016091 -0.102281 -0.169032
v 1.016091 -0.076789 -0.164994
v 1.031962 -0.079737 -0.155922
v 1.031962 -0.102281 -0.159492
v 1.016091 -0.076789 -0.164994
v 1.016091 -0.053792 -0.153276
v 1.031962 -0.059399 -0.145558
v 1.031962 -0.079737 -0.155922
v 1.016091 -0.053792 -0.153276
v 1.016091 -0.035541 -0.135026
v 1.031962 -0.043258 -0.129418
v 1.031962 -0.059399 -0.145558
v 1.016091 -0.035541 -0.135026
v 1.016091 -0.023824 -0.112028
v 1.031962 -0.032896 -0.109080
v 1.031962 -0.043258 -0.129418
v 1.016091 -0.023824 -0.112028
v 1.016091 -0.019785 -0.086535
v 1.031962 -0.029325 -0.086535
v 1.031962 -0.032896 -0.109080
v 1.016091 -0.019785 -0.086535
v 1.016091 -0.023824 -0.061043
v 1.031962 -0.032896 -0.063991
v 1.031962 -0.029325 -0.086535
v 1.016091 -0.023824 -0.061043
v 1.016091 -0.035541 -0.038045
v 1.031962 -0.043258 -0.043652
v 1.031962 -0.032896 -0.063991
v 1.016091 -0.035541 -0.038045
v 1.016091 -0.053792 -0.019794
v 1.031962 -0.059399 -0.027511
v 1.031962 -0.043258 -0.043652
v 1.016091 -0.053792 -0.019794
v 1.016091 -0.076789 -0.008077
v 1.031962 -0.079737 -0.017149
v 1.031962 -0.059399 -0.027511
v 1.016091 -0.076789 -0.008077
v 1.016091 -0.102281 -0.004038
v 1.031962 -0.102281 -0.013578
v 1.031962 -0.079737 -0.017149
v 1.000220 -0.102281 0.000965
v 1.000220 -0.129321 -0.003317
v 1.000220 -0.129321 -0.003317
v 1.000220 -0.153714 -0.015746
v 1.000220 -0.153714 -0.015746
v 1.000220 -0.173071 -0.035103
v 1.000220 -0.173071 -0.035103
v 1.000220 -0.185500 -0.059496
v 1.000220 -0.185500 -0.059496
v 1.000220 -0.189782 -0.086535
v 1.000220 -0.189782 -0.086535
v 1.000220 -0.185500 -0.113575
v 1.000220 -0.185500 -0.113575
v 1.000220 -0.173071 -0.137966
v 1.000220 -0.173071 -0.137966
v 1.000220 -0.153714 -0.157324
v 1.000220 -0.153714 -0.157324
v 1.000220 -0.129321 -0.169754
v 1.000220 -0.129321 -0.169754
v 1.000220 -0.102281 -0.174036
v 1.000220 -0.102281 -0.174036
v 1.000220 -0.075243 -0.169754
v 1.000220 -0.075243 -0.169754
v 1.000220 -0.050850 -0.157324
v 1.000220 -0.050850 -0.157324
v 1.000220 -0.031493 -0.137966
v 1.000220 -0.031493 -0.137966
v 1.000220 -0.019064 -0.113575
v 1.000220 -0.019064 -0.113575
v 1.000220 -0.014782 -0.086535
v 1.000220 -0.014782 -0.086535
v 1.000220 -0.019064 -0.059496
v 1.000220 -0.019064 -0.059496
v 1.000220 -0.031493 -0.035103
v 1.000220 -0.031493 -0.035103
v 1.000220 -0.050850 -0.015746
v 1.000220 -0.050850 -0.015746
v 1.000220 -0.075243 -0.003317
v 1.000220 -0.075243 -0.003317
v 1.000220 -0.102281 0.000965
v 0.969703 -0.102283 -0.033001
v 1.138000 -0.102283 -0.033001
v 1.138000 -0.118825 -0.035622
v 0.969703 -0.118825 -0.035622
v 1.138000 -0.133749 -0.043226
v 0.969703 -0.133749 -0.043226
v 0.969703 -0.133749 -0.043226
v 1.138000 -0.133749 -0.043226
v 1.138000 -0.145591 -0.055069
v 0.969703 -0.145591 -0.055069
v 1.138000 -0.153195 -0.069992
v 0.969703 -0.153195 -0.069992
v 0.969703 -0.153195 -0.069992
v 1.138000 -0.153195 -0.069992
v 1.138000 -0.155815 -0.086535
v 0.969703 -0.155815 -0.086535
v 1.138000 -0.153195 -0.103078
v 0.969703 -0.153195 -0.103078
v 0.969703 -0.153195 -0.103078
v 1.138000 -0.153195 -0.103078
v 1.138000 -0.145591 -0.118002
v 0.969703 -0.145591 -0.118002
v 1.138000 -0.133749 -0.129844
v 0.969703 -0.133749 -0.129844
v 0.969703 -0.133749 -0.129844
v 1.138000 -0.133749 -0.129844
v 1.138000 -0.118825 -0.137449
v 0.969703 -0.118825 -0.137449
v 1.138000 -0.102281 -0.140069
v 0.969703 -0.102281 -0.140069
v 0.969703 -0.102281 -0.140069
v 1.138000 -0.102281 -0.140069
v 1.138000 -0.085739 -0.137449
v 0.969703 -0.085739 -0.137449
v 1.138000 -0.070815 -0.129844
v 0.969703 -0.070815 -0.129844
v 0.969703 -0.070815 -0.129844
v 1.138000 -0.070815 -0.129844
v 1.138000 -0.058973 -0.118002
v 0.969703 -0.058973 -0.118002
v 1.138000 -0.051369 -0.103078
v 0.969703 -0.051369 -0.103078
v 0.969703 -0.051369 -0.103078
v 1.138000 -0.051369 -0.103078
v 1.138000 -0.048749 -0.086535
v 0.969703 -0.048749 -0.086535
v 1.138000 -0.051369 -0.069992
v 0.969703 -0.051369 -0.069992
v 0.969703 -0.051369 -0.069992
v 1.138000 -0.051369 -0.069992
v 1.138000 -0.058973 -0.055069
v 0.969703 -0.058973 -0.055069
v 1.138000 -0.070815 -0.043226
v 0.969703 -0.070815 -0.043226
v 0.969703 -0.070815 -0.043226
v 1.138000 -0.070815 -0.043226
v 1.138000 -0.085739 -0.035622
v 0.969703 -0.085739 -0.035622
v 1.138000 -0.102283 -0.033001
v 0.969703 -0.102283 -0.033001
v 0.969703 -0.118825 -0.035622
v 0.969703 -0.102283 -0.086535
v 0.969703 -0.102283 -0.033001
v 0.969703 -0.133749 -0.043226
v 0.969703 -0.145591 -0.055069
v 0.969703 -0.133749 -0.043226
v 0.969703 -0.153195 -0.069992
v 0.969703 -0.145591 -0.055069
v 0.969703 -0.155815 -0.086535
v 0.969703 -0.153195 -0.069992
v 0.969703 -0.153195 -0.103078
v 0.969703 -0.145591 -0.118002
v 0.969703 -0.153195 -0.103078
v 0.969703 -0.133749 -0.129844
v 0.969703 -0.145591 -0.118002
v 0.969703 -0.118825 -0.137449
v 0.969703 -0.133749 -0.129844
v 0.969703 -0.102281 -0.140069
v 0.969703 -0.085739 -0.137449
v 0.969703 -0.070815 -0.129844
v 0.969703 -0.058973 -0.118002
v 0.969703 -0.070815 -0.129844
v 0.969703 -0.051369 -0.103078
v 0.969703 -0.058973 -0.118002
v 0.969703 -0.048749 -0.086535
v 0.969703 -0.051369 -0.103078
v 0.969703 -0.051369 -0.069992
v 0.969703 -0.058973 -0.055069
v 0.969703 -0.051369 -0.069992
v 0.969703 -0.070815 -0.043226
v 0.969703 -0.058973 -0.055069
v 0.969703 -0.085739 -0.035622
v 0.969703 -0.070815 -0.043226
v -0.610137 0.091593 -0.004389
v -0.610137 0.091593 0.004078
v -0.609097 0.090619 0.004078
v -0.609097 0.090619 -0.004389
v -0.629658 0.069099 -0.012709
v -0.614516 0.086914 -0.012709
v -0.613476 0.085940 -0.012709
v -0.628618 0.068125 -0.012709
v -0.614516 0.086914 0.012399
v -0.629658 0.069099 0.012399
v -0.628617 0.068125 0.012399
v -0.613476 0.085940 0.012399
v 0.768313 -0.093333 -0.864155
v 0.725663 -0.093658 -0.864144
v 0.425433 -0.087914 -0.589650
v 0.479170 -0.086229 -0.590660
v 0.414153 -0.092248 -0.589426
v 0.717514 -0.094891 -0.863895
v 0.166284 -0.083358 -0.353715
v 0.218738 -0.083358 -0.353715
v 0.153082 -0.090299 -0.353491
v 0.409570 -0.099358 -0.589650
v 0.716064 -0.098901 -0.864090
v 0.146579 -0.100015 -0.353715
v 0.768313 -0.095056 -0.864121
v 0.479170 -0.087952 -0.590627
v 0.425835 -0.089628 -0.589180
v 0.725973 -0.095374 -0.863772
v 0.415134 -0.093377 -0.588327
v 0.718494 -0.096020 -0.862793
v 0.166685 -0.085072 -0.353245
v 0.218738 -0.085081 -0.353684
v 0.154016 -0.091384 -0.352451
v 0.410654 -0.099950 -0.588442
v 0.717170 -0.099362 -0.862855
v 0.147628 -0.100727 -0.352550
v 0.166284 -0.083358 -0.353715
v 0.166685 -0.085072 -0.353245
v 0.218738 -0.085081 -0.353684
v 0.218738 -0.083358 -0.353715
v 0.725663 -0.093658 -0.864144
v 0.768313 -0.093333 -0.864155
v 0.768313 -0.095056 -0.864121
v 0.725973 -0.095374 -0.863772
v 0.768313 -0.095056 -0.864121
v 0.768313 -0.093333 -0.864155
v 0.479170 -0.086229 -0.590660
v 0.479170 -0.087952 -0.590627
v 0.154016 -0.091384 -0.352451
v 0.153082 -0.090299 -0.353491
v 0.409570 -0.099358 -0.589650
v 0.716064 -0.098901 -0.864090
v 0.717514 -0.094891 -0.863895
v 0.718494 -0.096020 -0.862793
v 0.479170 -0.087952 -0.590627
v 0.479170 -0.086229 -0.590660
v 0.218738 -0.083358 -0.353715
v 0.218738 -0.085081 -0.353684
v 0.146579 -0.100015 -0.353715
v 0.147628 -0.100727 -0.352550
v 0.146579 -0.100015 -0.353715
v 0.717170 -0.099362 -0.862855
v 0.716064 -0.098901 -0.864090
v 0.934552 -0.098701 0.361778
v 0.808717 -0.088313 0.353962
v 0.821005 -0.086291 0.590839
v 0.934086 -0.097329 0.599554
v 0.808717 -0.088313 0.353962
v 0.803996 -0.115316 0.353962
v 0.821005 -0.108538 0.590777
v 0.821005 -0.086291 0.590839
v 0.934086 -0.097329 0.599554
v 0.821005 -0.108538 0.590777
v 0.803996 -0.115316 0.353962
v 0.934552 -0.098701 0.361778
v 0.808717 -0.088313 0.353962
v 0.934552 -0.098701 0.361778
v 0.803996 -0.115316 0.353962
v 0.934086 -0.097329 0.599554
v 0.821005 -0.086291 0.590839
v 0.821005 -0.108538 0.590777
v 1.133447 -0.120265 0.031188
v 1.133447 -0.102281 0.028340
v 1.138000 -0.102283 0.033001
v 1.138000 -0.118825 0.035622
v 1.133447 -0.136488 0.039455
v 1.138000 -0.133749 0.043226
v 1.133447 -0.149362 0.052329
v 1.133447 -0.136488 0.039455
v 1.138000 -0.133749 0.043226
v 1.138000 -0.145591 0.055069
v 1.133447 -0.157629 0.068552
v 1.138000 -0.153195 0.069992
v 1.133447 -0.160477 0.086535
v 1.133447 -0.157629 0.068552
v 1.138000 -0.153195 0.069992
v 1.138000 -0.155815 0.086535
v 1.133447 -0.157629 0.104519
v 1.138000 -0.153195 0.103078
v 1.133447 -0.149362 0.120741
v 1.133447 -0.157629 0.104519
v 1.138000 -0.153195 0.103078
v 1.138000 -0.145591 0.118002
v 1.133447 -0.136488 0.133615
v 1.138000 -0.133749 0.129844
v 1.133447 -0.120265 0.141882
v 1.133447 -0.136488 0.133615
v 1.138000 -0.133749 0.129844
v 1.138000 -0.118825 0.137449
v 1.133447 -0.102281 0.144730
v 1.138000 -0.102281 0.140068
v 1.133447 -0.084299 0.141882
v 1.133447 -0.102281 0.144730
v 1.138000 -0.102281 0.140068
v 1.138000 -0.085739 0.137449
v 1.133447 -0.068076 0.133615
v 1.138000 -0.070815 0.129844
v 1.133447 -0.055202 0.120741
v 1.133447 -0.068076 0.133615
v 1.138000 -0.070815 0.129844
v 1.138000 -0.058973 0.118002
v 1.133447 -0.046935 0.104519
v 1.138000 -0.051369 0.103078
v 1.133447 -0.044087 0.086535
v 1.133447 -0.046935 0.104519
v 1.138000 -0.051369 0.103078
v 1.138000 -0.048749 0.086535
v 1.133447 -0.046935 0.068552
v 1.138000 -0.051369 0.069992
v 1.133447 -0.055202 0.052329
v 1.133447 -0.046935 0.068552
v 1.138000 -0.051369 0.069992
v 1.138000 -0.058973 0.055069
v 1.133447 -0.068076 0.039455
v 1.138000 -0.070815 0.043226
v 1.133447 -0.084299 0.031188
v 1.133447 -0.068076 0.039455
v 1.138000 -0.070815 0.043226
v 1.138000 -0.085739 0.035622
v 1.133447 -0.102281 0.028340
v 1.138000 -0.102283 0.033001
v 1.031962 -0.124826 0.017149
v 1.031962 -0.102281 0.013578
v 1.031962 -0.145165 0.027511
v 1.031962 -0.161306 0.043652
v 1.031962 -0.171668 0.063991
v 1.031962 -0.175239 0.086535
v 1.031962 -0.171668 0.109080
v 1.031962 -0.161306 0.129418
v 1.031962 -0.145165 0.145558
v 1.031962 -0.124826 0.155922
v 1.031962 -0.102281 0.159492
v 1.031962 -0.079737 0.155922
v 1.031962 -0.059399 0.145558
v 1.031962 -0.043258 0.129418
v 1.031962 -0.032896 0.109080
v 1.031962 -0.029325 0.086535
v 1.031962 -0.032896 0.063991
v 1.031962 -0.043258 0.043652
v 1.031962 -0.059399 0.027511
v 1.031962 -0.079737 0.017149
v 1.016091 -0.102281 0.004038
v 1.031962 -0.102281 0.013578
v 1.031962 -0.124826 0.017149
v 1.016091 -0.127775 0.008077
v 1.016091 -0.127775 0.008077
v 1.031962 -0.124826 0.017149
v 1.031962 -0.145165 0.027511
v 1.016091 -0.150772 0.019794
v 1.031962 -0.161306 0.043652
v 1.016091 -0.169023 0.038045
v 1.016091 -0.169023 0.038045
v 1.031962 -0.161306 0.043652
v 1.031962 -0.171668 0.063991
v 1.016091 -0.180740 0.061043
v 1.016091 -0.180740 0.061043
v 1.031962 -0.171668 0.063991
v 1.031962 -0.175239 0.086535
v 1.016091 -0.184779 0.086535
v 1.016091 -0.184779 0.086535
v 1.031962 -0.175239 0.086535
v 1.031962 -0.171668 0.109080
v 1.016091 -0.180740 0.112028
v 1.016091 -0.180740 0.112028
v 1.031962 -0.171668 0.109080
v 1.031962 -0.161306 0.129418
v 1.016091 -0.169023 0.135026
v 1.016091 -0.169023 0.135026
v 1.031962 -0.161306 0.129418
v 1.031962 -0.145165 0.145558
v 1.016091 -0.150772 0.153276
v 1.016091 -0.150772 0.153276
v 1.031962 -0.145165 0.145558
v 1.031962 -0.124826 0.155922
v 1.016091 -0.127775 0.164994
v 1.016091 -0.127775 0.164994
v 1.031962 -0.124826 0.155922
v 1.031962 -0.102281 0.159492
v 1.016091 -0.102281 0.169032
v 1.016091 -0.102281 0.169032
v 1.031962 -0.102281 0.159492
v 1.031962 -0.079737 0.155922
v 1.016091 -0.076789 0.164994
v 1.016091 -0.076789 0.164994
v 1.031962 -0.079737 0.155922
v 1.031962 -0.059399 0.145558
v 1.016091 -0.053792 0.153276
v 1.016091 -0.053792 0.153276
v 1.031962 -0.059399 0.145558
v 1.031962 -0.043258 0.129418
v 1.016091 -0.035541 0.135026
v 1.016091 -0.035541 0.135026
v 1.031962 -0.043258 0.129418
v 1.031962 -0.032896 0.109080
v 1.016091 -0.023824 0.112028
v 1.016091 -0.023824 0.112028
v 1.031962 -0.032896 0.109080
v 1.031962 -0.029325 0.086535
v 1.016091 -0.019785 0.086535
v 1.016091 -0.019785 0.086535
v 1.031962 -0.029325 0.086535
v 1.031962 -0.032896 0.063991
v 1.016091 -0.023824 0.061043
v 1.016091 -0.023824 0.061043
v 1.031962 -0.032896 0.063991
v 1.031962 -0.043258 0.043652
v 1.016091 -0.035541 0.038045
v 1.016091 -0.035541 0.038045
v 1.031962 -0.043258 0.043652
v 1.031962 -0.059399 0.027511
v 1.016091 -0.053792 0.019794
v 1.031962 -0.079737 0.017149
v 1.016091 -0.076789 0.008077
v 1.016091 -0.076789 0.008077
v 1.031962 -0.079737 0.017149
v 1.031962 -0.102281 0.013578
v 1.016091 -0.102281 0.004038
v 1.000220 -0.129321 0.003317
v 1.000220 -0.102281 -0.000965
v 1.000220 -0.153714 0.015746
v 1.000220 -0.129321 0.003317
v 1.000220 -0.173071 0.035103
v 1.000220 -0.185500 0.059496
v 1.000220 -0.173071 0.035103
v 1.000220 -0.189782 0.086535
v 1.000220 -0.185500 0.059496
v 1.000220 -0.185500 0.113575
v 1.000220 -0.189782 0.086535
v 1.000220 -0.173071 0.137966
v 1.000220 -0.185500 0.113575
v 1.000220 -0.153714 0.157324
v 1.000220 -0.173071 0.137966
v 1.000220 -0.129321 0.169754
v 1.000220 -0.153714 0.157324
v 1.000220 -0.102281 0.174036
v 1.000220 -0.129321 0.169754
v 1.000220 -0.075243 0.169754
v 1.000220 -0.102281 0.174036
v 1.000220 -0.050850 0.157324
v 1.000220 -0.075243 0.169754
v 1.000220 -0.031493 0.137966
v 1.000220 -0.050850 0.157324
v 1.000220 -0.019064 0.113575
v 1.000220 -0.031493 0.137966
v 1.000220 -0.014782 0.086535
v 1.000220 -0.019064 0.113575
v 1.000220 -0.019064 0.059496
v 1.000220 -0.014782 0.086535
v 1.000220 -0.031493 0.035103
v 1.000220 -0.019064 0.059496
v 1.000220 -0.050850 0.015746
v 1.000220 -0.031493 0.035103
v 1.000220 -0.075243 0.003317
v 1.000220 -0.102281 -0.000965
v 1.000220 -0.075243 0.003317
v 0.969703 -0.102283 0.033001
v 0.969703 -0.118825 0.035622
v 1.138000 -0.118825 0.035622
v 1.138000 -0.102283 0.033001
v 0.969703 -0.133749 0.043226
v 1.138000 -0.133749 0.043226
v 0.969703 -0.133749 0.043226
v 0.969703 -0.145591 0.055069
v 1.138000 -0.145591 0.055069
v 1.138000 -0.133749 0.043226
v 0.969703 -0.153195 0.069992
v 1.138000 -0.153195 0.069992
v 0.969703 -0.153195 0.069992
v 0.969703 -0.155815 0.086535
v 1.138000 -0.155815 0.086535
v 1.138000 -0.153195 0.069992
v 0.969703 -0.153195 0.103078
v 1.138000 -0.153195 0.103078
v 0.969703 -0.153195 0.103078
v 0.969703 -0.145591 0.118002
v 1.138000 -0.145591 0.118002
v 1.138000 -0.153195 0.103078
v 0.969703 -0.133749 0.129844
v 1.138000 -0.133749 0.129844
v 0.969703 -0.133749 0.129844
v 0.969703 -0.118825 0.137449
v 1.138000 -0.118825 0.137449
v 1.138000 -0.133749 0.129844
v 0.969703 -0.102281 0.140068
v 1.138000 -0.102281 0.140068
v 0.969703 -0.102281 0.140068
v 0.969703 -0.085739 0.137449
v 1.138000 -0.085739 0.137449
v 1.138000 -0.102281 0.140068
v 0.969703 -0.070815 0.129844
v 1.138000 -0.070815 0.129844
v 0.969703 -0.070815 0.129844
v 0.969703 -0.058973 0.118002
v 1.138000 -0.058973 0.118002
v 1.138000 -0.070815 0.129844
v 0.969703 -0.051369 0.103078
v 1.138000 -0.051369 0.103078
v 0.969703 -0.051369 0.103078
v 0.969703 -0.048749 0.086535
v 1.138000 -0.048749 0.086535
v 1.138000 -0.051369 0.103078
v 0.969703 -0.051369 0.069992
v 1.138000 -0.051369 0.069992
v 0.969703 -0.051369 0.069992
v 0.969703 -0.058973 0.055069
v 1.138000 -0.058973 0.055069
v 1.138000 -0.051369 0.069992
v 0.969703 -0.070815 0.043226
v 1.138000 -0.070815 0.043226
v 0.969703 -0.070815 0.043226
v 0.969703 -0.085739 0.035622
v 1.138000 -0.085739 0.035622
v 1.138000 -0.070815 0.043226
v 0.969703 -0.102283 0.033001
v 1.138000 -0.102283 0.033001
v 0.969703 -0.118825 0.035622
v 0.969703 -0.102283 0.033001
v 0.969703 -0.102283 0.086535
v 0.969703 -0.133749 0.043226
v 0.969703 -0.145591 0.055069
v 0.969703 -0.133749 0.043226
v 0.969703 -0.153195 0.069992
v 0.969703 -0.145591 0.055069
v 0.969703 -0.155815 0.086535
v 0.969703 -0.153195 0.069992
v 0.969703 -0.153195 0.103078
v 0.969703 -0.145591 0.118002
v 0.969703 -0.153195 0.103078
v 0.969703 -0.133749 0.129844
v 0.969703 -0.145591 0.118002
v 0.969703 -0.118825 0.137449
v 0.969703 -0.133749 0.129844
v 0.969703 -0.102281 0.140068
v 0.969703 -0.085739 0.137449
v 0.969703 -0.070815 0.129844
v 0.969703 -0.058973 0.118002
v 0.969703 -0.070815 0.129844
v 0.969703 -0.051369 0.103078
v 0.969703 -0.058973 0.118002
v 0.969703 -0.048749 0.086535
v 0.969703 -0.051369 0.103078
v 0.969703 -0.051369 0.069992
v 0.969703 -0.058973 0.055069
v 0.969703 -0.051369 0.069992
v 0.969703 -0.070815 0.043226
v 0.969703 -0.058973 0.055069
v 0.969703 -0.085739 0.035622
v 0.969703 -0.070815 0.043226
v 0.932769 -0.098378 0.864057
v 0.933959 -0.097274 0.616562
v 0.839842 -0.086291 0.625233
v 0.873512 -0.093129 0.864391
v 0.932769 -0.098378 0.864057
v 0.873512 -0.103614 0.864284
v 0.839842 -0.107860 0.625166
v 0.933959 -0.097274 0.616562
v 0.839842 -0.086291 0.625233
v 0.839842 -0.107860 0.625166
v 0.873512 -0.103614 0.864284
v 0.873512 -0.093129 0.864391
v 0.932769 -0.098378 0.864057
v 0.873512 -0.093129 0.864391
v 0.873512 -0.103614 0.864284
v 0.933959 -0.097274 0.616562
v 0.839842 -0.107860 0.625166
v 0.839842 -0.086291 0.625233
v -0.342727 0.064859 0.012006
v -0.342355 0.066327 -0.000000
v -0.397647 0.079196 -0.000000
v -0.399787 0.077123 0.014369
v -0.349483 0.038127 0.042914
v -0.346908 0.048319 0.039603
v -0.408789 0.060126 0.043620
v -0.415694 0.048304 0.048136
v -0.344468 0.057970 0.028762
v -0.403699 0.070148 0.031841
v -0.423609 0.036014 0.048371
v -0.351695 0.030253 0.041528
v -0.342727 0.064859 -0.012006
v -0.399787 0.077123 -0.014369
v -0.346908 0.048319 -0.039603
v -0.349483 0.038127 -0.042914
v -0.415694 0.048304 -0.048136
v -0.408789 0.060126 -0.043620
v -0.344468 0.057970 -0.028762
v -0.403699 0.070148 -0.031841
v -0.351695 0.030253 -0.041528
v -0.423609 0.036014 -0.048371
v -0.415694 0.048304 0.048136
v -0.408789 0.060126 0.043620
v -0.409338 0.058293 0.040637
v -0.416108 0.047859 0.044581
v -0.403699 0.070148 0.031841
v -0.404404 0.067216 0.029857
v -0.399787 0.077123 0.014369
v -0.400557 0.073731 0.013321
v -0.397647 0.079196 -0.000000
v -0.398437 0.075677 -0.000000
v -0.423609 0.036014 0.048371
v -0.423995 0.036193 0.044736
v -0.408789 0.060126 -0.043620
v -0.415694 0.048304 -0.048136
v -0.416108 0.047859 -0.044581
v -0.409338 0.058293 -0.040637
v -0.403699 0.070148 -0.031841
v -0.404404 0.067216 -0.029857
v -0.399787 0.077123 -0.014369
v -0.400557 0.073731 -0.013321
v -0.423609 0.036014 -0.048371
v -0.423995 0.036193 -0.044736
v -0.416108 0.047859 0.044581
v -0.409338 0.058293 0.040637
v -0.347054 0.047957 0.034825
v -0.349712 0.038518 0.038431
v -0.404404 0.067216 0.029857
v -0.344536 0.055958 0.025422
v -0.400557 0.073731 0.013321
v -0.342739 0.061527 0.011473
v -0.398437 0.075677 -0.000000
v -0.342355 0.063183 -0.000000
v -0.423995 0.036193 0.044736
v -0.351995 0.028706 0.038620
v -0.409338 0.058293 -0.040637
v -0.416108 0.047859 -0.044581
v -0.349712 0.038518 -0.038431
v -0.347054 0.047957 -0.034825
v -0.404404 0.067216 -0.029857
v -0.344536 0.055958 -0.025422
v -0.400557 0.073731 -0.013321
v -0.342739 0.061527 -0.011473
v -0.423995 0.036193 -0.044736
v -0.351995 0.028706 -0.038620
v -0.349483 0.038127 0.042914
v -0.351695 0.030253 0.041528
v -0.351995 0.028706 0.038620
v -0.349712 0.038518 0.038431
v -0.346908 0.048319 0.039603
v -0.347054 0.047957 0.034825
v -0.344468 0.057970 0.028762
v -0.344536 0.055958 0.025422
v -0.342727 0.064859 0.012006
v -0.342739 0.061527 0.011473
v -0.342355 0.066327 -0.000000
v -0.342355 0.063183 -0.000000
v -0.342727 0.064859 -0.012006
v -0.342739 0.061527 -0.011473
v -0.344468 0.057970 -0.028762
v -0.344536 0.055958 -0.025422
v -0.346908 0.048319 -0.039603
v -0.347054 0.047957 -0.034825
v -0.349483 0.038127 -0.042914
v -0.349712 0.038518 -0.038431
v -0.351695 0.030253 -0.041528
v -0.351995 0.028706 -0.038620
v -0.574468 0.035001 0.050409
v -0.604527 0.034706 0.051152
v -0.605237 0.033945 0.055188
v -0.574468 0.035583 0.054791
v -0.547521 0.036727 0.054596
v -0.547521 0.036449 0.049099
v -0.574468 0.035001 0.050409
v -0.605237 0.033945 0.055188
v -0.603781 0.029521 0.056637
v -0.574432 0.031659 0.059352
v -0.574468 0.035583 0.054791
v -0.423609 0.036014 0.048371
v -0.423995 0.036193 0.044736
v -0.451190 0.037409 0.044168
v -0.451188 0.037852 0.051639
v -0.451188 0.034604 0.055434
v -0.422995 0.034180 0.053141
v -0.451188 0.037852 0.051639
v -0.505066 0.037393 0.047012
v -0.547521 0.036449 0.049099
v -0.547521 0.036727 0.054596
v -0.505066 0.037439 0.053558
v -0.547518 0.032456 0.058627
v -0.547521 0.036727 0.054596
v -0.505066 0.037393 0.047012
v -0.505066 0.037439 0.053558
v -0.451188 0.037852 0.051639
v -0.451190 0.037409 0.044168
v -0.505066 0.037439 0.053558
v -0.505066 0.033498 0.057413
v -0.608770 0.046553 0.058936
v -0.608063 0.046701 0.055711
v -0.613389 0.064625 0.051122
v -0.614100 0.065662 0.054457
v -0.614100 0.065662 0.054457
v -0.613389 0.064625 0.051122
v -0.617346 0.078811 0.038007
v -0.618179 0.080805 0.041664
v -0.618179 0.080805 0.041664
v -0.617346 0.078811 0.038007
v -0.620147 0.088703 0.018398
v -0.621089 0.091344 0.022533
v -0.621089 0.091344 0.022533
v -0.620147 0.088703 0.018398
v -0.621444 0.092024 -0.000000
v -0.621964 0.095131 -0.000000
v -0.624961 0.087135 0.018265
v -0.620147 0.088703 0.018398
v -0.617346 0.078811 0.038007
v -0.622235 0.077475 0.037875
v -0.613389 0.064625 0.051122
v -0.618227 0.063388 0.050984
v -0.608063 0.046701 0.055711
v -0.612578 0.044436 0.055136
v -0.604527 0.034706 0.051152
v -0.609665 0.035292 0.051425
v -0.604527 0.034706 0.051152
v -0.608770 0.046553 0.058936
v -0.605237 0.033945 0.055188
v -0.614100 0.065662 0.054457
v -0.618179 0.080805 0.041664
v -0.623131 0.079651 0.041664
v -0.618996 0.064369 0.054497
v -0.621089 0.091344 0.022533
v -0.625966 0.089951 0.022533
v -0.621964 0.095131 -0.000000
v -0.626871 0.093869 -0.000000
v -0.608770 0.046553 0.058936
v -0.613079 0.044194 0.058903
v -0.610556 0.034140 0.055453
v -0.626238 0.090420 -0.000000
v -0.621444 0.092024 -0.000000
v -0.574468 0.035001 -0.050409
v -0.574468 0.035583 -0.054791
v -0.605237 0.033945 -0.055188
v -0.604527 0.034706 -0.051152
v -0.547521 0.036727 -0.054596
v -0.574468 0.035001 -0.050409
v -0.547521 0.036449 -0.049099
v -0.605237 0.033945 -0.055188
v -0.574468 0.035583 -0.054791
v -0.574432 0.031659 -0.059352
v -0.603781 0.029521 -0.056637
v -0.451190 0.037409 -0.044168
v -0.423995 0.036193 -0.044736
v -0.423609 0.036014 -0.048371
v -0.451188 0.037852 -0.051639
v -0.451188 0.034604 -0.055434
v -0.451188 0.037852 -0.051639
v -0.422995 0.034180 -0.053141
v -0.505066 0.037393 -0.047012
v -0.505066 0.037439 -0.053558
v -0.547521 0.036727 -0.054596
v -0.547521 0.036449 -0.049099
v -0.547518 0.032456 -0.058627
v -0.547521 0.036727 -0.054596
v -0.505066 0.037393 -0.047012
v -0.451190 0.037409 -0.044168
v -0.451188 0.037852 -0.051639
v -0.505066 0.037439 -0.053558
v -0.505066 0.033498 -0.057413
v -0.505066 0.037439 -0.053558
v -0.608770 0.046553 -0.058936
v -0.614100 0.065662 -0.054457
v -0.613389 0.064625 -0.051122
v -0.608063 0.046701 -0.055711
v -0.614100 0.065662 -0.054457
v -0.618179 0.080805 -0.041664
v -0.617346 0.078811 -0.038007
v -0.613389 0.064625 -0.051122
v -0.618179 0.080805 -0.041664
v -0.621089 0.091344 -0.022533
v -0.620147 0.088703 -0.018398
v -0.617346 0.078811 -0.038007
v -0.621089 0.091344 -0.022533
v -0.620147 0.088703 -0.018398
v -0.624961 0.087135 -0.018265
v -0.622235 0.077475 -0.037875
v -0.617346 0.078811 -0.038007
v -0.620147 0.088703 -0.018398
v -0.618227 0.063388 -0.050984
v -0.613389 0.064625 -0.051122
v -0.608063 0.046701 -0.055711
v -0.612578 0.044436 -0.055136
v -0.604527 0.034706 -0.051152
v -0.609665 0.035292 -0.051425
v -0.604527 0.034706 -0.051152
v -0.605237 0.033945 -0.055188
v -0.608770 0.046553 -0.058936
v -0.614100 0.065662 -0.054457
v -0.618996 0.064369 -0.054497
v -0.623131 0.079651 -0.041664
v -0.618179 0.080805 -0.041664
v -0.625966 0.089951 -0.022533
v -0.621089 0.091344 -0.022533
v -0.608770 0.046553 -0.058936
v -0.613079 0.044194 -0.058903
v -0.610556 0.034140 -0.055453
v -0.605555 0.031580 0.049826
v -0.605555 0.031580 -0.049826
v -0.574468 0.035001 0.050409
v -0.574457 0.031525 0.049250
v -0.547521 0.036449 0.049099
v -0.547521 0.032861 0.048070
v -0.505066 0.037393 0.047012
v -0.505066 0.033796 0.046193
v -0.424058 0.032968 0.044144
v -0.451190 0.037409 0.044168
v -0.423995 0.036193 0.044736
v -0.352137 0.026229 0.037760
v -0.351995 0.028706 0.038620
v -0.423995 0.036193 -0.044736
v -0.424058 0.032968 -0.044144
v -0.352137 0.026229 -0.037760
v -0.351995 0.028706 -0.038620
v -0.451190 0.037409 -0.044168
v -0.505066 0.037393 -0.047012
v -0.505066 0.033796 -0.046193
v -0.547521 0.036449 -0.049099
v -0.547521 0.032861 -0.048070
v -0.574468 0.035001 -0.050409
v -0.574457 0.031525 -0.049250
v -0.613079 0.044194 -0.058903
v -0.610556 0.034140 -0.055453
v -0.609665 0.035292 -0.051425
v -0.612578 0.044436 -0.055136
v -0.603781 0.029521 -0.056637
v -0.605555 0.031580 -0.049826
v -0.618996 0.064369 -0.054497
v -0.618227 0.063388 -0.050984
v -0.623131 0.079651 -0.041664
v -0.622235 0.077475 -0.037875
v -0.625966 0.089951 -0.022533
v -0.624961 0.087135 -0.018265
v -0.626871 0.093869 -0.000000
v -0.626238 0.090420 -0.000000
v -0.625966 0.089951 0.022533
v -0.626871 0.093869 -0.000000
v -0.626238 0.090420 -0.000000
v -0.624961 0.087135 0.018265
v -0.623131 0.079651 0.041664
v -0.622235 0.077475 0.037875
v -0.618996 0.064369 0.054497
v -0.618227 0.063388 0.050984
v -0.612578 0.044436 0.055136
v -0.613079 0.044194 0.058903
v -0.609665 0.035292 0.051425
v -0.610556 0.034140 0.055453
v -0.605555 0.031580 0.049826
v -0.603781 0.029521 0.056637
v -0.574457 0.031525 0.049250
v -0.574432 0.031659 0.059352
v -0.547521 0.032861 0.048070
v -0.547518 0.032456 0.058627
v -0.505066 0.033796 0.046193
v -0.505066 0.033498 0.057413
v -0.424058 0.032968 0.044144
v -0.451188 0.034604 0.055434
v -0.352137 0.026229 0.037760
v -0.351695 0.030253 0.041528
v -0.422995 0.034180 0.053141
v -0.574432 0.031659 -0.059352
v -0.574457 0.031525 -0.049250
v -0.547518 0.032456 -0.058627
v -0.547521 0.032861 -0.048070
v -0.505066 0.033498 -0.057413
v -0.505066 0.033796 -0.046193
v -0.451188 0.034604 -0.055434
v -0.424058 0.032968 -0.044144
v -0.422995 0.034180 -0.053141
v -0.351695 0.030253 -0.041528
v -0.352137 0.026229 -0.037760
v -0.351995 0.028706 0.038620
v -0.351995 0.028706 -0.038620
v 0.932769 -0.098378 -0.864057
v 0.873512 -0.093129 -0.864391
v 0.839842 -0.086291 -0.625233
v 0.933959 -0.097274 -0.616562
v 0.932769 -0.098378 -0.864057
v 0.933959 -0.097274 -0.616562
v 0.839842 -0.107860 -0.625166
v 0.873512 -0.103614 -0.864285
v 0.839842 -0.086291 -0.625233
v 0.873512 -0.093129 -0.864391
v 0.873512 -0.103614 -0.864285
v 0.839842 -0.107860 -0.625166
v 0.932769 -0.098378 -0.864057
v 0.873512 -0.103614 -0.864285
v 0.873512 -0.093129 -0.864391
v 0.933959 -0.097274 -0.616562
v 0.839842 -0.086291 -0.625233
v 0.839842 -0.107860 -0.625166
v -0.500199 0.073434 0.052646
v -0.476982 0.071569 0.050967
v -0.476946 0.085201 0.038186
v -0.500142 0.087778 0.039825
v -0.546337 0.090070 0.041462
v -0.522978 0.089560 0.040869
v -0.523009 0.100075 0.021905
v -0.546339 0.101061 0.022354
v -0.433273 0.049224 0.050849
v -0.451251 0.050815 0.053093
v -0.451288 0.037617 0.051167
v -0.436093 0.036907 0.049571
v -0.590394 0.047878 0.058775
v -0.570733 0.049516 0.058816
v -0.570843 0.072452 0.054320
v -0.593424 0.069296 0.054279
v -0.597233 0.096701 0.022348
v -0.570996 0.100105 0.022398
v -0.571018 0.103870 -0.000000
v -0.597762 0.100077 -0.000000
v -0.546333 0.050617 0.058746
v -0.522953 0.051460 0.058219
v -0.522955 0.073894 0.053660
v -0.546333 0.073654 0.054246
v -0.546249 0.036932 0.054579
v -0.522902 0.037563 0.054170
v -0.523016 0.103838 -0.000000
v -0.546342 0.104936 -0.000000
v -0.476993 0.051755 0.055601
v -0.500271 0.051947 0.057310
v -0.500349 0.037838 0.053623
v -0.477022 0.037883 0.052678
v -0.500115 0.097344 0.021101
v -0.476948 0.093833 0.019916
v -0.476946 0.097089 -0.000000
v -0.500100 0.100856 -0.000000
v -0.595690 0.084960 0.041483
v -0.570935 0.088521 0.041532
v -0.451100 0.089345 0.018812
v -0.425532 0.083752 0.017974
v -0.424892 0.085961 -0.000000
v -0.451106 0.092340 -0.000000
v -0.451162 0.081652 0.036231
v -0.427100 0.076371 0.034712
v -0.451184 0.068466 0.048674
v -0.429844 0.064407 0.046936
v -0.588527 0.034809 0.054907
v -0.570676 0.035949 0.054759
v -0.614100 0.065662 0.054457
v -0.608770 0.046553 0.058936
v -0.618179 0.080805 0.041664
v -0.621089 0.091344 0.022533
v -0.621964 0.095131 -0.000000
v -0.605237 0.033945 0.055188
v -0.415694 0.048304 0.048136
v -0.408789 0.060126 0.043620
v -0.403699 0.070148 0.031841
v -0.399787 0.077123 0.014369
v -0.397647 0.079196 -0.000000
v -0.423522 0.035893 0.048371
v -0.500199 0.073434 -0.052646
v -0.500142 0.087778 -0.039825
v -0.476946 0.085201 -0.038186
v -0.476982 0.071569 -0.050967
v -0.546337 0.090070 -0.041462
v -0.546339 0.101061 -0.022354
v -0.523009 0.100075 -0.021905
v -0.522978 0.089560 -0.040869
v -0.433273 0.049224 -0.050849
v -0.436093 0.036907 -0.049571
v -0.451288 0.037617 -0.051167
v -0.451251 0.050815 -0.053093
v -0.590394 0.047878 -0.058775
v -0.593424 0.069296 -0.054279
v -0.570843 0.072452 -0.054320
v -0.570733 0.049516 -0.058816
v -0.597233 0.096701 -0.022348
v -0.570996 0.100105 -0.022398
v -0.546333 0.050617 -0.058746
v -0.546333 0.073654 -0.054246
v -0.522955 0.073894 -0.053660
v -0.522953 0.051460 -0.058219
v -0.522902 0.037563 -0.054170
v -0.546249 0.036932 -0.054579
v -0.476993 0.051755 -0.055601
v -0.477022 0.037883 -0.052678
v -0.500349 0.037838 -0.053623
v -0.500271 0.051947 -0.057310
v -0.500115 0.097344 -0.021101
v -0.500100 0.100856 -0.000000
v -0.476946 0.097089 -0.000000
v -0.476948 0.093833 -0.019917
v -0.595690 0.084960 -0.041483
v -0.570935 0.088521 -0.041532
v -0.451100 0.089345 -0.018812
v -0.451106 0.092340 -0.000000
v -0.424892 0.085961 -0.000000
v -0.425532 0.083752 -0.017974
v -0.451162 0.081652 -0.036231
v -0.427100 0.076371 -0.034712
v -0.451184 0.068466 -0.048674
v -0.429844 0.064407 -0.046936
v -0.570676 0.035949 -0.054759
v -0.588527 0.034809 -0.054907
v -0.608770 0.046553 -0.058936
v -0.614100 0.065662 -0.054457
v -0.618179 0.080805 -0.041664
v -0.621089 0.091344 -0.022533
v -0.605237 0.033945 -0.055188
v -0.408789 0.060126 -0.043620
v -0.415694 0.048304 -0.048136
v -0.403699 0.070148 -0.031841
v -0.399787 0.077123 -0.014369
v -0.397647 0.079196 -0.000000
v -0.423522 0.035893 -0.048371
v -0.600160 -0.050890 0.015471
v -0.598946 -0.060913 0.016995
v -0.601800 -0.060913 0.009683
v -0.602243 -0.051637 0.009820
v -0.627799 -0.060967 0.027305
v -0.629816 -0.061188 0.019948
v -0.622300 -0.060913 0.015118
v -0.617181 -0.060913 0.026462
v -0.629588 -0.058109 0.020152
v -0.624351 -0.056220 0.015350
v -0.622300 -0.060913 0.015118
v -0.629816 -0.061188 0.019948
v -0.627615 -0.057215 0.027494
v -0.619602 -0.055938 0.025051
v -0.614097 -0.052461 0.013039
v -0.612050 -0.060913 0.012402
v -0.611895 -0.052975 0.020828
v -0.607813 -0.060913 0.021599
v -0.612050 -0.060913 0.012402
v -0.601223 -0.047129 0.006470
v -0.595310 -0.050091 0.015625
v -0.605327 -0.049048 0.024129
v -0.614957 -0.046991 0.009598
v -0.601223 -0.047129 0.006470
v -0.602243 -0.051637 0.009820
v -0.617511 -0.046897 0.019891
v -0.591200 -0.007806 0.009627
v -0.584798 -0.010185 0.019567
v -0.590910 -0.008327 0.027326
v -0.600051 0.000143 0.011890
v -0.591200 -0.007806 0.009627
v -0.600009 0.001293 0.022203
v -0.585533 -0.003143 0.008397
v -0.583614 -0.011531 0.019568
v -0.583192 -0.003595 0.027212
v -0.589298 0.005995 0.010887
v -0.585533 -0.003143 0.008397
v -0.588959 0.010256 0.021640
v -0.541524 -0.023023 -0.000000
v -0.539769 -0.016873 0.014008
v -0.552377 -0.004179 0.023114
v -0.560861 -0.012572 -0.000000
v -0.541524 -0.023023 -0.000000
v -0.556066 0.005966 0.017139
v -0.526867 0.000186 -0.000000
v -0.529908 0.001655 0.014093
v -0.543885 -0.020415 -0.000000
v -0.542559 0.004332 0.023970
v -0.557917 0.006082 0.015171
v -0.563644 0.006970 -0.000000
v -0.527962 0.019411 -0.000000
v -0.528051 0.019099 0.012015
v -0.529908 0.001655 0.014093
v -0.526867 0.000186 -0.000000
v -0.540955 0.022607 0.021983
v -0.542559 0.004332 0.023970
v -0.561823 0.028206 0.003338
v -0.560108 0.026663 -0.000000
v -0.563644 0.006970 -0.000000
v -0.566689 0.009535 0.007039
v -0.522860 0.035292 -0.000000
v -0.522110 0.038662 0.015742
v -0.537109 0.031173 0.023448
v -0.562274 0.033412 0.010649
v -0.557228 0.039533 -0.000061
v -0.516515 0.052894 -0.000000
v -0.518689 0.052774 0.016608
v -0.549482 0.030199 0.019970
v -0.552170 0.035894 0.026021
v -0.538282 0.056543 0.022561
v -0.536514 0.041516 0.020532
v -0.555064 0.053669 0.009458
v -0.550296 0.051442 -0.000000
v -0.527143 0.069168 0.014214
v -0.522936 0.067981 0.000395
v -0.533172 0.063403 -0.000000
v -0.537451 0.067242 0.013656
v -0.518908 0.068592 -0.000000
v -0.520866 0.069466 0.008506
v -0.543790 0.060549 0.000465
v -0.546310 0.062682 0.011751
v -0.527143 0.069168 0.014214
v -0.527033 0.066058 0.021612
v -0.582814 0.027813 -0.019792
v -0.583893 0.025253 -0.017608
v -0.582624 0.022977 -0.016470
v -0.584360 0.025365 -0.016893
v -0.550721 0.006150 0.020401
v -0.551033 0.008773 0.022635
v -0.550205 0.029749 0.019336
v -0.557882 0.029174 0.015070
v -0.561461 0.009474 0.017418
v -0.550706 0.036430 0.017365
v -0.548653 0.029616 0.015203
v -0.574754 0.025114 -0.019208
v -0.574450 0.017832 -0.025177
v -0.569336 0.018675 -0.024152
v -0.570106 0.025279 -0.019357
v -0.540088 0.061658 0.018334
v -0.527033 0.066058 0.021612
v -0.601800 -0.060913 0.009683
v -0.544165 0.052854 0.017249
v -0.525449 0.040697 0.021135
v -0.537109 0.031173 0.023448
v -0.522110 0.038662 0.015742
v -0.519611 0.050293 0.023875
v -0.525449 0.040697 0.021135
v -0.522110 0.038662 0.015742
v -0.518689 0.052774 0.016608
v -0.529003 0.059894 0.027345
v -0.527033 0.066058 0.021612
v -0.540088 0.061658 0.018334
v -0.544165 0.052854 0.017249
v -0.544920 0.026297 0.023570
v -0.543745 0.027709 0.032954
v -0.544920 0.026297 0.023570
v -0.548400 0.033897 0.034622
v -0.550948 0.024094 0.025094
v -0.553346 0.028792 0.021059
v -0.549945 0.024314 0.032827
v -0.550948 0.024094 0.025094
v -0.554847 0.034465 0.026126
v -0.553703 0.031973 0.035467
v -0.575221 0.027261 -0.023184
v -0.574754 0.025114 -0.019208
v -0.570106 0.025279 -0.019357
v -0.570821 0.027754 -0.023938
v -0.576271 0.020189 0.024493
v -0.577010 0.028205 0.019371
v -0.577020 0.020119 0.031153
v -0.576271 0.020189 0.024493
v -0.577739 0.034146 0.025561
v -0.578334 0.029132 0.033619
v -0.575081 0.021297 -0.027505
v -0.570597 0.022476 -0.028446
v -0.577791 0.026894 0.025775
v -0.577020 0.020119 0.031153
v -0.577739 0.034146 0.025561
v -0.578334 0.029132 0.033619
v -0.588694 0.031010 0.024769
v -0.586493 0.022572 0.031670
v -0.577945 0.025680 0.031068
v -0.577739 0.031074 0.026056
v -0.593489 0.029419 0.024911
v -0.591877 0.020757 0.032232
v -0.594560 0.024395 0.019947
v -0.592822 0.018081 0.026977
v -0.588627 0.029077 0.022470
v -0.592174 0.028332 0.023077
v -0.590423 0.020223 0.030945
v -0.586004 0.020282 0.030349
v -0.594560 0.024395 0.019947
v -0.592174 0.028332 0.023077
v -0.588627 0.029077 0.022470
v -0.550375 0.027188 -0.016339
v -0.553840 0.027521 -0.018428
v -0.550140 0.032996 -0.017290
v -0.539769 -0.016873 -0.014008
v -0.577550 0.021927 0.029178
v -0.582685 0.025463 0.023903
v -0.577435 0.028436 0.022370
v -0.581151 0.031034 0.020713
v -0.585290 0.031682 0.022625
v -0.581151 0.031034 0.020713
v -0.586566 0.028969 0.020752
v -0.577435 0.028436 0.022370
v -0.586566 0.028969 0.020752
v -0.585089 0.029619 0.017910
v -0.587145 0.029215 0.019953
v -0.585839 0.026644 0.019637
v -0.585089 0.029619 0.017910
v -0.585839 0.026644 0.019637
v -0.555658 0.009021 -0.022803
v -0.565611 0.011016 -0.006506
v -0.562175 0.028103 -0.003546
v -0.587580 0.026956 0.016284
v -0.588877 0.026829 0.017768
v -0.587938 0.025315 0.017165
v -0.587580 0.026956 0.016284
v -0.587938 0.025315 0.017165
v -0.553099 0.006586 -0.022108
v -0.573390 0.026678 0.031862
v -0.573311 0.031375 0.026749
v -0.572399 0.022313 0.028063
v -0.572785 0.028323 0.022501
v -0.572785 0.028323 0.022501
v -0.553793 0.030544 0.013788
v -0.522936 0.067981 0.000395
v -0.539242 0.015564 -0.025445
v -0.537094 0.004797 -0.026237
v -0.540118 0.003955 -0.020803
v -0.542266 0.014724 -0.020011
v -0.557917 0.006082 0.015171
v -0.550721 0.006150 0.020401
v -0.532503 0.016181 -0.022424
v -0.535527 0.015339 -0.016990
v -0.532503 0.016181 0.022424
v -0.539242 0.015564 0.025445
v -0.537094 0.004797 0.026237
v -0.531682 0.005451 0.022533
v -0.540118 0.003955 0.020803
v -0.534705 0.004610 0.017099
v -0.535527 0.015339 0.016990
v -0.542266 0.014724 0.020011
v -0.602243 -0.051637 -0.009820
v -0.601800 -0.060913 -0.009683
v -0.598946 -0.060913 -0.016995
v -0.600160 -0.050890 -0.015471
v -0.617181 -0.060913 -0.026462
v -0.622300 -0.060913 -0.015118
v -0.629816 -0.061188 -0.019948
v -0.627799 -0.060967 -0.027305
v -0.629816 -0.061188 -0.019948
v -0.622300 -0.060913 -0.015118
v -0.624351 -0.056220 -0.015350
v -0.629588 -0.058109 -0.020152
v -0.619602 -0.055938 -0.025051
v -0.627615 -0.057215 -0.027494
v -0.612050 -0.060913 -0.012402
v -0.614097 -0.052461 -0.013039
v -0.612184 -0.052192 -0.021207
v -0.607813 -0.060913 -0.021599
v -0.612050 -0.060913 -0.012402
v -0.595310 -0.050091 -0.015625
v -0.601223 -0.047129 -0.006470
v -0.605327 -0.049048 -0.024129
v -0.602243 -0.051637 -0.009820
v -0.601223 -0.047129 -0.006470
v -0.614957 -0.046991 -0.009598
v -0.617511 -0.046897 -0.019891
v -0.584798 -0.010185 -0.019567
v -0.591200 -0.007806 -0.009627
v -0.590910 -0.008327 -0.027326
v -0.591200 -0.007806 -0.009627
v -0.600051 0.000143 -0.011890
v -0.600009 0.001293 -0.022203
v -0.583614 -0.011531 -0.019568
v -0.585533 -0.003143 -0.008397
v -0.583192 -0.003595 -0.027212
v -0.585533 -0.003143 -0.008397
v -0.589298 0.005995 -0.010887
v -0.588595 0.010558 -0.021595
v -0.552377 -0.004179 -0.023114
v -0.555524 0.005996 -0.017184
v -0.529908 0.001655 -0.014093
v -0.542559 0.004332 -0.023970
v -0.553099 0.006586 -0.022108
v -0.529908 0.001655 -0.014093
v -0.528051 0.019099 -0.012015
v -0.542559 0.004332 -0.023970
v -0.540998 0.022113 -0.022035
v -0.522056 0.038844 -0.015806
v -0.537109 0.031173 -0.023448
v -0.562830 0.033397 -0.008955
v -0.518658 0.052953 -0.016557
v -0.536250 0.041831 -0.020191
v -0.538615 0.056526 -0.022609
v -0.550348 0.033568 -0.023789
v -0.545839 0.027886 -0.018199
v -0.555064 0.053669 -0.009458
v -0.537451 0.067242 -0.013656
v -0.527143 0.069168 -0.014214
v -0.520866 0.069466 -0.008506
v -0.546310 0.062682 -0.011751
v -0.527203 0.065881 -0.021831
v -0.527143 0.069168 -0.014214
v -0.583893 0.025253 -0.017608
v -0.578628 0.027654 -0.017853
v -0.582471 0.026344 -0.014872
v -0.582624 0.022977 -0.016470
v -0.531682 0.005451 -0.022533
v -0.537109 0.031173 -0.023448
v -0.540998 0.022113 -0.022035
v -0.585043 0.021992 -0.013592
v -0.584789 0.023746 -0.012919
v -0.586074 0.023360 -0.014367
v -0.527203 0.065881 -0.021831
v -0.540319 0.061638 -0.018615
v -0.601800 -0.060913 -0.009683
v -0.544302 0.053001 -0.017404
v -0.522056 0.038844 -0.015806
v -0.537109 0.031173 -0.023448
v -0.525062 0.041061 -0.020638
v -0.518658 0.052953 -0.016557
v -0.522056 0.038844 -0.015806
v -0.525062 0.041061 -0.020638
v -0.519338 0.050446 -0.023535
v -0.527203 0.065881 -0.021831
v -0.529138 0.059357 -0.027546
v -0.540319 0.061638 -0.018615
v -0.544302 0.053001 -0.017404
v -0.541303 0.024744 -0.021294
v -0.541303 0.024744 -0.021294
v -0.541063 0.025373 -0.029827
v -0.546225 0.030894 -0.032211
v -0.549927 0.025661 -0.018971
v -0.547192 0.021771 -0.022549
v -0.547192 0.021771 -0.022549
v -0.546995 0.021513 -0.029280
v -0.552679 0.032064 -0.023710
v -0.551279 0.028511 -0.032802
v -0.574243 0.025173 -0.015650
v -0.573510 0.018495 -0.019314
v -0.573510 0.018495 -0.019314
v -0.573805 0.015836 -0.026922
v -0.575118 0.031377 -0.022518
v -0.575878 0.024396 -0.030299
v -0.584789 0.023746 -0.012919
v -0.585043 0.021992 -0.013592
v -0.575009 0.023151 -0.022398
v -0.573805 0.015836 -0.026922
v -0.575118 0.031377 -0.022518
v -0.575878 0.024396 -0.030299
v -0.582471 0.026344 -0.014872
v -0.534705 0.004610 -0.017099
v -0.542559 0.004332 -0.023970
v -0.583414 0.017606 -0.027666
v -0.586152 0.026664 -0.021824
v -0.588672 0.015400 -0.027969
v -0.590835 0.024768 -0.021739
v -0.589450 0.013327 -0.022421
v -0.591591 0.020325 -0.016196
v -0.589456 0.023997 -0.019796
v -0.585964 0.025033 -0.019308
v -0.582784 0.015528 -0.026082
v -0.587187 0.015120 -0.026636
v -0.589456 0.023997 -0.019796
v -0.591591 0.020325 -0.016196
v -0.585964 0.025033 -0.019308
v -0.579804 0.021652 -0.020333
v -0.578628 0.027654 -0.017853
v -0.544181 0.077296 0.006529
v -0.548093 0.076187 0.001669
v -0.546592 0.073532 0.003615
v -0.545561 0.082995 0.003777
v -0.543761 0.082447 0.006570
v -0.538861 0.085688 0.007477
v -0.542374 0.089433 0.003941
v -0.531511 0.085555 -0.008891
v -0.532760 0.091256 -0.004245
v -0.524347 0.086564 -0.004850
v -0.543002 0.080451 0.006519
v -0.538287 0.078820 0.008428
v -0.540395 0.071746 0.007063
v -0.547939 0.068584 0.002378
v -0.541505 0.067342 0.002888
v -0.547007 0.081973 -0.000000
v -0.550337 0.077741 -0.000561
v -0.550337 0.077741 0.000561
v -0.537406 0.063711 0.007252
v -0.535599 0.070994 0.007423
v -0.545249 0.080955 0.001832
v -0.524972 0.076442 0.004860
v -0.532573 0.077423 0.008878
v -0.528304 0.071381 0.005035
v -0.527445 0.065155 -0.006693
v -0.528304 0.071381 -0.005035
v -0.528304 0.071381 0.005035
v -0.527445 0.065155 0.006693
v -0.548093 0.076187 -0.001669
v -0.548823 0.074071 -0.000000
v -0.532760 0.091256 0.004245
v -0.532306 0.092503 -0.000000
v -0.544335 0.089542 -0.000000
v -0.542201 0.065674 -0.000000
v -0.540723 0.060239 -0.000000
v -0.546770 0.083485 -0.000000
v -0.527445 0.065155 0.006693
v -0.524972 0.076442 0.004860
v -0.524972 0.076442 -0.004861
v -0.524347 0.086564 0.004850
v -0.531511 0.085555 0.008891
v -0.547939 0.068584 -0.002378
v -0.541505 0.067342 -0.002888
v -0.543761 0.082447 -0.006570
v -0.538861 0.085688 -0.007477
v -0.538287 0.078820 -0.008428
v -0.543002 0.080451 -0.006519
v -0.524347 0.086564 0.004850
v -0.546592 0.073532 -0.003615
v -0.532573 0.077423 -0.008878
v -0.542374 0.089433 -0.003941
v -0.544181 0.077296 -0.006529
v -0.545561 0.082995 -0.003777
v -0.532306 0.092503 -0.000000
v -0.540395 0.071746 -0.007063
v -0.535599 0.070994 -0.007423
v -0.537406 0.063711 -0.007252
v -0.545249 0.080955 -0.001832
v -0.530473 0.077825 -0.014436
v -0.536587 0.074241 -0.012101
v -0.536367 0.081937 -0.012597
v -0.530122 0.070846 0.011005
v -0.527945 0.068342 0.006186
v -0.525156 0.068974 -0.000000
v -0.520022 0.073669 -0.000000
v -0.524434 0.075760 0.011646
v -0.540423 0.072595 -0.008413
v -0.540440 0.086848 -0.009473
v -0.528925 0.085330 -0.013118
v -0.524434 0.075760 -0.011646
v -0.533681 0.066957 0.009096
v -0.540423 0.072595 0.008413
v -0.541267 0.064575 0.007854
v -0.530122 0.070846 -0.011005
v -0.527945 0.068342 -0.006186
v -0.528925 0.085330 0.013118
v -0.540440 0.086848 0.009473
v -0.536367 0.081937 0.012597
v -0.521715 0.083081 0.009063
v -0.517686 0.083495 -0.000000
v -0.536587 0.074241 0.012101
v -0.530473 0.077825 0.014436
v -0.533681 0.066957 -0.009096
v -0.520443 0.090060 -0.000000
v -0.522933 0.088983 0.006634
v -0.521715 0.083081 -0.009063
v -0.529023 0.093258 0.006303
v -0.539774 0.091739 0.006678
v -0.541896 0.094457 -0.000000
v -0.546882 0.088940 -0.000000
v -0.539774 0.091739 -0.006678
v -0.529023 0.093258 -0.006303
v -0.522933 0.088983 -0.006634
v -0.529256 0.095636 -0.000000
v -0.541267 0.064575 -0.007854
v -0.539129 0.075348 -0.008513
v -0.539675 0.073862 -0.008494
v -0.548136 0.076159 -0.005478
v -0.548167 0.077536 -0.005080
v -0.567428 0.044850 0.012753
v -0.570611 0.057005 0.006611
v -0.571021 0.055731 0.003928
v -0.567494 0.043681 0.010002
v -0.568183 0.054809 0.003718
v -0.562813 0.064013 -0.000285
v -0.562715 0.064430 0.002979
v -0.567721 0.056246 0.006745
v -0.564896 0.046322 0.012302
v -0.564971 0.045005 0.009200
v -0.540140 0.074516 -0.008052
v -0.539424 0.073151 -0.007864
v -0.546972 0.070454 -0.005216
v -0.547332 0.071937 -0.005589
v -0.562813 0.064013 -0.000285
v -0.564966 0.065909 -0.000314
v -0.554126 0.074464 -0.001598
v -0.553032 0.069579 -0.002386
v -0.539675 0.073862 0.008462
v -0.539129 0.075348 0.008481
v -0.548167 0.077536 0.005047
v -0.548136 0.076159 0.005445
v -0.539424 0.073151 0.007831
v -0.540140 0.074516 0.008018
v -0.547332 0.071937 0.005555
v -0.546972 0.070454 0.005184
v -0.545273 0.030569 0.015771
v -0.556618 0.035206 0.016287
v -0.556791 0.034750 0.013329
v -0.545493 0.030111 0.012815
v -0.564882 0.066277 0.002598
v -0.548971 0.075818 0.005350
v -0.547629 0.082188 0.001325
v -0.554130 0.074475 0.001550
v -0.554126 0.074464 -0.001598
v -0.547629 0.082188 -0.001359
v -0.553032 0.069579 -0.002386
v -0.553034 0.069566 0.002352
v -0.553034 0.069566 0.002352
v -0.548313 0.072530 0.005534
v -0.549904 0.071896 0.006443
v -0.555502 0.038008 0.015984
v -0.555699 0.037493 0.012647
v -0.544182 0.033379 0.015450
v -0.548971 0.075818 -0.005382
v -0.547629 0.082188 -0.001359
v -0.545760 0.074554 -0.006121
v -0.545799 0.067485 0.004396
v -0.553032 0.069579 -0.002386
v -0.545799 0.067485 -0.004428
v -0.548313 0.072530 -0.005566
v -0.550384 0.075299 0.006431
v -0.553032 0.069579 -0.002386
v -0.545799 0.067485 -0.004428
v -0.568183 0.054809 0.003718
v -0.564971 0.045005 0.009200
v -0.554130 0.074475 0.001550
v -0.550384 0.075299 -0.006464
v -0.549904 0.071896 -0.006475
v -0.554126 0.074464 -0.001598
v -0.544430 0.032863 0.012117
v -0.555699 0.037493 0.012647
v -0.544430 0.032863 0.012117
v -0.545760 0.074554 0.006089
v -0.540362 0.086958 0.008641
v -0.542004 0.088327 0.005783
v -0.544316 0.085876 0.005891
v -0.541257 0.085030 0.008832
v -0.544637 0.088852 0.002387
v -0.546354 0.086419 0.002301
v -0.537547 0.086176 0.009768
v -0.538355 0.084071 0.009803
v -0.544917 0.083368 0.005868
v -0.541544 0.082782 0.008876
v -0.547087 0.083752 0.002158
v -0.538445 0.082584 0.009987
v -0.544859 0.081115 0.005533
v -0.541460 0.081492 0.008577
v -0.547121 0.082198 0.001968
v -0.539072 0.081318 0.009365
v -0.545050 0.079244 0.005266
v -0.541307 0.079816 0.008012
v -0.546818 0.080096 0.001972
v -0.539998 0.080445 0.008668
v -0.545330 0.088970 -0.000000
v -0.546692 0.086537 -0.000000
v -0.547424 0.083870 -0.000000
v -0.547376 0.082522 -0.000000
v -0.547361 0.081180 0.000768
v -0.547419 0.081415 -0.000000
v -0.544316 0.085876 -0.005891
v -0.542004 0.088327 -0.005783
v -0.540535 0.087087 -0.008637
v -0.541255 0.085030 -0.008831
v -0.546354 0.086419 -0.002301
v -0.544637 0.088852 -0.002387
v -0.537540 0.086176 -0.009768
v -0.538350 0.084071 -0.009848
v -0.544917 0.083368 -0.005868
v -0.541683 0.082802 -0.008875
v -0.547087 0.083752 -0.002158
v -0.539294 0.082701 -0.009976
v -0.544859 0.081114 -0.005533
v -0.541460 0.081492 -0.008576
v -0.547121 0.082198 -0.001968
v -0.539072 0.081318 -0.009427
v -0.545050 0.079244 -0.005266
v -0.541307 0.079816 -0.008018
v -0.546818 0.080096 -0.001972
v -0.539998 0.080445 -0.008694
v -0.545330 0.088970 -0.000000
v -0.546692 0.086537 -0.000000
v -0.547424 0.083870 -0.000000
v -0.547376 0.082522 -0.000000
v -0.547361 0.081180 -0.000768
v -0.547419 0.081415 -0.000000
v 1.185969 -0.101514 -0.217194
v 1.186023 -0.101432 -0.304858
v 1.057371 -0.097056 -0.304858
v 1.132208 -0.098883 -0.193080
v 1.185969 -0.101514 -0.217194
v 1.132208 -0.104201 -0.193205
v 1.057371 -0.105422 -0.304858
v 1.186023 -0.101432 -0.304858
v 1.078787 -0.109886 -0.216897
v 1.078765 -0.108294 -0.219264
v 1.109046 -0.105433 -0.215930
v 1.109070 -0.106404 -0.214586
v 1.109089 -0.107000 -0.212542
v 1.078809 -0.111435 -0.212723
v 1.109070 -0.106374 -0.210549
v 1.078787 -0.109866 -0.208585
v 1.108995 -0.103650 -0.216742
v 1.078720 -0.104953 -0.220433
v 1.109042 -0.105377 -0.209241
v 1.108995 -0.103664 -0.208545
v 1.078720 -0.104981 -0.205143
v 1.078765 -0.108260 -0.206234
v 1.057290 -0.109438 -0.220694
v 1.057248 -0.105743 -0.222082
v 1.057329 -0.113188 -0.213041
v 1.057306 -0.111343 -0.218038
v 1.057306 -0.111365 -0.208047
v 1.057290 -0.109464 -0.205390
v 1.057248 -0.105775 -0.203993
v 1.054824 -0.109419 -0.219589
v 1.054778 -0.106257 -0.220775
v 1.054869 -0.112627 -0.213041
v 1.054842 -0.111050 -0.217316
v 1.054842 -0.111067 -0.208766
v 1.054824 -0.109442 -0.206494
v 1.054777 -0.106285 -0.205298
v 1.052600 -0.109404 -0.217841
v 1.052544 -0.107086 -0.218712
v 1.052654 -0.111757 -0.213040
v 1.052623 -0.110601 -0.216175
v 1.052623 -0.110613 -0.209904
v 1.052600 -0.109420 -0.208239
v 1.052544 -0.107105 -0.207361
v 1.109333 -0.095961 -0.211487
v 1.109339 -0.095365 -0.213530
v 1.078987 -0.091440 -0.213347
v 1.078994 -0.092989 -0.209176
v 1.109333 -0.095991 -0.215524
v 1.078994 -0.093009 -0.217488
v 1.109302 -0.098716 -0.209330
v 1.109322 -0.096931 -0.210143
v 1.078999 -0.094581 -0.206808
v 1.079007 -0.097922 -0.205640
v 1.109319 -0.096989 -0.216832
v 1.109302 -0.098702 -0.217529
v 1.079007 -0.097895 -0.220929
v 1.078999 -0.094615 -0.219840
v 1.057505 -0.093798 -0.205380
v 1.057528 -0.097493 -0.203993
v 1.057482 -0.090049 -0.213032
v 1.057491 -0.091893 -0.208035
v 1.057491 -0.091873 -0.218027
v 1.057505 -0.093772 -0.220684
v 1.057528 -0.097462 -0.222082
v 1.055041 -0.093859 -0.206484
v 1.055048 -0.097020 -0.205298
v 1.055032 -0.090651 -0.213032
v 1.055032 -0.092229 -0.208757
v 1.055032 -0.092210 -0.217307
v 1.055041 -0.093837 -0.219579
v 1.055048 -0.096994 -0.220775
v 1.052818 -0.093911 -0.208232
v 1.052801 -0.096230 -0.207361
v 1.052833 -0.091558 -0.213033
v 1.052822 -0.092714 -0.209898
v 1.052822 -0.092702 -0.216168
v 1.052818 -0.093894 -0.217836
v 1.052801 -0.096210 -0.218712
v 1.057371 -0.097056 -0.304858
v 1.057371 -0.105422 -0.304858
v 1.057430 -0.106414 -0.193376
v 1.057430 -0.096626 -0.193679
v 1.057430 -0.096626 -0.193679
v 1.057430 -0.106414 -0.193376
v 1.132208 -0.104201 -0.193205
v 1.132208 -0.098883 -0.193080
v 1.057430 -0.096626 -0.193679
v 1.057430 -0.106414 -0.193376
v 1.140408 -0.101542 -0.193141
v 1.140408 -0.101542 -0.193141
v 1.136492 -0.101995 -0.212459
v 1.136824 -0.099907 -0.213614
v 1.140408 -0.101542 -0.193141
v 1.057371 -0.097056 -0.304858
v 1.186023 -0.101432 -0.304858
v 1.057371 -0.105422 -0.304858
v 1.052544 -0.107105 -0.207361
v 1.052544 -0.107086 -0.218712
v 1.052600 -0.109404 -0.217841
v 1.052600 -0.109420 -0.208239
v 1.052623 -0.110601 -0.216175
v 1.052623 -0.110613 -0.209904
v 1.052801 -0.096210 -0.218712
v 1.052801 -0.096230 -0.207361
v 1.052818 -0.093911 -0.208232
v 1.052818 -0.093894 -0.217836
v 1.052822 -0.092714 -0.209898
v 1.052822 -0.092702 -0.216168
v 1.052654 -0.111757 -0.213040
v 1.052833 -0.091558 -0.213033
v -0.139009 0.015749 0.036715
v -0.139045 0.005667 0.039141
v 0.030043 -0.009960 0.036014
v 0.029840 0.007126 0.033844
v -0.138970 0.025934 0.024207
v 0.029785 0.017631 0.022488
v -0.138934 0.032752 0.008431
v 0.029802 0.025475 0.007957
v 0.029823 0.026173 0.000000
v -0.138935 0.033837 -0.000000
v 0.911901 -0.034832 0.010694
v 0.912062 -0.025559 0.009546
v 0.896446 -0.023396 0.014803
v 0.896315 -0.034320 0.016865
v 0.867672 -0.009295 0.013339
v 0.867658 -0.002180 0.005603
v 0.837041 0.000297 0.005688
v 0.837055 -0.007667 0.014264
v 0.896453 -0.013600 0.011093
v 0.896462 -0.005377 0.004637
v 0.912088 -0.016119 0.007405
v 0.912125 -0.008076 0.003268
v 0.912118 -0.006826 0.000000
v 0.896453 -0.004239 0.000000
v 0.703256 -0.029012 0.023854
v 0.703387 -0.013670 0.022504
v 0.703365 -0.002959 0.015626
v 0.703392 0.005084 0.006064
v 0.867641 -0.020480 0.017880
v 0.837055 -0.019067 0.019377
v 0.836865 -0.032586 0.021532
v 0.867464 -0.033392 0.020910
v -0.210340 0.007729 0.058334
v -0.139038 0.001641 0.056780
v -0.210347 0.016291 0.039290
v 0.755134 -0.127868 0.172871
v 0.755005 -0.151794 0.163336
v 1.000220 -0.153714 0.157324
v 1.000220 -0.129321 0.169754
v -0.115111 -0.174146 0.168232
v -0.105569 -0.194722 0.147522
v 0.029869 -0.184035 0.147006
v 0.029870 -0.164683 0.169155
v 0.755104 -0.192389 0.101133
v 0.755094 -0.194766 0.076824
v 1.000220 -0.189782 0.086536
v 1.000220 -0.185500 0.113575
v 0.755146 -0.019371 0.121869
v 1.000220 -0.019064 0.113575
v 1.000220 -0.014782 0.086535
v 0.755185 -0.014610 0.103297
v 0.755095 -0.017071 0.053253
v 0.755166 -0.012904 0.076952
v 1.000220 -0.019064 0.059496
v -0.368319 -0.180885 0.145172
v -0.368100 -0.181767 0.159255
v -0.505740 -0.106936 0.158428
v -0.500430 -0.114438 0.147031
v -0.362815 -0.186035 0.147031
v -0.368319 -0.180885 0.113433
v -0.362735 -0.186054 0.113433
v -0.258800 -0.147745 0.174793
v -0.246271 -0.182707 0.167596
v -0.181469 -0.178477 0.168470
v -0.192249 -0.141128 0.177979
v -0.237908 -0.206889 0.147482
v -0.175200 -0.202609 0.145781
v -0.505740 -0.106936 0.158428
v -0.368100 -0.181767 0.159255
v -0.363509 -0.176537 0.160934
v -0.490204 -0.106016 0.159908
v -0.301301 -0.186299 0.163597
v -0.298490 -0.200244 0.147010
v -0.505740 -0.106936 -0.000000
v -0.500430 -0.114438 0.006478
v -0.505740 -0.106936 -0.000000
v -0.505740 -0.106936 0.158428
v -0.490204 -0.106016 0.159908
v -0.490188 -0.106017 -0.000000
v -0.368319 -0.180885 -0.000000
v -0.368319 -0.180885 0.006580
v -0.500489 -0.116841 -0.000000
v -0.253676 -0.159579 0.006260
v -0.368319 -0.180885 0.006580
v -0.368319 -0.180885 0.113433
v -0.253676 -0.159579 0.144029
v -0.184212 -0.106977 0.006478
v -0.184212 -0.106977 0.143509
v -0.342179 -0.108014 0.145269
v -0.342179 -0.108014 0.006478
v -0.184212 -0.106977 0.143509
v -0.184212 -0.106977 0.006478
v -0.184212 -0.153809 0.005940
v -0.184212 -0.153809 0.142885
v 0.755073 -0.193671 0.055450
v 0.754988 -0.188859 0.028977
v 1.000220 -0.173071 0.035103
v 1.000220 -0.185500 0.059496
v 0.980444 -0.103948 0.000000
v 0.975410 -0.076040 0.000000
v 0.989281 -0.073095 0.002642
v 0.995577 -0.102599 0.000325
v 0.973021 -0.139455 0.000000
v 0.979784 -0.122686 0.000000
v 0.995035 -0.121630 0.000530
v 0.987478 -0.140152 0.002074
v 0.320883 -0.100366 0.183628
v 0.029870 -0.102498 0.188488
v 0.029892 -0.136810 0.180568
v 0.320693 -0.131158 0.181477
v 0.320948 -0.195804 0.123362
v 0.029870 -0.197243 0.124106
v 0.029870 -0.202680 0.098905
v 0.320948 -0.201819 0.100048
v 0.558009 -0.190206 0.120985
v 0.651608 -0.188413 0.122807
v 0.651452 -0.172186 0.147506
v 0.557489 -0.175804 0.146313
v 0.755101 -0.041051 0.152606
v 1.000220 -0.050850 0.157324
v 1.000220 -0.031493 0.137966
v 0.755148 -0.026633 0.136120
v 0.651632 -0.127215 0.174413
v 0.557213 -0.126583 0.176026
v 0.556659 -0.154749 0.165600
v 0.651510 -0.152575 0.164956
v 0.651605 -0.196945 0.075503
v 0.558442 -0.198976 0.076817
v 0.558378 -0.199713 0.054110
v 0.651617 -0.196937 0.054422
v 0.651685 -0.021180 0.104715
v 0.029869 -0.016383 0.112804
v 0.029868 -0.025828 0.137958
v 0.651645 -0.029476 0.130312
v 0.651598 -0.021297 0.052026
v 0.029853 -0.007725 0.053101
v 0.029865 -0.010594 0.086707
v 0.651669 -0.018435 0.078358
v 0.553423 -0.198161 0.029653
v 0.651627 -0.194245 0.028364
v 0.651452 -0.172186 0.147506
v 0.557489 -0.175804 0.146313
v 0.651622 -0.195202 0.098455
v 0.558204 -0.197654 0.098364
v 1.000220 -0.102283 0.174036
v 0.755089 -0.112715 0.177483
v 1.000220 -0.173071 0.137966
v 0.755084 -0.184921 0.126281
v 1.000220 -0.075243 0.169754
v 1.000220 -0.050850 0.157324
v 0.755101 -0.041051 0.152606
v 0.755100 -0.055692 0.163252
v 0.972233 -0.158145 0.006805
v 0.950742 -0.154758 0.000000
v -0.105569 -0.194722 0.147522
v -0.095295 -0.205523 0.124441
v 0.029869 -0.184035 0.147006
v 0.320980 -0.160006 0.170581
v -0.073578 -0.214343 0.070786
v -0.065365 -0.216108 0.043537
v 0.029870 -0.207449 0.047142
v 0.029870 -0.205885 0.072639
v 0.320955 -0.205705 0.057052
v 0.029870 -0.207720 0.024394
v 0.323440 -0.205624 0.032124
v 0.323440 -0.198236 0.000000
v 0.553609 -0.190789 0.000000
v 0.029870 -0.206339 -0.000000
v 0.556636 -0.107099 0.181391
v 0.651597 -0.112159 0.179332
v 0.320955 -0.204562 0.077019
v 0.558378 -0.199713 0.054110
v 0.551123 -0.091074 0.054722
v 0.321484 -0.093972 0.055888
v 0.320955 -0.205705 0.057052
v 0.321484 -0.093972 0.055888
v 0.551123 -0.091074 0.054722
v 0.556636 -0.107099 0.181391
v 0.320883 -0.100366 0.183628
v -0.184212 -0.153809 0.142885
v -0.184212 -0.153809 0.005940
v -0.500430 -0.114438 0.147031
v -0.500430 -0.114438 0.006478
v -0.237519 -0.219007 0.128259
v -0.237699 -0.223868 0.106314
v -0.163867 -0.220683 0.102376
v -0.170716 -0.215219 0.125784
v -0.175200 -0.202609 0.145781
v -0.061788 -0.219602 0.021566
v -0.152380 -0.226346 0.045924
v -0.152380 -0.229164 0.019771
v -0.237699 -0.228371 0.045924
v -0.298490 -0.200244 0.147010
v -0.298115 -0.207268 0.136297
v -0.355737 -0.195279 0.113433
v -0.357385 -0.190671 0.147645
v 0.320620 -0.183689 0.146083
v 0.316097 -0.042652 0.158401
v 0.029797 -0.036101 0.159579
v 0.030054 -0.051233 0.182150
v 0.320229 -0.062197 0.178085
v -0.128217 -0.097491 0.184884
v -0.121729 -0.139757 0.180250
v -0.085109 -0.209923 0.098437
v 0.320620 -0.183689 0.146083
v -0.060426 -0.219273 -0.000000
v -0.202654 -0.095401 0.183380
v -0.398663 -0.100601 0.168628
v -0.312584 -0.158528 0.169604
v -0.272332 -0.091625 0.180662
v -0.357385 -0.190671 0.147645
v -0.361670 -0.181453 0.159687
v -0.362815 -0.186035 0.147031
v -0.398421 -0.100598 0.000184
v -0.398663 -0.100601 0.168628
v -0.272332 -0.091625 0.180662
v -0.268942 -0.090896 0.001888
v -0.298233 -0.214204 0.108640
v -0.300952 -0.218749 0.045924
v -0.355423 -0.201074 0.045924
v -0.154523 -0.223910 0.044508
v -0.152380 -0.226346 0.045924
v -0.237699 -0.228371 0.045924
v -0.232667 -0.225936 0.044508
v -0.300952 -0.218749 0.045924
v -0.290597 -0.216313 0.044508
v -0.355423 -0.201074 0.045924
v -0.355708 -0.203892 0.020021
v -0.355963 -0.203188 -0.000000
v -0.340489 -0.198439 0.044508
v -0.355423 -0.201074 0.045924
v -0.340489 -0.198439 0.044508
v -0.154523 -0.223910 0.044508
v -0.154523 -0.226728 0.020555
v -0.152380 -0.229164 0.019771
v -0.152380 -0.226346 0.045924
v -0.154523 -0.226023 -0.000000
v -0.152380 -0.228460 -0.000000
v -0.154523 -0.192474 0.044508
v -0.232667 -0.194501 0.044508
v -0.290597 -0.190283 0.044508
v -0.340984 -0.184879 -0.000000
v -0.340489 -0.184879 0.044508
v -0.340984 -0.199143 -0.000000
v -0.340489 -0.184879 0.044508
v -0.154523 -0.192474 0.044508
v -0.154523 -0.192474 -0.000000
v -0.154523 -0.192474 -0.000000
v -0.154523 -0.192474 0.044508
v -0.232667 -0.194501 0.044508
v -0.219767 -0.194501 -0.000000
v -0.275736 -0.190283 -0.000000
v -0.290597 -0.190283 0.044508
v -0.340489 -0.184879 0.044508
v -0.340984 -0.184879 -0.000000
v -0.362656 -0.186074 -0.000000
v -0.722853 0.034629 0.019171
v -0.723817 0.035266 -0.000000
v -0.736552 0.037235 -0.000000
v -0.735156 0.034424 0.019162
v -0.720527 0.028216 0.041733
v -0.708516 0.028350 0.044190
v -0.706143 0.029011 0.040628
v -0.708446 0.029155 0.039069
v -0.708446 0.029155 0.039069
v -0.717828 0.030356 0.033204
v -0.726824 0.030000 0.035567
v -0.720527 0.028216 0.041733
v -0.729819 0.031917 0.030576
v -0.726824 0.030000 0.035567
v -0.717828 0.030356 0.033204
v -0.720326 0.032276 0.028879
v -0.729819 0.031917 0.030576
v -0.720326 0.032276 0.028879
v -0.669049 0.034146 0.047151
v -0.706143 0.029011 0.040628
v -0.708516 0.028350 0.044190
v -0.669049 0.032784 0.050453
v -0.614801 0.003450 0.037900
v -0.574362 0.000246 0.038815
v -0.614801 0.003450 -0.000000
v -0.614801 0.003450 0.037900
v -0.574362 0.000246 0.038815
v -0.574362 0.000246 -0.000000
v 0.703387 0.005617 0.000000
v 0.837041 0.000665 0.000000
v 0.867649 -0.001198 0.000000
v 0.651648 -0.186075 0.000000
v -0.152380 -0.228460 -0.000000
v -0.282045 0.026017 0.039289
v -0.210323 0.024674 0.037664
v -0.282035 0.035616 0.037437
v -0.281959 0.047373 0.025663
v -0.210323 0.036285 0.024933
v -0.281955 0.052761 0.009530
v -0.210328 0.041753 0.008673
v -0.210304 0.042710 -0.000000
v -0.281955 0.054023 -0.000000
v 0.972233 -0.158145 0.006805
v 0.754856 -0.178716 0.001304
v 0.754755 -0.177600 0.000000
v 0.950742 -0.154758 0.000000
v 0.915385 -0.030729 0.033964
v 0.703413 -0.026625 0.038444
v 0.029870 -0.076213 0.190067
v 0.320508 -0.079920 0.182907
v 0.952086 -0.037475 0.026116
v -0.706143 0.029011 0.040628
v -0.669049 0.034146 0.047151
v -0.614801 0.058154 0.046717
v -0.615100 0.067746 0.035812
v -0.614013 0.044019 0.054561
v -0.614801 0.035878 0.051698
v -0.614801 0.058154 0.046717
v -0.733643 0.027497 0.032432
v -0.729806 0.024824 0.037170
v -0.726824 0.030000 0.035567
v -0.729819 0.031917 0.030576
v -0.614013 0.044019 0.054561
v -0.669049 0.034146 0.047151
v -0.669049 0.032784 0.050453
v -0.617738 0.041032 0.057851
v -0.717828 0.030356 0.033204
v -0.708446 0.029155 0.039069
v -0.615100 0.067746 0.035812
v -0.614801 0.071208 0.023077
v -0.722853 0.034629 0.019171
v -0.720326 0.032276 0.028879
v -0.614801 0.073501 -0.000000
v -0.669049 0.027393 0.051137
v -0.615874 0.034335 0.055719
v -0.617738 0.041032 0.057851
v -0.669049 0.032784 0.050453
v -0.720527 0.028216 0.041733
v -0.722266 0.024101 0.044189
v -0.708522 0.024111 0.046796
v -0.708516 0.028350 0.044190
v -0.527572 -0.028344 0.160224
v -0.547482 -0.029891 0.136531
v -0.566704 -0.037413 0.133892
v -0.538615 -0.033442 0.160224
v -0.505066 -0.022547 0.160138
v -0.505066 -0.024832 0.138306
v -0.351902 -0.015650 0.141530
v -0.422835 -0.015170 0.141697
v -0.422785 -0.019786 0.160231
v -0.351894 -0.019067 0.160231
v -0.282227 -0.018361 0.140578
v -0.282230 -0.021669 0.160233
v -0.210389 -0.024414 0.160233
v -0.210389 -0.020613 0.139787
v -0.308518 -0.056018 0.160226
v -0.284631 -0.042211 0.159845
v -0.408525 -0.037698 0.159845
v -0.352290 -0.057695 0.160226
v -0.212022 -0.041045 0.159846
v -0.220170 -0.051192 0.160224
v -0.282230 -0.021669 0.160233
v -0.351894 -0.019067 0.160231
v -0.210389 -0.024414 0.160233
v -0.505066 -0.016259 0.113186
v -0.547439 -0.023625 0.120150
v -0.408855 -0.102968 0.134304
v -0.352290 -0.098530 0.134323
v -0.352305 -0.084226 0.146872
v -0.408953 -0.082411 0.145948
v -0.409048 -0.057136 0.160226
v -0.352290 -0.057695 0.160226
v -0.308721 -0.097293 0.134663
v -0.308604 -0.084120 0.146227
v -0.308518 -0.056018 0.160226
v -0.224187 -0.098858 0.135146
v -0.222358 -0.079230 0.146857
v -0.220170 -0.051192 0.160224
v -0.282133 -0.000388 0.103979
v -0.351905 0.001419 0.103941
v -0.422921 0.000178 0.107492
v -0.210382 -0.004410 0.103383
v -0.138958 -0.009778 0.102387
v -0.139135 -0.021888 0.139339
v -0.504711 0.001425 -0.000000
v -0.539898 0.000566 -0.000000
v -0.547521 0.000566 0.038815
v -0.505066 0.001425 0.038815
v -0.505066 0.001425 0.038815
v -0.547521 0.000566 0.038815
v -0.424620 0.003938 0.038815
v -0.424620 0.003938 0.038815
v -0.424620 0.003938 -0.000000
v -0.731762 0.019793 0.044156
v -0.724572 0.018414 0.048458
v -0.735156 0.034424 0.019162
v -0.739570 0.032409 0.019153
v -0.736552 0.037235 -0.000000
v -0.740337 0.036115 -0.000000
v -0.737495 0.023106 0.033366
v -0.744350 0.033487 -0.000000
v -0.742950 0.029386 0.019132
v 0.954000 -0.051432 0.000000
v 0.970383 -0.053894 0.008906
v 0.924118 -0.027154 0.002914
v 0.924133 -0.017775 0.002641
v 0.925645 -0.027154 0.000000
v 0.925661 -0.017775 0.000000
v 0.923923 -0.035224 0.003317
v 0.924143 -0.010367 0.001448
v 0.924143 -0.009500 0.000000
v 0.925686 -0.011247 0.000000
v 0.925439 -0.035264 0.000000
v 0.956946 -0.046667 0.014357
v -0.423511 0.022386 0.067412
v -0.351787 0.022191 0.060126
v -0.422977 0.032711 0.057911
v -0.282045 0.019438 0.059896
v -0.282133 -0.000388 0.103979
v -0.282045 0.019438 0.059896
v -0.282045 -0.014768 0.059896
v -0.282133 -0.014866 0.104384
v -0.351905 0.001419 0.103941
v -0.351905 -0.014858 0.103535
v -0.351787 -0.014754 0.060126
v -0.351787 0.022191 0.060126
v -0.757756 -0.098932 -0.000000
v -0.757756 -0.097171 0.022641
v -0.815024 -0.096431 0.021780
v -0.815024 -0.097086 -0.000000
v -0.757756 -0.098275 0.049115
v -0.815024 -0.096239 0.045584
v -0.757756 -0.096786 0.073043
v -0.815024 -0.094163 0.066458
v -0.757756 -0.091249 0.092095
v -0.815024 -0.088982 0.082983
v -0.757756 -0.081818 0.104804
v -0.815024 -0.080386 0.093800
v -0.757756 -0.081818 0.104804
v -0.757756 -0.069049 0.109967
v -0.815024 -0.068981 0.097746
v -0.815024 -0.080386 0.093800
v -0.757756 -0.051705 0.106668
v -0.815024 -0.053759 0.094349
v -0.757700 -0.029122 0.090882
v -0.814994 -0.034982 0.081471
v -0.814994 -0.034982 0.081471
v -0.757700 -0.029122 0.090882
v -0.757672 -0.009003 0.071460
v -0.814980 -0.017196 0.063653
v -0.757756 0.010199 0.049235
v -0.815024 -0.000129 0.044556
v -0.757756 0.026030 0.020107
v -0.815024 0.013291 0.021890
v -0.757756 0.030333 -0.000000
v -0.815024 0.017573 -0.000000
v -0.887839 -0.093647 -0.000000
v -0.887833 -0.092392 0.017988
v -0.951491 -0.087939 0.014023
v -0.951491 -0.089311 -0.000000
v -0.887825 -0.092134 0.038024
v -0.951491 -0.086758 0.028879
v -0.887814 -0.089968 0.054897
v -0.951490 -0.084726 0.041611
v -0.887797 -0.085237 0.067902
v -0.951487 -0.080725 0.051297
v -0.887783 -0.077953 0.075920
v -0.951486 -0.074795 0.057148
v -0.887783 -0.077953 0.075920
v -0.887771 -0.068617 0.078394
v -0.951482 -0.067352 0.058831
v -0.951486 -0.074795 0.057148
v -0.887763 -0.056466 0.075412
v -0.951481 -0.057842 0.056550
v -0.887760 -0.041240 0.066489
v -0.951481 -0.045995 0.050051
v -0.887760 -0.041240 0.066489
v -0.887758 -0.026462 0.052638
v -0.951481 -0.045995 0.050051
v -0.951480 -0.033966 0.039838
v -0.887760 -0.013567 0.036069
v -0.951480 -0.023772 0.027284
v -0.887760 -0.003025 0.017637
v -0.951479 -0.016487 0.012782
v -0.887760 -0.000584 -0.000000
v -0.951479 -0.015033 -0.000000
v -0.997260 -0.084136 0.010105
v -0.997260 -0.085156 -0.000000
v -0.997260 -0.082701 0.020896
v -0.997260 -0.081125 0.030871
v -0.997260 -0.077762 0.038404
v -0.997260 -0.072791 0.042987
v -0.997260 -0.066583 0.044416
v -0.997260 -0.072791 0.042987
v -0.997260 -0.058720 0.042922
v -0.997260 -0.048927 0.038276
v -0.997260 -0.039259 0.030563
v -0.997260 -0.048927 0.038276
v -0.997260 -0.030883 0.020775
v -0.997260 -0.026335 0.009120
v -0.997260 -0.025243 -0.000000
v -1.040895 -0.078491 -0.000000
v -1.040895 -0.077657 0.006544
v -1.040894 -0.076112 0.013627
v -1.040893 -0.074544 0.019887
v -1.040891 -0.072138 0.025163
v -1.040889 -0.068621 0.028430
v -1.040889 -0.068621 0.028430
v -1.040888 -0.064279 0.029598
v -1.040885 -0.058859 0.028917
v -1.040884 -0.052099 0.026228
v -1.040884 -0.052099 0.026228
v -1.040884 -0.045268 0.021232
v -1.040883 -0.039802 0.013974
v -1.040883 -0.037031 0.005600
v -1.040883 -0.036276 -0.000000
v -0.708382 -0.098938 -0.000000
v -0.708382 -0.098645 0.023367
v -0.708382 -0.100463 0.051278
v -0.708382 -0.098984 0.076611
v -0.708382 -0.092653 0.096808
v -0.708382 -0.081689 0.110306
v -0.708382 -0.081689 0.110306
v -0.708382 -0.066766 0.115828
v -0.708382 -0.046442 0.112138
v -0.708380 -0.021873 0.096118
v -0.669711 -0.099031 -0.000000
v -0.669703 -0.099651 0.024009
v -0.669667 -0.102095 0.053151
v -0.669622 -0.100691 0.079662
v -0.669580 -0.093893 0.100853
v -0.669543 -0.081957 0.115056
v -0.669543 -0.081957 0.115056
v -0.669505 -0.065612 0.120826
v -0.669426 -0.043319 0.116857
v -0.669295 -0.016606 0.098517
v -1.084455 -0.069965 0.002239
v -1.084455 -0.070278 -0.000000
v -1.084455 -0.069205 0.006179
v -1.084455 -0.068079 0.009495
v -1.084455 -0.066459 0.012183
v -1.084455 -0.064349 0.014049
v -1.084455 -0.061833 0.014951
v -1.084455 -0.064349 0.014049
v -1.084455 -0.058804 0.014931
v -1.084455 -0.055163 0.013633
v -1.084455 -0.055163 0.013633
v -1.084455 -0.051750 0.010542
v -1.084455 -0.049369 0.006250
v -1.084455 -0.048215 0.001809
v -1.084455 -0.047906 -0.000000
v -0.581368 -0.100266 0.025820
v -0.581368 -0.098956 -0.000000
v -0.505550 -0.102868 -0.000000
v -0.505550 -0.104656 0.025191
v -0.581368 -0.103543 0.057339
v -0.505550 -0.104489 0.052361
v -0.505550 -0.102057 0.076285
v -0.581368 -0.102094 0.086093
v -0.505550 -0.095511 0.114186
v -0.581368 -0.094131 0.109127
v -0.505550 -0.086501 0.130058
v -0.581368 -0.079594 0.124613
v -0.581407 0.019793 0.076156
v -0.581443 -0.006746 0.103443
v -0.547549 -0.005948 0.104593
v -0.547452 0.021190 0.075737
v -0.505170 -0.004947 0.106032
v -0.505161 0.022598 0.073010
v -0.478905 -0.103785 -0.000000
v -0.478878 -0.105736 0.025426
v -0.478878 -0.105124 0.052334
v -0.478882 -0.102359 0.075545
v -0.478964 -0.098372 0.115998
v -1.115477 -0.057876 0.001720
v -1.115477 -0.057394 -0.000000
v -1.115477 -0.059239 0.002952
v -1.115477 -0.060936 0.003460
v -1.115477 -0.059239 0.002952
v -1.115477 -0.062511 0.002866
v -1.115477 -0.063380 0.001099
v -1.115477 -0.060936 0.003460
v -1.115477 -0.063590 -0.000000
v -0.451188 0.032194 0.060066
v -0.451896 0.022460 0.069359
v -0.451104 -0.003676 0.109061
v -0.581667 -0.036771 0.126194
v -0.574420 0.029854 0.061204
v -0.547518 0.030175 0.061468
v -0.505066 0.030956 0.061188
v -0.451760 -0.020261 0.160230
v -0.451188 -0.018078 0.140677
v -0.452240 -0.037519 0.159845
v -0.422785 -0.019786 0.160231
v -0.451760 -0.020261 0.160230
v -0.535378 -0.053314 0.139902
v -0.521335 -0.039525 0.160225
v -0.538615 -0.033442 0.160224
v -0.566704 -0.037413 0.133892
v -0.478699 -0.010077 0.110599
v -0.478629 -0.021923 0.139328
v -0.478629 -0.004323 0.106932
v -0.479034 0.022531 0.071222
v -0.478606 -0.038663 0.159845
v -0.478676 -0.050088 0.160226
v -0.453004 -0.054340 0.160226
v -0.505066 -0.037308 0.159845
v -0.505066 -0.045048 0.160225
v -0.478609 -0.020536 0.160188
v -0.505066 -0.022547 0.160138
v -0.478609 -0.020536 0.160188
v -0.479206 -0.091223 0.131716
v -0.478712 -0.074855 0.144837
v -0.505066 -0.066282 0.144802
v -0.478676 -0.050088 0.160226
v -0.505066 -0.045048 0.160225
v -0.542857 -0.061308 0.135498
v -0.581667 -0.036771 0.126194
v -0.452747 -0.080246 0.144865
v -0.453004 -0.054340 0.160226
v -0.453373 -0.106291 -0.000000
v -0.453373 -0.106864 0.026392
v -0.453373 -0.105802 0.054144
v -0.453373 -0.105104 0.075733
v -0.453370 -0.100011 0.117986
v -0.453364 -0.094723 0.135367
v -0.408855 -0.102898 0.118183
v -0.607677 -0.100238 0.025217
v -0.607669 -0.098966 -0.000000
v -0.607710 -0.103355 0.056049
v -0.607764 -0.101930 0.084155
v -0.607819 -0.094268 0.106659
v -0.607884 -0.080463 0.121774
v -0.581368 -0.079594 0.124613
v -0.581368 -0.061345 0.130913
v -0.607921 -0.062472 0.127905
v -0.607884 -0.080463 0.121774
v -0.607755 -0.008640 0.101967
v -0.607719 0.017470 0.075981
v -0.669295 -0.016606 0.098517
v -0.669133 0.007557 0.075431
v -0.607901 -0.038099 0.123448
v -0.602367 0.026779 0.058410
v -0.669054 0.021893 0.054561
v -0.708287 -0.000329 0.074898
v -0.708380 -0.021873 0.096118
v -0.708471 0.018955 0.049326
v -0.723658 0.015042 0.055335
v -0.708438 0.016718 0.055195
v -0.747002 0.032526 -0.000000
v -0.745616 0.028442 0.019132
v -0.742382 0.012526 0.052262
v -1.115477 -0.057876 0.001720
v -1.115477 -0.057394 -0.000000
v -1.115477 -0.059239 0.002952
v -0.132581 -0.072602 0.189094
v -0.206249 -0.070965 0.186957
v -0.135044 -0.044278 0.184728
v -0.143726 -0.028611 0.160233
v -0.143726 -0.028611 0.160233
v -0.141966 -0.044737 0.156364
v -0.184212 -0.153809 0.142885
v -0.253676 -0.159579 0.144029
v -0.342179 -0.108014 0.145269
v -0.184212 -0.106977 0.143509
v -0.368319 -0.180885 0.145172
v -0.500430 -0.114438 0.147031
v -0.184212 -0.153809 0.005940
v -0.184212 -0.106977 0.006478
v -0.342179 -0.108014 0.006478
v -0.253676 -0.159579 0.006260
v -0.500430 -0.114438 0.006478
v -0.368319 -0.180885 0.006580
v -0.623775 0.063099 0.054182
v -0.627948 0.078025 0.041399
v -0.627122 0.076139 0.037742
v -0.623065 0.062150 0.050845
v -0.627948 0.078025 0.041399
v -0.630703 0.088084 0.022268
v -0.629774 0.085568 0.018133
v -0.627122 0.076139 0.037742
v -0.617738 0.041032 0.057851
v -0.623775 0.063099 0.054182
v -0.623065 0.062150 0.050845
v -0.614013 0.044019 0.054561
v -0.627948 0.078025 0.041399
v -0.623775 0.063099 0.054182
v -0.630703 0.088084 0.022268
v -0.631638 0.091855 -0.000000
v -0.630703 0.088084 0.022268
v -0.631638 0.091855 -0.000000
v -0.631033 0.088815 -0.000000
v -0.629774 0.085568 0.018133
v 1.000220 -0.153714 0.015746
v 1.000220 -0.129321 0.003317
v 1.000220 -0.102283 -0.000965
v 1.000220 -0.050850 0.015746
v 1.000220 -0.075243 0.003317
v 0.754934 -0.167324 0.149758
v 1.000220 -0.153714 0.157324
v 1.000220 -0.031493 0.035103
v 0.755101 -0.070432 0.172203
v 0.755094 -0.092697 0.176901
v 0.754783 -0.185518 0.025617
v 1.000220 -0.153714 0.015746
v 1.000220 -0.050850 0.015746
v 0.651600 -0.057077 0.161702
v 0.651619 -0.074719 0.173444
v 0.651602 -0.096466 0.178877
v 0.651603 -0.045461 0.152221
v 0.754934 -0.167324 0.149758
v 0.651603 -0.045461 0.152221
v 0.556564 -0.071127 0.174776
v 0.556400 -0.048015 0.157362
v 0.556581 -0.087158 0.179671
v 0.316097 -0.042652 0.158401
v 0.556400 -0.048015 0.157362
v -0.278758 0.010022 0.072298
v -0.355988 0.011535 0.072368
v -0.357201 -0.015734 0.090053
v -0.279975 -0.017247 0.089983
v -0.356939 -0.015737 0.082650
v -0.279707 -0.017249 0.082580
v -0.358461 -0.021695 0.098546
v -0.357511 0.005576 0.089219
v -0.280326 0.003574 0.088691
v -0.281270 -0.023696 0.098018
v -0.358609 -0.021695 0.105960
v -0.281424 -0.023696 0.105433
v 0.448514 -0.005718 0.079434
v 0.391618 -0.007607 0.078974
v 0.391561 -0.009447 0.083889
v 0.448442 -0.008626 0.086006
v 0.448584 -0.009139 0.072899
v 0.391670 -0.009828 0.074058
v 0.448403 -0.013345 0.089392
v 0.391534 -0.013087 0.086437
v 0.448624 -0.014111 0.069847
v 0.448632 -0.018355 0.069551
v 0.391706 -0.017585 0.071559
v 0.391699 -0.013650 0.071775
v 0.448394 -0.018355 0.090025
v 0.391530 -0.017585 0.086918
v 0.812579 -0.095681 0.940516
v 0.768473 -0.093129 0.864401
v 0.725824 -0.093453 0.864391
v 0.791261 -0.095681 0.933216
v 0.929672 -0.089666 0.173012
v 0.801342 -0.083922 0.172939
v 0.804011 -0.087953 0.305216
v 0.933236 -0.091843 0.304858
v 0.801342 -0.122130 0.173419
v 0.929672 -0.114914 0.173329
v 0.933236 -0.114068 0.304858
v 0.804011 -0.118671 0.305216
v 0.166444 -0.116467 0.353962
v 0.201811 -0.115127 0.353962
v 0.467575 -0.110034 0.589896
v 0.425593 -0.110598 0.589896
v 0.730627 -0.103938 0.864287
v 0.771419 -0.103614 0.864299
v 0.812579 -0.097922 0.940516
v 0.791261 -0.097922 0.933216
v 0.803996 -0.115316 0.353962
v 0.821005 -0.108538 0.589896
v 1.057430 -0.096503 0.173098
v 1.097268 -0.099499 0.173986
v 1.100082 -0.101559 0.171751
v 1.057430 -0.101555 0.170431
v 1.132208 -0.098883 0.193080
v 1.140408 -0.101542 0.193141
v 0.166444 -0.083153 0.353962
v -0.024191 -0.080995 0.172903
v -0.038804 -0.089882 0.173014
v 0.153242 -0.090094 0.353738
v 1.100082 -0.101559 0.171751
v 1.097268 -0.103619 0.174113
v 1.057430 -0.106607 0.173224
v 1.057430 -0.101555 0.170431
v 1.140408 -0.101542 0.193141
v 1.132208 -0.104201 0.193205
v -0.046719 -0.101550 0.173161
v -0.040305 -0.114369 0.173323
v 0.151742 -0.110668 0.354833
v 0.146739 -0.099811 0.353962
v 0.409729 -0.099153 0.589896
v 0.412812 -0.107405 0.590769
v 0.718573 -0.103847 0.865184
v 0.716224 -0.098696 0.864337
v 1.057430 -0.096626 0.193679
v 1.057430 -0.106414 0.193376
v 1.057430 -0.105422 0.304858
v 1.057430 -0.106414 0.193376
v 1.057430 -0.096626 0.193679
v 1.132208 -0.098883 0.193080
v 1.057430 -0.096626 0.193679
v 1.057430 -0.106414 0.193376
v 1.132208 -0.104201 0.193205
v 0.869299 -0.095681 0.938596
v 0.811724 -0.096618 0.940799
v 0.869342 -0.096734 0.939510
v 0.790079 -0.096804 0.933387
v 0.873512 -0.103614 0.864285
v 0.869295 -0.097922 0.938613
v 0.811724 -0.096618 0.940799
v 0.869342 -0.096734 0.939510
v 0.790079 -0.096804 0.933387
v 0.716224 -0.098696 0.864337
v 0.717674 -0.094687 0.864142
v 0.808717 -0.088312 0.353962
v 0.821005 -0.086291 0.589896
v 0.821005 -0.108538 0.589896
v 0.873512 -0.103614 0.864285
v 0.933236 -0.091843 0.304858
v 0.804011 -0.087953 0.305216
v 0.804011 -0.118671 0.305216
v 0.933236 -0.114068 0.304858
v 0.821005 -0.086291 0.589896
v 0.808717 -0.088312 0.353962
v 0.219122 -0.083360 0.353713
v 0.479170 -0.087090 0.590643
v 1.057430 -0.097183 0.305249
v 1.057430 -0.105422 0.304858
v 0.839842 -0.107860 0.625166
v -0.046719 -0.101550 0.173161
v 0.146739 -0.099811 0.353962
v -0.024191 -0.122106 0.173419
v 0.409729 -0.099153 0.589896
v 0.716224 -0.098696 0.864337
v 0.766517 -0.098832 0.864206
v 0.471158 -0.099923 0.583525
v 0.146739 -0.099811 0.353962
v 0.213340 -0.096933 0.346201
v 0.471158 -0.099923 0.583525
v 0.766517 -0.098832 0.864206
v 0.768473 -0.093129 0.864401
v 0.479170 -0.087090 0.590643
v 0.219122 -0.083360 0.353713
v 0.213340 -0.096933 0.346201
v 1.057430 -0.106607 0.173224
v 0.929672 -0.114914 0.173329
v 0.929672 -0.089666 0.173012
v 1.057430 -0.096503 0.173098
v 0.934086 -0.097328 0.599554
v 0.934086 -0.097328 0.599554
v 0.804011 -0.118671 0.305216
v 0.804011 -0.087953 0.305216
v 1.193691 -0.087874 0.304328
v 1.193691 -0.112271 0.304367
v 1.192691 -0.083873 0.356552
v 1.193602 -0.083218 0.309039
v 1.193602 -0.116813 0.309093
v 1.192691 -0.115014 0.356583
v 0.803996 -0.115316 0.353962
v 1.192602 -0.110114 0.361295
v 1.192602 -0.088660 0.361275
v 0.808717 -0.088312 0.353962
v 1.249566 -0.097340 0.336260
v 1.249376 -0.099506 0.340977
v 1.249564 -0.102120 0.336276
v 1.249812 -0.097253 0.330120
v 1.249812 -0.102361 0.330120
v 1.250000 -0.099617 0.325410
v 1.249812 -0.102361 0.330120
v 1.249564 -0.102120 0.336276
v 1.238177 -0.108947 0.347000
v 1.238854 -0.110039 0.319374
v 1.238155 -0.090297 0.347003
v 1.238876 -0.089917 0.319365
v 1.238994 -0.094572 0.314651
v 1.238974 -0.105506 0.314656
v 1.215256 -0.110826 0.306955
v 1.215258 -0.089298 0.306921
v 1.214269 -0.113700 0.354752
v 1.215157 -0.115364 0.311675
v 1.214266 -0.085238 0.354729
v 1.215161 -0.084642 0.311633
v 1.238055 -0.104039 0.351717
v 1.238041 -0.095083 0.351720
v 1.214168 -0.090024 0.359453
v 1.214171 -0.108798 0.359464
v 1.249812 -0.102361 0.330120
v 1.238854 -0.110039 0.319374
v 1.250000 -0.099617 0.325410
v 1.238876 -0.089917 0.319365
v 1.249812 -0.097253 0.330120
v 1.249564 -0.102120 0.336276
v 1.249376 -0.099506 0.340977
v 1.238177 -0.108947 0.347000
v 1.249566 -0.097340 0.336260
v 1.238155 -0.090297 0.347003
v 1.215157 -0.115364 0.311675
v 1.215161 -0.084642 0.311633
v 1.214269 -0.113700 0.354752
v 1.214266 -0.085238 0.354729
v 1.193602 -0.116813 0.309093
v 1.193602 -0.083218 0.309039
v 1.192691 -0.115014 0.356583
v 1.192691 -0.083873 0.356552
v 0.218738 -0.083358 0.353715
v 0.166444 -0.083153 0.353962
v 0.213340 -0.096933 0.346201
v 0.219122 -0.083360 0.353713
v 0.041399 -0.081323 0.172907
v 0.218112 -0.083351 0.352961
v 1.058075 -0.111721 0.218301
v 1.037020 -0.112455 0.218320
v 1.037042 -0.114442 0.213388
v 1.058100 -0.113730 0.213041
v 1.058075 -0.111744 0.207785
v 1.037020 -0.112526 0.208415
v 1.017281 -0.113648 0.213393
v 1.017225 -0.112185 0.209165
v 1.017227 -0.112044 0.217557
v 1.036980 -0.106750 0.204483
v 1.037012 -0.110491 0.205957
v 1.017247 -0.110276 0.206869
v 1.017227 -0.107770 0.205924
v 1.036980 -0.106717 0.222113
v 1.017227 -0.107741 0.220559
v 1.017247 -0.110093 0.219851
v 1.037009 -0.110388 0.220755
v 0.998539 -0.112895 0.213375
v 0.987408 -0.111784 0.213472
v 0.987232 -0.111020 0.211826
v 0.998464 -0.111861 0.210370
v 0.998467 -0.111653 0.216302
v 0.987274 -0.111013 0.214773
v 0.998509 -0.108737 0.208181
v 0.998514 -0.110072 0.208525
v 0.987389 -0.109593 0.210897
v 0.987389 -0.109304 0.210762
v 0.998509 -0.108714 0.218198
v 0.987389 -0.109293 0.215984
v 0.987389 -0.109482 0.215908
v 0.998512 -0.109814 0.218165
v 1.058061 -0.109644 0.221093
v 1.058061 -0.109673 0.204989
v 1.058028 -0.105618 0.222554
v 1.058028 -0.105652 0.203517
v 1.051620 -0.109589 0.219751
v 1.051577 -0.106234 0.220969
v 1.058028 -0.105618 0.222554
v 1.058061 -0.109644 0.221093
v 1.051664 -0.112994 0.213041
v 1.051639 -0.111320 0.217423
v 1.058075 -0.111721 0.218301
v 1.058100 -0.113730 0.213041
v 1.058075 -0.111744 0.207785
v 1.051639 -0.111338 0.208660
v 1.058028 -0.105652 0.203517
v 1.051577 -0.106262 0.205104
v 1.051622 -0.109613 0.206329
v 1.058061 -0.109673 0.204989
v 1.051577 -0.106234 0.220969
v 1.051620 -0.109589 0.219751
v 1.051622 -0.109613 0.206329
v 1.051577 -0.106262 0.205104
v 1.051639 -0.111338 0.208660
v 1.051639 -0.111320 0.217423
v 1.051664 -0.112994 0.213041
v 1.037177 -0.089136 0.212686
v 1.017431 -0.090262 0.212680
v 1.017401 -0.091725 0.216908
v 1.037188 -0.091051 0.217659
v 1.037188 -0.091123 0.207753
v 1.017407 -0.091866 0.208516
v 1.037243 -0.096828 0.221592
v 1.037213 -0.093087 0.220117
v 1.017455 -0.093634 0.219204
v 1.017480 -0.096140 0.220147
v 1.037247 -0.096861 0.203960
v 1.017480 -0.096169 0.205514
v 1.017457 -0.093817 0.206221
v 1.037213 -0.093189 0.205317
v 0.998704 -0.091330 0.212697
v 0.987595 -0.092629 0.212601
v 0.987430 -0.093396 0.214247
v 0.998652 -0.092364 0.215703
v 0.998654 -0.092573 0.209770
v 0.987475 -0.093402 0.211302
v 0.998747 -0.095489 0.217892
v 0.998729 -0.094153 0.217548
v 0.987615 -0.094818 0.215174
v 0.987615 -0.095107 0.215311
v 0.998747 -0.095511 0.207875
v 0.987615 -0.095120 0.210090
v 0.987615 -0.094930 0.210166
v 0.998732 -0.094411 0.207908
v 1.058254 -0.091503 0.207773
v 1.058276 -0.093579 0.204980
v 1.058276 -0.093551 0.221084
v 1.058254 -0.091480 0.218288
v 1.058306 -0.097605 0.203517
v 1.058243 -0.089493 0.213030
v 1.058308 -0.097572 0.222554
v 1.051835 -0.093743 0.206322
v 1.051849 -0.097099 0.205104
v 1.058306 -0.097605 0.203517
v 1.058276 -0.093579 0.204980
v 1.051821 -0.090337 0.213032
v 1.051824 -0.092012 0.208650
v 1.058254 -0.091503 0.207773
v 1.058243 -0.089493 0.213030
v 1.058254 -0.091480 0.218288
v 1.051824 -0.091993 0.217414
v 1.058308 -0.097572 0.222554
v 1.051849 -0.097070 0.220969
v 1.051835 -0.093719 0.219744
v 1.058276 -0.093551 0.221084
v 1.051849 -0.097099 0.205104
v 1.051835 -0.093743 0.206322
v 1.051835 -0.093719 0.219744
v 1.051849 -0.097070 0.220969
v 1.051824 -0.091993 0.217414
v 1.051824 -0.092012 0.208650
v 1.051821 -0.090337 0.213032
v 0.863605 -0.162372 0.606847
v 0.863605 -0.162372 0.611114
v 0.622254 -0.162372 0.611114
v 0.622254 -0.162372 0.606847
v 0.674202 -0.133015 0.614588
v 0.891044 -0.132648 0.614588
v 0.901903 -0.097284 0.614588
v 0.726150 -0.097284 0.614588
v 0.622254 -0.153836 0.603372
v 0.674202 -0.133015 0.603372
v 0.891044 -0.132648 0.603372
v 0.867783 -0.157844 0.603372
v 0.648893 -0.133015 0.608982
v 0.703192 -0.097284 0.608982
v 0.596945 -0.133015 0.608982
v 0.648893 -0.133015 0.608982
v 0.674202 -0.133015 0.603372
v 0.622254 -0.133015 0.603372
v 0.927213 -0.097284 0.608982
v 0.916350 -0.132648 0.608982
v 0.901903 -0.097284 0.603372
v 0.622254 -0.133015 0.614588
v 0.596945 -0.133015 0.608982
v 0.596945 -0.153836 0.608982
v 0.622254 -0.153836 0.614588
v 0.916350 -0.132648 0.608982
v 0.867783 -0.157844 0.614588
v 0.893093 -0.157845 0.608982
v 0.596945 -0.133015 0.608982
v 0.622254 -0.133015 0.603372
v 0.596945 -0.153836 0.608982
v 0.893093 -0.157845 0.608982
v 0.726150 -0.097284 0.603372
v 0.674202 -0.133015 0.614588
v 0.622254 -0.133015 0.614588
v 0.927213 -0.097284 0.608982
v 0.648893 -0.133015 0.608982
v 0.703192 -0.097284 0.608982
v 0.622254 -0.162372 0.611114
v 0.863605 -0.162372 0.611114
v 0.622254 -0.162372 0.606847
v 0.863605 -0.162372 0.606847
v 0.613375 -0.162372 0.608982
v 0.872484 -0.162372 0.608982
v 0.613375 -0.162372 0.608982
v 0.872484 -0.162372 0.608982
v 0.218738 -0.083358 0.353715
v 0.008789 -0.122107 0.173419
v -1.107000 -0.063014 -0.000000
v -1.107154 -0.060487 0.004055
v -1.210792 -0.066764 0.004023
v -1.210907 -0.069309 -0.000000
v -1.107196 -0.057571 -0.000000
v -1.210961 -0.064504 -0.000000
v -1.210792 -0.066764 -0.004023
v -1.107154 -0.060487 -0.004055
v -1.206093 -0.048121 0.004040
v -1.206081 -0.050686 -0.000000
v -1.108783 -0.043643 -0.000000
v -1.108878 -0.041146 0.004055
v -1.208238 -0.048105 -0.002674
v -1.208228 -0.049802 -0.000000
v -1.247815 -0.052771 -0.000000
v -1.247753 -0.051106 -0.002664
v -1.206154 -0.045492 -0.000000
v -1.108900 -0.038265 -0.000000
v -1.208294 -0.046374 -0.000000
v -1.247846 -0.049627 -0.000000
v -1.108018 -0.044359 -0.000000
v -1.105460 -0.042569 0.003562
v -1.103020 -0.041165 -0.000000
v -1.108878 -0.041146 -0.004055
v -1.105460 -0.042569 -0.003562
v -1.102727 -0.061890 -0.000000
v -1.096575 -0.057545 0.004694
v -1.092378 -0.055131 -0.000000
v -1.096575 -0.057545 -0.004694
v -1.208238 -0.048105 0.002674
v -1.247753 -0.051106 0.002664
v -1.206093 -0.048121 -0.004040
v 0.984846 0.204386 0.410421
v 1.031410 0.255200 0.427012
v 1.102003 0.249912 0.430998
v 1.104339 0.201956 0.416980
v 1.106376 0.156000 0.402729
v 1.039412 0.156065 0.394194
v 0.734473 -0.069914 0.324796
v 1.039278 -0.077104 0.322604
v 0.711897 -0.107232 0.319833
v 0.736976 -0.102260 0.327786
v 0.734473 -0.073496 0.336553
v 0.709394 -0.072472 0.330771
v 0.984846 0.201934 0.418469
v 1.031410 0.253363 0.433038
v 1.011582 0.257919 0.431498
v 0.963491 0.205529 0.414919
v 1.039278 -0.080659 0.334270
v 1.039412 0.155976 0.405860
v 1.104339 0.201956 0.416980
v 1.102003 0.249912 0.430998
v 1.106376 0.156000 0.402729
v 1.039412 0.155976 0.405860
v 1.039278 -0.080659 0.334270
v 1.039278 -0.077104 0.322604
v 1.039412 0.156065 0.394194
v 0.711897 -0.107232 0.319833
v 0.709394 -0.072472 0.330771
v 0.736976 -0.098677 0.316032
v 1.011582 0.257919 0.431498
v 0.963491 0.205529 0.414919
v 1.092856 0.197292 0.417907
v 1.079061 0.197292 0.417907
v 1.079061 0.194927 0.417907
v 1.092856 0.194927 0.417907
v 1.092856 0.198963 0.416236
v 1.079061 0.198963 0.416236
v 1.079061 0.198963 0.416236
v 1.092856 0.198963 0.416236
v 1.092856 0.198963 0.413871
v 1.079061 0.198963 0.413871
v 1.092856 0.197292 0.412200
v 1.079061 0.197292 0.412200
v 1.092856 0.194927 0.412200
v 1.079061 0.194927 0.412200
v 1.092856 0.193256 0.413871
v 1.079061 0.193256 0.413871
v 1.079061 0.193256 0.413871
v 1.092856 0.193256 0.413871
v 1.092856 0.193256 0.416236
v 1.079061 0.193256 0.416236
v 1.066758 0.196974 0.417138
v 1.065003 0.196722 0.416532
v 1.065003 0.195496 0.416532
v 1.066758 0.195245 0.417138
v 1.112032 0.196722 0.416532
v 1.110546 0.196939 0.417057
v 1.110546 0.195280 0.417057
v 1.112032 0.195496 0.416532
v 1.066758 0.198196 0.415917
v 1.065003 0.197588 0.415666
v 1.112032 0.197588 0.415666
v 1.110546 0.198113 0.415884
v 1.065003 0.197588 0.415666
v 1.066758 0.198196 0.415917
v 1.066758 0.198196 0.414190
v 1.065003 0.197588 0.414442
v 1.110546 0.198113 0.415884
v 1.112032 0.197588 0.415666
v 1.112032 0.197588 0.414442
v 1.110546 0.198113 0.414224
v 1.066758 0.196974 0.412969
v 1.065003 0.196722 0.413575
v 1.112032 0.196722 0.413575
v 1.110546 0.196939 0.413050
v 1.066758 0.195245 0.412969
v 1.065003 0.195496 0.413575
v 1.112032 0.195496 0.413575
v 1.110546 0.195280 0.413050
v 1.066758 0.194023 0.414190
v 1.065003 0.194631 0.414442
v 1.112032 0.194631 0.414442
v 1.110546 0.194105 0.414224
v 1.065003 0.194631 0.414442
v 1.066758 0.194023 0.414190
v 1.066758 0.194023 0.415917
v 1.065003 0.194631 0.415666
v 1.110546 0.194105 0.414224
v 1.112032 0.194631 0.414442
v 1.112032 0.194631 0.415666
v 1.110546 0.194105 0.415884
v 1.108340 0.197137 0.417532
v 1.104826 0.197265 0.417842
v 1.104826 0.194954 0.417842
v 1.108340 0.195082 0.417532
v 1.108340 0.198588 0.416079
v 1.104826 0.198900 0.416208
v 1.104826 0.198900 0.416208
v 1.108340 0.198588 0.416079
v 1.108340 0.198588 0.414025
v 1.104826 0.198900 0.413896
v 1.108340 0.197137 0.412575
v 1.104826 0.197265 0.412262
v 1.108340 0.195082 0.412575
v 1.104826 0.194954 0.412262
v 1.108340 0.193631 0.414025
v 1.104826 0.193320 0.413896
v 1.104826 0.193320 0.413896
v 1.108340 0.193631 0.414025
v 1.108340 0.193631 0.416079
v 1.104826 0.193320 0.416208
v 1.072401 0.197269 0.417854
v 1.068924 0.197154 0.417577
v 1.068924 0.195064 0.417577
v 1.072401 0.194950 0.417854
v 1.072401 0.198907 0.416213
v 1.068924 0.198632 0.416099
v 1.068924 0.198632 0.416099
v 1.072401 0.198907 0.416213
v 1.072401 0.198907 0.413894
v 1.068924 0.198632 0.414009
v 1.072401 0.197269 0.412256
v 1.068924 0.197154 0.412530
v 1.072401 0.194950 0.412256
v 1.068924 0.195064 0.412530
v 1.072401 0.193310 0.413894
v 1.068924 0.193586 0.414009
v 1.068924 0.193586 0.414009
v 1.072401 0.193310 0.413894
v 1.072401 0.193310 0.416213
v 1.068924 0.193586 0.416099
v 1.096863 0.209719 0.420425
v 1.104998 0.209773 0.420405
v 1.104998 0.211154 0.421786
v 1.096863 0.211132 0.421840
v 1.096863 0.213132 0.421840
v 1.087489 0.213132 0.421840
v 1.087489 0.211132 0.421840
v 1.096863 0.214544 0.420425
v 1.087489 0.214544 0.420425
v 1.087489 0.214544 0.420425
v 1.096863 0.214544 0.420425
v 1.096863 0.214544 0.418427
v 1.087489 0.214544 0.418427
v 1.096863 0.213132 0.417016
v 1.087489 0.213132 0.417016
v 1.096863 0.211132 0.417016
v 1.087489 0.211132 0.417016
v 1.096863 0.209719 0.418427
v 1.087489 0.209719 0.418427
v 1.087489 0.209719 0.418427
v 1.096863 0.209719 0.418427
v 1.087489 0.209719 0.420425
v 1.079127 0.212861 0.421191
v 1.077935 0.212649 0.420677
v 1.077935 0.211612 0.420677
v 1.079127 0.211401 0.421191
v 1.109897 0.212649 0.420677
v 1.108883 0.212834 0.421122
v 1.108883 0.211430 0.421122
v 1.109897 0.211612 0.420677
v 1.079127 0.213895 0.420157
v 1.077935 0.213382 0.419944
v 1.109897 0.213382 0.419944
v 1.108883 0.213825 0.420129
v 1.077935 0.213382 0.419944
v 1.079127 0.213895 0.420157
v 1.079127 0.213895 0.418698
v 1.077935 0.213382 0.418910
v 1.108883 0.213825 0.420129
v 1.109897 0.213382 0.419944
v 1.109897 0.213382 0.418910
v 1.108883 0.213825 0.418726
v 1.079127 0.212861 0.417664
v 1.077935 0.212649 0.418176
v 1.109897 0.212649 0.418176
v 1.108883 0.212834 0.417731
v 1.079127 0.211401 0.417664
v 1.077935 0.211612 0.418176
v 1.109897 0.211612 0.418176
v 1.108883 0.211430 0.417731
v 1.079127 0.210368 0.418698
v 1.077935 0.210882 0.418910
v 1.109897 0.210882 0.418910
v 1.108883 0.210438 0.418726
v 1.077935 0.210882 0.418910
v 1.079127 0.210368 0.418698
v 1.079127 0.210368 0.420157
v 1.077935 0.210882 0.419944
v 1.108883 0.210438 0.418726
v 1.109897 0.210882 0.418910
v 1.109897 0.210882 0.419944
v 1.108883 0.210438 0.420129
v 1.107388 0.212999 0.421523
v 1.104998 0.213108 0.421786
v 1.107388 0.211265 0.421523
v 1.107388 0.214227 0.420297
v 1.104998 0.214491 0.420405
v 1.104998 0.214491 0.420405
v 1.107388 0.214227 0.420297
v 1.107388 0.214227 0.418559
v 1.104998 0.214491 0.418449
v 1.107388 0.212999 0.417331
v 1.104998 0.213108 0.417068
v 1.107388 0.211265 0.417331
v 1.104998 0.211154 0.417068
v 1.107388 0.210036 0.418559
v 1.104998 0.209773 0.418449
v 1.104998 0.209773 0.418449
v 1.107388 0.210036 0.418559
v 1.107388 0.210036 0.420297
v 1.082962 0.213111 0.421792
v 1.080598 0.213014 0.421559
v 1.080598 0.211247 0.421559
v 1.082962 0.211152 0.421792
v 1.082962 0.214498 0.420405
v 1.080598 0.214264 0.420310
v 1.080598 0.214264 0.420310
v 1.082962 0.214498 0.420405
v 1.082962 0.214498 0.418446
v 1.080598 0.214264 0.418544
v 1.082962 0.213111 0.417061
v 1.080598 0.213014 0.417295
v 1.082962 0.211152 0.417061
v 1.080598 0.211247 0.417295
v 1.082962 0.209766 0.418446
v 1.080598 0.210000 0.418544
v 1.080598 0.210000 0.418544
v 1.082962 0.209766 0.418446
v 1.082962 0.209766 0.420405
v 1.080598 0.210000 0.420310
v 0.747443 -0.172161 0.325833
v 0.818023 -0.241733 0.325833
v 0.916703 -0.219703 0.325833
v 0.916703 -0.099187 0.325833
v 0.647152 -0.099187 0.325833
v 0.689206 -0.172161 0.325833
v 0.747443 -0.099187 0.325833
v 0.916703 -0.219703 0.320832
v 0.818023 -0.241733 0.320832
v 0.747443 -0.172161 0.320832
v 0.916703 -0.099187 0.320832
v 0.689206 -0.172161 0.320832
v 0.647152 -0.099187 0.320832
v 0.747443 -0.099187 0.320832
v 0.745759 -0.174558 0.323332
v 0.817217 -0.244970 0.323332
v 0.916703 -0.222940 0.323332
v 0.747443 -0.099187 0.325833
v 0.747443 -0.099187 0.323332
v 0.645469 -0.099187 0.323332
v 0.647152 -0.099187 0.325833
v 0.645469 -0.099187 0.323332
v 0.687523 -0.174558 0.323332
v 0.916703 -0.099187 0.325833
v 0.916703 -0.099187 0.323332
v 0.817217 -0.244970 0.323332
v 0.745759 -0.174558 0.323332
v 0.916703 -0.222940 0.323332
v 0.687523 -0.174558 0.323332
v -0.139009 0.015749 -0.036715
v 0.029840 0.007126 -0.033844
v 0.030043 -0.009960 -0.036014
v -0.139045 0.005667 -0.039141
v -0.138970 0.025934 -0.024207
v 0.029785 0.017631 -0.022488
v -0.138934 0.032752 -0.008431
v 0.029802 0.025475 -0.007957
v 0.911901 -0.034832 -0.010694
v 0.896315 -0.034320 -0.016865
v 0.896446 -0.023396 -0.014803
v 0.912062 -0.025559 -0.009546
v 0.867672 -0.009295 -0.013339
v 0.837055 -0.007667 -0.014264
v 0.837041 0.000297 -0.005688
v 0.867658 -0.002180 -0.005603
v 0.896462 -0.005377 -0.004637
v 0.896453 -0.013600 -0.011093
v 0.912088 -0.016119 -0.007405
v 0.912125 -0.008076 -0.003268
v 0.703387 -0.013670 -0.022504
v 0.703256 -0.029012 -0.023854
v 0.703365 -0.002959 -0.015626
v 0.703392 0.005084 -0.006064
v 0.867641 -0.020480 -0.017880
v 0.867464 -0.033392 -0.020910
v 0.836865 -0.032586 -0.021532
v 0.837055 -0.019067 -0.019377
v -0.210340 0.007729 -0.058334
v -0.210347 0.016291 -0.039290
v -0.139038 0.001641 -0.056780
v 0.755134 -0.127868 -0.172871
v 1.000220 -0.129321 -0.169754
v 1.000220 -0.153714 -0.157324
v 0.755005 -0.151794 -0.163336
v -0.115111 -0.174146 -0.168232
v 0.029870 -0.164683 -0.169155
v 0.029869 -0.184035 -0.147006
v -0.105569 -0.194722 -0.147522
v 0.755104 -0.192389 -0.101133
v 1.000220 -0.185500 -0.113575
v 1.000220 -0.189782 -0.086536
v 0.755094 -0.194766 -0.076824
v 0.755146 -0.019371 -0.121870
v 0.755185 -0.014610 -0.103297
v 1.000220 -0.014782 -0.086536
v 1.000220 -0.019064 -0.113575
v 0.755095 -0.017071 -0.053253
v 1.000220 -0.019064 -0.059496
v 0.755166 -0.012904 -0.076952
v -0.368319 -0.180885 -0.145172
v -0.500430 -0.114438 -0.147031
v -0.505740 -0.106936 -0.158428
v -0.368100 -0.181767 -0.159255
v -0.362815 -0.186035 -0.147031
v -0.362735 -0.186054 -0.113433
v -0.368319 -0.180885 -0.113433
v -0.258800 -0.147745 -0.174793
v -0.192249 -0.141128 -0.177979
v -0.181469 -0.178477 -0.168470
v -0.246271 -0.182707 -0.167596
v -0.175200 -0.202609 -0.145781
v -0.237908 -0.206889 -0.147482
v -0.505740 -0.106936 -0.158428
v -0.490204 -0.106016 -0.159908
v -0.363509 -0.176537 -0.160935
v -0.368100 -0.181767 -0.159255
v -0.298490 -0.200244 -0.147010
v -0.301301 -0.186299 -0.163597
v -0.500430 -0.114438 -0.006478
v -0.490204 -0.106016 -0.159908
v -0.505740 -0.106936 -0.158428
v -0.368319 -0.180885 -0.006580
v -0.253676 -0.159579 -0.006260
v -0.253676 -0.159579 -0.144029
v -0.368319 -0.180885 -0.113433
v -0.368319 -0.180885 -0.006580
v -0.184212 -0.106977 -0.006478
v -0.342179 -0.108014 -0.006478
v -0.342179 -0.108014 -0.145270
v -0.184212 -0.106977 -0.143509
v -0.184212 -0.106977 -0.143509
v -0.184212 -0.153809 -0.142885
v -0.184212 -0.153809 -0.005940
v -0.184212 -0.106977 -0.006478
v 0.755073 -0.193671 -0.055450
v 1.000220 -0.185500 -0.059496
v 1.000220 -0.173071 -0.035103
v 0.754988 -0.188859 -0.028977
v 0.995577 -0.102599 -0.000325
v 0.989281 -0.073095 -0.002642
v 0.987478 -0.140152 -0.002074
v 0.995035 -0.121630 -0.000530
v 0.320883 -0.100366 -0.183628
v 0.320693 -0.131158 -0.181477
v 0.029892 -0.136810 -0.180568
v 0.029870 -0.102498 -0.188488
v 0.320948 -0.195804 -0.123362
v 0.320948 -0.201819 -0.100048
v 0.029870 -0.202680 -0.098905
v 0.029870 -0.197243 -0.124106
v 0.558009 -0.190206 -0.120985
v 0.557489 -0.175804 -0.146313
v 0.651452 -0.172186 -0.147506
v 0.651608 -0.188413 -0.122808
v 0.755101 -0.041051 -0.152606
v 0.755148 -0.026633 -0.136120
v 1.000220 -0.031493 -0.137966
v 1.000220 -0.050850 -0.157324
v 0.651632 -0.127215 -0.174413
v 0.651510 -0.152575 -0.164956
v 0.556659 -0.154749 -0.165600
v 0.557213 -0.126583 -0.176026
v 0.651605 -0.196945 -0.075503
v 0.651617 -0.196937 -0.054422
v 0.558378 -0.199713 -0.054110
v 0.558442 -0.198976 -0.076817
v 0.651685 -0.021180 -0.104715
v 0.651645 -0.029476 -0.130312
v 0.029868 -0.025828 -0.137958
v 0.029869 -0.016383 -0.112804
v 0.651598 -0.021297 -0.052026
v 0.651669 -0.018435 -0.078358
v 0.029865 -0.010594 -0.086707
v 0.029853 -0.007725 -0.053101
v 0.651627 -0.194245 -0.028364
v 0.553423 -0.198161 -0.029653
v 0.651452 -0.172186 -0.147506
v 0.557489 -0.175804 -0.146313
v 0.651622 -0.195202 -0.098455
v 0.558204 -0.197654 -0.098364
v 0.755089 -0.112715 -0.177483
v 1.000220 -0.102283 -0.174036
v 0.755084 -0.184921 -0.126281
v 1.000220 -0.173071 -0.137966
v 1.000220 -0.075243 -0.169754
v 0.755100 -0.055692 -0.163252
v 0.755101 -0.041051 -0.152606
v 1.000220 -0.050850 -0.157324
v 0.972233 -0.158145 -0.006805
v -0.105569 -0.194722 -0.147522
v 0.029869 -0.184035 -0.147006
v -0.095295 -0.205523 -0.124441
v 0.320980 -0.160006 -0.170581
v -0.073578 -0.214343 -0.070786
v 0.029870 -0.205885 -0.072639
v 0.029870 -0.207449 -0.047142
v -0.065365 -0.216108 -0.043537
v 0.320955 -0.205705 -0.057052
v 0.323440 -0.205624 -0.032124
v 0.029870 -0.207720 -0.024394
v 0.553609 -0.190789 0.000000
v 0.323440 -0.198236 0.000000
v 0.029870 -0.206339 -0.000000
v 0.556636 -0.107099 -0.181391
v 0.651597 -0.112159 -0.179332
v 0.320955 -0.204562 -0.077019
v 0.558378 -0.199713 -0.054110
v 0.320955 -0.205705 -0.057052
v 0.321484 -0.093972 -0.055888
v 0.551123 -0.091074 -0.054722
v 0.321484 -0.093972 -0.055888
v 0.320883 -0.100366 -0.183628
v 0.556636 -0.107099 -0.181391
v 0.551123 -0.091074 -0.054722
v -0.184212 -0.153809 -0.005940
v -0.184212 -0.153809 -0.142885
v -0.500430 -0.114438 -0.006478
v -0.500430 -0.114438 -0.147031
v -0.237519 -0.219007 -0.128259
v -0.170716 -0.215219 -0.125784
v -0.163867 -0.220683 -0.102376
v -0.237699 -0.223868 -0.106314
v -0.175200 -0.202609 -0.145781
v -0.061788 -0.219602 -0.021566
v -0.152380 -0.229164 -0.019771
v -0.152380 -0.226346 -0.045924
v -0.237699 -0.228371 -0.045924
v -0.298115 -0.207268 -0.136297
v -0.298490 -0.200244 -0.147010
v -0.362815 -0.186035 -0.147031
v -0.357385 -0.190671 -0.147645
v -0.355737 -0.195279 -0.113433
v -0.362735 -0.186054 -0.113433
v 0.320620 -0.183689 -0.146083
v 0.316097 -0.042652 -0.158401
v 0.320229 -0.062197 -0.178085
v 0.030054 -0.051233 -0.182150
v 0.029797 -0.036101 -0.159579
v -0.121729 -0.139757 -0.180250
v -0.128217 -0.097491 -0.184884
v -0.085109 -0.209923 -0.098437
v 0.320620 -0.183689 -0.146083
v -0.060426 -0.219273 -0.000000
v -0.202654 -0.095401 -0.183380
v -0.398663 -0.100601 -0.168628
v -0.272332 -0.091625 -0.180662
v -0.312584 -0.158528 -0.169604
v -0.357385 -0.190671 -0.147645
v -0.362815 -0.186035 -0.147031
v -0.361670 -0.181453 -0.159687
v -0.398421 -0.100598 -0.000184
v -0.268942 -0.090896 -0.001888
v -0.272332 -0.091625 -0.180662
v -0.398663 -0.100601 -0.168628
v -0.298233 -0.214204 -0.108640
v -0.300952 -0.218749 -0.045924
v -0.355423 -0.201074 -0.045924
v -0.154523 -0.223910 -0.044508
v -0.232667 -0.225936 -0.044508
v -0.237699 -0.228371 -0.045924
v -0.152380 -0.226346 -0.045924
v -0.290597 -0.216313 -0.044508
v -0.300952 -0.218749 -0.045924
v -0.355423 -0.201074 -0.045924
v -0.340489 -0.198439 -0.044508
v -0.355708 -0.203892 -0.020021
v -0.355423 -0.201074 -0.045924
v -0.340489 -0.198439 -0.044508
v -0.154523 -0.223910 -0.044508
v -0.152380 -0.226346 -0.045924
v -0.152380 -0.229164 -0.019771
v -0.154523 -0.226728 -0.020555
v -0.154523 -0.192474 -0.044508
v -0.232667 -0.194501 -0.044508
v -0.290597 -0.190283 -0.044508
v -0.340489 -0.184879 -0.044508
v -0.340489 -0.184879 -0.044508
v -0.154523 -0.192474 -0.044508
v -0.232667 -0.194501 -0.044508
v -0.154523 -0.192474 -0.044508
v -0.340489 -0.184879 -0.044508
v -0.290597 -0.190283 -0.044508
v -0.362656 -0.186074 -0.000000
v -0.722853 0.034629 -0.019171
v -0.735156 0.034424 -0.019162
v -0.720527 0.028216 -0.041733
v -0.708446 0.029155 -0.039069
v -0.706143 0.029011 -0.040628
v -0.708516 0.028350 -0.044190
v -0.708446 0.029155 -0.039069
v -0.720527 0.028216 -0.041733
v -0.726824 0.030000 -0.035567
v -0.717828 0.030356 -0.033204
v -0.729819 0.031917 -0.030576
v -0.720326 0.032276 -0.028879
v -0.717828 0.030356 -0.033204
v -0.726824 0.030000 -0.035567
v -0.720326 0.032276 -0.028879
v -0.729819 0.031917 -0.030576
v -0.669049 0.034146 -0.047151
v -0.669049 0.032784 -0.050453
v -0.708516 0.028350 -0.044190
v -0.706143 0.029011 -0.040628
v -0.614801 0.003450 -0.037900
v -0.574362 0.000246 -0.038815
v -0.574362 0.000246 -0.038815
v -0.614801 0.003450 -0.037900
v 0.651648 -0.186075 0.000000
v -0.152380 -0.228460 -0.000000
v -0.282045 0.026017 -0.039289
v -0.282035 0.035616 -0.037437
v -0.210323 0.024674 -0.037664
v -0.281959 0.047373 -0.025663
v -0.210323 0.036285 -0.024933
v -0.281955 0.052761 -0.009530
v -0.210328 0.041753 -0.008673
v 0.754755 -0.177600 0.000000
v 0.754856 -0.178716 -0.001304
v 0.703413 -0.026625 -0.038444
v 0.915385 -0.030729 -0.033964
v 0.029870 -0.076213 -0.190067
v 0.320508 -0.079920 -0.182907
v 0.952086 -0.037475 -0.026116
v -0.706143 0.029011 -0.040628
v -0.615100 0.067746 -0.035812
v -0.614801 0.058154 -0.046717
v -0.669049 0.034146 -0.047151
v -0.614013 0.044019 -0.054562
v -0.614801 0.058154 -0.046717
v -0.614801 0.035878 -0.051698
v -0.733643 0.027497 -0.032432
v -0.729819 0.031917 -0.030576
v -0.726824 0.030000 -0.035567
v -0.729806 0.024824 -0.037170
v -0.614013 0.044019 -0.054562
v -0.617738 0.041032 -0.057851
v -0.669049 0.032784 -0.050453
v -0.669049 0.034146 -0.047151
v -0.717828 0.030356 -0.033204
v -0.614801 0.071208 -0.023077
v -0.615100 0.067746 -0.035812
v -0.708446 0.029155 -0.039069
v -0.722853 0.034629 -0.019171
v -0.720326 0.032276 -0.028879
v -0.669049 0.027393 -0.051137
v -0.669049 0.032784 -0.050453
v -0.617738 0.041032 -0.057851
v -0.615874 0.034335 -0.055719
v -0.720527 0.028216 -0.041733
v -0.722266 0.024101 -0.044189
v -0.708516 0.028350 -0.044190
v -0.708522 0.024111 -0.046796
v -0.527572 -0.028344 -0.160224
v -0.538615 -0.033442 -0.160224
v -0.566704 -0.037413 -0.133892
v -0.547482 -0.029891 -0.136531
v -0.505066 -0.022547 -0.160138
v -0.505066 -0.024832 -0.138306
v -0.351902 -0.015650 -0.141530
v -0.351894 -0.019067 -0.160231
v -0.422785 -0.019786 -0.160231
v -0.422835 -0.015170 -0.141697
v -0.282227 -0.018361 -0.140578
v -0.282230 -0.021669 -0.160233
v -0.210389 -0.020613 -0.139787
v -0.210389 -0.024414 -0.160233
v -0.308518 -0.056018 -0.160226
v -0.352290 -0.057695 -0.160226
v -0.408525 -0.037698 -0.159845
v -0.284631 -0.042211 -0.159846
v -0.212022 -0.041045 -0.159846
v -0.220170 -0.051192 -0.160224
v -0.351894 -0.019067 -0.160231
v -0.282230 -0.021669 -0.160233
v -0.210389 -0.024414 -0.160233
v -0.547439 -0.023625 -0.120150
v -0.505066 -0.016259 -0.113186
v -0.408855 -0.102968 -0.134304
v -0.408953 -0.082411 -0.145948
v -0.352305 -0.084226 -0.146872
v -0.352290 -0.098530 -0.134323
v -0.409048 -0.057136 -0.160226
v -0.352290 -0.057695 -0.160226
v -0.308604 -0.084120 -0.146227
v -0.308721 -0.097293 -0.134663
v -0.308518 -0.056018 -0.160226
v -0.222358 -0.079230 -0.146857
v -0.224187 -0.098858 -0.135146
v -0.220170 -0.051192 -0.160224
v -0.282133 -0.000388 -0.103979
v -0.351905 0.001419 -0.103941
v -0.422921 0.000178 -0.107492
v -0.210382 -0.004410 -0.103383
v -0.138958 -0.009778 -0.102387
v -0.139135 -0.021888 -0.139339
v -0.505066 0.001425 -0.038815
v -0.547521 0.000566 -0.038815
v -0.505066 0.001425 -0.038815
v -0.547521 0.000566 -0.038815
v -0.424620 0.003938 -0.038815
v -0.424620 0.003938 -0.038815
v -0.731762 0.019793 -0.044156
v -0.724572 0.018414 -0.048458
v -0.735156 0.034424 -0.019162
v -0.739570 0.032409 -0.019153
v -0.740337 0.036115 -0.000000
v -0.736552 0.037235 -0.000000
v -0.737495 0.023106 -0.033366
v -0.744350 0.033487 -0.000000
v -0.742950 0.029386 -0.019132
v 0.970383 -0.053894 -0.008906
v 0.924118 -0.027154 -0.002914
v 0.924133 -0.017775 -0.002641
v 0.925661 -0.017775 0.000000
v 0.925645 -0.027154 0.000000
v 0.923923 -0.035224 -0.003317
v 0.924143 -0.010367 -0.001448
v 0.925686 -0.011247 0.000000
v 0.925439 -0.035264 0.000000
v 0.956946 -0.046667 -0.014357
v -0.423511 0.022386 -0.067412
v -0.422977 0.032711 -0.057911
v -0.351787 0.022191 -0.060126
v -0.282045 0.019438 -0.059896
v -0.282133 -0.000388 -0.103979
v -0.282133 -0.014866 -0.104385
v -0.282045 -0.014768 -0.059896
v -0.282045 0.019438 -0.059896
v -0.351905 0.001419 -0.103941
v -0.351905 -0.014858 -0.103535
v -0.351787 -0.014754 -0.060126
v -0.351787 0.022191 -0.060126
v -0.815024 -0.096431 -0.021780
v -0.757756 -0.097171 -0.022641
v -0.815024 -0.096239 -0.045584
v -0.757756 -0.098275 -0.049115
v -0.815024 -0.094163 -0.066458
v -0.757756 -0.096786 -0.073043
v -0.815024 -0.088982 -0.082983
v -0.757756 -0.091249 -0.092095
v -0.815024 -0.080386 -0.093800
v -0.757756 -0.081818 -0.104804
v -0.757756 -0.081818 -0.104804
v -0.815024 -0.080386 -0.093800
v -0.815024 -0.068981 -0.097746
v -0.757756 -0.069049 -0.109969
v -0.815024 -0.053759 -0.094349
v -0.757756 -0.051705 -0.106668
v -0.814994 -0.034982 -0.081471
v -0.757700 -0.029122 -0.090882
v -0.814994 -0.034982 -0.081471
v -0.814980 -0.017196 -0.063653
v -0.757672 -0.009003 -0.071460
v -0.757700 -0.029122 -0.090882
v -0.815024 -0.000129 -0.044556
v -0.757756 0.010199 -0.049235
v -0.815024 0.013291 -0.021890
v -0.757756 0.026030 -0.020107
v -0.815024 0.017573 -0.000000
v -0.757756 0.030333 -0.000000
v -0.887833 -0.092392 -0.017988
v -0.951491 -0.087939 -0.014023
v -0.887825 -0.092134 -0.038024
v -0.951491 -0.086758 -0.028879
v -0.887814 -0.089968 -0.054897
v -0.951490 -0.084726 -0.041611
v -0.887797 -0.085237 -0.067902
v -0.951487 -0.080725 -0.051297
v -0.887783 -0.077953 -0.075920
v -0.951486 -0.074795 -0.057148
v -0.887783 -0.077953 -0.075920
v -0.887771 -0.068617 -0.078394
v -0.951486 -0.074795 -0.057148
v -0.951482 -0.067352 -0.058831
v -0.887763 -0.056466 -0.075412
v -0.951481 -0.057842 -0.056550
v -0.887760 -0.041240 -0.066489
v -0.951481 -0.045995 -0.050053
v -0.887760 -0.041240 -0.066489
v -0.887758 -0.026462 -0.052638
v -0.951481 -0.045995 -0.050053
v -0.951480 -0.033966 -0.039838
v -0.887760 -0.013567 -0.036069
v -0.951480 -0.023772 -0.027284
v -0.887760 -0.003025 -0.017637
v -0.951479 -0.016487 -0.012782
v -0.887760 -0.000584 -0.000000
v -0.951479 -0.015033 -0.000000
v -0.997260 -0.084136 -0.010105
v -0.997260 -0.082701 -0.020896
v -0.997260 -0.081125 -0.030871
v -0.997260 -0.077762 -0.038404
v -0.997260 -0.072791 -0.042987
v -0.997260 -0.072791 -0.042987
v -0.997260 -0.066583 -0.044416
v -0.997260 -0.058720 -0.042922
v -0.997260 -0.048927 -0.038276
v -0.997260 -0.048927 -0.038276
v -0.997260 -0.039259 -0.030563
v -0.997260 -0.030883 -0.020775
v -0.997260 -0.026335 -0.009120
v -0.997260 -0.025243 -0.000000
v -1.040895 -0.077657 -0.006544
v -1.040894 -0.076112 -0.013627
v -1.040893 -0.074544 -0.019887
v -1.040891 -0.072138 -0.025163
v -1.040889 -0.068621 -0.028430
v -1.040889 -0.068621 -0.028430
v -1.040888 -0.064279 -0.029598
v -1.040885 -0.058859 -0.028917
v -1.040884 -0.052099 -0.026228
v -1.040884 -0.052099 -0.026228
v -1.040884 -0.045268 -0.021232
v -1.040883 -0.039802 -0.013974
v -1.040883 -0.037031 -0.005600
v -1.040883 -0.036276 -0.000000
v -0.708382 -0.098645 -0.023367
v -0.708382 -0.100463 -0.051278
v -0.708382 -0.098984 -0.076611
v -0.708382 -0.092653 -0.096808
v -0.708382 -0.081689 -0.110306
v -0.708382 -0.081689 -0.110306
v -0.708382 -0.066766 -0.115828
v -0.708382 -0.046442 -0.112138
v -0.708380 -0.021873 -0.096118
v -0.669703 -0.099651 -0.024009
v -0.669667 -0.102095 -0.053151
v -0.669622 -0.100691 -0.079662
v -0.669580 -0.093893 -0.100853
v -0.669543 -0.081957 -0.115056
v -0.669543 -0.081957 -0.115056
v -0.669505 -0.065612 -0.120826
v -0.669426 -0.043319 -0.116857
v -0.669295 -0.016606 -0.098517
v -1.084455 -0.069965 -0.002239
v -1.084455 -0.069205 -0.006180
v -1.084455 -0.068079 -0.009495
v -1.084455 -0.066459 -0.012183
v -1.084455 -0.064349 -0.014049
v -1.084455 -0.064349 -0.014049
v -1.084455 -0.061833 -0.014951
v -1.084455 -0.058804 -0.014931
v -1.084455 -0.055163 -0.013633
v -1.084455 -0.055163 -0.013633
v -1.084455 -0.051750 -0.010542
v -1.084455 -0.049369 -0.006250
v -1.084455 -0.048215 -0.001809
v -1.084455 -0.047906 -0.000000
v -0.581368 -0.100266 -0.025820
v -0.505550 -0.104656 -0.025191
v -0.581368 -0.103543 -0.057339
v -0.505550 -0.104489 -0.052361
v -0.505550 -0.102057 -0.076285
v -0.581368 -0.102094 -0.086093
v -0.505550 -0.095511 -0.114186
v -0.581368 -0.094131 -0.109127
v -0.505550 -0.086501 -0.130058
v -0.581368 -0.079594 -0.124613
v -0.581407 0.019793 -0.076156
v -0.547452 0.021190 -0.075737
v -0.547549 -0.005948 -0.104594
v -0.581443 -0.006746 -0.103443
v -0.505161 0.022598 -0.073010
v -0.505170 -0.004947 -0.106032
v -0.478878 -0.105736 -0.025426
v -0.478878 -0.105124 -0.052334
v -0.478882 -0.102359 -0.075545
v -0.478964 -0.098372 -0.115998
v -1.115477 -0.057876 -0.001720
v -1.115477 -0.057394 -0.000000
v -1.115477 -0.059239 -0.002952
v -1.115477 -0.060936 -0.003460
v -1.115477 -0.059239 -0.002952
v -1.115477 -0.063380 -0.001099
v -1.115477 -0.062511 -0.002866
v -1.115477 -0.060936 -0.003460
v -0.451188 0.032194 -0.060066
v -0.451896 0.022460 -0.069359
v -0.451104 -0.003676 -0.109061
v -0.581667 -0.036771 -0.126194
v -0.574420 0.029854 -0.061204
v -0.547518 0.030175 -0.061469
v -0.505066 0.030956 -0.061188
v -0.451760 -0.020261 -0.160230
v -0.451188 -0.018078 -0.140677
v -0.452240 -0.037519 -0.159845
v -0.451760 -0.020261 -0.160230
v -0.422785 -0.019786 -0.160231
v -0.535378 -0.053314 -0.139902
v -0.566704 -0.037413 -0.133892
v -0.538615 -0.033442 -0.160224
v -0.521335 -0.039525 -0.160225
v -0.478699 -0.010077 -0.110599
v -0.478629 -0.021923 -0.139328
v -0.478629 -0.004323 -0.106932
v -0.479034 0.022531 -0.071222
v -0.478606 -0.038663 -0.159845
v -0.453004 -0.054340 -0.160226
v -0.478676 -0.050088 -0.160226
v -0.505066 -0.045048 -0.160225
v -0.505066 -0.037308 -0.159845
v -0.478609 -0.020536 -0.160188
v -0.505066 -0.022547 -0.160138
v -0.478609 -0.020536 -0.160188
v -0.479206 -0.091223 -0.131716
v -0.505066 -0.066282 -0.144802
v -0.478712 -0.074855 -0.144837
v -0.505066 -0.045048 -0.160225
v -0.478676 -0.050088 -0.160226
v -0.542857 -0.061308 -0.135498
v -0.581667 -0.036771 -0.126194
v -0.452747 -0.080246 -0.144865
v -0.453004 -0.054340 -0.160226
v -0.453373 -0.106864 -0.026392
v -0.453373 -0.105802 -0.054144
v -0.453373 -0.105104 -0.075733
v -0.453370 -0.100011 -0.117986
v -0.453364 -0.094723 -0.135367
v -0.408855 -0.102898 -0.118183
v -0.607677 -0.100238 -0.025217
v -0.607710 -0.103355 -0.056049
v -0.607764 -0.101930 -0.084155
v -0.607819 -0.094268 -0.106659
v -0.607884 -0.080463 -0.121774
v -0.581368 -0.079594 -0.124613
v -0.607884 -0.080463 -0.121774
v -0.607921 -0.062472 -0.127905
v -0.581368 -0.061345 -0.130913
v -0.607755 -0.008640 -0.101967
v -0.607719 0.017470 -0.075981
v -0.669295 -0.016606 -0.098517
v -0.669133 0.007557 -0.075431
v -0.607901 -0.038099 -0.123448
v -0.602367 0.026779 -0.058410
v -0.669054 0.021893 -0.054561
v -0.708380 -0.021873 -0.096118
v -0.708287 -0.000329 -0.074898
v -0.708471 0.018955 -0.049326
v -0.708438 0.016718 -0.055195
v -0.723658 0.015042 -0.055335
v -0.747002 0.032526 -0.000000
v -0.745616 0.028442 -0.019132
v -0.742382 0.012526 -0.052262
v -1.115477 -0.057876 -0.001720
v -1.115477 -0.059239 -0.002952
v -0.132581 -0.072602 -0.189094
v -0.206249 -0.070965 -0.186957
v -0.135044 -0.044278 -0.184728
v -0.143726 -0.028611 -0.160233
v -0.143726 -0.028611 -0.160233
v -0.141966 -0.044737 -0.156364
v -0.184212 -0.153809 -0.142885
v -0.184212 -0.106977 -0.143509
v -0.342179 -0.108014 -0.145270
v -0.253676 -0.159579 -0.144029
v -0.500430 -0.114438 -0.147031
v -0.368319 -0.180885 -0.145172
v -0.184212 -0.153809 -0.005940
v -0.253676 -0.159579 -0.006260
v -0.342179 -0.108014 -0.006478
v -0.184212 -0.106977 -0.006478
v -0.368319 -0.180885 -0.006580
v -0.500430 -0.114438 -0.006478
v -0.623775 0.063099 -0.054182
v -0.623065 0.062150 -0.050845
v -0.627122 0.076139 -0.037742
v -0.627948 0.078025 -0.041399
v -0.627948 0.078025 -0.041399
v -0.627122 0.076139 -0.037742
v -0.629774 0.085568 -0.018133
v -0.630703 0.088084 -0.022268
v -0.617738 0.041032 -0.057851
v -0.614013 0.044019 -0.054562
v -0.623065 0.062150 -0.050845
v -0.623775 0.063099 -0.054182
v -0.623775 0.063099 -0.054182
v -0.627948 0.078025 -0.041399
v -0.630703 0.088084 -0.022268
v -0.630703 0.088084 -0.022268
v -0.629774 0.085568 -0.018133
v 1.000220 -0.153714 -0.015746
v 1.000220 -0.129321 -0.003317
v 1.000220 -0.102283 0.000965
v 1.000220 -0.075243 -0.003317
v 1.000220 -0.050850 -0.015746
v 0.754934 -0.167324 -0.149758
v 1.000220 -0.153714 -0.157324
v 1.000220 -0.031493 -0.035103
v 0.755101 -0.070432 -0.172203
v 0.755094 -0.092697 -0.176901
v 0.754783 -0.185518 -0.025617
v 1.000220 -0.153714 -0.015746
v 1.000220 -0.050850 -0.015746
v 0.651619 -0.074719 -0.173444
v 0.651600 -0.057077 -0.161702
v 0.651602 -0.096466 -0.178877
v 0.651603 -0.045461 -0.152221
v 0.754934 -0.167324 -0.149758
v 0.651603 -0.045461 -0.152221
v 0.556564 -0.071127 -0.174776
v 0.556400 -0.048015 -0.157362
v 0.556581 -0.087158 -0.179671
v 0.316097 -0.042652 -0.158401
v 0.556400 -0.048015 -0.157362
v -0.278758 0.010022 -0.072298
v -0.279975 -0.017247 -0.089983
v -0.357201 -0.015734 -0.090053
v -0.355988 0.011535 -0.072368
v -0.356939 -0.015737 -0.082650
v -0.279707 -0.017249 -0.082580
v -0.358461 -0.021695 -0.098546
v -0.281270 -0.023696 -0.098018
v -0.280326 0.003574 -0.088691
v -0.357511 0.005576 -0.089219
v -0.281424 -0.023696 -0.105433
v -0.358609 -0.021695 -0.105960
v 0.448514 -0.005718 -0.079434
v 0.448442 -0.008626 -0.086006
v 0.391561 -0.009447 -0.083889
v 0.391618 -0.007607 -0.078974
v 0.448584 -0.009139 -0.072900
v 0.391670 -0.009828 -0.074058
v 0.448403 -0.013345 -0.089392
v 0.391534 -0.013087 -0.086437
v 0.448624 -0.014111 -0.069847
v 0.391699 -0.013650 -0.071775
v 0.391706 -0.017585 -0.071559
v 0.448632 -0.018355 -0.069551
v 0.448394 -0.018355 -0.090025
v 0.391530 -0.017585 -0.086918
v 0.812579 -0.095681 -0.940516
v 0.791261 -0.095681 -0.933216
v 0.725824 -0.093453 -0.864391
v 0.768473 -0.093129 -0.864401
v 0.929672 -0.089666 -0.173012
v 0.933236 -0.091843 -0.304858
v 0.804011 -0.087953 -0.305216
v 0.801342 -0.083922 -0.172939
v 0.801342 -0.122130 -0.173419
v 0.804011 -0.118671 -0.305216
v 0.933236 -0.114068 -0.304858
v 0.929672 -0.114914 -0.173329
v 0.166444 -0.116467 -0.353962
v 0.425593 -0.110598 -0.589896
v 0.467575 -0.110034 -0.589896
v 0.201811 -0.115127 -0.353962
v 0.730627 -0.103938 -0.864287
v 0.791261 -0.097922 -0.933216
v 0.812579 -0.097922 -0.940516
v 0.771419 -0.103614 -0.864299
v 0.821005 -0.108538 -0.589896
v 0.166444 -0.083153 -0.353962
v 0.153242 -0.090094 -0.353738
v -0.038804 -0.089882 -0.173014
v -0.024191 -0.080995 -0.172903
v -0.046719 -0.101550 -0.173162
v 0.146739 -0.099811 -0.353962
v 0.151742 -0.110668 -0.354833
v -0.040305 -0.114369 -0.173323
v 0.409729 -0.099153 -0.589896
v 0.716224 -0.098696 -0.864337
v 0.718573 -0.103847 -0.865184
v 0.412812 -0.107405 -0.590769
v 0.869299 -0.095681 -0.938596
v 0.869342 -0.096734 -0.939510
v 0.811724 -0.096618 -0.940799
v 0.790079 -0.096804 -0.933387
v 0.869295 -0.097922 -0.938613
v 0.811724 -0.096618 -0.940799
v 0.869342 -0.096734 -0.939510
v 0.790079 -0.096804 -0.933387
v 0.716224 -0.098696 -0.864337
v 0.717674 -0.094687 -0.864142
v 0.821005 -0.108538 -0.589896
v 0.821005 -0.086291 -0.589896
v 0.808717 -0.088312 -0.353962
v 0.933236 -0.091843 -0.304858
v 0.933236 -0.114068 -0.304858
v 0.804011 -0.118671 -0.305216
v 0.804011 -0.087953 -0.305216
v 0.821005 -0.086291 -0.589896
v 0.479170 -0.087090 -0.590643
v 0.219122 -0.083360 -0.353713
v 0.808717 -0.088312 -0.353962
v 1.057430 -0.097183 -0.305249
v 1.057430 -0.105422 -0.304858
v 0.839842 -0.107860 -0.625166
v 0.146739 -0.099811 -0.353962
v -0.046719 -0.101550 -0.173162
v -0.024191 -0.122106 -0.173419
v 0.409729 -0.099153 -0.589896
v 0.471158 -0.099923 -0.583525
v 0.766517 -0.098832 -0.864206
v 0.716224 -0.098696 -0.864337
v 0.146739 -0.099811 -0.353962
v 0.213340 -0.096933 -0.346201
v 0.471158 -0.099923 -0.583525
v 0.479170 -0.087090 -0.590643
v 0.768473 -0.093129 -0.864401
v 0.766517 -0.098832 -0.864206
v 0.213340 -0.096933 -0.346201
v 0.219122 -0.083360 -0.353713
v 1.057430 -0.106607 -0.173224
v 1.057430 -0.096503 -0.173098
v 0.929672 -0.089666 -0.173012
v 0.929672 -0.114914 -0.173329
v 0.934086 -0.097328 -0.599554
v 0.934086 -0.097328 -0.599554
v 0.804011 -0.118671 -0.305216
v 1.193691 -0.112271 -0.304367
v 1.193691 -0.087874 -0.304328
v 0.804011 -0.087953 -0.305216
v 1.193602 -0.083218 -0.309039
v 1.192691 -0.083873 -0.356552
v 1.192691 -0.115014 -0.356583
v 1.193602 -0.116813 -0.309093
v 0.803996 -0.115316 -0.353962
v 0.808717 -0.088312 -0.353962
v 1.192602 -0.088660 -0.361275
v 1.192602 -0.110114 -0.361295
v 1.249566 -0.097340 -0.336260
v 1.249812 -0.097253 -0.330120
v 1.249564 -0.102120 -0.336276
v 1.249376 -0.099506 -0.340977
v 1.250000 -0.099617 -0.325410
v 1.249812 -0.102361 -0.330120
v 1.249812 -0.102361 -0.330120
v 1.238854 -0.110039 -0.319374
v 1.238177 -0.108947 -0.347000
v 1.249564 -0.102120 -0.336276
v 1.238155 -0.090297 -0.347003
v 1.238876 -0.089917 -0.319365
v 1.238994 -0.094572 -0.314651
v 1.215258 -0.089298 -0.306921
v 1.215256 -0.110826 -0.306955
v 1.238974 -0.105506 -0.314656
v 1.215157 -0.115364 -0.311675
v 1.214269 -0.113700 -0.354752
v 1.214266 -0.085238 -0.354729
v 1.215161 -0.084642 -0.311633
v 1.238055 -0.104039 -0.351717
v 1.214171 -0.108798 -0.359464
v 1.214168 -0.090024 -0.359453
v 1.238041 -0.095083 -0.351720
v 1.249812 -0.102361 -0.330120
v 1.250000 -0.099617 -0.325410
v 1.238854 -0.110039 -0.319374
v 1.249812 -0.097253 -0.330120
v 1.238876 -0.089917 -0.319365
v 1.249564 -0.102120 -0.336276
v 1.238177 -0.108947 -0.347000
v 1.249376 -0.099506 -0.340977
v 1.238155 -0.090297 -0.347003
v 1.249566 -0.097340 -0.336260
v 1.215157 -0.115364 -0.311675
v 1.215161 -0.084642 -0.311633
v 1.214269 -0.113700 -0.354752
v 1.214266 -0.085238 -0.354729
v 1.193602 -0.116813 -0.309093
v 1.193602 -0.083218 -0.309039
v 1.192691 -0.115014 -0.356583
v 1.192691 -0.083873 -0.356552
v 0.218738 -0.083358 -0.353715
v 0.219122 -0.083360 -0.353713
v 0.213340 -0.096933 -0.346201
v 0.166444 -0.083153 -0.353962
v 0.218112 -0.083351 -0.352961
v 0.041399 -0.081323 -0.172907
v 1.058075 -0.111721 -0.218301
v 1.058100 -0.113730 -0.213041
v 1.037042 -0.114442 -0.213388
v 1.037020 -0.112455 -0.218320
v 1.058075 -0.111744 -0.207785
v 1.037020 -0.112526 -0.208415
v 1.017225 -0.112185 -0.209165
v 1.017281 -0.113648 -0.213393
v 1.017227 -0.112044 -0.217557
v 1.036980 -0.106750 -0.204483
v 1.017227 -0.107770 -0.205924
v 1.017247 -0.110276 -0.206869
v 1.037012 -0.110491 -0.205957
v 1.036980 -0.106717 -0.222113
v 1.037009 -0.110388 -0.220755
v 1.017247 -0.110093 -0.219851
v 1.017227 -0.107741 -0.220559
v 0.998539 -0.112895 -0.213375
v 0.998464 -0.111861 -0.210370
v 0.987232 -0.111020 -0.211826
v 0.987408 -0.111784 -0.213472
v 0.987274 -0.111013 -0.214773
v 0.998467 -0.111653 -0.216302
v 0.998509 -0.108737 -0.208181
v 0.987389 -0.109304 -0.210762
v 0.987389 -0.109593 -0.210897
v 0.998514 -0.110072 -0.208525
v 0.998509 -0.108714 -0.218198
v 0.998512 -0.109814 -0.218165
v 0.987389 -0.109482 -0.215908
v 0.987389 -0.109293 -0.215984
v 1.058061 -0.109644 -0.221093
v 1.058061 -0.109673 -0.204989
v 1.058028 -0.105618 -0.222554
v 1.058028 -0.105652 -0.203517
v 1.051620 -0.109589 -0.219751
v 1.058061 -0.109644 -0.221093
v 1.058028 -0.105618 -0.222554
v 1.051577 -0.106234 -0.220969
v 1.051664 -0.112994 -0.213041
v 1.058100 -0.113730 -0.213041
v 1.058075 -0.111721 -0.218301
v 1.051639 -0.111320 -0.217423
v 1.058075 -0.111744 -0.207785
v 1.051639 -0.111338 -0.208660
v 1.058028 -0.105652 -0.203517
v 1.058061 -0.109673 -0.204989
v 1.051622 -0.109613 -0.206329
v 1.051577 -0.106262 -0.205104
v 1.051577 -0.106234 -0.220969
v 1.051577 -0.106262 -0.205104
v 1.051622 -0.109613 -0.206329
v 1.051620 -0.109589 -0.219751
v 1.051639 -0.111338 -0.208660
v 1.051664 -0.112994 -0.213041
v 1.051639 -0.111320 -0.217423
v 1.037177 -0.089136 -0.212686
v 1.037188 -0.091051 -0.217659
v 1.017401 -0.091725 -0.216908
v 1.017431 -0.090262 -0.212680
v 1.037188 -0.091123 -0.207753
v 1.017407 -0.091866 -0.208516
v 1.037243 -0.096828 -0.221592
v 1.017480 -0.096140 -0.220147
v 1.017455 -0.093634 -0.219204
v 1.037213 -0.093087 -0.220117
v 1.037247 -0.096861 -0.203960
v 1.037213 -0.093189 -0.205317
v 1.017457 -0.093817 -0.206221
v 1.017480 -0.096169 -0.205514
v 0.998704 -0.091330 -0.212697
v 0.998652 -0.092364 -0.215703
v 0.987430 -0.093396 -0.214247
v 0.987595 -0.092629 -0.212601
v 0.987475 -0.093402 -0.211302
v 0.998654 -0.092573 -0.209770
v 0.998747 -0.095489 -0.217892
v 0.987615 -0.095107 -0.215311
v 0.987615 -0.094818 -0.215174
v 0.998729 -0.094153 -0.217548
v 0.998747 -0.095511 -0.207875
v 0.998732 -0.094411 -0.207908
v 0.987615 -0.094930 -0.210166
v 0.987615 -0.095120 -0.210090
v 1.058276 -0.093579 -0.204980
v 1.058254 -0.091503 -0.207773
v 1.058254 -0.091480 -0.218288
v 1.058276 -0.093551 -0.221084
v 1.058306 -0.097605 -0.203517
v 1.058243 -0.089493 -0.213030
v 1.058308 -0.097572 -0.222554
v 1.051835 -0.093743 -0.206322
v 1.051849 -0.097099 -0.205104
v 1.051821 -0.090337 -0.213032
v 1.051824 -0.092012 -0.208650
v 1.051824 -0.091993 -0.217414
v 1.051835 -0.093719 -0.219744
v 1.051849 -0.097070 -0.220969
v 1.051849 -0.097099 -0.205104
v 1.051849 -0.097070 -0.220969
v 1.051835 -0.093719 -0.219744
v 1.051835 -0.093743 -0.206322
v 1.051824 -0.091993 -0.217414
v 1.051821 -0.090337 -0.213032
v 1.051824 -0.092012 -0.208650
v 0.863605 -0.162372 -0.606836
v 0.622254 -0.162372 -0.606836
v 0.622254 -0.162372 -0.611124
v 0.863605 -0.162372 -0.611124
v 0.674202 -0.133015 -0.614613
v 0.726150 -0.097284 -0.614613
v 0.901903 -0.097284 -0.614613
v 0.891044 -0.132648 -0.614613
v 0.622254 -0.153836 -0.603346
v 0.867783 -0.157844 -0.603346
v 0.891044 -0.132648 -0.603346
v 0.674202 -0.133015 -0.603346
v 0.648893 -0.133015 -0.608982
v 0.703192 -0.097284 -0.608982
v 0.596945 -0.133015 -0.608982
v 0.622254 -0.133015 -0.603346
v 0.674202 -0.133015 -0.603346
v 0.648893 -0.133015 -0.608982
v 0.927213 -0.097284 -0.608982
v 0.901903 -0.097284 -0.603346
v 0.916350 -0.132648 -0.608982
v 0.622254 -0.133015 -0.614613
v 0.622254 -0.153836 -0.614613
v 0.596945 -0.153836 -0.608982
v 0.596945 -0.133015 -0.608982
v 0.916350 -0.132648 -0.608982
v 0.893093 -0.157845 -0.608982
v 0.867783 -0.157844 -0.614613
v 0.596945 -0.133015 -0.608982
v 0.596945 -0.153836 -0.608982
v 0.622254 -0.133015 -0.603346
v 0.893093 -0.157845 -0.608982
v 0.726150 -0.097284 -0.603346
v 0.674202 -0.133015 -0.614613
v 0.622254 -0.133015 -0.614613
v 0.927213 -0.097284 -0.608982
v 0.648893 -0.133015 -0.608982
v 0.703192 -0.097284 -0.608982
v 0.863605 -0.162372 -0.611124
v 0.622254 -0.162372 -0.611124
v 0.622254 -0.162372 -0.606836
v 0.863605 -0.162372 -0.606836
v 0.613375 -0.162372 -0.608982
v 0.872484 -0.162372 -0.608982
v 0.613375 -0.162372 -0.608982
v 0.872484 -0.162372 -0.608982
v 0.218738 -0.083358 -0.353715
v 0.008789 -0.122107 -0.173419
v 0.984846 0.204386 -0.410421
v 1.104339 0.201956 -0.416980
v 1.102003 0.249912 -0.430998
v 1.031410 0.255200 -0.427012
v 1.106376 0.156000 -0.402729
v 0.734473 -0.069914 -0.324796
v 0.711897 -0.107232 -0.319833
v 0.709394 -0.072472 -0.330771
v 0.734473 -0.073496 -0.336553
v 0.736976 -0.102260 -0.327786
v 0.984846 0.201934 -0.418469
v 0.963491 0.205529 -0.414919
v 1.011582 0.257919 -0.431498
v 1.031410 0.253363 -0.433038
v 1.039412 0.155976 -0.405860
v 1.102003 0.249912 -0.430998
v 1.104339 0.201956 -0.416980
v 1.106376 0.156000 -0.402729
v 0.711897 -0.107232 -0.319833
v 0.736976 -0.098677 -0.316032
v 0.709394 -0.072472 -0.330771
v 1.011582 0.257919 -0.431498
v 0.963491 0.205529 -0.414919
v 1.092856 0.197292 -0.417907
v 1.092856 0.194927 -0.417907
v 1.079061 0.194927 -0.417907
v 1.079061 0.197292 -0.417907
v 1.079061 0.198963 -0.416236
v 1.092856 0.198963 -0.416236
v 1.079061 0.198963 -0.416236
v 1.079061 0.198963 -0.413871
v 1.092856 0.198963 -0.413871
v 1.092856 0.198963 -0.416236
v 1.079061 0.197292 -0.412200
v 1.092856 0.197292 -0.412200
v 1.079061 0.194927 -0.412200
v 1.092856 0.194927 -0.412200
v 1.079061 0.193256 -0.413871
v 1.092856 0.193256 -0.413871
v 1.079061 0.193256 -0.413871
v 1.079061 0.193256 -0.416236
v 1.092856 0.193256 -0.416236
v 1.092856 0.193256 -0.413871
v 1.066758 0.196974 -0.417138
v 1.066758 0.195245 -0.417138
v 1.065003 0.195496 -0.416532
v 1.065003 0.196722 -0.416532
v 1.112032 0.196722 -0.416532
v 1.112032 0.195496 -0.416532
v 1.110546 0.195280 -0.417057
v 1.110546 0.196939 -0.417057
v 1.065003 0.197588 -0.415666
v 1.066758 0.198196 -0.415917
v 1.110546 0.198113 -0.415884
v 1.112032 0.197588 -0.415666
v 1.065003 0.197588 -0.415666
v 1.065003 0.197588 -0.414442
v 1.066758 0.198196 -0.414190
v 1.066758 0.198196 -0.415917
v 1.110546 0.198113 -0.415884
v 1.110546 0.198113 -0.414224
v 1.112032 0.197588 -0.414442
v 1.112032 0.197588 -0.415666
v 1.065003 0.196722 -0.413575
v 1.066758 0.196974 -0.412969
v 1.110546 0.196939 -0.413050
v 1.112032 0.196722 -0.413575
v 1.065003 0.195496 -0.413575
v 1.066758 0.195245 -0.412969
v 1.110546 0.195280 -0.413050
v 1.112032 0.195496 -0.413575
v 1.065003 0.194631 -0.414442
v 1.066758 0.194023 -0.414190
v 1.110546 0.194105 -0.414224
v 1.112032 0.194631 -0.414442
v 1.065003 0.194631 -0.414442
v 1.065003 0.194631 -0.415666
v 1.066758 0.194023 -0.415917
v 1.066758 0.194023 -0.414190
v 1.110546 0.194105 -0.414224
v 1.110546 0.194105 -0.415884
v 1.112032 0.194631 -0.415666
v 1.112032 0.194631 -0.414442
v 1.108340 0.197137 -0.417532
v 1.108340 0.195082 -0.417532
v 1.104826 0.194954 -0.417842
v 1.104826 0.197265 -0.417842
v 1.104826 0.198900 -0.416208
v 1.108340 0.198588 -0.416079
v 1.104826 0.198900 -0.416208
v 1.104826 0.198900 -0.413896
v 1.108340 0.198588 -0.414025
v 1.108340 0.198588 -0.416079
v 1.104826 0.197265 -0.412262
v 1.108340 0.197137 -0.412575
v 1.104826 0.194954 -0.412262
v 1.108340 0.195082 -0.412575
v 1.104826 0.193320 -0.413896
v 1.108340 0.193631 -0.414025
v 1.104826 0.193320 -0.413896
v 1.104826 0.193320 -0.416208
v 1.108340 0.193631 -0.416079
v 1.108340 0.193631 -0.414025
v 1.072401 0.197269 -0.417854
v 1.072401 0.194950 -0.417854
v 1.068924 0.195064 -0.417577
v 1.068924 0.197154 -0.417577
v 1.068924 0.198632 -0.416099
v 1.072401 0.198907 -0.416213
v 1.068924 0.198632 -0.416099
v 1.068924 0.198632 -0.414009
v 1.072401 0.198907 -0.413894
v 1.072401 0.198907 -0.416213
v 1.068924 0.197154 -0.412530
v 1.072401 0.197269 -0.412256
v 1.068924 0.195064 -0.412530
v 1.072401 0.194950 -0.412256
v 1.068924 0.193586 -0.414009
v 1.072401 0.193310 -0.413894
v 1.068924 0.193586 -0.414009
v 1.068924 0.193586 -0.416099
v 1.072401 0.193310 -0.416213
v 1.072401 0.193310 -0.413894
v 1.096863 0.209719 -0.420425
v 1.096863 0.211132 -0.421840
v 1.104998 0.211154 -0.421786
v 1.104998 0.209773 -0.420405
v 1.096863 0.213132 -0.421840
v 1.087489 0.211132 -0.421840
v 1.087489 0.213132 -0.421840
v 1.087489 0.214544 -0.420425
v 1.096863 0.214544 -0.420425
v 1.087489 0.214544 -0.420425
v 1.087489 0.214544 -0.418427
v 1.096863 0.214544 -0.418427
v 1.096863 0.214544 -0.420425
v 1.087489 0.213132 -0.417016
v 1.096863 0.213132 -0.417016
v 1.087489 0.211132 -0.417016
v 1.096863 0.211132 -0.417016
v 1.087489 0.209719 -0.418427
v 1.096863 0.209719 -0.418427
v 1.087489 0.209719 -0.418427
v 1.087489 0.209719 -0.420425
v 1.096863 0.209719 -0.418427
v 1.079127 0.212861 -0.421191
v 1.079127 0.211401 -0.421191
v 1.077935 0.211612 -0.420677
v 1.077935 0.212649 -0.420677
v 1.109897 0.212649 -0.420677
v 1.109897 0.211612 -0.420677
v 1.108883 0.211430 -0.421122
v 1.108883 0.212834 -0.421122
v 1.077935 0.213382 -0.419944
v 1.079127 0.213895 -0.420157
v 1.108883 0.213825 -0.420129
v 1.109897 0.213382 -0.419944
v 1.077935 0.213382 -0.419944
v 1.077935 0.213382 -0.418910
v 1.079127 0.213895 -0.418698
v 1.079127 0.213895 -0.420157
v 1.108883 0.213825 -0.420129
v 1.108883 0.213825 -0.418726
v 1.109897 0.213382 -0.418910
v 1.109897 0.213382 -0.419944
v 1.077935 0.212649 -0.418176
v 1.079127 0.212861 -0.417664
v 1.108883 0.212834 -0.417731
v 1.109897 0.212649 -0.418176
v 1.077935 0.211612 -0.418176
v 1.079127 0.211401 -0.417664
v 1.108883 0.211430 -0.417731
v 1.109897 0.211612 -0.418176
v 1.077935 0.210882 -0.418910
v 1.079127 0.210368 -0.418698
v 1.108883 0.210438 -0.418726
v 1.109897 0.210882 -0.418910
v 1.077935 0.210882 -0.418910
v 1.077935 0.210882 -0.419944
v 1.079127 0.210368 -0.420157
v 1.079127 0.210368 -0.418698
v 1.108883 0.210438 -0.418726
v 1.108883 0.210438 -0.420129
v 1.109897 0.210882 -0.419944
v 1.109897 0.210882 -0.418910
v 1.107388 0.212999 -0.421523
v 1.107388 0.211265 -0.421523
v 1.104998 0.213108 -0.421786
v 1.104998 0.214491 -0.420405
v 1.107388 0.214227 -0.420297
v 1.104998 0.214491 -0.420405
v 1.104998 0.214491 -0.418449
v 1.107388 0.214227 -0.418559
v 1.107388 0.214227 -0.420297
v 1.104998 0.213108 -0.417068
v 1.107388 0.212999 -0.417331
v 1.104998 0.211154 -0.417068
v 1.107388 0.211265 -0.417331
v 1.104998 0.209773 -0.418449
v 1.107388 0.210036 -0.418559
v 1.104998 0.209773 -0.418449
v 1.107388 0.210036 -0.420297
v 1.107388 0.210036 -0.418559
v 1.082962 0.213111 -0.421792
v 1.082962 0.211152 -0.421792
v 1.080598 0.211247 -0.421559
v 1.080598 0.213014 -0.421559
v 1.080598 0.214264 -0.420310
v 1.082962 0.214498 -0.420405
v 1.080598 0.214264 -0.420310
v 1.080598 0.214264 -0.418544
v 1.082962 0.214498 -0.418446
v 1.082962 0.214498 -0.420405
v 1.080598 0.213014 -0.417295
v 1.082962 0.213111 -0.417061
v 1.080598 0.211247 -0.417295
v 1.082962 0.211152 -0.417061
v 1.080598 0.210000 -0.418544
v 1.082962 0.209766 -0.418446
v 1.080598 0.210000 -0.418544
v 1.080598 0.210000 -0.420310
v 1.082962 0.209766 -0.420405
v 1.082962 0.209766 -0.418446
v 0.747443 -0.172161 -0.325833
v 0.916703 -0.099187 -0.325833
v 0.916703 -0.219703 -0.325833
v 0.818023 -0.241733 -0.325833
v 0.647152 -0.099187 -0.325833
v 0.747443 -0.099187 -0.325833
v 0.689206 -0.172161 -0.325833
v 0.916703 -0.219703 -0.320832
v 0.916703 -0.099187 -0.320832
v 0.747443 -0.172161 -0.320832
v 0.818023 -0.241733 -0.320832
v 0.747443 -0.099187 -0.320832
v 0.647152 -0.099187 -0.320832
v 0.689206 -0.172161 -0.320832
v 0.817217 -0.244970 -0.323332
v 0.745759 -0.174558 -0.323332
v 0.916703 -0.222940 -0.323332
v 0.747443 -0.099187 -0.325833
v 0.647152 -0.099187 -0.325833
v 0.645469 -0.099187 -0.323332
v 0.747443 -0.099187 -0.323332
v 0.687523 -0.174558 -0.323332
v 0.645469 -0.099187 -0.323332
v 0.916703 -0.099187 -0.325833
v 0.916703 -0.099187 -0.323332
v 0.745759 -0.174558 -0.323332
v 0.817217 -0.244970 -0.323332
v 0.916703 -0.222940 -0.323332
v 0.687523 -0.174558 -0.323332
v -0.615126 0.073165 0.011784
v -0.615126 0.073165 -0.012106
v -0.623153 0.075570 -0.012106
v -0.623153 0.075570 0.011784
v -0.629674 0.067765 -0.012106
v -0.629674 0.067765 0.011784
v 0.126867 -0.242674 -0.002319
v 0.126867 -0.242674 0.002318
v -0.041193 -0.257378 0.002318
v -0.041193 -0.257378 -0.002319
v -0.006809 -0.233771 0.006094
v 0.144163 -0.220306 0.006094
v 0.149571 -0.195017 0.006094
v 0.027187 -0.205725 0.006094
v -0.041713 -0.251433 -0.006095
v -0.006809 -0.233771 -0.006095
v 0.144163 -0.220306 -0.006095
v 0.129501 -0.239267 -0.006095
v -0.024433 -0.235313 0.000002
v 0.011200 -0.207124 0.000002
v -0.060606 -0.238477 0.000002
v -0.024433 -0.235313 0.000002
v -0.006809 -0.233771 -0.006095
v -0.042982 -0.236936 -0.006095
v 0.167194 -0.193476 0.000002
v 0.161784 -0.218764 0.000002
v 0.149571 -0.195017 -0.006095
v -0.042982 -0.236936 0.006094
v -0.060606 -0.238477 0.000002
v -0.059337 -0.252976 0.000002
v -0.041713 -0.251433 0.006094
v 0.161784 -0.218764 0.000002
v 0.129501 -0.239267 0.006094
v 0.147125 -0.237726 0.000002
v -0.060606 -0.238477 0.000002
v -0.042982 -0.236936 -0.006095
v -0.059337 -0.252976 0.000002
v 0.147125 -0.237726 0.000002
v 0.027187 -0.205725 -0.006095
v -0.006809 -0.233771 0.006094
v -0.042982 -0.236936 0.006094
v 0.167194 -0.193476 0.000002
v -0.024433 -0.235313 0.000002
v 0.011200 -0.207124 0.000002
v -0.041193 -0.257378 0.002318
v 0.126867 -0.242674 0.002318
v -0.041193 -0.257378 -0.002319
v 0.126867 -0.242674 -0.002319
v -0.047376 -0.257919 0.000002
v 0.133050 -0.242134 0.000002
v -0.047376 -0.257919 0.000002
v 0.133050 -0.242134 0.000002
v 0.320808 -0.201693 0.076802
v 0.558292 -0.196106 0.076600
v 0.558229 -0.196840 0.054017
v 0.320808 -0.202832 0.056959
v 0.320808 -0.198987 0.099515
v 0.558064 -0.194824 0.097831
v 0.320808 -0.193106 0.122310
v 0.557867 -0.187508 0.119933
v 0.320480 -0.181342 0.144374
v 0.557351 -0.173458 0.144604
v 0.320858 -0.158385 0.168118
v 0.556539 -0.153130 0.163137
v 0.320600 -0.130536 0.178637
v 0.557118 -0.125962 0.173186
v 0.320808 -0.100166 0.180756
v 0.556564 -0.106894 0.178522
v 0.556659 -0.154749 0.165600
v 0.556539 -0.153130 0.163137
v 0.557118 -0.125962 0.173186
v 0.557213 -0.126583 0.176026
v 0.320980 -0.160006 0.170581
v 0.320858 -0.158385 0.168118
v 0.320480 -0.181342 0.144374
v 0.320620 -0.183689 0.146083
v 0.558229 -0.196840 0.054017
v 0.558292 -0.196106 0.076600
v 0.558442 -0.198976 0.076817
v 0.558378 -0.199713 0.054110
v 0.556564 -0.106894 0.178522
v 0.320808 -0.100166 0.180756
v 0.320883 -0.100366 0.183628
v 0.556636 -0.107099 0.181391
v 0.320808 -0.202832 0.056959
v 0.558229 -0.196840 0.054017
v 0.558378 -0.199713 0.054110
v 0.320955 -0.205705 0.057052
v 0.320808 -0.100166 0.180756
v 0.320600 -0.130536 0.178637
v 0.320693 -0.131158 0.181477
v 0.320883 -0.100366 0.183628
v 0.320948 -0.195804 0.123362
v 0.320808 -0.193106 0.122310
v 0.320808 -0.198987 0.099515
v 0.320948 -0.201819 0.100048
v 0.557867 -0.187508 0.119933
v 0.557351 -0.173458 0.144604
v 0.557489 -0.175804 0.146313
v 0.558009 -0.190206 0.120985
v 0.320620 -0.183689 0.146083
v 0.320808 -0.193106 0.122310
v 0.320808 -0.201693 0.076802
v 0.320808 -0.202832 0.056959
v 0.320955 -0.205705 0.057052
v 0.320955 -0.204562 0.077019
v 0.320600 -0.130536 0.178637
v 0.320980 -0.160006 0.170581
v 0.320693 -0.131158 0.181477
v 0.556636 -0.107099 0.181391
v 0.557213 -0.126583 0.176026
v 0.556564 -0.106894 0.178522
v 0.557351 -0.173458 0.144604
v 0.556659 -0.154749 0.165600
v 0.557489 -0.175804 0.146313
v 0.558204 -0.197654 0.098364
v 0.558064 -0.194824 0.097831
v 0.557867 -0.187508 0.119933
v 0.558292 -0.196106 0.076600
v 0.558204 -0.197654 0.098364
v 0.558442 -0.198976 0.076817
v 0.320808 -0.198987 0.099515
v 0.320808 -0.201693 0.076802
v 0.320955 -0.204562 0.077019
v 0.320808 -0.201693 -0.076802
v 0.320808 -0.202832 -0.056959
v 0.558229 -0.196840 -0.054017
v 0.558292 -0.196106 -0.076600
v 0.558064 -0.194824 -0.097832
v 0.320808 -0.198987 -0.099516
v 0.557867 -0.187508 -0.119933
v 0.320808 -0.193106 -0.122310
v 0.557351 -0.173458 -0.144604
v 0.320480 -0.181342 -0.144374
v 0.556539 -0.153130 -0.163137
v 0.320858 -0.158385 -0.168118
v 0.557118 -0.125962 -0.173186
v 0.320600 -0.130536 -0.178637
v 0.556564 -0.106894 -0.178522
v 0.320808 -0.100166 -0.180756
v 0.556659 -0.154749 -0.165600
v 0.557213 -0.126583 -0.176026
v 0.557118 -0.125962 -0.173186
v 0.556539 -0.153130 -0.163137
v 0.320980 -0.160006 -0.170581
v 0.320620 -0.183689 -0.146083
v 0.320480 -0.181342 -0.144374
v 0.320858 -0.158385 -0.168118
v 0.558229 -0.196840 -0.054017
v 0.558378 -0.199713 -0.054110
v 0.558442 -0.198976 -0.076817
v 0.558292 -0.196106 -0.076600
v 0.556564 -0.106894 -0.178522
v 0.556636 -0.107099 -0.181391
v 0.320883 -0.100366 -0.183628
v 0.320808 -0.100166 -0.180756
v 0.320808 -0.202832 -0.056959
v 0.320955 -0.205705 -0.057052
v 0.558378 -0.199713 -0.054110
v 0.558229 -0.196840 -0.054017
v 0.320808 -0.100166 -0.180756
v 0.320883 -0.100366 -0.183628
v 0.320693 -0.131158 -0.181477
v 0.320600 -0.130536 -0.178637
v 0.320948 -0.195804 -0.123362
v 0.320948 -0.201819 -0.100048
v 0.320808 -0.198987 -0.099516
v 0.320808 -0.193106 -0.122310
v 0.557867 -0.187508 -0.119933
v 0.558009 -0.190206 -0.120985
v 0.557489 -0.175804 -0.146313
v 0.557351 -0.173458 -0.144604
v 0.320808 -0.193106 -0.122310
v 0.320620 -0.183689 -0.146083
v 0.320808 -0.201693 -0.076802
v 0.320955 -0.204562 -0.077019
v 0.320955 -0.205705 -0.057052
v 0.320808 -0.202832 -0.056959
v 0.320600 -0.130536 -0.178637
v 0.320693 -0.131158 -0.181477
v 0.320980 -0.160006 -0.170581
v 0.556636 -0.107099 -0.181391
v 0.556564 -0.106894 -0.178522
v 0.557213 -0.126583 -0.176026
v 0.557351 -0.173458 -0.144604
v 0.557489 -0.175804 -0.146313
v 0.556659 -0.154749 -0.165600
v 0.558204 -0.197654 -0.098364
v 0.557867 -0.187508 -0.119933
v 0.558064 -0.194824 -0.097832
v 0.558292 -0.196106 -0.076600
v 0.558442 -0.198976 -0.076817
v 0.558204 -0.197654 -0.098364
v 0.320808 -0.198987 -0.099516
v 0.320955 -0.204562 -0.077019
v 0.320808 -0.201693 -0.076802
v -0.300952 -0.215377 0.045924
v -0.237699 -0.224999 0.045924
v -0.237699 -0.227817 0.020021
v -0.300952 -0.218195 0.020021
v -0.300952 -0.217491 -0.000000
v -0.237699 -0.227112 -0.000000
v -0.355708 -0.200320 0.020021
v -0.355423 -0.197502 0.045924
v -0.152380 -0.225792 0.020021
v -0.152380 -0.222974 0.045924
v -0.152380 -0.225087 -0.000000
v -0.355963 -0.199616 -0.000000
v -0.300952 -0.218949 0.045924
v -0.300952 -0.221767 0.020021
v -0.237699 -0.231389 0.020021
v -0.237699 -0.228571 0.045924
v -0.237699 -0.230684 -0.000000
v -0.300952 -0.221062 -0.000000
v -0.355708 -0.203892 0.020021
v -0.152380 -0.226546 0.045924
v -0.152380 -0.229364 0.020021
v -0.152380 -0.228659 -0.000000
v -0.355963 -0.203188 -0.000000
v -0.237699 -0.227112 -0.000000
v -0.152380 -0.225087 -0.000000
v -0.152380 -0.228659 -0.000000
v -0.237699 -0.230684 -0.000000
v -0.237699 -0.228571 0.045924
v -0.152380 -0.226546 0.045924
v -0.152380 -0.222974 0.045924
v -0.237699 -0.224999 0.045924
v -0.300952 -0.217491 -0.000000
v -0.237699 -0.227112 -0.000000
v -0.237699 -0.230684 -0.000000
v -0.300952 -0.221062 -0.000000
v -0.300952 -0.215377 0.045924
v -0.300952 -0.218949 0.045924
v -0.237699 -0.228571 0.045924
v -0.355423 -0.197502 0.045924
v -0.355708 -0.200320 0.020021
v -0.355708 -0.203892 0.020021
v -0.355423 -0.201074 0.045924
v -0.300952 -0.218949 0.045924
v -0.300952 -0.215377 0.045924
v -0.355423 -0.197502 0.045924
v -0.300952 -0.221062 -0.000000
v -0.355963 -0.203188 -0.000000
v -0.355963 -0.199616 -0.000000
v -0.300952 -0.217491 -0.000000
v -0.152380 -0.229364 0.020021
v -0.152380 -0.225792 0.020021
v -0.152380 -0.226546 0.045924
v -0.152380 -0.225087 -0.000000
v -0.152380 -0.229364 0.020021
v -0.152380 -0.228659 -0.000000
v -0.355963 -0.199616 -0.000000
v -0.355708 -0.200320 0.020021
v -0.300952 -0.215377 -0.045924
v -0.300952 -0.218195 -0.020021
v -0.237699 -0.227817 -0.020021
v -0.237699 -0.224999 -0.045924
v -0.355423 -0.197502 -0.045924
v -0.355708 -0.200320 -0.020021
v -0.152380 -0.225792 -0.020021
v -0.152380 -0.222974 -0.045924
v -0.300952 -0.218949 -0.045924
v -0.237699 -0.228571 -0.045924
v -0.237699 -0.231389 -0.020021
v -0.300952 -0.221767 -0.020021
v -0.237699 -0.230684 -0.000000
v -0.300952 -0.221062 -0.000000
v -0.355708 -0.203892 -0.020021
v -0.152380 -0.226546 -0.045924
v -0.152380 -0.229364 -0.020021
v -0.152380 -0.228659 -0.000000
v -0.355963 -0.203188 -0.000000
v -0.237699 -0.228571 -0.045924
v -0.237699 -0.224999 -0.045924
v -0.152380 -0.222974 -0.045924
v -0.152380 -0.226546 -0.045924
v -0.300952 -0.215377 -0.045924
v -0.237699 -0.228571 -0.045924
v -0.300952 -0.218949 -0.045924
v -0.355423 -0.197502 -0.045924
v -0.355423 -0.201074 -0.045924
v -0.355708 -0.203892 -0.020021
v -0.355708 -0.200320 -0.020021
v -0.300952 -0.218949 -0.045924
v -0.355423 -0.197502 -0.045924
v -0.300952 -0.215377 -0.045924
v -0.152380 -0.229364 -0.020021
v -0.152380 -0.226546 -0.045924
v -0.152380 -0.225792 -0.020021
v -0.152380 -0.229364 -0.020021
v -0.355708 -0.200320 -0.020021
v -0.368319 -0.180885 0.145172
v 0.556659 -0.154749 0.165600
v 0.557213 -0.126583 0.176026
v 0.551123 -0.091074 0.054722
v 0.320980 -0.160006 0.170581
v 0.320620 -0.183689 0.146083
v 0.321484 -0.093972 0.055888
v 0.558378 -0.199713 0.054110
v 0.558442 -0.198976 0.076817
v 0.320883 -0.100366 0.183628
v 0.320693 -0.131158 0.181477
v 0.320948 -0.195804 0.123362
v 0.320948 -0.201819 0.100048
v 0.558009 -0.190206 0.120985
v 0.557489 -0.175804 0.146313
v 0.320955 -0.204562 0.077019
v 0.320955 -0.205705 0.057052
v 0.556636 -0.107099 0.181391
v 0.558204 -0.197654 0.098364
v 0.956946 -0.046667 0.014357
v -0.706143 0.029011 0.040628
v -0.614013 0.044019 0.054561
v -0.615100 0.067746 0.035812
v -0.723817 0.035266 -0.000000
v -0.614801 0.071208 0.023077
v -0.614801 0.073501 -0.000000
v -0.409048 -0.057136 0.160226
v 0.925439 -0.035264 0.000000
v 0.923923 -0.035224 0.003317
v -0.542857 -0.061308 0.135498
v -0.538615 -0.033442 0.160224
v -0.527572 -0.028344 0.160224
v -0.521335 -0.039525 0.160225
v -0.141966 -0.044737 0.156364
v -0.141966 -0.044737 0.156364
v -0.206249 -0.070965 0.186957
v -0.135044 -0.044278 0.184728
v -0.143726 -0.028611 0.160233
v -0.279975 -0.017247 0.089983
v -0.279707 -0.017249 0.082580
v -0.278758 0.010022 0.072298
v -0.281424 -0.023696 0.105433
v -0.281270 -0.023696 0.098018
v -0.280326 0.003574 0.088691
v 0.448514 -0.005718 0.079434
v 0.448442 -0.008626 0.086006
v 0.448632 -0.018355 0.069551
v 0.448403 -0.013345 0.089392
v 0.448584 -0.009139 0.072899
v 0.448394 -0.018355 0.090025
v 0.448624 -0.014111 0.069847
v 0.391561 -0.009447 0.083889
v 0.391618 -0.007607 0.078974
v 0.391706 -0.017585 0.071559
v 0.391670 -0.009828 0.074058
v 0.391534 -0.013087 0.086437
v 0.391530 -0.017585 0.086918
v 0.391699 -0.013650 0.071775
v -0.505550 -0.086501 0.130058
v 0.716224 -0.098696 0.864337
v 0.717674 -0.094687 0.864142
v 0.766517 -0.098832 0.864206
v 1.140408 -0.101542 0.193141
v 1.057430 -0.101555 0.170431
v 0.931465 -0.096783 0.934412
v 0.931465 -0.096783 0.934412
v 0.873512 -0.103614 0.864285
v 0.932769 -0.098378 0.864057
v 0.821005 -0.108538 0.589896
v 0.821005 -0.086291 0.589896
v 0.934086 -0.097328 0.599554
v 0.153242 -0.090094 0.353738
v 0.146739 -0.099811 0.353962
v 0.725824 -0.093453 0.864391
v 0.768473 -0.093129 0.864401
v 0.984751 -0.109433 0.213403
v 0.984980 -0.095023 0.212670
v 0.613375 -0.162372 0.608982
v 0.872484 -0.162372 0.608982
v -1.214820 -0.066837 -0.000000
v -1.250000 -0.051153 -0.000000
v 1.036877 -0.099261 0.315864
v 1.039278 -0.077104 0.322604
v 1.039278 -0.080659 0.334270
v 1.122664 -0.066522 0.335159
v 1.039412 0.156065 0.394194
v 1.106376 0.156000 0.402729
v 1.039412 0.155976 0.405860
v 1.122664 -0.066522 0.335159
v 1.125170 -0.101277 0.324564
v 1.113514 0.196109 0.415054
v 1.060881 0.196109 0.415054
v 1.113514 0.196109 0.415054
v 1.060881 0.196109 0.415054
v 1.110903 0.212131 0.419428
v 1.075134 0.212131 0.419428
v 1.110903 0.212131 0.419428
v 1.075134 0.212131 0.419428
v 1.037717 -0.102940 0.332097
v 1.122664 -0.066522 0.335159
v 1.125170 -0.101277 0.324564
v -0.368319 -0.180885 -0.145172
v 0.556659 -0.154749 -0.165600
v 0.551123 -0.091074 -0.054722
v 0.557213 -0.126583 -0.176026
v 0.320980 -0.160006 -0.170581
v 0.321484 -0.093972 -0.055888
v 0.320620 -0.183689 -0.146083
v 0.558378 -0.199713 -0.054110
v 0.558442 -0.198976 -0.076817
v 0.320883 -0.100366 -0.183628
v 0.320693 -0.131158 -0.181477
v 0.320948 -0.195804 -0.123362
v 0.320948 -0.201819 -0.100048
v 0.558009 -0.190206 -0.120985
v 0.557489 -0.175804 -0.146313
v 0.320955 -0.204562 -0.077019
v 0.320955 -0.205705 -0.057052
v 0.556636 -0.107099 -0.181391
v 0.558204 -0.197654 -0.098364
v 0.956946 -0.046667 -0.014357
v -0.706143 0.029011 -0.040628
v -0.614013 0.044019 -0.054562
v -0.615100 0.067746 -0.035812
v -0.614801 0.071208 -0.023077
v -0.409048 -0.057136 -0.160226
v 0.923923 -0.035224 -0.003317
v -0.542857 -0.061308 -0.135498
v -0.538615 -0.033442 -0.160224
v -0.527572 -0.028344 -0.160224
v -0.521335 -0.039525 -0.160225
v -0.141966 -0.044737 -0.156364
v -0.141966 -0.044737 -0.156364
v -0.206249 -0.070965 -0.186957
v -0.135044 -0.044278 -0.184728
v -0.143726 -0.028611 -0.160233
v -0.279975 -0.017247 -0.089983
v -0.278758 0.010022 -0.072298
v -0.279707 -0.017249 -0.082580
v -0.281424 -0.023696 -0.105433
v -0.280326 0.003574 -0.088691
v -0.281270 -0.023696 -0.098018
v 0.448514 -0.005718 -0.079434
v 0.448632 -0.018355 -0.069551
v 0.448442 -0.008626 -0.086006
v 0.448403 -0.013345 -0.089392
v 0.448584 -0.009139 -0.072900
v 0.448394 -0.018355 -0.090025
v 0.448624 -0.014111 -0.069847
v 0.391561 -0.009447 -0.083889
v 0.391706 -0.017585 -0.071559
v 0.391618 -0.007607 -0.078974
v 0.391670 -0.009828 -0.074058
v 0.391534 -0.013087 -0.086437
v 0.391530 -0.017585 -0.086918
v 0.391699 -0.013650 -0.071775
v -0.505550 -0.086501 -0.130058
v 0.716224 -0.098696 -0.864337
v 0.766517 -0.098832 -0.864206
v 0.717674 -0.094687 -0.864142
v 1.057430 -0.096503 -0.173098
v 1.057430 -0.106607 -0.173224
v 0.931465 -0.096783 -0.934412
v 0.931465 -0.096783 -0.934412
v 0.932769 -0.098378 -0.864057
v 0.821005 -0.108538 -0.589896
v 0.934086 -0.097328 -0.599554
v 0.821005 -0.086291 -0.589896
v 0.146739 -0.099811 -0.353962
v 0.153242 -0.090094 -0.353738
v 0.725824 -0.093453 -0.864391
v 0.768473 -0.093129 -0.864401
v 0.984751 -0.109433 -0.213403
v 0.984980 -0.095023 -0.212670
v 0.613375 -0.162372 -0.608982
v 0.872484 -0.162372 -0.608982
v 1.036877 -0.099261 -0.315864
v 1.039278 -0.077104 -0.322604
v 1.122664 -0.066522 -0.335159
v 1.039278 -0.080659 -0.334270
v 1.106376 0.156000 -0.402729
v 1.125170 -0.101277 -0.324564
v 1.113514 0.196109 -0.415054
v 1.060881 0.196109 -0.415054
v 1.113514 0.196109 -0.415054
v 1.060881 0.196109 -0.415054
v 1.110903 0.212131 -0.419428
v 1.075134 0.212131 -0.419428
v 1.110903 0.212131 -0.419428
v 1.075134 0.212131 -0.419428
v 1.037717 -0.102940 -0.332097
v 1.125170 -0.101277 -0.324564
v -0.047376 -0.257919 0.000002
v 0.133050 -0.242134 0.000002
v -0.342727 0.064859 0.012006
v -0.342355 0.066327 -0.000000
v -0.351995 0.030158 -0.000000
v -0.349483 0.038127 0.042914
v -0.346908 0.048319 0.039603
v -0.344468 0.057970 0.028762
v -0.351995 0.028706 0.038620
v -0.351695 0.030253 0.041528
v -0.342727 0.064859 -0.012006
v -0.349483 0.038127 -0.042914
v -0.346908 0.048319 -0.039603
v -0.344468 0.057970 -0.028762
v -0.351995 0.028706 -0.038620
v -0.351695 0.030253 -0.041528
v -0.352137 0.026229 -0.037760
v -0.352137 0.026229 0.037760
v -0.353420 0.003938 -0.030026
v -0.353420 0.003938 -0.000000
v -0.353420 0.003938 -0.030026
v -0.353420 0.003938 0.030026
v -0.353420 0.003938 0.030026
v -0.614013 0.044019 0.054561
v -0.614801 0.035878 0.051698
v -0.623065 0.062150 0.050845
v -0.627122 0.076139 0.037742
v -0.629774 0.085568 0.018133
v -0.631033 0.088815 -0.000000
v -0.629774 0.085568 -0.018133
v -0.627122 0.076139 -0.037742
v -0.623065 0.062150 -0.050845
v -0.614013 0.044019 -0.054562
v -0.614801 0.035878 -0.051698
v -0.353420 0.003938 -0.030026
v -0.353420 0.003938 -0.000000
v -0.353420 0.003938 0.030026
v 1.057430 -0.097183 -0.305249
v 1.057430 -0.105422 -0.304858
v 1.057430 -0.101555 -0.170431
v 1.100082 -0.101559 -0.171751
v 1.097268 -0.099499 -0.173986
v 1.100082 -0.101559 -0.171751
v 1.057430 -0.101555 -0.170431
v 1.097268 -0.103619 -0.174113
v 1.132208 -0.098883 -0.193080
v 1.057430 -0.101555 -0.170431
v 0.916703 -0.120632 -0.323332
v 0.916703 -0.120632 -0.325833
v 0.916703 -0.219703 -0.325833
v 0.916703 -0.222940 -0.323332
v 0.916703 -0.219703 -0.320832
v 0.916703 -0.120632 -0.320832
v 1.032756 -0.120632 -0.323332
v 1.034984 -0.196869 -0.323332
v 1.034984 -0.196869 -0.323332
v 1.032756 -0.120632 -0.323332
v 0.916703 -0.120632 -0.325833
v 0.916703 -0.120632 -0.323332
v 0.916703 -0.120632 -0.320832
v 0.916703 -0.120632 -0.325833
v 0.916703 -0.120632 0.323332
v 0.916703 -0.222940 0.323332
v 0.916703 -0.219703 0.325833
v 0.916703 -0.120632 0.325833
v 0.916703 -0.120632 0.320832
v 0.916703 -0.219703 0.320832
v 1.032756 -0.120632 0.323332
v 1.034984 -0.196869 0.323332
v 1.032756 -0.120632 0.323332
v 1.034984 -0.196869 0.323332
v 0.916703 -0.120632 0.325833
v 0.916703 -0.120632 0.323332
v 0.916703 -0.120632 0.320832
v 0.916703 -0.120632 0.325833
v 0.577762 -0.231634 -0.002319
v 0.577762 -0.231634 0.002318
v 0.409162 -0.237522 0.002318
v 0.409162 -0.237522 -0.002319
v 0.444735 -0.215746 0.006094
v 0.596205 -0.210201 0.006094
v 0.602928 -0.185230 0.006094
v 0.480153 -0.189519 0.006094
v 0.408954 -0.231558 -0.006095
v 0.444735 -0.215746 -0.006095
v 0.596205 -0.210201 -0.006095
v 0.580571 -0.228369 -0.006095
v 0.427054 -0.216363 0.000002
v 0.464114 -0.190079 0.000002
v 0.390765 -0.217630 0.000002
v 0.427054 -0.216363 0.000002
v 0.444735 -0.215746 -0.006095
v 0.408445 -0.217014 -0.006095
v 0.620608 -0.184614 0.000002
v 0.613883 -0.209583 0.000002
v 0.602928 -0.185230 -0.006095
v 0.408445 -0.217014 0.006094
v 0.390765 -0.217630 0.000002
v 0.391274 -0.232175 0.000002
v 0.408954 -0.231558 0.006094
v 0.613883 -0.209583 0.000002
v 0.580571 -0.228369 0.006094
v 0.598251 -0.227752 0.000002
v 0.390765 -0.217630 0.000002
v 0.408445 -0.217014 -0.006095
v 0.391274 -0.232175 0.000002
v 0.598251 -0.227752 0.000002
v 0.480153 -0.189519 -0.006095
v 0.444735 -0.215746 0.006094
v 0.408445 -0.217014 0.006094
v 0.620608 -0.184614 0.000002
v 0.427054 -0.216363 0.000002
v 0.464114 -0.190079 0.000002
v 0.409162 -0.237522 0.002318
v 0.577762 -0.231634 0.002318
v 0.409162 -0.237522 -0.002319
v 0.577762 -0.231634 -0.002319
v 0.402959 -0.237738 0.000002
v 0.583965 -0.231418 0.000002
v 0.402959 -0.237738 0.000002
v 0.583965 -0.231418 0.000002
v 0.402959 -0.237738 0.000002
v 0.583965 -0.231418 0.000002
v -0.708482 0.033496 0.042645
v -0.708401 0.038489 0.037276
v -0.726824 0.030000 0.035567
v -0.720527 0.028216 0.041733
v -0.708269 0.043065 0.027886
v -0.729819 0.031917 0.030576
v -0.708080 0.050853 0.013838
v -0.735156 0.034424 0.019202
v -0.707882 0.053804 -0.000000
v -0.736552 0.037235 -0.000000
v -0.627948 0.078025 0.041399
v -0.669047 0.059959 0.040612
v -0.669043 0.048802 0.049751
v -0.623775 0.063099 0.054182
v -0.630703 0.088084 0.022268
v -0.669047 0.067697 0.024788
v -0.631638 0.091855 -0.000000
v -0.669047 0.071967 0.007055
v -0.669049 0.032784 0.050453
v -0.617738 0.041032 0.057851
v -0.669047 0.072210 -0.000000
v -0.708516 0.028350 0.044190
v -0.708482 0.033496 -0.042645
v -0.720527 0.028216 -0.041733
v -0.726824 0.030000 -0.035567
v -0.708401 0.038489 -0.037276
v -0.729819 0.031917 -0.030576
v -0.708269 0.043065 -0.027886
v -0.735156 0.034424 -0.019202
v -0.708080 0.050853 -0.013838
v -0.627948 0.078025 -0.041399
v -0.623775 0.063099 -0.054182
v -0.669043 0.048802 -0.049751
v -0.669047 0.059959 -0.040612
v -0.630703 0.088084 -0.022268
v -0.669047 0.067697 -0.024788
v -0.669047 0.071967 -0.007055
v -0.617738 0.041032 -0.057851
v -0.669049 0.032784 -0.050453
v -0.708516 0.028350 -0.044190
v 1.039412 0.155976 0.405860
v 1.039278 -0.077104 0.322604
vn 0.0025 -0.0387 -0.9992
vn -0.0004 -0.2073 -0.9783
vn -1.0000 -0.0005 -0.0025
vn -0.0021 -0.9994 0.0339
vn -0.0021 -0.9994 0.0344
vn -0.0047 0.9994 -0.0339
vn -0.0047 0.9994 -0.0341
vn 0.0004 0.2076 0.9782
vn -0.0025 0.0375 0.9993
vn -0.3183 0.8057 -0.4995
vn -0.4831 0.3012 -0.8221
vn -0.3042 -0.7545 -0.5815
vn -0.2862 -0.7826 -0.5528
vn -0.3272 -0.8218 -0.4664
vn -0.5170 -0.6261 -0.5837
vn -0.3532 0.8978 -0.2630
vn -0.5431 0.6579 -0.5218
vn -0.0015 0.0008 1.0000
vn -0.0012 0.0026 1.0000
vn -0.0021 -0.0086 1.0000
vn -0.0015 -0.0036 1.0000
vn 0.1205 0.9840 0.1314
vn 0.0004 0.9976 0.0699
vn 0.0741 -0.9934 -0.0874
vn 0.0067 -0.9925 -0.1223
vn -0.0000 -0.0000 1.0000
vn 1.0000 0.0001 0.0025
vn 1.0000 0.0005 0.0027
vn 0.0159 -0.9925 -0.1211
vn -0.0431 0.9990 -0.0063
vn -0.0363 -0.9790 -0.2006
vn -0.0096 -0.9912 -0.1322
vn 0.0107 0.9984 0.0558
vn 0.0630 0.9950 0.0780
vn -0.0470 0.9989 -0.0013
vn -0.0838 -0.9722 -0.2187
vn 0.0051 -0.7849 -0.6197
vn 0.0035 0.1957 -0.9807
vn -0.0554 -0.9827 -0.1765
vn 0.0528 0.9874 0.1490
vn -0.0004 -0.2073 0.9783
vn 0.0025 -0.0387 0.9992
vn -1.0000 -0.0005 0.0025
vn -0.0021 -0.9994 -0.0344
vn -0.0021 -0.9994 -0.0339
vn -0.0047 0.9994 0.0341
vn -0.0047 0.9994 0.0339
vn -0.0025 0.0375 -0.9993
vn 0.0004 0.2076 -0.9782
vn -0.4831 0.3012 0.8221
vn -0.3183 0.8057 0.4995
vn -0.2862 -0.7826 0.5528
vn -0.3042 -0.7545 0.5815
vn -0.5170 -0.6261 0.5837
vn -0.3272 -0.8218 0.4664
vn -0.5431 0.6579 0.5218
vn -0.3532 0.8978 0.2630
vn -0.0012 0.0026 -1.0000
vn -0.0015 0.0008 -1.0000
vn -0.0015 -0.0036 -1.0000
vn -0.0021 -0.0086 -1.0000
vn 0.0004 0.9976 -0.0699
vn 0.1205 0.9840 -0.1314
vn 0.0067 -0.9925 0.1223
vn 0.0741 -0.9934 0.0874
vn -0.0000 -0.0000 -1.0000
vn 1.0000 0.0005 -0.0027
vn 1.0000 0.0001 -0.0025
vn 0.0159 -0.9925 0.1211
vn -0.0431 0.9990 0.0063
vn -0.0363 -0.9790 0.2006
vn -0.0096 -0.9912 0.1322
vn 0.0107 0.9984 -0.0558
vn 0.0630 0.9950 -0.0780
vn -0.0470 0.9989 0.0013
vn -0.0838 -0.9722 0.2187
vn 0.0051 -0.7849 0.6197
vn 0.0035 0.1957 0.9807
vn -0.0554 -0.9827 0.1765
vn 0.0528 0.9874 -0.1490
vn -0.0163 0.9991 0.0401
vn -0.0076 0.9995 0.0292
vn -0.1526 0.9721 0.1781
vn -0.3374 0.8582 0.3870
vn -0.0162 0.9992 0.0371
vn -0.0000 0.9999 0.0157
vn -0.3381 0.8604 0.3813
vn -0.4164 0.7768 0.4724
vn -0.6429 0.2679 0.7175
vn -0.6088 0.4137 0.6769
vn -0.6086 0.4136 0.6772
vn -0.6063 0.4214 0.6744
vn 0.0077 -0.9995 -0.0294
vn -0.0000 -0.9998 -0.0197
vn 0.3325 -0.8625 -0.3815
vn 0.1012 -0.9874 -0.1213
vn -0.0000 -0.9998 -0.0193
vn 0.4165 -0.7767 -0.4725
vn 0.3329 -0.8649 -0.3758
vn 0.6054 -0.4244 -0.6733
vn 0.6429 -0.2679 -0.7175
vn 0.6061 -0.4214 -0.6746
vn 0.6053 -0.4243 -0.6735
vn -0.0000 0.0186 -0.9998
vn 0.0081 0.2662 -0.9639
vn -0.0065 -0.2124 0.9772
vn -0.0001 -0.0192 0.9998
vn 0.6272 0.4276 -0.6510
vn 0.6871 0.0140 -0.7265
vn -0.2683 0.5362 -0.8003
vn -0.0639 0.2499 -0.9662
vn -0.1779 -0.9634 0.2008
vn -0.2278 -0.9395 0.2560
vn -0.0304 -0.7116 0.7019
vn 0.0021 -0.2109 0.9775
vn 0.6707 0.0138 -0.7416
vn 0.6092 0.4363 -0.6622
vn -0.2273 -0.9395 0.2565
vn -0.2750 -0.9104 0.3091
vn -0.5705 0.3649 -0.7358
vn -0.5009 0.3341 -0.7984
vn 0.6024 -0.2244 0.7660
vn 0.6858 -0.2144 0.6955
vn 0.1212 0.2913 0.9489
vn 0.1054 0.2960 0.9494
vn 0.0386 -0.2878 -0.9569
vn 0.0448 -0.2893 -0.9562
vn -0.0000 1.0000 -0.0076
vn 0.1631 -0.9438 0.2876
vn -1.0000 0.0005 -0.0002
vn -1.0000 0.0006 -0.0000
vn 0.0976 0.9952 0.0056
vn 0.0831 0.9965 0.0128
vn -0.9987 -0.0001 -0.0518
vn -0.9829 0.1718 -0.0657
vn 0.1259 -0.9920 -0.0060
vn 0.0970 -0.9951 -0.0215
vn 0.0611 -0.0107 0.9981
vn -0.0771 -0.0028 -0.9970
vn 0.0432 0.9990 0.0126
vn 0.0340 0.9994 -0.0009
vn 0.0310 -0.9995 0.0009
vn 0.0422 -0.9990 0.0174
vn 0.1366 -0.8018 0.5817
vn 0.1385 -0.8212 0.5536
vn 0.1332 -0.9289 0.3454
vn 0.1408 -0.9501 0.2783
vn 0.1336 -0.9264 -0.3520
vn 0.1284 -0.9458 -0.2983
vn 0.1282 -0.3260 0.9366
vn 0.1379 -0.4072 0.9029
vn 0.1233 -0.3118 -0.9421
vn 0.1196 -0.3709 -0.9209
vn 0.0801 -0.3282 0.9412
vn 0.0845 -0.3498 0.9330
vn 0.0814 -0.9343 0.3471
vn 0.0818 -0.9348 0.3455
vn 0.0739 -0.9367 -0.3423
vn 0.0709 -0.9326 -0.3540
vn 0.0630 -0.3528 -0.9336
vn 0.0549 -0.3146 -0.9477
vn 0.1307 -0.8181 -0.5601
vn 0.1347 -0.7867 -0.6025
vn 0.0811 -0.8267 0.5568
vn 0.0858 -0.8093 0.5812
vn 0.0711 -0.8110 -0.5807
vn 0.0683 -0.8235 -0.5632
vn -0.3874 -0.3287 0.8613
vn -0.3881 -0.3282 0.8612
vn -0.2080 -0.9181 0.3374
vn -0.2093 -0.9176 0.3379
vn -0.2087 -0.9191 -0.3341
vn -0.2095 -0.9188 -0.3344
vn -0.3861 -0.3318 -0.8607
vn -0.3881 -0.3302 -0.8604
vn -0.2582 -0.7857 0.5622
vn -0.2576 -0.7860 0.5619
vn -0.2588 -0.7863 -0.5610
vn -0.2580 -0.7868 -0.5607
vn -0.5858 -0.2975 0.7539
vn -0.5925 -0.2904 0.7514
vn -0.3440 -0.8821 0.3218
vn -0.3462 -0.8809 0.3228
vn -0.3442 -0.8831 -0.3188
vn -0.3462 -0.8820 -0.3196
vn -0.5856 -0.2998 -0.7531
vn -0.5920 -0.2932 -0.7507
vn -0.4204 -0.7388 0.5268
vn -0.4185 -0.7403 0.5261
vn -0.4208 -0.7394 -0.5256
vn -0.4192 -0.7407 -0.5249
vn -0.9997 -0.0242 -0.0000
vn -0.9997 -0.0241 -0.0000
vn -0.9998 -0.0193 -0.0000
vn -0.9998 -0.0191 -0.0000
vn 0.1175 0.9310 -0.3456
vn 0.1248 0.9524 -0.2782
vn 0.1180 0.9287 0.3517
vn 0.1125 0.9479 0.2979
vn 0.1227 0.3278 -0.9368
vn 0.1310 0.4097 -0.9028
vn 0.1180 0.3131 0.9423
vn 0.1133 0.3735 0.9207
vn 0.0745 0.3292 -0.9413
vn 0.0786 0.3508 -0.9332
vn 0.0656 0.9355 -0.3473
vn 0.0660 0.9362 -0.3453
vn 0.0581 0.9378 0.3423
vn 0.0552 0.9337 0.3537
vn 0.0572 0.3540 0.9335
vn 0.0496 0.3148 0.9479
vn 0.1169 0.8203 0.5599
vn 0.1216 0.7885 0.6029
vn 0.1231 0.8042 -0.5815
vn 0.1247 0.8235 -0.5534
vn 0.0671 0.8281 -0.5566
vn 0.0722 0.8106 -0.5812
vn 0.0575 0.8124 0.5803
vn 0.0544 0.8247 0.5630
vn -0.3919 0.3224 -0.8617
vn -0.3939 0.3209 -0.8613
vn -0.2240 0.9143 -0.3375
vn -0.2246 0.9141 -0.3377
vn -0.2233 0.9158 0.3339
vn -0.2249 0.9151 0.3346
vn -0.3921 0.3251 0.8605
vn -0.3943 0.3235 0.8602
vn -0.2717 0.7813 -0.5620
vn -0.2710 0.7817 -0.5617
vn -0.2714 0.7824 0.5606
vn -0.2722 0.7818 0.5610
vn -0.5910 0.2874 -0.7537
vn -0.5973 0.2806 -0.7513
vn -0.3585 0.8763 -0.3219
vn -0.3610 0.8749 -0.3229
vn -0.3595 0.8770 0.3188
vn -0.3612 0.8761 0.3195
vn -0.5907 0.2892 0.7533
vn -0.5962 0.2833 0.7512
vn -0.4325 0.7319 -0.5265
vn -0.4307 0.7334 -0.5259
vn -0.4338 0.7318 0.5257
vn -0.4299 0.7351 0.5243
vn -1.0000 0.0074 -0.0000
vn -1.0000 0.0073 -0.0000
vn -1.0000 0.0034 -0.0000
vn -1.0000 0.0032 -0.0000
vn -1.0000 -0.0000 -0.0005
vn -0.0087 -0.0235 -0.9997
vn -0.0032 0.0308 -0.9995
vn 0.0302 0.9995 0.0039
vn 0.0296 -0.9995 0.0089
vn 0.2689 0.8169 -0.5103
vn 0.2639 -0.8256 -0.4988
vn 0.1645 -0.4049 0.8995
vn 0.1734 -0.9450 0.2772
vn 0.1707 -0.9396 -0.2968
vn 0.1529 -0.3684 -0.9170
vn 0.1730 -0.7969 0.5788
vn 0.1667 -0.7824 -0.6000
vn -0.9996 -0.0270 0.0001
vn 0.1576 0.4079 -0.8993
vn 0.1575 0.9479 -0.2770
vn 0.1548 0.9424 0.2963
vn 0.1467 0.3716 0.9167
vn 0.1596 0.7998 -0.5786
vn 0.1535 0.7848 0.6005
vn -1.0000 0.0096 -0.0000
vn -0.0001 -0.0235 -0.9997
vn 0.7111 -0.1100 0.6944
vn 0.7110 -0.1100 0.6946
vn 0.7110 -0.3192 0.6266
vn 0.7111 -0.3192 0.6265
vn 0.7110 -0.4972 0.4972
vn 0.7111 -0.6265 0.3192
vn 0.7110 -0.6265 0.3193
vn 0.7111 -0.6944 0.1100
vn 0.7111 -0.6945 0.1100
vn 0.7111 -0.6944 -0.1100
vn 0.7111 -0.6945 -0.1100
vn 0.7110 -0.6266 -0.3192
vn 0.7111 -0.6264 -0.3192
vn 0.7110 -0.4972 -0.4972
vn 0.7110 -0.4973 -0.4972
vn 0.7110 -0.3193 -0.6265
vn 0.7110 -0.1100 -0.6945
vn 0.7110 0.1100 -0.6945
vn 0.7110 0.3193 -0.6265
vn 0.7110 0.4972 -0.4973
vn 0.7110 0.4973 -0.4972
vn 0.7111 0.6264 -0.3192
vn 0.7110 0.6265 -0.3193
vn 0.7111 0.6944 -0.1100
vn 0.7111 0.6944 0.1100
vn 0.7111 0.6945 0.1100
vn 0.7110 0.6265 0.3192
vn 0.7111 0.6265 0.3192
vn 0.7110 0.4973 0.4972
vn 0.7110 0.4972 0.4972
vn 0.7111 0.3192 0.6265
vn 0.7110 0.3193 0.6265
vn 0.7110 0.1100 0.6945
vn 0.7111 0.1100 0.6944
vn 0.1422 -0.1548 0.9777
vn 0.1422 -0.1549 0.9776
vn 0.1422 -0.4494 0.8819
vn 0.1422 -0.4493 0.8820
vn 0.1422 -0.6999 0.6999
vn 0.1422 -0.8819 0.4494
vn 0.1422 -0.8820 0.4493
vn 0.1422 -0.9777 0.1548
vn 0.1422 -0.9776 0.1549
vn 0.1422 -0.9777 -0.1548
vn 0.1422 -0.9776 -0.1549
vn 0.1422 -0.8819 -0.4494
vn 0.1422 -0.8820 -0.4494
vn 0.1422 -0.6999 -0.6999
vn 0.1422 -0.4494 -0.8819
vn 0.1422 -0.1548 -0.9777
vn 0.1422 0.1548 -0.9777
vn 0.1422 0.4494 -0.8819
vn 0.1422 0.6999 -0.6999
vn 0.1422 0.8819 -0.4494
vn 0.1422 0.8820 -0.4494
vn 0.1422 0.9777 -0.1548
vn 0.1422 0.9776 -0.1549
vn 0.1422 0.9777 0.1548
vn 0.1422 0.9776 0.1549
vn 0.1422 0.8819 0.4494
vn 0.1422 0.8820 0.4493
vn 0.1422 0.6999 0.6999
vn 0.1422 0.4494 0.8819
vn 0.1422 0.4494 0.8820
vn 0.1422 0.1548 0.9777
vn 0.1422 0.1549 0.9776
vn 0.5105 -0.1346 0.8493
vn 0.5105 -0.1345 0.8493
vn 0.5105 -0.3904 0.7662
vn 0.5105 -0.3903 0.7662
vn 0.5105 -0.6080 0.6080
vn 0.5105 -0.7662 0.3904
vn 0.5105 -0.8493 0.1346
vn 0.5105 -0.8493 0.1345
vn 0.5105 -0.8493 -0.1346
vn 0.5105 -0.8493 -0.1345
vn 0.5105 -0.7662 -0.3904
vn 0.5105 -0.6080 -0.6080
vn 0.5105 -0.6080 -0.6081
vn 0.5105 -0.3904 -0.7662
vn 0.5105 -0.3904 -0.7661
vn 0.5105 -0.1345 -0.8493
vn 0.5105 0.1345 -0.8493
vn 0.5105 0.3904 -0.7662
vn 0.5105 0.6080 -0.6080
vn 0.5105 0.6080 -0.6081
vn 0.5105 0.7662 -0.3904
vn 0.5105 0.8493 -0.1346
vn 0.5105 0.8493 -0.1345
vn 0.5105 0.8493 0.1346
vn 0.5105 0.8493 0.1345
vn 0.5105 0.7662 0.3904
vn 0.5105 0.7662 0.3903
vn 0.5105 0.6080 0.6080
vn 0.5105 0.3904 0.7662
vn 0.5105 0.1346 0.8493
vn 0.5105 0.1345 0.8493
vn 0.2973 -0.1493 0.9430
vn 0.2974 -0.1494 0.9430
vn 0.2974 -0.4335 0.8507
vn 0.2973 -0.4334 0.8507
vn 0.2973 -0.6751 0.6751
vn 0.2973 -0.8507 0.4335
vn 0.2974 -0.8507 0.4334
vn 0.2974 -0.9430 0.1493
vn 0.2973 -0.9430 0.1494
vn 0.2973 -0.9430 -0.1493
vn 0.2974 -0.9430 -0.1494
vn 0.2974 -0.8507 -0.4335
vn 0.2973 -0.8507 -0.4334
vn 0.2973 -0.6752 -0.6751
vn 0.2973 -0.6751 -0.6751
vn 0.2973 -0.4335 -0.8507
vn 0.2974 -0.4335 -0.8507
vn 0.2974 -0.1493 -0.9430
vn 0.2973 -0.1494 -0.9430
vn 0.2973 0.1493 -0.9430
vn 0.2974 0.1494 -0.9430
vn 0.2974 0.4335 -0.8507
vn 0.2973 0.4335 -0.8507
vn 0.2973 0.6751 -0.6751
vn 0.2973 0.6751 -0.6752
vn 0.2973 0.8507 -0.4335
vn 0.2974 0.8507 -0.4334
vn 0.2974 0.9430 -0.1493
vn 0.2973 0.9430 -0.1494
vn 0.2973 0.9430 0.1493
vn 0.2974 0.9430 0.1494
vn 0.2974 0.8507 0.4335
vn 0.2973 0.8507 0.4334
vn 0.2973 0.6751 0.6751
vn 0.2973 0.4335 0.8507
vn 0.2974 0.4334 0.8507
vn 0.2974 0.1493 0.9430
vn 0.2973 0.1494 0.9430
vn -0.0000 0.1565 -0.9877
vn -0.0000 0.4540 -0.8910
vn -0.0000 0.7071 -0.7071
vn -0.0000 0.8910 -0.4540
vn -0.0000 0.9877 -0.1564
vn -0.0000 0.9877 0.1564
vn -0.0000 0.8910 0.4540
vn -0.0000 0.7071 0.7071
vn -0.0000 0.4540 0.8910
vn -0.0000 0.1564 0.9877
vn -0.0000 -0.1564 0.9877
vn -0.0000 -0.4540 0.8910
vn -0.0000 -0.7071 0.7071
vn -0.0000 -0.8910 0.4540
vn -0.0000 -0.9877 0.1564
vn -0.0000 -0.9877 -0.1564
vn -0.0000 -0.8910 -0.4540
vn -0.0000 -0.7071 -0.7071
vn -0.0000 -0.4540 -0.8910
vn -0.0000 -0.1565 -0.9877
vn 1.0000 -0.0000 -0.0000
vn 0.6836 0.7299 -0.0000
vn 0.5415 0.5782 -0.6102
vn 0.5416 0.5783 0.6102
vn 0.7528 -0.6581 0.0129
vn 0.7301 -0.6833 -0.0000
vn -0.7618 0.6475 0.0182
vn -0.7301 0.6833 -0.0000
vn -0.7614 0.6472 -0.0368
vn -0.7553 0.6554 -0.0000
vn 0.7620 -0.6476 -0.0000
vn 0.7614 -0.6472 -0.0368
vn -0.0076 0.9995 -0.0293
vn -0.0324 0.9977 -0.0602
vn -0.3374 0.8581 -0.3870
vn -0.1525 0.9721 -0.1779
vn -0.0000 0.9999 -0.0121
vn -0.0323 0.9980 -0.0548
vn -0.4164 0.7768 -0.4724
vn -0.3382 0.8604 -0.3813
vn -0.6088 0.4138 -0.6769
vn -0.6430 0.2674 -0.7177
vn -0.6063 0.4214 -0.6744
vn -0.6086 0.4136 -0.6772
vn 0.0330 -0.9976 0.0608
vn 0.0077 -0.9995 0.0294
vn 0.1012 -0.9874 0.1213
vn 0.3326 -0.8624 0.3816
vn 0.0329 -0.9979 0.0554
vn -0.0001 -0.9999 0.0120
vn 0.3329 -0.8648 0.3759
vn 0.4166 -0.7766 0.4725
vn 0.6429 -0.2680 0.7175
vn 0.6054 -0.4244 0.6733
vn 0.6053 -0.4243 0.6735
vn 0.6061 -0.4215 0.6745
vn 0.0082 0.2662 0.9639
vn -0.0000 0.0180 0.9998
vn -0.0001 -0.0197 -0.9998
vn -0.0065 -0.2130 -0.9770
vn 0.6873 0.0143 0.7262
vn 0.6873 0.0139 0.7263
vn -0.0640 0.2500 0.9661
vn -0.2683 0.5362 0.8003
vn -0.2278 -0.9395 -0.2560
vn -0.1777 -0.9634 -0.2005
vn 0.0021 -0.2115 -0.9774
vn -0.0304 -0.7116 -0.7020
vn 0.6730 0.0141 0.7395
vn 0.6730 0.0133 0.7395
vn -0.2749 -0.9105 -0.3090
vn -0.2272 -0.9395 -0.2565
vn -0.5009 0.3341 0.7984
vn -0.5701 0.3646 0.7362
vn 0.6865 -0.2144 -0.6948
vn 0.6025 -0.2245 -0.7659
vn 0.0831 0.9965 -0.0128
vn 0.0976 0.9952 -0.0056
vn -0.9829 0.1718 0.0657
vn -0.9987 -0.0001 0.0518
vn 0.0970 -0.9951 0.0215
vn 0.1259 -0.9920 0.0060
vn 0.0611 -0.0107 -0.9981
vn -0.0771 -0.0028 0.9970
vn 0.7110 -0.1100 -0.6946
vn 0.7111 -0.1100 -0.6944
vn 0.7111 -0.3192 -0.6265
vn 0.7110 -0.3192 -0.6266
vn 0.7110 -0.6265 -0.3193
vn 0.7111 -0.6265 -0.3192
vn 0.7111 -0.6264 0.3192
vn 0.7110 -0.6266 0.3192
vn 0.7110 -0.4973 0.4972
vn 0.7110 -0.3193 0.6265
vn 0.7110 -0.1100 0.6945
vn 0.7111 -0.1099 0.6945
vn 0.7111 0.1100 0.6945
vn 0.7110 0.4972 0.4973
vn 0.7110 0.6265 0.3193
vn 0.7111 0.6264 0.3192
vn 0.7111 0.6945 -0.1100
vn 0.7111 0.6265 -0.3192
vn 0.7110 0.6265 -0.3192
vn 0.7110 0.4972 -0.4972
vn 0.7111 0.3192 -0.6265
vn 0.7111 0.1100 -0.6944
vn 0.1422 -0.1549 -0.9776
vn 0.1422 -0.4493 -0.8820
vn 0.1422 -0.8820 -0.4493
vn 0.1422 -0.8820 0.4494
vn 0.1422 0.8820 0.4494
vn 0.1422 0.8820 -0.4493
vn 0.1422 0.4494 -0.8820
vn 0.1422 0.1549 -0.9776
vn 0.5105 -0.1346 -0.8493
vn 0.5105 -0.3903 -0.7662
vn 0.5105 -0.6080 0.6081
vn 0.5105 -0.3904 0.7661
vn 0.5105 0.7662 -0.3903
vn 0.5105 0.1346 -0.8493
vn 0.2974 -0.1494 -0.9430
vn 0.2973 -0.1493 -0.9430
vn 0.2973 -0.4334 -0.8507
vn 0.2974 -0.8507 -0.4334
vn 0.2973 -0.8507 -0.4335
vn 0.2973 -0.9430 -0.1494
vn 0.2974 -0.9430 -0.1493
vn 0.2974 -0.9430 0.1494
vn 0.2973 -0.9430 0.1493
vn 0.2973 -0.8507 0.4334
vn 0.2974 -0.8507 0.4335
vn 0.2973 -0.6752 0.6751
vn 0.2973 -0.4335 0.8507
vn 0.2973 -0.1494 0.9430
vn 0.2974 -0.1493 0.9430
vn 0.2974 0.1494 0.9430
vn 0.2973 0.1493 0.9430
vn 0.2974 0.4335 0.8507
vn 0.2973 0.6751 0.6752
vn 0.2974 0.8507 0.4334
vn 0.2973 0.8507 0.4335
vn 0.2973 0.9430 0.1494
vn 0.2974 0.9430 0.1493
vn 0.2974 0.9430 -0.1494
vn 0.2973 0.9430 -0.1493
vn 0.2973 0.8507 -0.4334
vn 0.2974 0.8507 -0.4335
vn 0.2974 0.4334 -0.8507
vn 0.2973 0.1494 -0.9430
vn 0.2974 0.1493 -0.9430
vn -0.0000 0.1565 0.9877
vn -0.0000 0.1564 -0.9877
vn -0.0000 -0.1564 -0.9877
vn -0.0000 -0.1565 0.9877
vn 0.1164 0.9932 0.0050
vn 0.0883 0.9960 0.0160
vn 0.0880 -0.9961 0.0053
vn 0.1114 -0.9938 -0.0039
vn -0.9902 -0.0004 0.1394
vn -0.9902 -0.0014 0.1394
vn 0.0047 -0.0102 0.9999
vn -0.0914 0.0031 -0.9958
vn 0.2249 0.9663 0.1251
vn 0.2138 0.9619 0.1706
vn 0.1154 0.2804 0.9529
vn 0.1198 0.2925 0.9487
vn 0.1802 0.7142 0.6764
vn 0.1812 0.7090 0.6815
vn 0.2048 0.8976 0.3903
vn 0.2083 0.8914 0.4025
vn 0.0742 -0.0287 0.9968
vn 0.0775 -0.1939 0.9779
vn 0.2249 0.9663 -0.1251
vn 0.2138 0.9619 -0.1706
vn 0.1181 0.2797 -0.9528
vn 0.1176 0.2937 -0.9486
vn 0.1802 0.7142 -0.6764
vn 0.1812 0.7090 -0.6815
vn 0.2089 0.8967 -0.3904
vn 0.2044 0.8925 -0.4021
vn 0.0915 -0.0399 -0.9950
vn 0.0487 -0.1864 -0.9813
vn -0.8767 0.4646 -0.1242
vn -0.8337 0.5515 0.0281
vn -0.9386 0.3174 -0.1355
vn -0.9106 0.4052 -0.0814
vn -0.9607 0.2533 -0.1140
vn -0.9489 0.2981 -0.1033
vn -0.9695 0.2176 -0.1130
vn -0.9603 0.2538 -0.1158
vn -0.8401 0.5416 0.0300
vn -0.8223 0.5574 0.1148
vn -0.8570 0.5141 -0.0355
vn -0.8543 0.4980 0.1488
vn -0.9197 0.3867 0.0684
vn -0.9318 0.3286 0.1545
vn -0.9511 0.2935 0.0958
vn -0.9590 0.2555 0.1224
vn -0.9619 0.2514 0.1070
vn -0.9684 0.2174 0.1224
vn -0.8341 0.5394 -0.1151
vn -0.8280 0.5601 -0.0263
vn -0.1342 -0.2730 -0.9526
vn -0.1320 -0.3211 -0.9378
vn -0.1843 -0.7140 -0.6754
vn -0.1822 -0.7242 -0.6650
vn -0.2015 -0.8944 -0.3993
vn -0.1980 -0.9013 -0.3853
vn -0.2141 -0.9611 -0.1745
vn -0.2088 -0.9669 -0.1466
vn -0.0859 0.0448 -0.9953
vn -0.0846 0.0005 -0.9964
vn -0.1272 -0.2774 0.9523
vn -0.1403 -0.3186 0.9374
vn -0.1817 -0.7151 0.6750
vn -0.1853 -0.7234 0.6651
vn -0.1979 -0.8954 0.3988
vn -0.2023 -0.9003 0.3855
vn -0.2087 -0.9624 0.1738
vn -0.2151 -0.9655 0.1466
vn -0.0803 0.0411 0.9959
vn -0.0919 0.0022 0.9958
vn 0.9593 -0.2781 0.0490
vn 0.9713 -0.2273 -0.0694
vn 0.9612 -0.2663 -0.0723
vn 0.9617 -0.2741 -0.0086
vn 0.9667 -0.2558 -0.0102
vn 0.9763 -0.1936 0.0967
vn 0.9912 -0.1215 0.0530
vn 0.9927 -0.0226 0.1189
vn 0.9995 -0.0084 0.0299
vn 0.9994 -0.0000 0.0334
vn 0.9995 -0.0000 -0.0310
vn 0.9994 -0.0087 -0.0322
vn 0.9952 -0.0189 -0.0956
vn 0.9868 -0.1470 -0.0684
vn 0.9838 -0.1618 -0.0774
vn 0.9519 -0.3064 0.0059
vn 0.9686 -0.2482 0.0108
vn 0.9521 -0.2966 0.0745
vn 0.9635 -0.2580 0.0717
vn 0.9739 -0.2262 -0.0199
vn -0.0051 0.9828 0.1844
vn -0.0544 0.9898 -0.1315
vn -0.0560 0.9972 -0.0504
vn -0.0430 0.9904 -0.1315
vn -0.1085 0.2770 0.9547
vn -0.0319 0.7575 0.6520
vn 0.0437 0.9981 0.0445
vn 0.0594 0.9965 -0.0591
vn 0.0428 0.9344 0.3537
vn 0.1267 0.7536 0.6450
vn -0.0247 0.9984 -0.0505
vn -0.0169 0.9998 -0.0070
vn -0.0239 0.6862 0.7270
vn -0.0049 0.7580 0.6522
vn -0.0079 0.9999 -0.0070
vn -0.0034 0.9982 -0.0592
vn 0.0173 0.7596 0.6501
vn 0.0119 0.6992 0.7148
vn 0.0033 0.6993 0.7149
vn 0.0063 0.6864 0.7272
vn 0.9193 0.3286 0.2166
vn 0.9501 0.2912 0.1120
vn 0.9340 0.3453 0.0917
vn 0.9522 0.3010 0.0527
vn 0.9424 0.3328 0.0332
vn 0.9524 0.3042 0.0227
vn 0.9396 0.3422 -0.0045
vn 0.9862 0.1650 -0.0106
vn 0.2859 -0.8385 -0.4638
vn 0.2461 -0.8555 -0.4556
vn 0.1940 -0.6362 -0.7467
vn 0.1851 -0.6407 -0.7451
vn 0.1998 -0.1525 -0.9679
vn 0.0848 -0.2234 -0.9710
vn -0.0066 0.3742 -0.9273
vn -0.0518 0.3414 -0.9385
vn 0.9554 0.1986 0.2186
vn 0.9563 0.2064 0.2071
vn -0.1435 0.6158 0.7747
vn -0.1549 0.6104 0.7768
vn -0.2385 0.8348 0.4962
vn -0.1982 0.8505 0.4873
vn -0.2455 0.9544 0.1699
vn -0.2704 0.9466 0.1755
vn -0.0488 0.2150 0.9754
vn -0.1071 0.1820 0.9774
vn 0.1499 -0.2870 0.9461
vn 0.0378 -0.2750 0.9607
vn 0.3088 -0.9321 -0.1892
vn 0.3115 -0.9310 -0.1900
vn -0.0544 0.9898 0.1315
vn -0.0051 0.9828 -0.1844
vn -0.0430 0.9904 0.1315
vn -0.0560 0.9972 0.0504
vn -0.0319 0.7575 -0.6520
vn -0.1085 0.2770 -0.9547
vn 0.0437 0.9981 -0.0445
vn 0.0594 0.9965 0.0591
vn 0.1267 0.7536 -0.6450
vn 0.0428 0.9344 -0.3537
vn -0.0169 0.9998 0.0070
vn -0.0247 0.9984 0.0505
vn -0.0049 0.7580 -0.6522
vn -0.0239 0.6862 -0.7270
vn -0.0034 0.9982 0.0592
vn -0.0079 0.9999 0.0070
vn 0.0119 0.6992 -0.7148
vn 0.0173 0.7596 -0.6501
vn 0.0063 0.6864 -0.7272
vn 0.0033 0.6993 -0.7149
vn 0.9501 0.2912 -0.1120
vn 0.9193 0.3286 -0.2166
vn 0.9521 0.3010 -0.0527
vn 0.9340 0.3453 -0.0917
vn 0.9524 0.3041 -0.0227
vn 0.9424 0.3328 -0.0332
vn 0.9862 0.1650 0.0106
vn 0.9396 0.3422 0.0045
vn 0.2461 -0.8555 0.4556
vn 0.2859 -0.8385 0.4638
vn 0.1851 -0.6407 0.7451
vn 0.1940 -0.6362 0.7467
vn 0.0848 -0.2234 0.9710
vn 0.1998 -0.1525 0.9679
vn -0.0518 0.3414 0.9385
vn -0.0066 0.3742 0.9273
vn 0.9563 0.2064 -0.2071
vn 0.9554 0.1986 -0.2186
vn -0.1549 0.6104 -0.7768
vn -0.1435 0.6158 -0.7747
vn -0.1982 0.8505 -0.4873
vn -0.2385 0.8348 -0.4962
vn -0.2704 0.9466 -0.1755
vn -0.2455 0.9544 -0.1699
vn -0.1071 0.1820 -0.9774
vn -0.0488 0.2150 -0.9754
vn 0.0378 -0.2750 -0.9607
vn 0.1499 -0.2870 -0.9461
vn 0.3115 -0.9310 0.1900
vn 0.3088 -0.9321 0.1892
vn -0.0042 0.3917 -0.9201
vn 0.0590 0.3282 0.9428
vn -0.0042 0.3917 0.9201
vn 0.0590 0.3282 -0.9428
vn 0.1075 0.9325 0.3447
vn 0.1075 0.9325 -0.3447
vn -0.0170 0.3162 -0.9485
vn -0.0266 0.3978 -0.9171
vn -0.0557 0.2752 -0.9598
vn -0.0630 0.3155 -0.9468
vn -0.0528 0.2217 -0.9737
vn -0.0485 0.2754 -0.9601
vn -0.0224 0.2220 -0.9748
vn -0.0502 -0.3014 -0.9522
vn 0.0286 0.1799 -0.9833
vn -0.0701 0.1814 -0.9809
vn -0.0458 0.3300 -0.9429
vn -0.0701 0.1814 0.9809
vn -0.0458 0.3300 0.9429
vn -0.0515 0.2217 0.9738
vn -0.0266 -0.1570 0.9872
vn 0.0286 0.1799 0.9833
vn -0.0485 0.2754 0.9601
vn -0.0528 0.2217 0.9737
vn -0.0630 0.3155 0.9468
vn -0.0557 0.2752 0.9598
vn -0.0266 0.3978 0.9171
vn -0.0170 0.3162 0.9485
vn -0.9583 -0.2471 0.1433
vn -0.5470 -0.8301 0.1085
vn -0.9445 -0.3265 0.0358
vn -0.9509 -0.3090 0.0200
vn -0.9493 -0.3139 0.0164
vn -0.9829 -0.1804 -0.0363
vn -0.9835 -0.1805 0.0081
vn -0.9398 -0.3418 0.0042
vn -0.9521 -0.3049 -0.0230
vn -0.9428 -0.3318 -0.0324
vn -0.9521 -0.3013 -0.0521
vn -0.9275 -0.3594 -0.1027
vn -0.9391 -0.3117 -0.1449
vn -0.9449 -0.3038 -0.1220
vn -0.9448 -0.1937 -0.2644
vn -0.9705 -0.1950 -0.1416
vn -0.4891 -0.8040 -0.3381
vn -0.0015 -0.9999 0.0133
vn 0.0977 -0.9453 -0.3112
vn 0.0478 -0.9981 -0.0383
vn 0.0300 -0.9995 0.0132
vn 0.0208 -0.9994 -0.0265
vn 0.0234 -0.9990 -0.0383
vn -0.0069 -0.9919 0.1271
vn 0.0007 -0.6836 0.7299
vn 0.0714 -0.9974 -0.0131
vn 0.0285 -0.9989 0.0383
vn 0.0203 -0.9991 0.0383
vn -0.0109 -0.9996 0.0265
vn 0.0800 -0.6860 -0.7232
vn 0.9957 -0.0263 -0.0887
vn 0.9957 -0.0263 0.0887
vn 0.0883 0.9960 -0.0160
vn 0.1164 0.9932 -0.0050
vn 0.1114 -0.9938 0.0039
vn 0.0880 -0.9961 -0.0053
vn -0.9902 -0.0014 -0.1394
vn -0.9902 -0.0004 -0.1394
vn 0.0340 0.9994 0.0010
vn 0.0432 0.9990 -0.0126
vn 0.0422 -0.9990 -0.0174
vn 0.0310 -0.9995 -0.0009
vn 0.1385 -0.8212 -0.5536
vn 0.1366 -0.8018 -0.5817
vn 0.1408 -0.9501 -0.2783
vn 0.1332 -0.9289 -0.3454
vn 0.1284 -0.9458 0.2983
vn 0.1336 -0.9264 0.3520
vn 0.1379 -0.4072 -0.9029
vn 0.1282 -0.3260 -0.9366
vn 0.1196 -0.3709 0.9209
vn 0.1233 -0.3118 0.9421
vn 0.0845 -0.3496 -0.9331
vn 0.0802 -0.3282 -0.9412
vn 0.0818 -0.9348 -0.3455
vn 0.0814 -0.9343 -0.3471
vn 0.0709 -0.9326 0.3540
vn 0.0739 -0.9367 0.3423
vn 0.0549 -0.3146 0.9477
vn 0.0630 -0.3528 0.9336
vn 0.1347 -0.7867 0.6025
vn 0.1307 -0.8181 0.5601
vn 0.0858 -0.8094 -0.5810
vn 0.0811 -0.8267 -0.5568
vn 0.0683 -0.8235 0.5632
vn 0.0711 -0.8110 0.5807
vn -0.3884 -0.3279 -0.8612
vn -0.3874 -0.3287 -0.8613
vn -0.2093 -0.9176 -0.3379
vn -0.2080 -0.9181 -0.3374
vn -0.2095 -0.9188 0.3344
vn -0.2087 -0.9191 0.3341
vn -0.3881 -0.3302 0.8604
vn -0.3861 -0.3318 0.8607
vn -0.2578 -0.7860 -0.5619
vn -0.2581 -0.7858 -0.5621
vn -0.2580 -0.7868 0.5606
vn -0.2588 -0.7863 0.5610
vn -0.5925 -0.2904 -0.7514
vn -0.5858 -0.2975 -0.7539
vn -0.3461 -0.8809 -0.3228
vn -0.3440 -0.8821 -0.3219
vn -0.3462 -0.8820 0.3196
vn -0.3442 -0.8831 0.3188
vn -0.5920 -0.2932 0.7507
vn -0.5856 -0.2998 0.7531
vn -0.4185 -0.7403 -0.5261
vn -0.4204 -0.7388 -0.5268
vn -0.4192 -0.7407 0.5249
vn -0.4208 -0.7394 0.5255
vn 0.1248 0.9524 0.2782
vn 0.1175 0.9310 0.3456
vn 0.1125 0.9479 -0.2979
vn 0.1180 0.9287 -0.3517
vn 0.1310 0.4097 0.9028
vn 0.1227 0.3278 0.9368
vn 0.1133 0.3735 -0.9207
vn 0.1180 0.3131 -0.9423
vn 0.0786 0.3508 0.9332
vn 0.0745 0.3293 0.9413
vn 0.0660 0.9362 0.3453
vn 0.0656 0.9355 0.3473
vn 0.0552 0.9337 -0.3537
vn 0.0581 0.9378 -0.3423
vn 0.0496 0.3148 -0.9479
vn 0.0572 0.3540 -0.9335
vn 0.1216 0.7885 -0.6029
vn 0.1169 0.8203 -0.5599
vn 0.1247 0.8235 0.5534
vn 0.1231 0.8042 0.5815
vn 0.0722 0.8106 0.5812
vn 0.0671 0.8281 0.5566
vn 0.0544 0.8247 -0.5630
vn 0.0575 0.8124 -0.5803
vn -0.3939 0.3209 0.8613
vn -0.3919 0.3224 0.8617
vn -0.2246 0.9141 0.3377
vn -0.2240 0.9143 0.3375
vn -0.2249 0.9151 -0.3346
vn -0.2233 0.9158 -0.3339
vn -0.3943 0.3235 -0.8602
vn -0.3921 0.3251 -0.8605
vn -0.2710 0.7817 0.5617
vn -0.2717 0.7813 0.5620
vn -0.2722 0.7818 -0.5610
vn -0.2714 0.7824 -0.5606
vn -0.5973 0.2806 0.7513
vn -0.5910 0.2874 0.7538
vn -0.3610 0.8749 0.3229
vn -0.3585 0.8763 0.3219
vn -0.3612 0.8761 -0.3195
vn -0.3595 0.8770 -0.3188
vn -0.5962 0.2833 -0.7512
vn -0.5907 0.2892 -0.7533
vn -0.4307 0.7334 0.5259
vn -0.4325 0.7319 0.5265
vn -0.4299 0.7351 -0.5243
vn -0.4338 0.7318 -0.5257
vn -1.0000 -0.0000 0.0005
vn -0.0032 0.0309 0.9995
vn -0.0087 -0.0235 0.9997
vn 0.0302 0.9995 -0.0039
vn 0.0296 -0.9995 -0.0089
vn 0.2688 0.8171 0.5100
vn 0.2638 -0.8256 0.4988
vn 0.1645 -0.4049 -0.8995
vn 0.1734 -0.9450 -0.2772
vn 0.1707 -0.9396 0.2968
vn 0.1529 -0.3684 0.9170
vn 0.1730 -0.7969 -0.5788
vn 0.1667 -0.7824 0.6000
vn 0.1576 0.4079 0.8993
vn 0.1575 0.9479 0.2770
vn 0.1548 0.9424 -0.2963
vn 0.1467 0.3716 -0.9167
vn 0.1596 0.7998 0.5786
vn 0.1535 0.7848 -0.6005
vn -0.0002 -0.0235 0.9997
vn -1.0000 0.0033 -0.0000
vn -0.9996 -0.0270 -0.0001
vn 0.0396 0.2336 0.9715
vn 0.0233 0.1262 0.9917
vn 0.0503 0.7744 0.6307
vn 0.0430 0.7335 0.6783
vn 0.0491 0.9168 0.3963
vn 0.0393 0.8793 0.4747
vn 0.0432 0.9952 0.0874
vn 0.0450 0.9908 0.1275
vn 0.3308 0.1103 0.9372
vn 0.3677 0.1682 0.9146
vn 0.0613 0.7347 0.6756
vn 0.0594 0.7315 0.6792
vn 0.1608 0.7266 0.6680
vn 0.0945 0.6147 0.7831
vn 0.2567 0.2131 0.9427
vn 0.3419 0.3326 0.8789
vn 0.1546 0.4513 0.8789
vn 0.2741 0.5937 0.7566
vn 0.1525 0.9232 0.3528
vn 0.1849 0.9545 0.2339
vn 0.0205 0.0875 0.9960
vn 0.0206 0.1262 0.9918
vn 0.0293 0.7338 0.6787
vn 0.0308 0.5401 0.8410
vn 0.0280 0.8796 0.4749
vn 0.0299 0.7649 0.6435
vn 0.0555 0.1564 0.9861
vn 0.0258 0.2280 0.9733
vn 0.0479 0.3756 0.9255
vn 0.0634 0.4084 0.9106
vn 0.1424 0.2243 0.9641
vn 0.1227 0.1827 0.9755
vn 0.1358 0.3724 0.9181
vn 0.1250 0.3513 0.9279
vn 0.0878 0.9712 0.2216
vn 0.1355 0.9037 0.4062
vn 0.0199 -0.3702 0.9287
vn 0.0086 -0.4540 0.8910
vn 0.0576 -0.6948 0.7169
vn 0.0449 -0.7523 0.6573
vn 0.0164 -0.9951 0.0973
vn 0.0198 -0.9875 0.1564
vn 0.0041 0.9877 0.1564
vn 0.0177 0.9685 0.2483
vn 0.0143 0.9848 -0.1732
vn 0.0120 0.9876 -0.1564
vn -0.4769 -0.8777 -0.0476
vn -0.4157 -0.8365 0.3569
vn -0.6832 -0.7302 -0.0000
vn -0.6793 -0.7338 -0.0012
vn -0.0000 -0.2016 0.9795
vn -0.0212 -0.2524 0.9674
vn 0.0638 -0.6250 0.7780
vn 0.0345 -0.6798 0.7326
vn -0.1187 -0.2076 0.9710
vn -0.0857 -0.1396 0.9865
vn -0.0138 -0.6422 0.7664
vn -0.0894 -0.7698 0.6320
vn -0.8162 -0.5777 -0.0000
vn -0.0591 0.9983 -0.0000
vn -0.0590 0.9983 -0.0000
vn -0.4493 -0.8934 -0.0000
vn -0.4131 -0.8526 0.3200
vn -0.1827 0.9832 -0.0000
vn 0.0066 -1.0000 -0.0000
vn -1.0000 -0.0000 -0.0000
vn 0.0677 -0.9816 -0.1786
vn 0.0372 -0.8904 -0.4537
vn 0.1803 0.0325 -0.9831
vn 0.0142 0.0813 -0.9966
vn 0.0357 -0.0144 -0.9993
vn 0.1342 -0.1366 -0.9815
vn 0.0179 -0.2249 0.9742
vn -0.0018 -0.0697 0.9976
vn 0.0054 -0.9775 0.2109
vn 0.0019 -0.9683 0.2498
vn 0.0053 -0.8357 0.5491
vn 0.0272 -0.8687 0.4945
vn 0.0147 0.7070 0.7070
vn 0.0100 0.7527 0.6583
vn 0.0137 -0.3473 0.9376
vn 0.0144 -0.3494 0.9369
vn 0.0222 -0.9992 0.0324
vn 0.0298 -0.9996 -0.0004
vn 0.0118 0.9361 0.3515
vn 0.0094 0.9512 0.3083
vn 0.0219 0.9961 0.0850
vn 0.0111 0.9941 -0.1081
vn 0.0299 -0.9971 -0.0693
vn 0.0383 -0.9940 -0.1027
vn 0.0203 -0.6646 0.7469
vn 0.0166 -0.6750 0.7376
vn 0.0132 -0.9632 0.2685
vn 0.0246 -0.9495 0.3128
vn 0.0116 -0.1564 0.9876
vn 0.0258 -0.2910 0.9564
vn 0.0020 -0.8910 0.4540
vn 0.0328 -0.9581 0.2845
vn 0.0010 0.4540 0.8910
vn 0.0254 0.5879 0.8085
vn 0.2147 -0.4145 -0.8844
vn 0.1304 -0.1899 -0.9731
vn 0.0603 -0.8935 0.4450
vn 0.0701 -0.8641 0.4984
vn 0.0045 -0.3789 0.9254
vn 0.0011 -0.3533 0.9355
vn 0.0868 -0.9921 0.0904
vn 0.0803 -0.9949 0.0610
vn 0.0215 -0.0008 -0.9998
vn 0.0355 -0.0118 -0.9993
vn 0.0056 -0.9999 0.0119
vn 0.0072 -1.0000 -0.0025
vn 0.0315 -0.9741 -0.2240
vn 0.0289 -0.9701 -0.2410
vn 0.0275 -0.9980 -0.0565
vn 0.0129 -0.9745 -0.2241
vn 0.0147 -0.2650 0.9641
vn 0.0041 -0.3105 0.9505
vn 0.0261 -0.9968 0.0757
vn 0.0226 -0.9979 0.0615
vn 0.0252 -0.9997 -0.0007
vn 0.0316 -0.9971 -0.0697
vn 0.0027 -0.9926 0.1211
vn 0.0025 -0.9930 0.1183
vn 0.0051 -0.0053 1.0000
vn 0.0121 0.0104 0.9999
vn 0.0119 -0.9920 -0.1260
vn -0.0290 -0.9983 -0.0501
vn -0.0828 0.9966 -0.0000
vn 0.0406 -0.9992 -0.0000
vn 0.0536 -0.9750 0.2155
vn 0.0639 -0.9675 0.2445
vn 0.0890 -0.8863 0.4544
vn 0.1162 -0.8282 0.5483
vn 0.1198 -0.9773 0.1749
vn 0.1023 -0.9890 0.1066
vn 0.0237 -0.9970 0.0743
vn 0.0487 -0.9928 0.1095
vn -0.0966 -0.8429 0.5294
vn -0.0895 -0.8344 0.5439
vn -0.7967 -0.6044 -0.0016
vn -0.6523 -0.7547 0.0702
vn 0.0031 -0.7190 0.6950
vn 0.0089 -0.7530 0.6579
vn 0.0213 0.8305 0.5566
vn 0.0367 0.7130 0.7002
vn -0.0293 -0.2248 0.9740
vn -0.0000 -0.1090 0.9940
vn 0.0651 -0.9754 0.2104
vn 0.0610 -0.9800 0.1897
vn 0.0056 -0.8824 0.4706
vn 0.0026 -0.8662 0.4996
vn 0.0153 -0.3272 0.9448
vn 0.0054 -0.3789 0.9254
vn 0.0040 -0.9984 0.0572
vn 0.0036 -0.9981 0.0612
vn 0.0901 -0.9959 0.0119
vn 0.1213 -0.9771 0.1751
vn 0.1301 -0.9899 -0.0560
vn 0.1418 -0.9899 -0.0061
vn 0.0619 -0.9907 0.1209
vn 0.0767 -0.9791 0.1885
vn -0.0232 -0.1125 0.9934
vn -0.0295 -0.1239 0.9919
vn -0.0763 -0.0967 0.9924
vn -0.0854 -0.1240 0.9886
vn -0.0020 -0.7944 0.6074
vn -0.6483 -0.7613 -0.0145
vn -0.0709 0.9975 -0.0001
vn -0.0748 0.9972 0.0026
vn -0.1439 -0.9597 0.2413
vn -0.1582 -0.9638 0.2148
vn -0.1499 -0.9856 0.0779
vn -0.1545 -0.9853 0.0735
vn -0.0554 -0.2325 0.9710
vn -0.0502 -0.2186 0.9745
vn -0.0876 -0.1134 0.9897
vn -0.1050 -0.1744 0.9791
vn -0.1253 -0.8088 0.5746
vn -0.1026 -0.7699 0.6299
vn -0.0589 0.9983 -0.0001
vn -0.2193 -0.9461 0.2382
vn -0.3021 -0.9466 0.1129
vn -0.3054 -0.9487 0.0820
vn -0.3077 -0.9481 0.0800
vn -0.0793 -0.2414 0.9672
vn -0.0841 -0.2744 0.9579
vn 0.0192 -0.2415 0.9702
vn -0.0239 -0.3339 0.9423
vn 0.0582 -0.6758 0.7348
vn 0.0481 -0.6974 0.7151
vn 0.1435 -0.9536 0.2646
vn 0.1283 -0.9683 0.2141
vn 0.0718 -0.8363 0.5435
vn 0.0676 -0.8434 0.5330
vn 0.1118 -0.9862 0.1217
vn 0.1427 -0.9664 0.2140
vn -0.0456 -0.1274 0.9908
vn -0.0363 -0.1126 0.9930
vn 0.0117 -0.4948 -0.8689
vn 0.0136 -0.5235 -0.8519
vn -0.0614 -0.4038 -0.9128
vn -0.0535 -0.3220 -0.9452
vn 0.9999 0.0120 -0.0123
vn 0.1776 -0.9832 0.0432
vn -0.0624 -0.1743 -0.9827
vn -0.0768 -0.2366 -0.9686
vn -0.7357 -0.6727 0.0791
vn -0.7685 -0.6362 0.0686
vn -0.7508 -0.6602 -0.0226
vn -0.7543 -0.6561 -0.0234
vn 0.9999 -0.0000 -0.0111
vn 0.0259 -0.9997 -0.0000
vn 0.0311 -0.9995 0.0090
vn -0.1076 -0.9935 -0.0359
vn -0.0825 -0.9966 0.0009
vn -0.0751 -0.9969 -0.0251
vn -0.0726 -0.9971 -0.0210
vn -0.6756 -0.7373 -0.0000
vn -0.6793 -0.7339 -0.0003
vn -0.7967 -0.6044 -0.0004
vn -0.9303 -0.3657 0.0271
vn 0.1528 0.9879 0.0251
vn -0.0166 0.9891 0.1463
vn -0.0427 0.9870 0.1547
vn -0.0427 0.9871 0.1543
vn 0.0098 0.9826 0.1855
vn -0.0109 0.9575 0.2882
vn 0.0499 0.9420 0.3319
vn 0.0347 0.9207 0.3887
vn 0.0013 0.9768 0.2139
vn -0.0164 0.9707 0.2395
vn -0.1508 0.9851 0.0823
vn -0.1622 0.9122 0.3763
vn -0.0163 0.3948 -0.9186
vn 0.0465 0.3162 -0.9475
vn 0.0790 0.9969 -0.0000
vn 0.0304 0.9957 0.0874
vn 0.0304 0.9957 0.0875
vn 0.0806 0.9947 0.0644
vn 0.0598 0.9832 0.1722
vn 0.1144 0.9786 0.1713
vn 0.1020 0.9662 0.2369
vn 0.0462 -0.9599 -0.2765
vn 0.0355 -0.9699 -0.2409
vn 0.0994 -0.9944 -0.0354
vn 0.1051 -0.9944 -0.0085
vn 0.0258 0.1903 0.9814
vn 0.0258 0.1894 0.9816
vn 0.1051 0.7034 0.7030
vn 0.1203 0.7335 0.6690
vn 0.1484 0.9380 0.3133
vn 0.1478 0.9374 0.3152
vn 0.1523 0.9823 0.1088
vn 0.1546 0.9794 0.1297
vn 0.0304 0.1902 0.9813
vn 0.0422 0.2336 0.9714
vn 0.1009 0.7351 0.6704
vn 0.1181 0.7698 0.6272
vn 0.1394 0.9386 0.3156
vn 0.1163 0.9116 0.3942
vn 0.1247 0.9862 0.1092
vn 0.1224 0.9844 0.1267
vn 0.0878 -0.7534 -0.6516
vn 0.0878 -0.7531 -0.6520
vn 0.0082 0.8990 -0.4378
vn 0.0217 0.8039 -0.5943
vn 0.0271 0.2628 0.9645
vn 0.0248 0.3019 0.9530
vn 0.0171 -0.0600 0.9981
vn 0.0251 0.0357 0.9990
vn 0.0432 0.9959 0.0794
vn 0.0703 0.8950 -0.4406
vn 0.0938 0.9706 0.2215
vn 0.0521 0.9903 -0.1290
vn 0.0257 0.9913 -0.1294
vn 0.0242 0.9865 -0.1617
vn 0.0294 0.1569 0.9872
vn 0.0196 0.0875 0.9960
vn 0.0415 0.5399 0.8407
vn 0.0237 0.4091 0.9122
vn 0.0335 0.7648 0.6434
vn 0.0282 0.7325 0.6802
vn 0.0359 0.9955 0.0875
vn 0.0369 0.9972 0.0645
vn -0.2168 0.5050 0.8354
vn -0.2720 0.7188 0.6398
vn 0.9894 -0.1229 0.0771
vn 0.9986 0.0337 -0.0395
vn -0.5067 0.5077 0.6968
vn -0.4994 0.6651 0.5552
vn -0.2122 0.9034 0.3726
vn -0.2080 0.8298 0.5178
vn -0.2852 0.7410 0.6079
vn -0.3374 0.9104 0.2396
vn -0.3156 0.9001 0.3003
vn -0.3223 0.9420 0.0936
vn -0.0408 -0.3134 0.9487
vn -0.1611 0.1242 0.9791
vn -0.5225 0.5121 0.6817
vn -0.5197 0.5890 0.6189
vn -0.1599 0.5171 0.8408
vn -0.1723 0.5575 0.8121
vn -0.3827 0.8854 0.2638
vn -0.4003 0.8672 0.2963
vn -0.1135 0.9881 -0.1034
vn -0.2463 0.9584 0.1444
vn 0.0071 0.9703 0.2416
vn -0.0100 0.9837 0.1797
vn 0.0407 0.9829 0.1796
vn 0.0368 0.9855 0.1659
vn 0.0377 0.9854 0.1659
vn 0.0328 0.9826 0.1827
vn 0.0009 0.0260 0.9997
vn -0.0007 0.0172 0.9999
vn -0.0005 0.0284 0.9996
vn -0.0021 0.0389 0.9992
vn -0.0007 -0.0188 0.9998
vn -0.0007 -0.0186 0.9998
vn -0.0009 -0.0232 0.9997
vn 0.0003 -0.0189 0.9998
vn -0.1108 0.9406 0.3210
vn -0.1254 0.9267 0.3542
vn 0.0514 -0.6586 0.7507
vn -0.0300 -0.4927 0.8697
vn -0.0299 -0.4917 0.8702
vn -0.0044 -0.4496 0.8932
vn 0.0129 -0.6594 0.7517
vn 0.0127 -0.6597 0.7514
vn 0.0143 -0.4496 0.8931
vn 0.0171 -0.4459 0.8949
vn -0.0144 -0.5113 0.8593
vn 0.0319 -0.6595 0.7510
vn 0.0179 -0.4314 0.9020
vn 0.0244 -0.4458 0.8948
vn 0.0233 0.9103 0.4133
vn 0.0409 0.8968 0.4405
vn 0.0045 0.9124 0.4094
vn 0.0071 0.9105 0.4135
vn 0.0545 0.9122 0.4060
vn 0.0330 0.8971 0.4406
vn 0.0127 0.9963 0.0851
vn 0.0590 0.9684 0.2424
vn 0.0761 0.9673 0.2421
vn 0.0878 0.9618 0.2593
vn 0.0247 0.9499 0.3114
vn 0.0149 0.9361 0.3515
vn 0.0755 0.9474 0.3109
vn 0.0189 0.9134 0.4066
vn -0.0244 0.9997 -0.0048
vn -0.0202 0.9998 -0.0002
vn -0.0056 0.2755 -0.9613
vn -0.0479 0.2220 -0.9739
vn -0.0572 0.3158 -0.9471
vn -0.0033 0.2755 -0.9613
vn -0.0230 0.1809 -0.9832
vn -0.0069 0.2222 -0.9750
vn -0.0119 0.9999 -0.0000
vn -0.0093 1.0000 -0.0018
vn -0.0312 0.9995 -0.0003
vn -0.0314 0.9995 -0.0000
vn -0.2961 0.6473 0.7024
vn -0.3650 0.8009 0.4746
vn -0.3689 0.8060 0.4628
vn -0.5880 0.6876 0.4260
vn -0.4101 0.8976 0.1616
vn -0.2784 0.9408 0.1932
vn -0.4652 0.5548 0.6898
vn -0.4034 0.7923 0.4576
vn -0.6533 0.7290 0.2041
vn -0.5388 0.8228 0.1808
vn 0.4394 0.6386 -0.6318
vn 0.1572 0.1368 -0.9780
vn 0.3708 0.0264 0.9283
vn 0.4924 0.1912 0.8491
vn 0.8857 0.0121 0.4641
vn 0.8656 -0.0015 0.5008
vn 0.4850 0.0319 0.8739
vn 0.5229 0.0958 0.8470
vn 0.1874 0.8428 0.5046
vn 0.2261 0.9100 0.3476
vn 0.1769 0.1563 0.9717
vn 0.3831 0.4211 0.8221
vn 0.8628 0.0792 0.4992
vn 0.6835 -0.0026 0.7299
vn 0.9095 -0.0012 0.4157
vn 0.8855 -0.0225 0.4640
vn 0.4222 0.7906 -0.4435
vn 0.0529 0.9980 0.0332
vn 0.0429 0.9166 0.3975
vn 0.1899 0.6595 0.7273
vn 0.0056 0.9036 0.4284
vn 0.0515 0.8739 0.4834
vn 0.0562 0.9640 0.2598
vn 0.1559 0.9007 0.4054
vn 0.0386 0.9519 0.3039
vn 0.0684 0.9152 0.3971
vn 0.1228 0.9052 0.4069
vn 0.1601 0.9403 0.3002
vn -1.0000 -0.0000 -0.0020
vn -1.0000 -0.0001 -0.0020
vn -0.0002 -0.0280 -0.9996
vn 0.0122 0.0249 -0.9996
vn 1.0000 -0.0000 0.0027
vn 1.0000 -0.0001 0.0027
vn 0.0033 -0.0000 1.0000
vn 0.0001 1.0000 0.0022
vn 0.0002 1.0000 0.0024
vn -0.0140 -0.9969 0.0775
vn -0.0322 -0.9990 0.0300
vn -0.0329 -0.9986 -0.0416
vn -0.0130 -0.9999 0.0081
vn -0.0528 -0.9967 0.0620
vn -0.0414 -0.9942 0.0989
vn -0.0821 -0.9570 0.2781
vn -0.0779 -0.9513 0.2983
vn -0.1334 -0.7959 0.5906
vn -0.1289 -0.7764 0.6170
vn -0.1945 -0.3677 0.9094
vn -0.1864 -0.3212 0.9285
vn -0.2050 0.1829 0.9615
vn -0.2128 0.2128 0.9536
vn -0.1931 0.5625 0.8040
vn -0.1898 0.5555 0.8096
vn -0.1859 0.6826 0.7068
vn -0.1937 0.6944 0.6930
vn -0.1935 0.7420 0.6418
vn -0.1856 0.7325 0.6550
vn -0.1937 0.8620 0.4685
vn -0.1729 0.8475 0.5018
vn -0.2065 0.9568 0.2048
vn -0.2136 0.9587 0.1875
vn -0.0472 -0.9984 0.0300
vn -0.0589 -0.9958 0.0695
vn -0.0739 -0.9948 0.0694
vn -0.0676 -0.9930 0.0972
vn -0.0558 -0.9984 0.0081
vn -0.0576 -0.9983 0.0129
vn -0.0860 -0.9962 0.0129
vn -0.0745 -0.9941 0.0790
vn -0.0662 -0.9929 0.0987
vn -0.0772 -0.9889 0.1270
vn -0.1076 -0.9861 0.1267
vn -0.1054 -0.9820 0.1567
vn -0.1020 -0.9492 0.2976
vn -0.1184 -0.9331 0.3396
vn -0.1539 -0.9285 0.3380
vn -0.1539 -0.9132 0.3773
vn -0.1668 -0.7719 0.6134
vn -0.1867 -0.7270 0.6608
vn -0.2287 -0.7204 0.6548
vn -0.2291 -0.6837 0.6929
vn -0.2363 -0.3177 0.9183
vn -0.2502 -0.2477 0.9360
vn -0.2890 -0.2449 0.9255
vn -0.2859 -0.2112 0.9347
vn -0.2503 0.2109 0.9449
vn -0.2532 0.2307 0.9395
vn -0.2809 0.2289 0.9321
vn -0.2820 0.2238 0.9329
vn -0.2294 0.5508 0.8025
vn -0.2159 0.4937 0.8424
vn -0.2519 0.4893 0.8349
vn -0.2606 0.4643 0.8464
vn -0.2021 0.6932 0.6918
vn -0.1938 0.6709 0.7158
vn -0.2327 0.6651 0.7096
vn -0.2235 0.6309 0.7430
vn -0.1921 0.7315 0.6542
vn -0.2125 0.7711 0.6002
vn -0.2114 0.7713 0.6003
vn -0.2067 0.7595 0.6168
vn -0.2134 0.8407 0.4977
vn -0.2184 0.8471 0.4845
vn -0.2031 0.8500 0.4861
vn -0.2176 0.8722 0.4381
vn -0.2254 0.9561 0.1870
vn -0.2400 0.9616 0.1331
vn -0.2146 0.9675 0.1339
vn -0.2198 0.9693 0.1103
vn -0.0907 -0.9911 0.0970
vn -0.0900 -0.9909 0.1000
vn -0.1017 -0.9917 0.0788
vn -0.0932 -0.9870 0.1312
vn -0.1139 -0.9811 0.1566
vn -0.1140 -0.9813 0.1550
vn -0.1651 -0.9116 0.3766
vn -0.1652 -0.9006 0.4021
vn -0.2434 -0.6812 0.6904
vn -0.2434 -0.6574 0.7131
vn -0.2968 -0.2105 0.9314
vn -0.2972 -0.2142 0.9305
vn -0.2928 0.1785 0.9394
vn -0.2483 0.4659 0.8493
vn -0.2671 0.4131 0.8707
vn -0.2343 0.6063 0.7600
vn -0.2125 0.7586 0.6160
vn -0.2059 0.7435 0.6362
vn -0.1986 0.8758 0.4399
vn -0.2237 0.9080 0.3543
vn -0.2174 0.9698 0.1103
vn -0.2162 0.9694 0.1161
vn -0.1502 -0.9837 0.0993
vn -0.1557 -0.9799 0.1249
vn -0.1560 -0.9791 0.1302
vn -0.1801 -0.9611 0.2097
vn -0.1725 -0.9729 0.1537
vn -0.2032 -0.9498 0.2379
vn -0.2337 -0.8879 0.3964
vn -0.2363 -0.8841 0.4032
vn -0.2965 -0.6473 0.7021
vn -0.2957 -0.6501 0.7000
vn -0.3275 -0.2120 0.9208
vn -0.3233 -0.2457 0.9138
vn -0.3081 0.1776 0.9346
vn -0.3038 0.1189 0.9453
vn -0.2798 0.4115 0.8674
vn -0.2727 0.3556 0.8939
vn -0.2528 0.6034 0.7563
vn -0.2462 0.5722 0.7823
vn -0.2368 0.7382 0.6317
vn -0.2490 0.7737 0.5826
vn -0.2399 0.9044 0.3529
vn -0.2499 0.9192 0.3042
vn -0.2453 0.9626 0.1153
vn -0.2431 0.9613 0.1296
vn -0.0300 -0.9995 0.0125
vn -0.0001 -0.9970 0.0775
vn -0.0413 -0.9970 -0.0649
vn -0.0292 -0.9987 -0.0416
vn -0.0486 -0.9971 0.0582
vn -0.0469 -0.9970 0.0620
vn -0.0556 -0.9527 0.2986
vn -0.0628 -0.9584 0.2785
vn -0.0681 -0.7744 0.6290
vn -0.0795 -0.8005 0.5940
vn -0.0949 -0.3455 0.9336
vn -0.1018 -0.3729 0.9223
vn -0.1241 0.1773 0.9763
vn -0.1277 0.1853 0.9743
vn -0.1493 0.5401 0.8283
vn -0.1688 0.5650 0.8077
vn -0.0256 -0.9993 -0.0258
vn -0.0024 -0.9999 0.0125
vn -0.0379 -0.9958 -0.0835
vn -0.0249 -0.9976 -0.0650
vn -0.0481 -0.9974 0.0529
vn -0.0449 -0.9973 0.0582
vn -0.0622 -0.9503 0.3050
vn -0.0654 -0.9522 0.2985
vn -0.0837 -0.7628 0.6412
vn -0.0902 -0.7730 0.6279
vn -0.1107 -0.3306 0.9373
vn -0.1163 -0.3447 0.9315
vn -0.1306 0.1742 0.9760
vn -0.1323 0.1771 0.9753
vn -0.1437 0.5606 0.8155
vn -0.1241 0.5420 0.8312
vn -0.1844 -0.9750 0.1243
vn -0.1836 -0.9735 0.1361
vn -0.1879 -0.9596 0.2093
vn -0.1887 -0.9643 0.1860
vn -0.1979 -0.9508 0.2382
vn -0.2009 -0.9276 0.3150
vn -0.2354 -0.8842 0.4033
vn -0.2428 -0.8309 0.5007
vn -0.2949 -0.6502 0.7002
vn -0.2957 -0.6328 0.7156
vn -0.3213 -0.2459 0.9145
vn -0.3251 -0.3191 0.8902
vn -0.3104 0.1187 0.9432
vn -0.3056 0.0063 0.9521
vn -0.2854 0.3543 0.8905
vn -0.2837 0.3220 0.9032
vn -0.2650 0.5692 0.7783
vn -0.2712 0.6461 0.7134
vn -0.2575 0.7719 0.5813
vn -0.2678 0.8425 0.4674
vn -0.2554 0.9179 0.3037
vn -0.2609 0.9343 0.2428
vn -0.2571 0.9577 0.1291
vn -0.2544 0.9533 0.1628
vn -0.0515 -0.9974 -0.0506
vn -0.0582 -0.9958 -0.0707
vn -0.0583 -0.9929 -0.1032
vn -0.0121 -0.9999 0.0061
vn 0.0070 -0.9987 0.0503
vn -0.0058 -0.9949 0.1011
vn -0.0390 -0.9444 0.3265
vn 0.0225 -0.9852 0.1702
vn -0.1148 -0.7243 0.6799
vn -0.0487 -0.8686 0.4931
vn -0.0405 0.7163 0.6966
vn -0.0215 0.7283 0.6849
vn -0.0404 0.7279 0.6845
vn 0.0157 0.7678 0.6405
vn -0.0397 -0.9963 -0.0764
vn -0.0343 -0.9969 -0.0708
vn -0.0238 -0.9995 0.0227
vn -0.0405 -0.9992 0.0061
vn -0.0080 -0.9929 0.1183
vn -0.0236 -0.9946 0.1011
vn -0.1130 -0.9888 0.0972
vn -0.0064 -0.9854 0.1702
vn -0.2892 0.9265 0.2407
vn -0.2879 0.9221 0.2584
vn -0.3248 0.6349 0.7010
vn -0.3248 0.6342 0.7016
vn -0.3472 0.0062 0.9378
vn -0.3503 0.2686 0.8973
vn -0.2321 -0.9210 0.3128
vn -0.2341 -0.8724 0.4290
vn -0.3122 -0.6294 0.7117
vn -0.3099 -0.3355 0.8896
vn -0.2106 -0.9599 0.1852
vn -0.2106 -0.9602 0.1835
vn 0.0508 0.8860 0.4610
vn 0.0050 0.9557 0.2943
vn 0.0523 0.6747 0.7362
vn 0.0427 0.6883 0.7242
vn 0.0398 0.8350 0.5489
vn -0.0921 0.8704 0.4836
vn -0.3389 0.6170 0.7103
vn -0.2837 0.8959 0.3419
vn -0.0911 0.6019 0.7934
vn -0.0410 0.6600 0.7502
vn 0.0085 0.6607 0.7506
vn -0.0413 0.5338 0.8446
vn -0.0154 0.7797 0.6260
vn -0.0024 0.7161 0.6980
vn -0.0276 0.8353 0.5491
vn -0.0153 0.8461 0.5328
vn -0.0108 0.8871 0.4615
vn 0.0035 0.8295 0.5585
vn 0.0100 0.8165 0.5773
vn -0.0121 0.8461 0.5328
vn -0.0116 0.8294 0.5585
vn -0.0012 0.7798 0.6261
vn -0.0159 0.9702 0.2417
vn -0.1053 0.9886 0.1073
vn -0.0001 -0.0216 0.9998
vn 0.0003 -0.0223 0.9998
vn -0.1077 0.9070 0.4072
vn -0.1009 0.9055 0.4122
vn -0.2506 -0.7118 0.6561
vn -0.4535 -0.6723 0.5851
vn -0.1467 0.9144 0.3774
vn -0.1848 0.8945 0.4070
vn -0.1765 0.9098 0.3756
vn -0.1158 0.9400 0.3208
vn -0.0412 0.5373 0.8424
vn -0.0423 0.5338 0.8446
vn -0.0652 0.7972 0.6002
vn 0.0399 0.8350 0.5489
vn 0.0431 0.7987 0.6002
vn -0.0397 0.7673 0.6400
vn 0.0055 0.0333 0.9994
vn -0.0010 0.0227 0.9997
vn 0.0017 0.0333 0.9994
vn 0.0093 0.0490 0.9988
vn 0.0008 -0.0189 0.9998
vn -0.0013 -0.0223 0.9998
vn -0.0005 -0.0189 0.9998
vn -0.0010 -0.0198 0.9998
vn -0.0101 0.9977 -0.0663
vn -0.1431 0.9841 0.1057
vn -0.1066 0.9921 -0.0659
vn -0.0752 0.9918 -0.1038
vn -0.1992 -0.6093 0.7675
vn -0.1543 -0.5797 0.8001
vn -0.1003 -0.5250 0.8452
vn -0.1888 -0.5771 0.7945
vn -0.2961 -0.2333 0.9262
vn -0.4360 -0.3803 0.8157
vn -0.0458 -0.4915 0.8697
vn -0.0324 -0.5100 0.8596
vn -0.1098 -0.5245 0.8443
vn -0.0843 -0.5088 0.8567
vn -0.0977 -0.9950 -0.0216
vn -0.0412 -0.9962 -0.0764
vn -0.0293 -0.9988 0.0382
vn -0.0450 -0.9987 0.0227
vn -0.1072 -0.9937 0.0321
vn -0.0348 -0.9924 0.1182
vn -0.1071 -0.9871 0.1190
vn -0.0712 -0.9927 0.0977
vn -0.1838 -0.8548 0.4853
vn -0.1252 -0.9038 0.4092
vn -0.0809 -0.5443 0.8350
vn -0.0458 -0.4925 0.8691
vn -0.1679 -0.9431 0.2870
vn -0.0647 -0.9979 -0.0043
vn -0.1787 -0.8967 0.4051
vn -0.0836 -0.9533 0.2901
vn -0.1913 -0.6104 0.7687
vn -0.1134 -0.5416 0.8329
vn -0.0008 0.6906 0.7233
vn 0.0417 0.8158 0.5768
vn -0.3775 -0.6239 0.6842
vn -0.1956 -0.5763 0.7935
vn 0.0001 -0.9987 -0.0507
vn 0.0004 -0.9987 -0.0504
vn 0.0010 -0.9987 -0.0504
vn -0.0090 -0.9996 -0.0258
vn -0.0020 -0.9946 -0.1034
vn 0.0012 -0.9949 -0.1006
vn -0.0075 -0.9949 -0.1006
vn -0.0164 -0.9964 -0.0835
vn -0.0099 -0.9987 0.0503
vn -0.0096 -0.9987 0.0506
vn -0.0227 -0.9985 0.0506
vn -0.0238 -0.9983 0.0529
vn -0.0256 -0.9448 0.3266
vn -0.0295 -0.9462 0.3221
vn -0.0423 -0.9458 0.3219
vn -0.0345 -0.9516 0.3053
vn -0.0493 -0.7282 0.6836
vn -0.0590 -0.7372 0.6731
vn -0.0677 -0.7368 0.6727
vn -0.0515 -0.7645 0.6426
vn -0.0928 -0.3249 0.9412
vn -0.0904 -0.3214 0.9426
vn -0.0949 -0.3213 0.9422
vn -0.0911 -0.3313 0.9391
vn -0.0903 0.7140 0.6943
vn -0.0668 0.7039 0.7072
vn -0.1299 0.6995 0.7027
vn -0.1172 0.6865 0.7177
vn -0.1184 0.1859 0.9754
vn -0.1114 0.1789 0.9776
vn -0.1213 0.1787 0.9764
vn -0.1195 0.1744 0.9774
vn -0.0879 0.6020 0.7936
vn -0.1137 0.5857 0.8025
vn -0.1207 0.5853 0.8018
vn -0.1351 0.5613 0.8165
vn -0.1160 0.7109 0.6936
vn -0.1397 0.4858 0.8628
vn -0.1411 0.8919 0.4296
vn -0.0780 0.8436 0.5312
vn -0.0721 0.2177 0.9733
vn -0.1407 0.5233 0.8404
vn -0.1369 0.8168 0.5605
vn -0.0909 0.8912 0.4444
vn -0.1905 0.5143 0.8362
vn -0.1187 0.1250 0.9850
vn -0.1474 0.6838 0.7146
vn -0.1370 0.6954 0.7054
vn -0.1504 0.5226 0.8392
vn -0.1341 0.4355 0.8902
vn -0.0938 0.8889 0.4483
vn -0.0505 0.9331 0.3560
vn -0.0884 0.7529 0.6521
vn -0.1712 0.8124 0.5574
vn -0.5932 0.6276 0.5042
vn -0.5800 0.6450 0.4975
vn -0.3256 0.9196 0.2199
vn -0.3323 0.9170 0.2209
vn -0.1950 0.9562 0.2182
vn -0.1747 0.9628 0.2060
vn -0.1704 0.6918 0.7017
vn -0.1757 0.6839 0.7081
vn -0.1604 0.8301 0.5341
vn -0.1913 0.8710 0.4525
vn -0.1956 0.8764 0.4401
vn -0.2932 0.8281 0.4777
vn -0.1409 0.8869 0.4399
vn -0.2214 0.8568 0.4657
vn -0.1734 0.7212 0.6707
vn -0.2067 0.6838 0.6997
vn -0.0096 -0.1684 0.9857
vn -0.0246 -0.0599 0.9979
vn -0.0247 -0.1709 0.9850
vn -0.0320 -0.1494 0.9883
vn 0.0276 0.3018 0.9530
vn -0.0025 0.1521 0.9884
vn 0.0246 0.9029 0.4291
vn 0.0421 0.9484 0.3144
vn 0.0596 0.9464 0.3176
vn 0.0187 0.9830 0.1827
vn -0.0146 0.0489 0.9987
vn 0.0666 -0.2259 0.9719
vn 0.0440 0.8486 0.5272
vn 0.0379 0.8302 0.5562
vn -0.0162 -0.0037 -0.9999
vn -0.0112 0.0133 -0.9998
vn -0.0111 0.0060 -0.9999
vn -0.0113 0.0046 -0.9999
vn 0.0001 -0.0115 0.9999
vn 0.0043 0.0032 1.0000
vn 0.0002 -0.0040 1.0000
vn 0.0018 0.0052 1.0000
vn -0.9488 -0.3113 -0.0538
vn -0.9285 -0.3588 -0.0955
vn -0.9507 -0.3090 -0.0256
vn -0.9396 -0.3404 -0.0366
vn -0.9519 -0.2808 -0.1227
vn -0.4225 -0.3796 -0.8230
vn -0.2402 0.5853 0.7744
vn -0.2106 0.6013 0.7708
vn -0.3442 0.8045 0.4841
vn -0.3045 0.8243 0.4773
vn -0.1124 0.1804 0.9771
vn -0.2736 0.0844 0.9581
vn 0.0057 -0.3233 0.9463
vn 0.0370 -0.2938 0.9552
vn 0.0608 0.4296 0.9010
vn 0.2973 0.6218 0.7245
vn -0.3833 0.9073 0.1731
vn -0.3696 0.9135 0.1702
vn -0.9807 -0.1952 0.0081
vn -0.9368 -0.3498 0.0024
vn 0.3346 -0.4944 -0.8023
vn 0.4275 -0.4104 -0.8055
vn -0.2675 -0.0028 -0.9635
vn 0.2864 -0.1499 -0.9463
vn 0.1572 0.4427 -0.8828
vn 0.1427 0.4493 -0.8819
vn 0.0101 -0.8001 0.5998
vn 0.0174 -0.7070 0.7070
vn 0.0223 -0.9984 -0.0512
vn 0.0355 -0.9871 -0.1563
vn 0.0427 0.8476 -0.5290
vn -0.0260 0.8907 -0.4538
vn 0.0142 0.8909 0.4540
vn 0.0195 0.2064 0.9783
vn 0.0129 0.1564 0.9876
vn 0.0975 -0.9585 -0.2679
vn 0.1312 -0.9882 0.0790
vn 0.0799 0.0950 -0.9923
vn -0.2741 0.1504 -0.9499
vn 0.0159 0.7909 -0.6117
vn 0.0907 0.7042 -0.7042
vn 0.0631 -0.7058 -0.7056
vn 0.0631 -0.7057 -0.7057
vn 0.0118 -0.3494 0.9369
vn 0.0173 -0.3702 0.9288
vn 0.0251 -0.9968 0.0757
vn 0.0197 -0.9951 0.0973
vn -0.0199 0.5539 0.8323
vn -0.0113 0.5190 0.8547
vn 0.0180 0.0290 0.9994
vn 0.0180 0.0291 0.9994
vn -0.0561 0.9498 0.3077
vn -0.0741 0.9660 0.2475
vn -0.0393 0.9934 -0.1079
vn -0.0549 0.9834 -0.1728
vn 0.0112 0.2064 0.9784
vn 0.0016 0.2424 0.9702
vn 0.0324 -0.9942 -0.1027
vn 0.0523 -0.9825 -0.1788
vn 0.0069 -0.8001 0.5998
vn 0.0273 -0.8354 0.5490
vn -0.0552 0.8067 0.5884
vn -0.0345 0.7523 0.6579
vn 0.0320 -0.9982 -0.0512
vn 0.0211 -0.9998 -0.0004
vn 0.0145 -0.6582 0.7527
vn 0.0167 -0.6647 0.7469
vn 0.0187 -0.9585 0.2846
vn 0.0235 -0.9630 0.2685
vn 0.0153 -0.3105 0.9505
vn 0.0124 -0.2911 0.9566
vn -0.0298 0.6320 0.7744
vn -0.0200 0.5880 0.8086
vn 0.0737 -0.9583 -0.2760
vn 0.0719 -0.9606 -0.2685
vn 0.0139 0.9945 0.1036
vn 0.0103 0.9762 0.2165
vn -0.0524 0.9965 0.0646
vn -0.0616 0.9927 0.1034
vn 0.0326 0.5538 0.8320
vn 0.0209 0.6017 0.7984
vn 0.0105 0.0354 0.9993
vn 0.0163 0.0860 0.9962
vn 0.0244 0.2920 0.9561
vn 0.0213 0.2628 0.9646
vn 0.0339 0.6016 0.7981
vn 0.0189 0.7115 0.7025
vn 0.0203 0.7900 0.6128
vn 0.0115 0.8453 0.5342
vn 0.0114 0.5437 0.8392
vn -0.0078 -0.3525 -0.9358
vn -0.0077 -0.3525 -0.9358
vn -0.0149 -0.3231 -0.9462
vn -0.0148 -0.3231 -0.9462
vn 0.0194 0.5225 0.8524
vn -0.0339 0.9361 0.3501
vn -0.0282 0.9142 0.4042
vn -0.0194 0.9111 -0.4118
vn -0.0257 0.8855 -0.4638
vn -0.0386 0.5828 0.8117
vn -0.0399 0.5732 0.8184
vn -0.0342 0.0695 -0.9970
vn -0.0334 0.0547 -0.9979
vn -0.0509 0.1253 0.9908
vn -0.0528 0.1062 0.9929
vn -0.0246 0.5228 -0.8521
vn -0.0237 0.5125 -0.8583
vn -0.0076 0.9993 0.0379
vn -0.0164 0.9987 0.0479
vn 0.0447 0.9986 0.0295
vn 0.0301 0.9994 0.0157
vn 0.0561 -0.9984 0.0049
vn 0.0357 -0.9990 0.0255
vn 0.0379 -0.9991 -0.0211
vn 0.0134 -0.9999 0.0101
vn 0.0079 -0.9975 0.0702
vn -0.0424 -0.9914 0.1238
vn -0.0003 -0.9996 0.0287
vn 0.0042 -0.9998 0.0168
vn 0.0724 0.7771 -0.6252
vn 0.0274 0.4667 -0.8840
vn 0.2677 0.8136 -0.5161
vn 0.2483 0.8477 -0.4688
vn -0.4518 0.7490 0.4846
vn -0.4217 0.7877 0.4491
vn 0.0134 -0.9999 0.0085
vn 0.0079 -0.9998 0.0154
vn 0.0730 -0.7931 -0.6047
vn 0.0270 -0.4837 -0.8748
vn 0.2626 -0.8219 -0.5056
vn 0.2428 -0.8557 -0.4570
vn -0.6485 -0.3157 0.6926
vn -0.6604 -0.2474 0.7090
vn -0.6574 -0.1679 0.7346
vn -0.6562 -0.1787 0.7331
vn -0.6490 -0.2412 0.7215
vn -0.6580 -0.1682 0.7340
vn 0.0777 0.9817 -0.1739
vn 0.0302 0.9995 0.0060
vn 0.0296 -0.9995 0.0096
vn 0.0775 -0.9821 -0.1718
vn 0.0071 -0.0309 0.9995
vn 0.0016 0.0235 0.9997
vn 0.0327 0.2616 0.9646
vn 0.0182 0.6558 0.7547
vn -0.2915 0.4364 0.8512
vn -0.2835 0.5049 0.8153
vn -0.0000 -0.9971 0.0764
vn 0.0025 -0.9973 0.0732
vn 0.0329 -0.1913 0.9810
vn 0.0166 -0.6029 0.7976
vn -0.2912 -0.4380 0.8505
vn -0.2962 -0.3840 0.8745
vn -0.5316 0.6434 0.5509
vn -0.6567 0.2717 0.7035
vn 0.9838 -0.1720 -0.0498
vn 0.9974 -0.0000 -0.0719
vn 0.9902 0.0014 -0.1394
vn 0.9902 0.0004 -0.1394
vn 0.0028 -0.0000 1.0000
vn 0.0084 0.9999 -0.0090
vn -0.0023 0.9998 0.0183
vn -0.0000 0.9994 0.0344
vn 0.0011 0.9995 0.0329
vn 0.0429 0.9990 0.0153
vn 0.0536 0.9986 0.0050
vn 0.0650 -0.9978 0.0089
vn 0.0694 -0.9976 0.0045
vn -0.0000 -0.9997 0.0234
vn 0.0042 -0.9998 0.0172
vn -0.6190 0.4282 0.6583
vn -0.6188 0.4293 0.6579
vn -0.3912 -0.8092 0.4383
vn -0.3237 -0.8748 0.3604
vn -0.3210 -0.8700 0.3742
vn -0.2180 -0.9422 0.2543
vn -0.2168 -0.9399 0.2638
vn -0.0061 -0.9998 0.0197
vn -0.5185 -0.6356 0.5720
vn -0.6637 -0.1835 0.7251
vn 0.0027 1.0000 -0.0047
vn 0.0109 0.9998 -0.0154
vn 0.0110 0.9998 -0.0150
vn -0.0370 0.9979 0.0527
vn -0.6743 0.2071 0.7088
vn -0.6868 0.0259 0.7264
vn -0.6695 -0.1204 0.7330
vn -0.6771 0.0146 0.7357
vn -0.0000 -0.0126 -0.9999
vn -0.0000 -0.0125 -0.9999
vn 0.0973 0.9952 -0.0024
vn 0.1104 0.9921 -0.0588
vn 0.1082 -0.9934 -0.0387
vn 0.0983 -0.9951 0.0039
vn -0.0023 -0.0000 -1.0000
vn -0.0022 -0.0016 -1.0000
vn -0.0116 0.9999 0.0085
vn -0.0123 0.9998 0.0135
vn 0.0041 -0.9976 0.0687
vn 0.0005 -0.9993 0.0379
vn -0.0189 0.0009 0.9998
vn -0.0190 0.0033 0.9998
vn 0.9992 -0.0003 0.0401
vn 0.9992 -0.0003 0.0400
vn 0.9992 0.0005 0.0402
vn 0.9992 -0.0002 0.0400
vn 0.5509 -0.8328 0.0548
vn 0.5423 -0.8389 0.0465
vn 0.5478 0.8359 0.0338
vn 0.5394 0.8417 0.0256
vn 0.3090 -0.0010 -0.9511
vn 0.3094 -0.0015 -0.9509
vn 0.2084 -0.9771 0.0437
vn 0.2060 -0.9776 0.0420
vn 0.2130 0.9769 0.0190
vn 0.2115 0.9772 0.0179
vn 0.3082 0.0002 0.9513
vn 0.3084 0.0006 0.9512
vn 0.1193 -0.0016 -0.9929
vn 0.0641 -0.9971 0.0398
vn 0.0624 -0.9973 0.0390
vn 0.0641 0.9978 0.0151
vn 0.0644 0.9978 0.0150
vn 0.0842 0.0006 0.9964
vn 0.0845 0.0009 0.9964
vn 0.7628 -0.4759 -0.4378
vn 0.6824 -0.6431 -0.3474
vn 0.7583 0.4732 -0.4483
vn 0.6378 0.6983 -0.3250
vn 0.6382 -0.6617 0.3935
vn 0.7395 -0.4568 0.4944
vn 0.6098 0.7106 0.3509
vn 0.7423 0.4613 0.4860
vn 0.3607 -0.6761 -0.6425
vn 0.3602 -0.6772 -0.6415
vn 0.3609 0.6671 -0.6517
vn 0.3604 0.6682 -0.6508
vn 0.3490 -0.6448 0.6800
vn 0.3486 -0.6459 0.6792
vn 0.3552 0.6519 0.6700
vn 0.3547 0.6531 0.6691
vn 0.1303 -0.7161 -0.6857
vn 0.1304 0.7064 -0.6957
vn 0.1303 0.7066 -0.6955
vn 0.1030 -0.6882 0.7181
vn 0.1028 -0.6885 0.7179
vn 0.1040 0.6976 0.7089
vn 0.1040 0.6975 0.7090
vn -0.0050 0.9996 0.0293
vn -0.0000 0.9998 0.0221
vn 0.0022 -0.4850 0.8745
vn 0.0020 -0.4849 0.8746
vn 0.0034 1.0000 0.0079
vn 0.0019 1.0000 0.0093
vn 0.0327 -0.9270 0.3736
vn 0.0374 -0.9335 0.3567
vn 0.0258 -0.9351 -0.3535
vn 0.0239 -0.9328 -0.3595
vn -0.0380 -0.9445 -0.3263
vn -0.0297 -0.9328 -0.3592
vn -0.0332 -0.9328 0.3589
vn -0.0372 -0.9270 0.3733
vn -0.0469 -0.3665 -0.9292
vn -0.0499 -0.3527 -0.9344
vn -0.0602 -0.2882 0.9557
vn -0.0480 -0.3469 0.9367
vn -0.0941 -0.9068 -0.4109
vn -0.1120 -0.9405 -0.3208
vn -0.1052 -0.9164 0.3863
vn -0.0816 -0.8611 0.5019
vn -0.2123 -0.2446 -0.9461
vn -0.1854 -0.4158 -0.8904
vn -0.1631 -0.3680 0.9154
vn -0.1996 -0.0300 0.9794
vn -0.0410 -0.7609 0.6475
vn -0.0407 -0.7618 0.6465
vn -0.0693 -0.7152 -0.6954
vn -0.0543 -0.7676 -0.6387
vn -0.1995 -0.5191 -0.8311
vn -0.1426 -0.7086 -0.6910
vn -0.1789 -0.5772 0.7968
vn -0.1355 -0.7035 0.6977
vn 0.0285 -0.8019 0.5967
vn 0.0165 -0.7622 0.6471
vn 0.0006 -0.7703 -0.6377
vn 0.0120 -0.8035 -0.5952
vn -0.0015 -0.3470 0.9379
vn -0.0030 -0.3411 0.9400
vn -0.0298 -0.3438 -0.9386
vn -0.0236 -0.3667 -0.9301
vn -0.0377 -0.9452 -0.3243
vn -0.0373 -0.9445 -0.3263
vn -0.0452 -0.9200 0.3893
vn -0.0378 -0.9327 0.3588
vn -0.0862 -0.3521 -0.9320
vn -0.1033 -0.2486 -0.9631
vn -0.1235 -0.0301 0.9919
vn -0.0901 -0.2878 0.9535
vn -0.0737 -0.7089 0.7015
vn -0.0591 -0.7602 0.6470
vn -0.0378 -0.7682 -0.6391
vn -0.0374 -0.7698 -0.6372
vn 0.1942 0.3369 -0.9213
vn 0.1949 0.3360 -0.9215
vn 0.1062 0.9291 -0.3543
vn 0.1064 0.9303 0.3510
vn 0.1944 0.3391 0.9204
vn 0.1947 0.3386 0.9206
vn 0.1303 0.7958 -0.5914
vn 0.1299 0.7962 -0.5909
vn 0.1304 0.7970 0.5897
vn 0.1300 0.7975 0.5892
vn 0.9999 0.0127 0.0001
vn 0.9999 0.0134 -0.0000
vn 1.0000 0.0098 -0.0000
vn 0.9999 0.0151 -0.0000
vn -0.0539 0.9438 0.3262
vn -0.0454 0.9322 0.3591
vn -0.0489 0.9321 -0.3588
vn -0.0527 0.9262 -0.3732
vn -0.0531 0.3659 0.9291
vn -0.0561 0.3511 0.9346
vn -0.0651 0.2867 -0.9558
vn -0.0539 0.3457 -0.9368
vn -0.1094 0.9051 0.4108
vn -0.1279 0.9385 0.3206
vn -0.1207 0.9144 -0.3863
vn -0.0961 0.8593 -0.5024
vn -0.2165 0.2407 0.9461
vn -0.1912 0.4205 0.8869
vn -0.1692 0.3661 -0.9151
vn -0.2002 0.0267 -0.9794
vn -0.0538 0.7602 -0.6474
vn -0.0535 0.7613 -0.6462
vn -0.0813 0.7138 0.6956
vn -0.0672 0.7664 0.6388
vn -0.2084 0.5149 0.8315
vn -0.1546 0.7061 0.6911
vn -0.1886 0.5747 -0.7963
vn -0.1476 0.7008 -0.6979
vn 0.0150 0.8025 -0.5964
vn 0.0038 0.7627 -0.6468
vn -0.0123 0.7700 0.6379
vn -0.0014 0.8036 0.5952
vn -0.0075 0.3466 -0.9380
vn -0.0087 0.3415 -0.9399
vn 0.0171 0.9275 -0.3735
vn 0.0217 0.9339 -0.3570
vn 0.0101 0.9354 0.3535
vn 0.0083 0.9332 0.3593
vn -0.0355 0.3429 0.9387
vn -0.0295 0.3664 0.9300
vn -0.0536 0.9445 0.3240
vn -0.0531 0.9438 0.3262
vn -0.0607 0.9191 -0.3893
vn -0.0535 0.9319 -0.3587
vn -0.0921 0.3499 0.9323
vn -0.1074 0.2466 0.9632
vn -0.1240 0.0281 -0.9919
vn -0.0950 0.2857 -0.9536
vn -0.0857 0.7073 -0.7017
vn -0.0719 0.7591 -0.6469
vn -0.0508 0.7674 0.6392
vn -0.0504 0.7689 0.6374
vn 0.2003 -0.3335 0.9212
vn 0.2004 -0.3333 0.9213
vn 0.1217 -0.9271 0.3545
vn 0.1219 -0.9270 0.3547
vn 0.1218 -0.9284 -0.3509
vn 0.1219 -0.9284 -0.3511
vn 0.1998 -0.3357 -0.9205
vn 0.2003 -0.3350 -0.9207
vn 0.1435 -0.7937 0.5911
vn 0.1433 -0.7939 0.5910
vn 0.1436 -0.7947 -0.5898
vn 0.1434 -0.7949 -0.5895
vn 1.0000 0.0042 -0.0000
vn 1.0000 0.0063 -0.0000
vn 1.0000 0.0019 -0.0000
vn -0.0000 -1.0000 -0.0000
vn -0.2063 0.2999 0.9314
vn -0.2232 0.3391 0.9139
vn -0.0000 1.0000 -0.0000
vn 0.2160 -0.0663 -0.9741
vn 0.2159 -0.0663 -0.9742
vn -0.2163 -0.0000 0.9763
vn 0.2121 -0.1958 0.9574
vn 0.2121 -0.1957 0.9575
vn -0.2164 -0.0000 -0.9763
vn 0.2122 -0.1959 -0.9574
vn 0.2158 -0.0663 0.9742
vn -0.2233 0.3393 -0.9138
vn -0.2064 0.3001 -0.9313
vn -0.0062 -0.3770 0.9262
vn -0.0000 -0.6087 0.7934
vn -0.0062 -0.3770 -0.9262
vn -0.0000 -0.6088 -0.7933
vn -0.2130 -0.4099 0.8869
vn -0.2010 -0.3693 0.9073
vn 0.1600 -0.7283 0.6663
vn 0.1569 -0.6882 0.7084
vn -0.2132 -0.4104 -0.8866
vn -0.2011 -0.3694 -0.9073
vn 0.1601 -0.7288 -0.6658
vn 0.1569 -0.6883 -0.7082
vn 0.0039 1.0000 0.0060
vn 0.0040 1.0000 0.0077
vn 0.0379 -0.9992 -0.0088
vn -0.0000 -0.9993 0.0387
vn 0.0511 -0.8467 0.5296
vn 0.0512 -0.8446 0.5329
vn -0.0541 0.8104 0.5833
vn -0.0528 0.8697 0.4908
vn 0.0511 -0.8467 -0.5296
vn 0.0512 -0.8446 -0.5329
vn -0.0541 0.8104 -0.5833
vn -0.0528 0.8697 -0.4908
vn 0.0610 -0.8426 0.5351
vn 0.0609 -0.8493 0.5244
vn 0.0632 -0.8425 -0.5349
vn 0.0642 -0.8469 -0.5278
vn -0.0601 0.8362 0.5451
vn -0.0605 0.8136 0.5783
vn -0.0637 0.8371 -0.5433
vn -0.0716 0.8710 -0.4861
vn -0.6269 -0.6699 0.3978
vn -0.2445 -0.7846 0.5698
vn 0.3734 0.7572 0.5359
vn 0.3867 0.7364 0.5551
vn -0.6269 -0.6699 -0.3978
vn -0.2445 -0.7846 -0.5698
vn 0.3734 0.7572 -0.5359
vn 0.3867 0.7364 -0.5551
vn -0.7357 -0.2220 0.6399
vn -0.4860 -0.2245 0.8447
vn 0.6539 0.4347 0.6193
vn 0.5560 0.4237 0.7151
vn -0.7357 -0.2220 -0.6399
vn -0.4860 -0.2245 -0.8447
vn 0.6260 0.4770 -0.6169
vn 0.5745 0.3950 -0.7168
vn 0.0632 -0.8425 0.5349
vn 0.0642 -0.8469 0.5278
vn 0.0610 -0.8426 -0.5351
vn 0.0609 -0.8493 -0.5244
vn -0.0601 0.8362 -0.5451
vn -0.0605 0.8136 -0.5783
vn -0.0637 0.8371 0.5433
vn -0.0716 0.8710 0.4861
vn -0.3285 -0.7978 0.5056
vn -0.3278 -0.7982 0.5054
vn -0.3278 -0.7982 -0.5054
vn -0.3285 -0.7978 -0.5056
vn -0.3245 0.7910 -0.5188
vn -0.3257 0.7902 -0.5192
vn -0.3257 0.7902 0.5192
vn -0.3245 0.7910 0.5188
vn 0.0731 0.2483 -0.9659
vn 0.0583 0.2827 -0.9574
vn 0.0584 0.2980 -0.9528
vn 0.1146 0.4301 -0.8955
vn -0.0110 0.3071 -0.9516
vn -0.0000 0.2935 -0.9560
vn -0.2332 -0.3020 0.9243
vn -0.2257 -0.3072 0.9245
vn -0.1156 -0.1724 0.9782
vn -0.1850 -0.1381 0.9730
vn -0.2271 -0.0822 0.9704
vn -0.1835 -0.1273 0.9747
vn 0.0004 -0.2896 0.9572
vn -0.0106 -0.2762 0.9610
vn 0.0120 -0.2800 0.9599
vn 0.0138 -0.2841 0.9587
vn 0.0457 -0.2135 0.9759
vn 0.0120 -0.2957 0.9552
vn 1.0000 -0.0005 -0.0002
vn -0.2493 0.2743 -0.9288
vn -0.2322 0.2650 -0.9359
vn -0.1441 0.4240 -0.8941
vn -0.1638 0.4312 -0.8873
vn -0.1653 0.4211 -0.8918
vn -0.2491 0.4884 -0.8363
vn -0.3264 -0.0000 0.9452
vn 0.3331 -0.0000 0.9429
vn 0.3329 0.6668 0.6668
vn 0.3333 0.6664 0.6670
vn -0.3273 0.9449 -0.0000
vn 0.3331 0.9429 -0.0000
vn -0.3273 0.6679 -0.6684
vn -0.3267 0.6687 -0.6679
vn 0.3334 0.6670 -0.6663
vn 0.3329 0.6668 -0.6668
vn -0.3264 -0.0000 -0.9452
vn 0.3331 -0.0000 -0.9429
vn -0.3275 -0.6689 -0.6673
vn 0.3337 -0.6663 -0.6669
vn -0.3273 -0.9449 -0.0000
vn 0.3337 -0.9427 -0.0000
vn 0.3336 -0.9427 -0.0000
vn 0.0879 -0.0000 0.9961
vn 0.0884 0.9961 -0.0000
vn 0.0884 0.7041 -0.7046
vn 0.0884 0.7041 -0.7045
vn 0.0887 -0.0000 -0.9961
vn 0.0882 -0.7044 -0.7044
vn 0.0881 -0.9961 -0.0000
vn 0.0882 -0.9961 -0.0000
vn 0.0882 -0.7048 0.7039
vn -0.0794 -0.0000 0.9968
vn -0.0794 0.7055 0.7042
vn -0.0788 0.9969 -0.0000
vn -0.0791 0.7049 -0.7049
vn -0.0789 0.7051 -0.7047
vn -0.0786 -0.0000 -0.9969
vn -0.0791 -0.9969 -0.0000
vn 0.0054 -0.0000 1.0000
vn -0.0081 0.7071 0.7071
vn -0.0084 0.7077 0.7064
vn 0.0054 0.7069 0.7073
vn 0.0054 0.7071 0.7071
vn -0.0084 1.0000 -0.0000
vn 0.0053 1.0000 -0.0000
vn -0.0084 -0.0000 -1.0000
vn -0.0084 -0.7071 -0.7071
vn 0.0053 -0.7071 -0.7071
vn 0.0053 -1.0000 -0.0000
vn 0.2105 -0.0000 0.9776
vn 0.2109 0.6909 0.6915
vn 0.2105 0.9776 -0.0000
vn 0.2109 0.6909 -0.6915
vn 0.2105 -0.0000 -0.9776
vn 0.2108 -0.6909 -0.6915
vn 0.2101 -0.9777 -0.0000
vn 0.2096 -0.6908 0.6920
vn -0.1986 -0.0000 0.9801
vn -0.1987 -0.0000 0.9801
vn -0.1981 0.6930 0.6931
vn -0.1978 0.6929 0.6934
vn -0.1987 -0.0000 -0.9801
vn -0.1986 -0.0000 -0.9801
vn -0.1984 -0.6928 0.6933
vn -0.0000 0.7069 -0.7074
vn -0.0000 -0.7076 0.7066
vn -0.3960 -0.0000 0.9183
vn 0.4019 -0.0000 0.9157
vn -0.3955 0.6495 0.6494
vn 0.4022 0.6474 0.6474
vn 0.4013 0.6484 0.6470
vn -0.3954 0.9185 -0.0000
vn -0.3952 0.9186 -0.0000
vn -0.3945 0.6503 -0.6493
vn 0.4007 0.6483 -0.6474
vn 0.4019 0.6487 -0.6462
vn -0.3946 -0.0000 -0.9188
vn -0.3941 -0.6502 -0.6495
vn -0.3959 -0.6511 -0.6476
vn -0.3959 -0.9183 -0.0000
vn -0.3960 -0.6496 0.6489
vn 0.1094 -0.0000 0.9940
vn 0.1100 0.7028 -0.7028
vn 0.1094 0.7023 -0.7034
vn 0.1094 -0.0000 -0.9940
vn 0.1100 -0.7028 0.7028
vn -0.0985 0.9951 -0.0000
vn -0.0988 0.7032 -0.7041
vn -0.0985 -0.0000 -0.9951
vn -0.0979 -0.7035 -0.7039
vn -0.0989 -0.7042 -0.7031
vn -0.0985 -0.9951 -0.0000
vn 0.0068 0.7066 0.7076
vn -0.0102 0.9999 -0.0000
vn 0.0065 1.0000 -0.0000
vn 0.0066 0.7068 -0.7073
vn -0.0099 -0.0000 -1.0000
vn 0.0064 -0.0000 -1.0000
vn -0.0103 -0.7068 -0.7073
vn -0.0104 -0.9999 -0.0000
vn 0.2591 -0.0000 0.9659
vn 0.2585 -0.0000 -0.9660
vn 0.2580 -0.6842 -0.6821
vn 0.2598 -0.6826 -0.6831
vn 0.2596 -0.9657 -0.0000
vn 0.2597 -0.9657 -0.0000
vn 0.2603 -0.6831 0.6824
vn -0.2427 -0.0000 0.9701
vn -0.2433 0.9699 -0.0000
vn -0.2438 0.6855 -0.6861
vn -0.2433 0.6859 -0.6859
vn -0.2433 -0.0000 -0.9699
vn -0.2437 -0.6863 -0.6853
vn -0.2435 -0.6862 -0.6855
vn -0.2427 -0.9701 -0.0000
vn -0.2433 -0.6862 0.6855
vn -0.3268 0.6680 0.6685
vn -0.3271 0.6682 0.6682
vn -0.3264 -0.6681 -0.6686
vn 0.3324 -0.6677 -0.6661
vn -0.3270 -0.6680 0.6685
vn -0.3263 -0.6688 0.6680
vn 0.3338 -0.6669 0.6662
vn 0.3327 -0.6663 0.6674
vn 0.0878 0.7049 0.7039
vn 0.0884 0.7041 0.7046
vn 0.0884 -0.7041 -0.7046
vn 0.0878 -0.7044 0.7044
vn -0.0789 0.7049 0.7049
vn -0.0787 -0.7045 -0.7054
vn -0.0793 -0.7051 -0.7046
vn -0.0791 -0.7051 0.7047
vn -0.0793 -0.7049 0.7049
vn -0.0080 -0.0000 1.0000
vn -0.0084 0.7071 -0.7071
vn 0.0052 0.7069 -0.7073
vn 0.0053 0.7071 -0.7071
vn 0.0052 -0.0000 -1.0000
vn -0.0082 -0.7066 -0.7075
vn -0.0081 -1.0000 -0.0000
vn -0.0082 -0.7071 0.7071
vn -0.0081 -0.7073 0.7069
vn 0.0054 -0.7071 0.7071
vn 0.2101 0.6918 0.6909
vn 0.2112 0.6912 -0.6911
vn 0.2109 -0.6909 -0.6915
vn 0.2108 -0.6917 0.6907
vn -0.1973 0.9803 -0.0000
vn -0.1975 0.6934 -0.6930
vn -0.1981 0.6928 -0.6934
vn -0.1983 -0.6933 -0.6928
vn -0.1978 -0.6929 -0.6934
vn -0.1978 -0.9802 -0.0000
vn -0.1981 -0.6931 0.6931
vn 0.0064 -0.7071 0.7071
vn 0.0066 -0.7076 0.7066
vn -0.0000 0.7079 0.7063
vn -0.0000 0.7079 0.7064
vn -0.0000 -0.7066 -0.7076
vn 0.4003 0.9164 -0.0000
vn -0.3951 0.6495 -0.6496
vn -0.3947 -0.0000 -0.9188
vn 0.4018 -0.0000 -0.9157
vn 0.4019 -0.0000 -0.9157
vn 0.4002 -0.6498 -0.6462
vn 0.4013 -0.6486 -0.6467
vn -0.3960 -0.9183 -0.0000
vn 0.4011 -0.9161 -0.0000
vn 0.4011 -0.9160 -0.0000
vn -0.3948 -0.6510 0.6483
vn 0.4020 -0.6488 0.6461
vn 0.4005 -0.6483 0.6476
vn 0.1095 0.7022 0.7035
vn 0.1093 0.7024 0.7034
vn 0.1098 0.9940 -0.0000
vn 0.1100 -0.7025 -0.7032
vn 0.1097 -0.7029 -0.7028
vn 0.1094 -0.9940 -0.0000
vn 0.1091 -0.7020 0.7038
vn -0.0981 -0.0000 0.9952
vn -0.0982 0.7037 0.7037
vn -0.0979 0.7034 0.7040
vn -0.0986 0.7033 -0.7040
vn -0.0979 -0.7040 0.7034
vn -0.0976 -0.7043 0.7032
vn -0.0106 -0.0000 0.9999
vn 0.0066 -0.0000 1.0000
vn -0.0108 0.7078 0.7063
vn -0.0103 0.7071 0.7071
vn 0.0063 0.7078 0.7063
vn -0.0102 0.7068 -0.7073
vn -0.0103 0.7066 -0.7076
vn 0.0065 0.7066 -0.7076
vn -0.0101 -0.7066 -0.7076
vn 0.0064 -0.7071 -0.7071
vn 0.0066 -0.7066 -0.7076
vn -0.0105 -0.7076 0.7066
vn -0.0106 -0.7073 0.7068
vn 0.2590 -0.0000 0.9659
vn 0.2585 0.6838 0.6823
vn 0.2602 0.6822 0.6833
vn 0.2597 0.9657 -0.0000
vn 0.2601 0.6842 -0.6814
vn 0.2581 0.6831 -0.6832
vn 0.2584 -0.0000 -0.9660
vn 0.2588 -0.6822 0.6839
vn -0.2430 0.6857 0.6862
vn -0.2434 0.6859 0.6858
vn -0.2430 -0.6865 0.6853
vn -0.4593 -0.4662 0.7561
vn -0.4611 -0.4678 0.7540
vn 0.1388 -0.6269 0.7666
vn 0.1352 -0.6058 0.7841
vn -0.7529 -0.4201 0.5066
vn -0.5941 -0.3424 0.7279
vn -0.0000 -0.7220 0.6919
vn -0.4610 -0.4677 -0.7542
vn -0.4592 -0.4661 -0.7562
vn 0.1352 -0.6056 -0.7842
vn 0.1388 -0.6267 -0.7668
vn -0.5940 -0.3423 -0.7280
vn -0.7528 -0.4200 -0.5068
vn -0.0000 -0.7218 -0.6921
vn 0.0233 0.1262 -0.9917
vn 0.0396 0.2336 -0.9715
vn 0.0430 0.7335 -0.6783
vn 0.0503 0.7744 -0.6307
vn 0.0393 0.8793 -0.4747
vn 0.0491 0.9168 -0.3963
vn 0.0450 0.9908 -0.1275
vn 0.0432 0.9952 -0.0874
vn 0.3677 0.1682 -0.9146
vn 0.3308 0.1103 -0.9372
vn 0.0594 0.7315 -0.6792
vn 0.0613 0.7347 -0.6756
vn 0.0945 0.6147 -0.7831
vn 0.1608 0.7266 -0.6680
vn 0.3419 0.3326 -0.8789
vn 0.2567 0.2131 -0.9427
vn 0.2741 0.5937 -0.7566
vn 0.1546 0.4513 -0.8789
vn 0.1849 0.9545 -0.2339
vn 0.1525 0.9232 -0.3528
vn 0.0206 0.1262 -0.9918
vn 0.0205 0.0875 -0.9960
vn 0.0308 0.5401 -0.8410
vn 0.0293 0.7338 -0.6787
vn 0.0299 0.7649 -0.6435
vn 0.0280 0.8796 -0.4749
vn 0.0258 0.2280 -0.9733
vn 0.0555 0.1564 -0.9861
vn 0.0634 0.4084 -0.9106
vn 0.0479 0.3756 -0.9255
vn 0.1227 0.1827 -0.9755
vn 0.1424 0.2243 -0.9641
vn 0.1250 0.3513 -0.9279
vn 0.1358 0.3724 -0.9181
vn 0.1355 0.9037 -0.4062
vn 0.0878 0.9712 -0.2216
vn 0.0086 -0.4540 -0.8910
vn 0.0199 -0.3702 -0.9287
vn 0.0449 -0.7523 -0.6573
vn 0.0576 -0.6948 -0.7169
vn 0.0198 -0.9875 -0.1564
vn 0.0164 -0.9951 -0.0973
vn 0.0177 0.9685 -0.2483
vn 0.0041 0.9877 -0.1564
vn 0.0120 0.9876 0.1564
vn 0.0143 0.9848 0.1732
vn -0.4157 -0.8365 -0.3569
vn -0.4769 -0.8777 0.0476
vn -0.6793 -0.7338 0.0012
vn -0.0212 -0.2524 -0.9674
vn -0.0000 -0.2016 -0.9795
vn 0.0345 -0.6798 -0.7326
vn 0.0638 -0.6250 -0.7780
vn -0.0857 -0.1396 -0.9865
vn -0.1187 -0.2077 -0.9710
vn -0.0894 -0.7698 -0.6320
vn -0.0138 -0.6422 -0.7664
vn -0.4131 -0.8526 -0.3200
vn 0.0372 -0.8904 0.4537
vn 0.0677 -0.9816 0.1786
vn 0.0142 0.0813 0.9966
vn 0.1803 0.0325 0.9831
vn 0.1342 -0.1366 0.9815
vn 0.0357 -0.0144 0.9993
vn -0.0018 -0.0697 -0.9976
vn 0.0179 -0.2249 -0.9742
vn 0.0019 -0.9683 -0.2498
vn 0.0054 -0.9775 -0.2109
vn 0.0272 -0.8687 -0.4945
vn 0.0053 -0.8357 -0.5491
vn 0.0100 0.7527 -0.6583
vn 0.0147 0.7070 -0.7070
vn 0.0144 -0.3494 -0.9369
vn 0.0137 -0.3473 -0.9376
vn 0.0298 -0.9996 0.0004
vn 0.0222 -0.9992 -0.0324
vn 0.0094 0.9512 -0.3083
vn 0.0118 0.9361 -0.3515
vn 0.0111 0.9941 0.1081
vn 0.0219 0.9961 -0.0850
vn 0.0383 -0.9940 0.1027
vn 0.0299 -0.9971 0.0693
vn 0.0166 -0.6750 -0.7376
vn 0.0203 -0.6646 -0.7469
vn 0.0246 -0.9495 -0.3128
vn 0.0132 -0.9632 -0.2685
vn 0.0258 -0.2910 -0.9564
vn 0.0116 -0.1564 -0.9876
vn 0.0328 -0.9581 -0.2845
vn 0.0020 -0.8910 -0.4540
vn 0.0254 0.5879 -0.8085
vn 0.0010 0.4540 -0.8910
vn 0.1304 -0.1899 0.9731
vn 0.2147 -0.4145 0.8844
vn 0.0701 -0.8641 -0.4984
vn 0.0603 -0.8935 -0.4450
vn 0.0011 -0.3533 -0.9355
vn 0.0045 -0.3789 -0.9254
vn 0.0803 -0.9949 -0.0610
vn 0.0868 -0.9921 -0.0904
vn 0.0355 -0.0118 0.9993
vn 0.0215 -0.0008 0.9998
vn 0.0072 -1.0000 0.0025
vn 0.0056 -0.9999 -0.0119
vn 0.0289 -0.9701 0.2410
vn 0.0315 -0.9741 0.2240
vn 0.0129 -0.9745 0.2241
vn 0.0275 -0.9980 0.0565
vn 0.0041 -0.3105 -0.9505
vn 0.0147 -0.2650 -0.9641
vn 0.0226 -0.9979 -0.0615
vn 0.0261 -0.9968 -0.0757
vn 0.0316 -0.9971 0.0697
vn 0.0252 -0.9997 0.0007
vn 0.0025 -0.9930 -0.1183
vn 0.0027 -0.9926 -0.1211
vn 0.0121 0.0104 -0.9999
vn 0.0051 -0.0053 -1.0000
vn -0.0290 -0.9983 0.0501
vn 0.0119 -0.9920 0.1260
vn 0.0639 -0.9675 -0.2445
vn 0.0536 -0.9750 -0.2155
vn 0.1162 -0.8282 -0.5483
vn 0.0890 -0.8863 -0.4544
vn 0.1023 -0.9890 -0.1066
vn 0.1198 -0.9773 -0.1749
vn 0.0487 -0.9928 -0.1095
vn 0.0237 -0.9970 -0.0743
vn -0.0895 -0.8344 -0.5439
vn -0.0966 -0.8429 -0.5294
vn -0.6523 -0.7547 -0.0702
vn -0.7967 -0.6044 0.0016
vn 0.0089 -0.7530 -0.6579
vn 0.0031 -0.7190 -0.6950
vn 0.0367 0.7130 -0.7002
vn 0.0213 0.8305 -0.5566
vn -0.0000 -0.1090 -0.9940
vn -0.0293 -0.2248 -0.9740
vn 0.0610 -0.9800 -0.1897
vn 0.0651 -0.9754 -0.2104
vn 0.0026 -0.8662 -0.4996
vn 0.0056 -0.8824 -0.4706
vn 0.0054 -0.3789 -0.9254
vn 0.0153 -0.3272 -0.9448
vn 0.0036 -0.9981 -0.0612
vn 0.0040 -0.9984 -0.0572
vn 0.1213 -0.9771 -0.1751
vn 0.0901 -0.9959 -0.0119
vn 0.1418 -0.9899 0.0061
vn 0.1301 -0.9899 0.0560
vn 0.0767 -0.9791 -0.1885
vn 0.0619 -0.9907 -0.1209
vn -0.0295 -0.1239 -0.9919
vn -0.0232 -0.1125 -0.9934
vn -0.0854 -0.1240 -0.9886
vn -0.0763 -0.0967 -0.9924
vn -0.6483 -0.7613 0.0145
vn -0.0020 -0.7944 -0.6074
vn -0.0748 0.9972 -0.0026
vn -0.0709 0.9975 0.0001
vn -0.1582 -0.9638 -0.2148
vn -0.1439 -0.9597 -0.2413
vn -0.1545 -0.9853 -0.0735
vn -0.1499 -0.9856 -0.0779
vn -0.0502 -0.2186 -0.9745
vn -0.0554 -0.2325 -0.9710
vn -0.1050 -0.1744 -0.9791
vn -0.0876 -0.1134 -0.9897
vn -0.1026 -0.7699 -0.6299
vn -0.1253 -0.8088 -0.5746
vn -0.0589 0.9983 0.0001
vn -0.3021 -0.9466 -0.1129
vn -0.2193 -0.9461 -0.2382
vn -0.3077 -0.9481 -0.0800
vn -0.3054 -0.9487 -0.0820
vn -0.0841 -0.2746 -0.9579
vn -0.0793 -0.2414 -0.9672
vn -0.0239 -0.3339 -0.9423
vn 0.0192 -0.2415 -0.9702
vn 0.0481 -0.6974 -0.7151
vn 0.0582 -0.6758 -0.7348
vn 0.1283 -0.9683 -0.2141
vn 0.1435 -0.9536 -0.2646
vn 0.0676 -0.8434 -0.5330
vn 0.0718 -0.8363 -0.5435
vn 0.1427 -0.9664 -0.2140
vn 0.1118 -0.9862 -0.1217
vn -0.0363 -0.1126 -0.9930
vn -0.0456 -0.1274 -0.9908
vn 0.0136 -0.5235 0.8519
vn 0.0117 -0.4948 0.8689
vn -0.0535 -0.3220 0.9452
vn -0.0614 -0.4038 0.9128
vn 0.1776 -0.9832 -0.0432
vn 0.9999 0.0120 0.0123
vn -0.0768 -0.2366 0.9686
vn -0.0624 -0.1743 0.9827
vn -0.7685 -0.6362 -0.0686
vn -0.7357 -0.6727 -0.0791
vn -0.7543 -0.6561 0.0234
vn -0.7508 -0.6602 0.0226
vn 0.9999 -0.0000 0.0111
vn 0.0311 -0.9995 -0.0090
vn -0.0825 -0.9966 -0.0009
vn -0.1076 -0.9935 0.0359
vn -0.0726 -0.9971 0.0210
vn -0.0751 -0.9969 0.0251
vn -0.6793 -0.7339 0.0003
vn -0.9303 -0.3657 -0.0271
vn -0.7967 -0.6044 0.0004
vn -0.0166 0.9891 -0.1463
vn 0.1528 0.9879 -0.0251
vn -0.0427 0.9871 -0.1543
vn -0.0427 0.9870 -0.1547
vn -0.0109 0.9575 -0.2882
vn 0.0098 0.9826 -0.1855
vn 0.0347 0.9207 -0.3887
vn 0.0499 0.9420 -0.3319
vn -0.0164 0.9707 -0.2395
vn 0.0013 0.9768 -0.2139
vn -0.1622 0.9122 -0.3763
vn -0.1508 0.9851 -0.0823
vn 0.0465 0.3162 0.9475
vn -0.0163 0.3948 0.9186
vn 0.0304 0.9957 -0.0875
vn 0.0304 0.9957 -0.0874
vn 0.0598 0.9832 -0.1722
vn 0.0806 0.9947 -0.0644
vn 0.1020 0.9662 -0.2369
vn 0.1144 0.9786 -0.1713
vn 0.0355 -0.9699 0.2409
vn 0.0462 -0.9599 0.2765
vn 0.1051 -0.9944 0.0085
vn 0.0994 -0.9944 0.0354
vn 0.0258 0.1894 -0.9816
vn 0.0258 0.1903 -0.9814
vn 0.1203 0.7335 -0.6690
vn 0.1051 0.7034 -0.7030
vn 0.1478 0.9374 -0.3152
vn 0.1484 0.9380 -0.3133
vn 0.1546 0.9794 -0.1297
vn 0.1523 0.9823 -0.1088
vn 0.0422 0.2336 -0.9714
vn 0.0304 0.1902 -0.9813
vn 0.1181 0.7698 -0.6272
vn 0.1009 0.7351 -0.6704
vn 0.1163 0.9116 -0.3942
vn 0.1394 0.9386 -0.3156
vn 0.1224 0.9844 -0.1267
vn 0.1247 0.9862 -0.1092
vn 0.0878 -0.7531 0.6520
vn 0.0878 -0.7534 0.6516
vn 0.0217 0.8039 0.5943
vn 0.0082 0.8990 0.4378
vn 0.0248 0.3019 -0.9530
vn 0.0271 0.2628 -0.9645
vn 0.0251 0.0357 -0.9990
vn 0.0171 -0.0600 -0.9981
vn 0.0703 0.8950 0.4406
vn 0.0432 0.9959 -0.0794
vn 0.0521 0.9903 0.1290
vn 0.0938 0.9706 -0.2215
vn 0.0242 0.9865 0.1617
vn 0.0257 0.9913 0.1294
vn 0.0196 0.0875 -0.9960
vn 0.0294 0.1569 -0.9872
vn 0.0237 0.4091 -0.9122
vn 0.0415 0.5399 -0.8407
vn 0.0282 0.7325 -0.6802
vn 0.0335 0.7648 -0.6434
vn 0.0369 0.9972 -0.0645
vn 0.0359 0.9955 -0.0875
vn -0.2720 0.7188 -0.6398
vn -0.2168 0.5050 -0.8354
vn 0.9986 0.0337 0.0395
vn 0.9894 -0.1229 -0.0771
vn -0.4994 0.6651 -0.5552
vn -0.5067 0.5077 -0.6968
vn -0.2081 0.8297 -0.5179
vn -0.2122 0.9034 -0.3726
vn -0.3374 0.9104 -0.2396
vn -0.2852 0.7410 -0.6079
vn -0.3223 0.9420 -0.0936
vn -0.3156 0.9001 -0.3003
vn -0.1611 0.1242 -0.9791
vn -0.0408 -0.3134 -0.9487
vn -0.5197 0.5890 -0.6189
vn -0.5225 0.5121 -0.6817
vn -0.1723 0.5575 -0.8121
vn -0.1599 0.5171 -0.8408
vn -0.4003 0.8672 -0.2963
vn -0.3827 0.8854 -0.2638
vn -0.2463 0.9584 -0.1444
vn -0.1135 0.9881 0.1034
vn -0.0100 0.9837 -0.1797
vn 0.0071 0.9703 -0.2416
vn 0.0368 0.9855 -0.1659
vn 0.0407 0.9829 -0.1796
vn 0.0328 0.9826 -0.1827
vn 0.0377 0.9854 -0.1659
vn -0.0007 0.0172 -0.9999
vn 0.0009 0.0259 -0.9997
vn -0.0021 0.0389 -0.9992
vn -0.0005 0.0283 -0.9996
vn -0.0007 -0.0186 -0.9998
vn -0.0007 -0.0188 -0.9998
vn 0.0003 -0.0189 -0.9998
vn -0.0009 -0.0232 -0.9997
vn -0.1254 0.9267 -0.3542
vn -0.1108 0.9406 -0.3210
vn -0.0300 -0.4927 -0.8697
vn 0.0514 -0.6586 -0.7507
vn -0.0044 -0.4496 -0.8932
vn -0.0299 -0.4917 -0.8702
vn 0.0127 -0.6597 -0.7514
vn 0.0129 -0.6594 -0.7517
vn 0.0171 -0.4459 -0.8949
vn 0.0143 -0.4496 -0.8931
vn 0.0319 -0.6595 -0.7510
vn -0.0144 -0.5113 -0.8593
vn 0.0244 -0.4458 -0.8948
vn 0.0179 -0.4314 -0.9020
vn 0.0409 0.8968 -0.4405
vn 0.0233 0.9103 -0.4133
vn 0.0071 0.9105 -0.4135
vn 0.0045 0.9124 -0.4094
vn 0.0330 0.8971 -0.4406
vn 0.0545 0.9122 -0.4060
vn 0.0590 0.9684 -0.2424
vn 0.0127 0.9963 -0.0851
vn 0.0878 0.9618 -0.2593
vn 0.0761 0.9673 -0.2421
vn 0.0149 0.9361 -0.3515
vn 0.0247 0.9499 -0.3114
vn 0.0189 0.9134 -0.4066
vn 0.0755 0.9474 -0.3109
vn -0.0202 0.9998 0.0002
vn -0.0244 0.9997 0.0048
vn -0.0479 0.2220 0.9739
vn -0.0056 0.2755 0.9613
vn -0.0033 0.2755 0.9613
vn -0.0572 0.3158 0.9471
vn -0.0056 0.1807 0.9835
vn -0.0224 0.2222 0.9748
vn -0.0093 1.0000 0.0018
vn -0.0312 0.9995 0.0003
vn -0.3650 0.8009 -0.4746
vn -0.2961 0.6473 -0.7024
vn -0.5880 0.6876 -0.4260
vn -0.3689 0.8060 -0.4628
vn -0.2784 0.9408 -0.1932
vn -0.4101 0.8976 -0.1616
vn -0.4034 0.7923 -0.4576
vn -0.4652 0.5548 -0.6898
vn -0.5388 0.8228 -0.1808
vn -0.6533 0.7290 -0.2041
vn 0.1572 0.1368 0.9780
vn 0.4394 0.6386 0.6318
vn 0.4924 0.1912 -0.8491
vn 0.3708 0.0264 -0.9283
vn 0.8656 -0.0015 -0.5008
vn 0.8857 0.0121 -0.4641
vn 0.5229 0.0958 -0.8470
vn 0.4850 0.0319 -0.8739
vn 0.2261 0.9100 -0.3476
vn 0.1874 0.8428 -0.5046
vn 0.3831 0.4211 -0.8221
vn 0.1769 0.1563 -0.9717
vn 0.6835 -0.0026 -0.7299
vn 0.8628 0.0792 -0.4992
vn 0.8855 -0.0225 -0.4640
vn 0.9095 -0.0012 -0.4157
vn 0.0529 0.9980 -0.0332
vn 0.4222 0.7906 0.4435
vn 0.1899 0.6595 -0.7273
vn 0.0429 0.9166 -0.3975
vn 0.0515 0.8739 -0.4834
vn 0.0056 0.9036 -0.4284
vn 0.1559 0.9007 -0.4054
vn 0.0562 0.9640 -0.2598
vn 0.0684 0.9152 -0.3971
vn 0.0386 0.9519 -0.3039
vn 0.1601 0.9403 -0.3002
vn 0.1228 0.9052 -0.4069
vn -1.0000 -0.0001 0.0020
vn -1.0000 -0.0000 0.0020
vn 0.0122 0.0249 0.9996
vn -0.0002 -0.0280 0.9996
vn 1.0000 -0.0001 -0.0027
vn 1.0000 -0.0000 -0.0027
vn 0.0033 -0.0000 -1.0000
vn 0.0002 1.0000 -0.0024
vn 0.0001 1.0000 -0.0022
vn -0.0322 -0.9990 -0.0300
vn -0.0140 -0.9969 -0.0775
vn -0.0130 -0.9999 -0.0081
vn -0.0329 -0.9986 0.0416
vn -0.0414 -0.9942 -0.0989
vn -0.0528 -0.9967 -0.0620
vn -0.0779 -0.9513 -0.2983
vn -0.0821 -0.9570 -0.2781
vn -0.1289 -0.7764 -0.6170
vn -0.1334 -0.7959 -0.5906
vn -0.1864 -0.3212 -0.9285
vn -0.1945 -0.3678 -0.9093
vn -0.2128 0.2128 -0.9536
vn -0.2050 0.1830 -0.9615
vn -0.1898 0.5555 -0.8096
vn -0.1931 0.5625 -0.8040
vn -0.1937 0.6944 -0.6930
vn -0.1859 0.6826 -0.7068
vn -0.1856 0.7325 -0.6550
vn -0.1935 0.7420 -0.6418
vn -0.1729 0.8475 -0.5018
vn -0.1937 0.8620 -0.4685
vn -0.2136 0.9587 -0.1875
vn -0.2065 0.9568 -0.2048
vn -0.0589 -0.9958 -0.0695
vn -0.0472 -0.9984 -0.0300
vn -0.0676 -0.9930 -0.0972
vn -0.0739 -0.9948 -0.0694
vn -0.0576 -0.9983 -0.0129
vn -0.0558 -0.9984 -0.0081
vn -0.0745 -0.9941 -0.0790
vn -0.0860 -0.9962 -0.0129
vn -0.0772 -0.9889 -0.1270
vn -0.0662 -0.9929 -0.0987
vn -0.1054 -0.9820 -0.1567
vn -0.1076 -0.9861 -0.1267
vn -0.1184 -0.9331 -0.3396
vn -0.1020 -0.9492 -0.2976
vn -0.1539 -0.9132 -0.3773
vn -0.1539 -0.9285 -0.3380
vn -0.1867 -0.7270 -0.6608
vn -0.1668 -0.7719 -0.6134
vn -0.2291 -0.6837 -0.6929
vn -0.2287 -0.7204 -0.6548
vn -0.2502 -0.2477 -0.9360
vn -0.2363 -0.3177 -0.9183
vn -0.2859 -0.2112 -0.9347
vn -0.2890 -0.2449 -0.9255
vn -0.2532 0.2307 -0.9395
vn -0.2503 0.2109 -0.9449
vn -0.2820 0.2238 -0.9329
vn -0.2809 0.2289 -0.9321
vn -0.2159 0.4937 -0.8424
vn -0.2294 0.5508 -0.8025
vn -0.2606 0.4642 -0.8465
vn -0.2519 0.4893 -0.8349
vn -0.1938 0.6709 -0.7158
vn -0.2021 0.6932 -0.6918
vn -0.2235 0.6309 -0.7429
vn -0.2327 0.6651 -0.7096
vn -0.2125 0.7711 -0.6002
vn -0.1921 0.7315 -0.6542
vn -0.2067 0.7595 -0.6168
vn -0.2114 0.7713 -0.6003
vn -0.2184 0.8471 -0.4845
vn -0.2134 0.8407 -0.4977
vn -0.2176 0.8722 -0.4381
vn -0.2031 0.8500 -0.4861
vn -0.2400 0.9616 -0.1331
vn -0.2254 0.9561 -0.1870
vn -0.2198 0.9693 -0.1103
vn -0.2146 0.9675 -0.1339
vn -0.0900 -0.9909 -0.1000
vn -0.0907 -0.9911 -0.0970
vn -0.0932 -0.9870 -0.1312
vn -0.1017 -0.9917 -0.0788
vn -0.1140 -0.9813 -0.1550
vn -0.1139 -0.9811 -0.1566
vn -0.1652 -0.9006 -0.4021
vn -0.1651 -0.9116 -0.3766
vn -0.2434 -0.6574 -0.7131
vn -0.2434 -0.6812 -0.6904
vn -0.2972 -0.2142 -0.9305
vn -0.2968 -0.2105 -0.9314
vn -0.2928 0.1785 -0.9394
vn -0.2671 0.4131 -0.8707
vn -0.2483 0.4658 -0.8493
vn -0.2343 0.6063 -0.7599
vn -0.2235 0.6309 -0.7430
vn -0.2059 0.7435 -0.6362
vn -0.2125 0.7586 -0.6160
vn -0.2237 0.9080 -0.3543
vn -0.1986 0.8758 -0.4399
vn -0.2162 0.9694 -0.1161
vn -0.2174 0.9698 -0.1103
vn -0.1557 -0.9799 -0.1249
vn -0.1502 -0.9837 -0.0993
vn -0.1801 -0.9611 -0.2097
vn -0.1560 -0.9791 -0.1302
vn -0.2032 -0.9498 -0.2379
vn -0.1725 -0.9729 -0.1537
vn -0.2363 -0.8841 -0.4032
vn -0.2337 -0.8879 -0.3964
vn -0.2957 -0.6501 -0.7000
vn -0.2965 -0.6473 -0.7021
vn -0.3233 -0.2457 -0.9138
vn -0.3275 -0.2120 -0.9208
vn -0.3038 0.1189 -0.9453
vn -0.3081 0.1776 -0.9346
vn -0.2727 0.3556 -0.8939
vn -0.2798 0.4115 -0.8674
vn -0.2462 0.5722 -0.7823
vn -0.2528 0.6034 -0.7563
vn -0.2490 0.7737 -0.5826
vn -0.2368 0.7382 -0.6317
vn -0.2499 0.9192 -0.3042
vn -0.2399 0.9044 -0.3529
vn -0.2431 0.9613 -0.1296
vn -0.2453 0.9626 -0.1153
vn -0.0001 -0.9970 -0.0775
vn -0.0300 -0.9995 -0.0125
vn -0.0292 -0.9987 0.0416
vn -0.0413 -0.9970 0.0649
vn -0.0469 -0.9970 -0.0620
vn -0.0486 -0.9971 -0.0582
vn -0.0628 -0.9584 -0.2785
vn -0.0556 -0.9527 -0.2986
vn -0.0795 -0.8005 -0.5940
vn -0.0681 -0.7744 -0.6290
vn -0.1018 -0.3730 -0.9222
vn -0.0948 -0.3455 -0.9336
vn -0.1277 0.1854 -0.9743
vn -0.1241 0.1773 -0.9763
vn -0.1688 0.5650 -0.8077
vn -0.1493 0.5401 -0.8283
vn -0.0024 -0.9999 -0.0125
vn -0.0256 -0.9993 0.0258
vn -0.0249 -0.9976 0.0650
vn -0.0379 -0.9958 0.0835
vn -0.0449 -0.9973 -0.0582
vn -0.0481 -0.9974 -0.0529
vn -0.0654 -0.9522 -0.2985
vn -0.0622 -0.9503 -0.3050
vn -0.0902 -0.7730 -0.6279
vn -0.0837 -0.7628 -0.6412
vn -0.1163 -0.3447 -0.9315
vn -0.1107 -0.3306 -0.9373
vn -0.1323 0.1771 -0.9753
vn -0.1306 0.1742 -0.9760
vn -0.1241 0.5420 -0.8312
vn -0.1437 0.5606 -0.8155
vn -0.1836 -0.9735 -0.1361
vn -0.1844 -0.9750 -0.1243
vn -0.1887 -0.9643 -0.1860
vn -0.1879 -0.9596 -0.2093
vn -0.2009 -0.9276 -0.3151
vn -0.1979 -0.9508 -0.2382
vn -0.2428 -0.8309 -0.5007
vn -0.2354 -0.8842 -0.4033
vn -0.2957 -0.6328 -0.7156
vn -0.2949 -0.6502 -0.7002
vn -0.3251 -0.3191 -0.8902
vn -0.3213 -0.2459 -0.9145
vn -0.3056 0.0063 -0.9521
vn -0.3104 0.1187 -0.9432
vn -0.2837 0.3220 -0.9032
vn -0.2854 0.3543 -0.8905
vn -0.2712 0.6461 -0.7134
vn -0.2650 0.5692 -0.7783
vn -0.2678 0.8425 -0.4674
vn -0.2575 0.7719 -0.5813
vn -0.2609 0.9343 -0.2428
vn -0.2554 0.9179 -0.3037
vn -0.2544 0.9533 -0.1628
vn -0.2571 0.9577 -0.1291
vn -0.0582 -0.9958 0.0707
vn -0.0515 -0.9974 0.0506
vn -0.0121 -0.9999 -0.0061
vn -0.0583 -0.9929 0.1032
vn -0.0058 -0.9949 -0.1011
vn 0.0070 -0.9987 -0.0503
vn 0.0225 -0.9852 -0.1702
vn -0.0390 -0.9444 -0.3265
vn -0.0487 -0.8686 -0.4931
vn -0.1148 -0.7243 -0.6799
vn -0.0215 0.7283 -0.6849
vn -0.0405 0.7163 -0.6966
vn 0.0157 0.7678 -0.6405
vn -0.0404 0.7279 -0.6844
vn -0.0343 -0.9969 0.0708
vn -0.0397 -0.9963 0.0764
vn -0.0405 -0.9992 -0.0061
vn -0.0238 -0.9995 -0.0227
vn -0.0236 -0.9946 -0.1011
vn -0.0080 -0.9929 -0.1183
vn -0.0064 -0.9854 -0.1702
vn -0.1130 -0.9888 -0.0972
vn -0.2879 0.9221 -0.2584
vn -0.2892 0.9265 -0.2407
vn -0.3248 0.6342 -0.7016
vn -0.3248 0.6349 -0.7010
vn -0.3503 0.2686 -0.8973
vn -0.3472 0.0062 -0.9378
vn -0.2341 -0.8724 -0.4290
vn -0.2322 -0.9210 -0.3128
vn -0.3099 -0.3355 -0.8896
vn -0.3122 -0.6294 -0.7117
vn -0.2106 -0.9602 -0.1835
vn -0.2106 -0.9599 -0.1851
vn 0.0050 0.9557 -0.2943
vn 0.0508 0.8860 -0.4610
vn 0.0427 0.6883 -0.7242
vn 0.0523 0.6747 -0.7362
vn -0.0921 0.8704 -0.4836
vn 0.0398 0.8350 -0.5489
vn -0.2837 0.8959 -0.3419
vn -0.3389 0.6170 -0.7103
vn -0.0410 0.6599 -0.7502
vn -0.0911 0.6019 -0.7934
vn -0.0413 0.5338 -0.8446
vn 0.0085 0.6606 -0.7507
vn -0.0024 0.7161 -0.6980
vn -0.0155 0.7798 -0.6259
vn -0.0153 0.8461 -0.5329
vn -0.0276 0.8353 -0.5491
vn 0.0035 0.8295 -0.5585
vn -0.0108 0.8871 -0.4615
vn -0.0120 0.8461 -0.5329
vn 0.0100 0.8165 -0.5773
vn -0.0012 0.7799 -0.6259
vn -0.0116 0.8294 -0.5585
vn -0.1053 0.9886 -0.1073
vn -0.0159 0.9702 -0.2417
vn 0.0003 -0.0223 -0.9998
vn -0.0001 -0.0216 -0.9998
vn -0.1009 0.9055 -0.4122
vn -0.1077 0.9070 -0.4072
vn -0.4535 -0.6723 -0.5851
vn -0.2506 -0.7118 -0.6561
vn -0.1848 0.8945 -0.4070
vn -0.1467 0.9144 -0.3774
vn -0.1158 0.9400 -0.3208
vn -0.1765 0.9098 -0.3756
vn -0.0423 0.5337 -0.8446
vn -0.0412 0.5373 -0.8424
vn 0.0399 0.8350 -0.5489
vn -0.0652 0.7972 -0.6002
vn -0.0397 0.7673 -0.6400
vn 0.0431 0.7987 -0.6002
vn -0.0010 0.0227 -0.9997
vn 0.0055 0.0333 -0.9994
vn 0.0093 0.0490 -0.9988
vn 0.0017 0.0333 -0.9994
vn -0.0013 -0.0223 -0.9998
vn 0.0008 -0.0189 -0.9998
vn -0.0010 -0.0198 -0.9998
vn -0.0005 -0.0189 -0.9998
vn -0.1431 0.9841 -0.1057
vn -0.0101 0.9977 0.0663
vn -0.0752 0.9918 0.1038
vn -0.1066 0.9921 0.0659
vn -0.1543 -0.5797 -0.8001
vn -0.1992 -0.6093 -0.7675
vn -0.1888 -0.5771 -0.7945
vn -0.1003 -0.5250 -0.8452
vn -0.4360 -0.3803 -0.8157
vn -0.2961 -0.2333 -0.9262
vn -0.0324 -0.5100 -0.8596
vn -0.0458 -0.4915 -0.8697
vn -0.0843 -0.5088 -0.8567
vn -0.1098 -0.5245 -0.8443
vn -0.0412 -0.9962 0.0764
vn -0.0977 -0.9950 0.0216
vn -0.0450 -0.9987 -0.0227
vn -0.0293 -0.9988 -0.0382
vn -0.0348 -0.9924 -0.1182
vn -0.1072 -0.9937 -0.0321
vn -0.0712 -0.9927 -0.0977
vn -0.1071 -0.9871 -0.1190
vn -0.1252 -0.9038 -0.4092
vn -0.1838 -0.8548 -0.4853
vn -0.0458 -0.4925 -0.8691
vn -0.0809 -0.5443 -0.8350
vn -0.0647 -0.9979 0.0043
vn -0.1679 -0.9431 -0.2870
vn -0.0836 -0.9533 -0.2901
vn -0.1787 -0.8967 -0.4051
vn -0.1134 -0.5416 -0.8329
vn -0.1913 -0.6104 -0.7687
vn 0.0417 0.8158 -0.5768
vn -0.0008 0.6906 -0.7233
vn -0.1956 -0.5763 -0.7935
vn -0.3775 -0.6239 -0.6842
vn 0.0004 -0.9987 0.0504
vn 0.0001 -0.9987 0.0507
vn -0.0090 -0.9996 0.0258
vn 0.0010 -0.9987 0.0504
vn 0.0012 -0.9949 0.1006
vn -0.0020 -0.9946 0.1034
vn -0.0164 -0.9964 0.0835
vn -0.0075 -0.9949 0.1006
vn -0.0096 -0.9987 -0.0506
vn -0.0099 -0.9987 -0.0503
vn -0.0238 -0.9983 -0.0529
vn -0.0227 -0.9985 -0.0506
vn -0.0295 -0.9462 -0.3221
vn -0.0256 -0.9448 -0.3266
vn -0.0345 -0.9516 -0.3053
vn -0.0423 -0.9458 -0.3219
vn -0.0590 -0.7372 -0.6731
vn -0.0493 -0.7282 -0.6836
vn -0.0515 -0.7645 -0.6426
vn -0.0677 -0.7368 -0.6727
vn -0.0904 -0.3214 -0.9426
vn -0.0928 -0.3249 -0.9412
vn -0.0911 -0.3313 -0.9391
vn -0.0949 -0.3213 -0.9422
vn -0.0668 0.7039 -0.7072
vn -0.0903 0.7140 -0.6943
vn -0.1172 0.6865 -0.7177
vn -0.1299 0.6995 -0.7027
vn -0.1114 0.1789 -0.9776
vn -0.1184 0.1859 -0.9754
vn -0.1195 0.1744 -0.9774
vn -0.1213 0.1787 -0.9764
vn -0.1137 0.5857 -0.8025
vn -0.0879 0.6020 -0.7936
vn -0.1351 0.5613 -0.8165
vn -0.1207 0.5853 -0.8018
vn -0.1397 0.4858 -0.8628
vn -0.1160 0.7109 -0.6936
vn -0.0780 0.8436 -0.5312
vn -0.1411 0.8919 -0.4296
vn -0.1407 0.5233 -0.8404
vn -0.0721 0.2177 -0.9733
vn -0.0909 0.8912 -0.4444
vn -0.1369 0.8168 -0.5605
vn -0.1187 0.1250 -0.9850
vn -0.1905 0.5143 -0.8362
vn -0.1370 0.6954 -0.7054
vn -0.1474 0.6838 -0.7146
vn -0.1341 0.4355 -0.8902
vn -0.1504 0.5226 -0.8392
vn -0.0505 0.9331 -0.3560
vn -0.0938 0.8889 -0.4483
vn -0.1712 0.8124 -0.5574
vn -0.0884 0.7529 -0.6521
vn -0.5800 0.6451 -0.4975
vn -0.5932 0.6276 -0.5042
vn -0.3323 0.9170 -0.2209
vn -0.3256 0.9196 -0.2199
vn -0.1747 0.9628 -0.2060
vn -0.1950 0.9562 -0.2182
vn -0.1757 0.6839 -0.7081
vn -0.1704 0.6918 -0.7017
vn -0.1913 0.8710 -0.4525
vn -0.1604 0.8301 -0.5341
vn -0.2932 0.8281 -0.4777
vn -0.1956 0.8764 -0.4401
vn -0.2214 0.8568 -0.4657
vn -0.1409 0.8869 -0.4399
vn -0.2067 0.6838 -0.6997
vn -0.1734 0.7212 -0.6707
vn -0.0246 -0.0599 -0.9979
vn -0.0096 -0.1684 -0.9857
vn -0.0320 -0.1494 -0.9883
vn -0.0247 -0.1709 -0.9850
vn -0.0025 0.1521 -0.9884
vn 0.0276 0.3018 -0.9530
vn 0.0421 0.9484 -0.3144
vn 0.0246 0.9029 -0.4291
vn 0.0187 0.9830 -0.1827
vn 0.0596 0.9464 -0.3176
vn 0.0666 -0.2259 -0.9719
vn -0.0146 0.0489 -0.9987
vn 0.0379 0.8302 -0.5562
vn 0.0440 0.8486 -0.5272
vn -0.0112 0.0133 0.9998
vn -0.0162 -0.0037 0.9999
vn -0.0113 0.0046 0.9999
vn -0.0111 0.0060 0.9999
vn 0.0043 0.0032 -1.0000
vn 0.0001 -0.0115 -0.9999
vn 0.0018 0.0052 -1.0000
vn 0.0002 -0.0040 -1.0000
vn -0.9285 -0.3588 0.0955
vn -0.9488 -0.3113 0.0538
vn -0.9396 -0.3404 0.0366
vn -0.9507 -0.3090 0.0256
vn -0.4224 -0.3796 0.8231
vn -0.9519 -0.2808 0.1227
vn -0.2106 0.6013 -0.7708
vn -0.2402 0.5853 -0.7744
vn -0.3045 0.8243 -0.4773
vn -0.3442 0.8045 -0.4841
vn -0.2736 0.0844 -0.9581
vn -0.1124 0.1804 -0.9771
vn 0.0370 -0.2938 -0.9552
vn 0.0057 -0.3233 -0.9463
vn 0.2973 0.6218 -0.7245
vn 0.0608 0.4296 -0.9010
vn -0.3696 0.9135 -0.1702
vn -0.3833 0.9073 -0.1731
vn -0.9368 -0.3498 -0.0024
vn -0.9807 -0.1952 -0.0081
vn 0.4275 -0.4104 0.8055
vn 0.3346 -0.4944 0.8023
vn 0.2864 -0.1499 0.9463
vn -0.2675 -0.0028 0.9635
vn 0.1427 0.4493 0.8819
vn 0.1572 0.4427 0.8828
vn 0.0174 -0.7070 -0.7070
vn 0.0101 -0.8001 -0.5998
vn 0.0355 -0.9871 0.1563
vn 0.0223 -0.9984 0.0512
vn -0.0260 0.8907 0.4538
vn 0.0427 0.8475 0.5290
vn 0.0142 0.8909 -0.4540
vn 0.0143 0.8909 -0.4540
vn 0.0129 0.1564 -0.9876
vn 0.0195 0.2064 -0.9783
vn 0.1312 -0.9882 -0.0790
vn 0.0975 -0.9585 0.2679
vn -0.2741 0.1504 0.9499
vn 0.0799 0.0950 0.9923
vn 0.0907 0.7042 0.7042
vn 0.0159 0.7909 0.6117
vn 0.0631 -0.7057 0.7057
vn 0.0631 -0.7058 0.7056
vn 0.0173 -0.3702 -0.9288
vn 0.0118 -0.3494 -0.9369
vn 0.0197 -0.9951 -0.0973
vn 0.0251 -0.9968 -0.0757
vn -0.0113 0.5190 -0.8547
vn -0.0199 0.5539 -0.8323
vn 0.0180 0.0291 -0.9994
vn 0.0180 0.0290 -0.9994
vn -0.0741 0.9661 -0.2475
vn -0.0561 0.9498 -0.3077
vn -0.0549 0.9834 0.1728
vn -0.0393 0.9934 0.1079
vn 0.0016 0.2424 -0.9702
vn 0.0112 0.2064 -0.9784
vn 0.0523 -0.9825 0.1788
vn 0.0324 -0.9942 0.1027
vn 0.0273 -0.8354 -0.5490
vn 0.0069 -0.8001 -0.5998
vn -0.0345 0.7523 -0.6579
vn -0.0552 0.8067 -0.5884
vn 0.0211 -0.9998 0.0004
vn 0.0320 -0.9982 0.0512
vn 0.0167 -0.6647 -0.7469
vn 0.0145 -0.6582 -0.7527
vn 0.0235 -0.9630 -0.2685
vn 0.0187 -0.9585 -0.2846
vn 0.0124 -0.2911 -0.9566
vn 0.0153 -0.3105 -0.9505
vn -0.0200 0.5880 -0.8086
vn -0.0298 0.6320 -0.7744
vn 0.0719 -0.9606 0.2685
vn 0.0737 -0.9583 0.2760
vn 0.0103 0.9762 -0.2165
vn 0.0139 0.9945 -0.1036
vn -0.0616 0.9927 -0.1034
vn -0.0524 0.9965 -0.0646
vn 0.0209 0.6017 -0.7984
vn 0.0326 0.5538 -0.8320
vn 0.0163 0.0860 -0.9962
vn 0.0105 0.0354 -0.9993
vn 0.0213 0.2628 -0.9646
vn 0.0244 0.2920 -0.9561
vn 0.0189 0.7115 -0.7025
vn 0.0339 0.6016 -0.7981
vn 0.0115 0.8453 -0.5342
vn 0.0203 0.7900 -0.6128
vn 0.0114 0.5437 -0.8392
vn -0.0078 -0.3525 0.9358
vn -0.0148 -0.3231 0.9462
vn -0.0149 -0.3231 0.9462
vn 0.0194 0.5225 -0.8524
vn -0.0282 0.9142 -0.4042
vn -0.0339 0.9361 -0.3501
vn -0.0256 0.8855 0.4639
vn -0.0194 0.9111 0.4118
vn -0.0399 0.5732 -0.8184
vn -0.0386 0.5828 -0.8117
vn -0.0334 0.0547 0.9979
vn -0.0342 0.0695 0.9970
vn -0.0528 0.1062 -0.9929
vn -0.0509 0.1253 -0.9908
vn -0.0237 0.5125 0.8583
vn -0.0246 0.5230 0.8520
vn -0.0164 0.9987 -0.0479
vn -0.0076 0.9993 -0.0379
vn 0.0301 0.9994 -0.0157
vn 0.0447 0.9986 -0.0295
vn 0.0357 -0.9990 -0.0255
vn 0.0561 -0.9984 -0.0049
vn 0.0134 -0.9999 -0.0101
vn 0.0379 -0.9991 0.0211
vn -0.0424 -0.9914 -0.1238
vn 0.0079 -0.9975 -0.0702
vn 0.0042 -0.9998 -0.0168
vn -0.0003 -0.9996 -0.0287
vn -0.4217 0.7877 -0.4491
vn -0.4518 0.7490 -0.4846
vn 0.0079 -0.9998 -0.0154
vn 0.0134 -0.9999 -0.0085
vn -0.6604 -0.2474 -0.7090
vn -0.6485 -0.3158 -0.6926
vn -0.6562 -0.1787 -0.7331
vn -0.6574 -0.1679 -0.7346
vn -0.6580 -0.1682 -0.7340
vn -0.6490 -0.2412 -0.7215
vn 0.0182 0.6558 -0.7547
vn 0.0327 0.2616 -0.9646
vn -0.2835 0.5049 -0.8153
vn -0.2915 0.4364 -0.8512
vn 0.0025 -0.9973 -0.0732
vn -0.0000 -0.9971 -0.0764
vn 0.0166 -0.6029 -0.7976
vn 0.0329 -0.1913 -0.9810
vn -0.2962 -0.3840 -0.8745
vn -0.2912 -0.4380 -0.8505
vn -0.6567 0.2717 -0.7035
vn -0.5316 0.6434 -0.5509
vn 0.9974 -0.0000 0.0719
vn 0.9838 -0.1720 0.0498
vn 0.0028 -0.0000 -1.0000
vn -0.0023 0.9998 -0.0183
vn 0.0084 0.9999 0.0090
vn 0.0011 0.9995 -0.0329
vn -0.0000 0.9994 -0.0344
vn 0.0536 0.9986 -0.0050
vn 0.0429 0.9990 -0.0153
vn 0.0694 -0.9976 -0.0045
vn 0.0650 -0.9978 -0.0089
vn 0.0042 -0.9998 -0.0172
vn -0.0000 -0.9997 -0.0234
vn -0.6187 0.4293 -0.6579
vn -0.6190 0.4283 -0.6583
vn -0.3237 -0.8748 -0.3604
vn -0.3912 -0.8092 -0.4383
vn -0.2180 -0.9422 -0.2543
vn -0.3210 -0.8700 -0.3742
vn -0.0061 -0.9998 -0.0197
vn -0.2168 -0.9399 -0.2638
vn -0.6637 -0.1835 -0.7251
vn -0.5185 -0.6356 -0.5720
vn 0.0109 0.9998 0.0154
vn 0.0027 1.0000 0.0047
vn -0.0370 0.9979 -0.0527
vn 0.0110 0.9998 0.0150
vn -0.6868 0.0259 -0.7264
vn -0.6743 0.2071 -0.7088
vn -0.6771 0.0146 -0.7358
vn -0.6695 -0.1204 -0.7330
vn -0.0000 -0.0125 0.9999
vn -0.0000 -0.0126 0.9999
vn 0.1104 0.9921 0.0588
vn 0.0973 0.9952 0.0024
vn 0.0983 -0.9951 -0.0039
vn 0.1082 -0.9934 0.0387
vn -0.0022 -0.0016 1.0000
vn -0.0023 -0.0000 1.0000
vn -0.0123 0.9998 -0.0135
vn -0.0116 0.9999 -0.0085
vn 0.0005 -0.9993 -0.0379
vn 0.0041 -0.9976 -0.0687
vn -0.0190 0.0033 -0.9998
vn -0.0189 0.0009 -0.9998
vn 0.9992 -0.0003 -0.0400
vn 0.9992 -0.0003 -0.0401
vn 0.9992 -0.0002 -0.0400
vn 0.9992 0.0005 -0.0402
vn 0.5423 -0.8389 -0.0465
vn 0.5509 -0.8328 -0.0548
vn 0.5394 0.8417 -0.0256
vn 0.5478 0.8359 -0.0338
vn 0.3094 -0.0015 0.9509
vn 0.3090 -0.0010 0.9511
vn 0.2060 -0.9776 -0.0420
vn 0.2084 -0.9771 -0.0437
vn 0.2115 0.9772 -0.0179
vn 0.2130 0.9769 -0.0190
vn 0.3084 0.0006 -0.9512
vn 0.3082 0.0002 -0.9513
vn 0.1193 -0.0016 0.9929
vn 0.0624 -0.9973 -0.0390
vn 0.0641 -0.9971 -0.0398
vn 0.0644 0.9978 -0.0150
vn 0.0641 0.9978 -0.0151
vn 0.0845 0.0009 -0.9964
vn 0.0842 0.0006 -0.9964
vn 0.6824 -0.6431 0.3474
vn 0.7628 -0.4759 0.4378
vn 0.6378 0.6983 0.3250
vn 0.7583 0.4732 0.4483
vn 0.7395 -0.4568 -0.4944
vn 0.6382 -0.6617 -0.3935
vn 0.7423 0.4613 -0.4860
vn 0.6098 0.7106 -0.3509
vn 0.3602 -0.6773 0.6415
vn 0.3607 -0.6761 0.6425
vn 0.3604 0.6682 0.6508
vn 0.3609 0.6671 0.6517
vn 0.3486 -0.6459 -0.6792
vn 0.3490 -0.6448 -0.6800
vn 0.3547 0.6531 -0.6691
vn 0.3552 0.6519 -0.6700
vn 0.1303 -0.7161 0.6857
vn 0.1303 -0.7161 0.6858
vn 0.1303 0.7066 0.6955
vn 0.1304 0.7064 0.6957
vn 0.1028 -0.6885 -0.7179
vn 0.1030 -0.6882 -0.7181
vn 0.1040 0.6975 -0.7090
vn 0.1040 0.6976 -0.7089
vn -0.0000 0.9998 -0.0221
vn -0.0050 0.9996 -0.0293
vn 0.0020 -0.4849 -0.8746
vn 0.0022 -0.4850 -0.8745
vn 0.0019 1.0000 -0.0093
vn 0.0034 1.0000 -0.0079
vn 0.0374 -0.9335 -0.3567
vn 0.0327 -0.9270 -0.3736
vn 0.0239 -0.9328 0.3595
vn 0.0258 -0.9351 0.3535
vn -0.0297 -0.9328 0.3592
vn -0.0380 -0.9445 0.3263
vn -0.0372 -0.9270 -0.3733
vn -0.0332 -0.9328 -0.3589
vn -0.0500 -0.3527 0.9344
vn -0.0469 -0.3665 0.9292
vn -0.0480 -0.3469 -0.9367
vn -0.0602 -0.2882 -0.9557
vn -0.1120 -0.9405 0.3208
vn -0.0941 -0.9068 0.4109
vn -0.0816 -0.8611 -0.5019
vn -0.1052 -0.9164 -0.3863
vn -0.1854 -0.4158 0.8903
vn -0.2123 -0.2446 0.9461
vn -0.1996 -0.0300 -0.9794
vn -0.1631 -0.3679 -0.9154
vn -0.0407 -0.7618 -0.6465
vn -0.0410 -0.7609 -0.6475
vn -0.0543 -0.7676 0.6387
vn -0.0693 -0.7152 0.6954
vn -0.1426 -0.7086 0.6910
vn -0.1996 -0.5191 0.8311
vn -0.1355 -0.7035 -0.6977
vn -0.1789 -0.5772 -0.7968
vn 0.0165 -0.7622 -0.6471
vn 0.0285 -0.8019 -0.5967
vn 0.0120 -0.8035 0.5952
vn 0.0006 -0.7703 0.6377
vn -0.0030 -0.3411 -0.9400
vn -0.0015 -0.3470 -0.9379
vn -0.0236 -0.3667 0.9301
vn -0.0298 -0.3438 0.9386
vn -0.0373 -0.9445 0.3263
vn -0.0377 -0.9452 0.3243
vn -0.0378 -0.9327 -0.3588
vn -0.0452 -0.9200 -0.3893
vn -0.1033 -0.2486 0.9631
vn -0.0862 -0.3521 0.9320
vn -0.0901 -0.2878 -0.9534
vn -0.1235 -0.0301 -0.9919
vn -0.0591 -0.7602 -0.6470
vn -0.0737 -0.7089 -0.7015
vn -0.0374 -0.7698 0.6372
vn -0.0378 -0.7682 0.6391
vn 0.1949 0.3360 0.9215
vn 0.1942 0.3369 0.9213
vn 0.1062 0.9291 0.3543
vn 0.1064 0.9303 -0.3510
vn 0.1947 0.3386 -0.9206
vn 0.1944 0.3391 -0.9204
vn 0.1299 0.7962 0.5909
vn 0.1303 0.7958 0.5914
vn 0.1300 0.7975 -0.5892
vn 0.1305 0.7970 -0.5897
vn 0.9999 0.0127 -0.0001
vn -0.0454 0.9322 -0.3591
vn -0.0539 0.9438 -0.3262
vn -0.0527 0.9262 0.3732
vn -0.0489 0.9321 0.3588
vn -0.0561 0.3511 -0.9346
vn -0.0531 0.3659 -0.9291
vn -0.0539 0.3457 0.9368
vn -0.0651 0.2867 0.9558
vn -0.1279 0.9385 -0.3206
vn -0.1094 0.9051 -0.4108
vn -0.0961 0.8593 0.5024
vn -0.1207 0.9144 0.3863
vn -0.1912 0.4205 -0.8869
vn -0.2165 0.2407 -0.9461
vn -0.2002 0.0266 0.9794
vn -0.1692 0.3661 0.9151
vn -0.0535 0.7613 0.6462
vn -0.0538 0.7602 0.6474
vn -0.0672 0.7664 -0.6388
vn -0.0813 0.7138 -0.6956
vn -0.1546 0.7061 -0.6911
vn -0.2084 0.5149 -0.8315
vn -0.1476 0.7008 0.6979
vn -0.1886 0.5747 0.7963
vn 0.0038 0.7627 0.6468
vn 0.0150 0.8025 0.5964
vn -0.0014 0.8036 -0.5952
vn -0.0123 0.7700 -0.6379
vn -0.0087 0.3415 0.9399
vn -0.0075 0.3466 0.9380
vn 0.0217 0.9339 0.3570
vn 0.0171 0.9275 0.3735
vn 0.0083 0.9332 -0.3593
vn 0.0101 0.9354 -0.3535
vn -0.0295 0.3664 -0.9300
vn -0.0355 0.3429 -0.9387
vn -0.0531 0.9438 -0.3262
vn -0.0536 0.9445 -0.3240
vn -0.0535 0.9319 0.3587
vn -0.0607 0.9191 0.3893
vn -0.1074 0.2466 -0.9632
vn -0.0921 0.3499 -0.9323
vn -0.0950 0.2857 0.9536
vn -0.1240 0.0281 0.9919
vn -0.0719 0.7592 0.6469
vn -0.0857 0.7073 0.7017
vn -0.0504 0.7689 -0.6374
vn -0.0508 0.7674 -0.6392
vn 0.2004 -0.3333 -0.9213
vn 0.2003 -0.3335 -0.9212
vn 0.1219 -0.9270 -0.3547
vn 0.1217 -0.9271 -0.3545
vn 0.1219 -0.9284 0.3511
vn 0.1218 -0.9284 0.3509
vn 0.2003 -0.3350 0.9207
vn 0.1998 -0.3357 0.9205
vn 0.1433 -0.7939 -0.5910
vn 0.1435 -0.7937 -0.5911
vn 0.1434 -0.7949 0.5895
vn 0.1436 -0.7947 0.5898
vn 1.0000 0.0062 -0.0000
vn -0.2240 0.3404 -0.9132
vn -0.2071 0.3011 -0.9308
vn 0.2169 -0.0666 0.9739
vn -0.2172 -0.0000 -0.9761
vn 0.2129 -0.1965 -0.9571
vn 0.2130 -0.1966 -0.9571
vn -0.2174 -0.0000 0.9761
vn 0.2131 -0.1967 0.9570
vn 0.2131 -0.1968 0.9570
vn 0.2167 -0.0665 -0.9740
vn 0.2167 -0.0666 -0.9740
vn -0.2073 0.3013 0.9307
vn -0.2242 0.3406 0.9131
vn -0.0000 -0.6104 -0.7921
vn -0.0062 -0.3783 -0.9256
vn -0.0000 -0.6105 0.7920
vn -0.0062 -0.3784 0.9256
vn -0.2017 -0.3706 -0.9066
vn -0.2137 -0.4114 -0.8860
vn 0.1572 -0.6897 -0.7068
vn 0.1603 -0.7298 -0.6646
vn -0.2019 -0.3707 0.9066
vn -0.2141 -0.4120 0.8857
vn 0.1573 -0.6898 0.7067
vn 0.1604 -0.7305 0.6638
vn 0.0039 1.0000 -0.0060
vn 0.0040 1.0000 -0.0077
vn -0.0000 -0.9993 -0.0387
vn 0.0379 -0.9992 0.0088
vn 0.0583 0.2827 0.9574
vn 0.0731 0.2483 0.9659
vn 0.1146 0.4301 0.8955
vn 0.0584 0.2980 0.9528
vn -0.0000 0.2935 0.9560
vn -0.0110 0.3071 0.9516
vn -0.2257 -0.3072 -0.9245
vn -0.2332 -0.3020 -0.9243
vn -0.1850 -0.1381 -0.9730
vn -0.1156 -0.1724 -0.9782
vn -0.1835 -0.1273 -0.9747
vn -0.2271 -0.0822 -0.9704
vn -0.0106 -0.2762 -0.9610
vn 0.0004 -0.2896 -0.9572
vn 0.0138 -0.2841 -0.9587
vn 0.0120 -0.2800 -0.9599
vn 0.0120 -0.2957 -0.9552
vn 0.0457 -0.2135 -0.9759
vn 1.0000 -0.0006 -0.0000
vn 1.0000 -0.0005 0.0002
vn -0.2322 0.2650 0.9359
vn -0.2493 0.2743 0.9288
vn -0.1638 0.4312 0.8873
vn -0.1441 0.4240 0.8941
vn -0.2491 0.4884 0.8363
vn -0.1653 0.4211 0.8918
vn -0.3271 0.6682 -0.6682
vn -0.3268 0.6680 -0.6686
vn -0.3267 0.6687 0.6679
vn 0.3334 0.6670 0.6663
vn -0.3275 -0.6689 0.6673
vn -0.3264 -0.6681 0.6686
vn 0.3337 -0.6663 0.6669
vn 0.0879 -0.0000 -0.9961
vn 0.0878 0.7049 -0.7039
vn 0.0884 0.7041 0.7045
vn 0.0887 -0.0000 0.9961
vn -0.0789 0.7051 0.7047
vn -0.0791 0.7049 0.7049
vn -0.0786 -0.0000 0.9969
vn -0.0791 -0.7051 -0.7047
vn -0.0080 -0.0000 -1.0000
vn -0.0084 0.7077 -0.7064
vn 0.0054 0.7071 -0.7071
vn 0.0054 0.7069 -0.7073
vn 0.0053 0.7071 0.7071
vn 0.0052 0.7069 0.7073
vn -0.0084 -0.0000 1.0000
vn 0.0052 -0.0000 1.0000
vn -0.0082 -0.7066 0.7075
vn -0.0084 -0.7071 0.7071
vn 0.0053 -0.7071 0.7071
vn 0.2100 0.6918 -0.6909
vn 0.2112 0.6912 0.6911
vn 0.2108 -0.6909 0.6915
vn 0.2096 -0.6908 -0.6920
vn -0.1981 0.6931 -0.6931
vn -0.1981 0.6928 0.6934
vn -0.1975 0.6934 0.6930
vn -0.1984 -0.6928 -0.6933
vn -0.0000 0.7079 -0.7064
vn -0.0000 0.7069 0.7074
vn -0.0000 -0.7076 -0.7066
vn -0.3953 0.9186 -0.0000
vn -0.3945 0.6503 0.6493
vn -0.3951 0.6496 0.6496
vn 0.4019 0.6488 0.6462
vn 0.4007 0.6483 0.6474
vn -0.3948 -0.6510 -0.6483
vn -0.3960 -0.6496 -0.6490
vn 0.4005 -0.6483 -0.6476
vn 0.4020 -0.6488 -0.6461
vn 0.1097 -0.7028 0.7028
vn 0.1100 -0.7025 0.7031
vn 0.1100 -0.7028 -0.7028
vn 0.1090 -0.7020 -0.7038
vn -0.0981 -0.0000 -0.9952
vn -0.0985 0.7034 0.7040
vn -0.0985 -0.0000 0.9951
vn -0.0988 -0.7042 0.7031
vn -0.0980 -0.7035 0.7039
vn -0.0976 -0.7043 -0.7032
vn 0.0066 -0.0000 -1.0000
vn 0.0068 0.7066 -0.7076
vn 0.0066 0.7068 0.7074
vn 0.0065 0.7066 0.7076
vn -0.0099 -0.0000 1.0000
vn 0.0064 -0.0000 1.0000
vn -0.0105 -0.7076 -0.7066
vn 0.2591 -0.0000 -0.9659
vn 0.2602 0.6822 -0.6833
vn 0.2601 0.6842 0.6814
vn 0.2598 -0.6826 0.6831
vn 0.2580 -0.6842 0.6821
vn 0.2588 -0.6822 -0.6839
vn 0.2603 -0.6831 -0.6824
vn -0.2427 -0.0000 -0.9701
vn -0.2434 0.6858 -0.6858
vn -0.2430 0.6857 -0.6862
vn -0.2438 0.6855 0.6861
vn -0.2433 -0.0000 0.9699
vn -0.2437 -0.6863 0.6853
vn -0.2430 -0.6865 -0.6853
vn 0.3333 0.6664 -0.6669
vn -0.3273 0.6679 0.6684
vn 0.3324 -0.6677 0.6661
vn -0.3263 -0.6688 -0.6680
vn -0.3270 -0.6680 -0.6685
vn 0.3326 -0.6663 -0.6674
vn 0.3338 -0.6669 -0.6662
vn 0.0882 -0.7044 0.7043
vn 0.0884 -0.7041 0.7046
vn 0.0878 -0.7044 -0.7044
vn 0.0882 -0.7048 -0.7039
vn -0.0794 -0.0000 -0.9968
vn -0.0789 0.7049 -0.7049
vn -0.0794 0.7055 -0.7042
vn -0.0793 -0.7051 0.7046
vn -0.0787 -0.7045 0.7054
vn -0.0793 -0.7049 -0.7049
vn 0.0054 -0.0000 -1.0000
vn -0.0081 0.7071 -0.7071
vn -0.0084 0.7071 0.7071
vn -0.0081 -0.7073 -0.7069
vn -0.0082 -0.7071 -0.7071
vn 0.0054 -0.7071 -0.7071
vn 0.2109 -0.6909 0.6915
vn 0.2108 -0.6917 -0.6907
vn -0.1978 0.6929 -0.6934
vn -0.1978 -0.6929 0.6934
vn -0.1983 -0.6933 0.6928
vn -0.1981 -0.6931 -0.6931
vn 0.0066 -0.7076 -0.7066
vn -0.0000 0.7079 -0.7063
vn -0.0000 -0.7066 0.7076
vn -0.3960 -0.0000 -0.9183
vn -0.3960 -0.0000 -0.9182
vn -0.3955 0.6495 -0.6494
vn 0.4013 0.6484 -0.6470
vn 0.4022 0.6474 -0.6474
vn 0.4004 0.9164 -0.0000
vn -0.3946 -0.0000 0.9188
vn -0.3947 -0.0000 0.9188
vn 0.4018 -0.0000 0.9157
vn -0.3959 -0.6511 0.6476
vn -0.3941 -0.6502 0.6495
vn 0.4013 -0.6486 0.6467
vn 0.4002 -0.6498 0.6462
vn 0.1094 0.7024 -0.7034
vn 0.1094 0.7023 -0.7035
vn 0.1094 0.7023 0.7034
vn 0.1100 0.7028 0.7028
vn -0.0979 0.7034 -0.7040
vn -0.0982 0.7037 -0.7037
vn -0.0988 0.7032 0.7041
vn -0.0980 -0.7040 -0.7034
vn -0.0106 -0.0000 -0.9999
vn -0.0103 0.7071 -0.7071
vn -0.0108 0.7078 -0.7063
vn 0.0064 0.7078 -0.7064
vn -0.0103 0.7066 0.7076
vn -0.0101 0.7068 0.7073
vn -0.0103 -0.7068 0.7073
vn -0.0101 -0.7066 0.7076
vn 0.0066 -0.7066 0.7076
vn -0.0106 -0.7073 -0.7068
vn 0.2590 -0.0000 -0.9659
vn 0.2585 0.6838 -0.6824
vn 0.2581 0.6831 0.6832
vn 0.2585 -0.0000 0.9660
vn 0.2584 -0.0000 0.9660
vn -0.2433 0.6859 0.6859
vn -0.2433 -0.0000 0.9700
vn -0.2435 -0.6862 0.6855
vn -0.2433 -0.6862 -0.6855
vn -0.4611 -0.4678 -0.7540
vn -0.4594 -0.4662 -0.7561
vn 0.1352 -0.6058 -0.7841
vn 0.1388 -0.6269 -0.7666
vn -0.5941 -0.3424 -0.7279
vn -0.7529 -0.4201 -0.5066
vn -0.0000 -0.7220 -0.6919
vn -0.4592 -0.4661 0.7562
vn -0.4610 -0.4677 0.7542
vn 0.1388 -0.6267 0.7668
vn 0.1352 -0.6056 0.7842
vn -0.7528 -0.4200 0.5068
vn -0.5940 -0.3423 0.7280
vn -0.0000 -0.7218 0.6921
vn 0.2870 0.9579 -0.0000
vn -0.7674 0.6412 -0.0000
vn 0.0872 -0.9962 -0.0000
vn -0.3305 0.4006 0.8546
vn -0.3526 0.4457 0.8229
vn -0.0871 0.9962 0.0001
vn -0.0872 0.9962 -0.0002
vn 0.3317 -0.0710 -0.9407
vn 0.3317 -0.0709 -0.9407
vn -0.3243 -0.0284 0.9455
vn 0.3358 -0.2596 0.9055
vn 0.3357 -0.2595 0.9055
vn -0.3246 -0.0284 -0.9454
vn 0.3360 -0.2598 -0.9053
vn 0.3359 -0.2597 -0.9054
vn -0.0871 0.9962 -0.0001
vn -0.0872 0.9962 0.0002
vn 0.3315 -0.0709 0.9408
vn 0.3314 -0.0709 0.9408
vn -0.3528 0.4459 -0.8226
vn -0.3307 0.4008 -0.8544
vn 0.0379 -0.5334 0.8450
vn 0.0668 -0.7635 0.6423
vn 0.0379 -0.5334 -0.8450
vn 0.0668 -0.7635 -0.6423
vn -0.2403 -0.5814 0.7773
vn -0.2336 -0.5358 0.8114
vn 0.2590 -0.8272 0.4987
vn 0.2574 -0.7999 0.5422
vn -0.2406 -0.5822 -0.7766
vn -0.2338 -0.5358 -0.8113
vn 0.2592 -0.8276 -0.4979
vn 0.2575 -0.7999 -0.5421
vn -0.0235 0.9992 -0.0324
vn -0.0259 0.9980 -0.0573
vn -0.0235 0.9927 -0.1183
vn -0.0179 0.9980 -0.0605
vn -0.0188 0.9681 -0.2498
vn -0.0256 0.9490 -0.3143
vn -0.0255 0.8820 -0.4706
vn -0.0284 0.8684 -0.4951
vn -0.0233 0.7189 -0.6947
vn -0.0306 0.6727 -0.7392
vn -0.0276 0.3530 -0.9352
vn -0.0283 0.3473 -0.9373
vn -0.0243 0.0697 -0.9973
vn -0.0014 0.2694 -0.9630
vn 0.0256 -0.9991 0.0324
vn 0.0235 -0.9981 0.0571
vn 0.0183 -0.9928 0.1183
vn 0.0235 -0.9978 0.0615
vn 0.0254 -0.9680 0.2497
vn 0.0189 -0.9496 0.3128
vn 0.0289 -0.8819 0.4706
vn 0.0255 -0.8688 0.4945
vn 0.0307 -0.7189 0.6945
vn 0.0217 -0.6748 0.7376
vn 0.0284 -0.3530 0.9352
vn 0.0276 -0.3475 0.9373
vn 0.0075 -0.0697 0.9975
vn 0.0273 -0.2646 0.9640
vn 0.9987 -0.0027 -0.0504
vn 0.9994 -0.0067 -0.0349
vn -0.9991 -0.0207 0.0359
vn -0.9987 -0.0287 0.0424
vn 0.9986 0.0519 -0.0045
vn 0.9987 0.0516 -0.0045
vn 0.0291 0.9972 0.0687
vn 0.0291 0.9971 0.0705
vn -0.0116 -0.0330 -0.9994
vn -0.0116 -0.0329 -0.9994
vn -0.9994 0.0045 0.0337
vn -0.9996 0.0043 0.0264
vn -0.9988 -0.0471 0.0122
vn 0.9986 0.0523 -0.0089
vn 0.9987 0.0496 -0.0077
vn -0.9986 -0.0505 0.0125
vn -0.9988 -0.0477 0.0106
vn -0.9987 -0.0510 0.0029
vn -0.9991 -0.0224 0.0348
vn -0.9994 -0.0206 0.0282
vn 0.9990 0.0366 -0.0254
vn 0.9991 0.0353 -0.0225
vn 0.9985 0.0527 -0.0140
vn 0.9987 0.0502 -0.0118
vn 0.9988 0.0481 -0.0070
vn 0.9987 0.0509 0.0077
vn 0.9986 0.0528 0.0078
vn -0.9987 -0.0507 0.0060
vn -0.9988 -0.0484 0.0055
vn -0.0259 0.9980 0.0573
vn -0.0235 0.9992 0.0324
vn -0.0179 0.9980 0.0605
vn -0.0235 0.9927 0.1183
vn -0.0256 0.9490 0.3144
vn -0.0188 0.9681 0.2498
vn -0.0284 0.8684 0.4951
vn -0.0255 0.8820 0.4706
vn -0.0306 0.6727 0.7392
vn -0.0233 0.7189 0.6947
vn -0.0283 0.3473 0.9373
vn -0.0276 0.3530 0.9352
vn -0.0014 0.2694 0.9630
vn -0.0243 0.0697 0.9973
vn 0.0235 -0.9981 -0.0571
vn 0.0256 -0.9991 -0.0324
vn 0.0235 -0.9978 -0.0615
vn 0.0183 -0.9928 -0.1183
vn 0.0189 -0.9496 -0.3128
vn 0.0254 -0.9680 -0.2497
vn 0.0255 -0.8688 -0.4945
vn 0.0289 -0.8819 -0.4706
vn 0.0217 -0.6748 -0.7376
vn 0.0307 -0.7189 -0.6945
vn 0.0276 -0.3475 -0.9373
vn 0.0284 -0.3530 -0.9352
vn 0.0273 -0.2646 -0.9640
vn 0.0075 -0.0697 -0.9975
vn 0.9994 -0.0067 0.0349
vn 0.9987 -0.0027 0.0504
vn -0.9987 -0.0287 -0.0424
vn -0.9991 -0.0207 -0.0359
vn 0.9987 0.0516 0.0045
vn 0.9986 0.0519 0.0045
vn 0.0291 0.9971 -0.0705
vn 0.0291 0.9972 -0.0687
vn -0.0116 -0.0329 0.9994
vn -0.0116 -0.0330 0.9994
vn -0.9996 0.0043 -0.0264
vn -0.9994 0.0045 -0.0337
vn -0.9988 -0.0471 -0.0122
vn 0.9987 0.0496 0.0077
vn 0.9986 0.0523 0.0089
vn -0.9988 -0.0477 -0.0106
vn -0.9986 -0.0505 -0.0125
vn -0.9987 -0.0510 -0.0029
vn -0.9994 -0.0206 -0.0282
vn -0.9991 -0.0224 -0.0348
vn 0.9991 0.0354 0.0225
vn 0.9990 0.0366 0.0254
vn 0.9987 0.0502 0.0118
vn 0.9985 0.0527 0.0140
vn 0.9988 0.0481 0.0070
vn 0.9986 0.0528 -0.0078
vn 0.9987 0.0508 -0.0077
vn -0.9988 -0.0484 -0.0055
vn -0.9987 -0.0507 -0.0060
vn 0.1495 0.9830 -0.1069
vn 0.1503 0.9880 0.0347
vn 0.1503 0.9880 0.0348
vn 0.3086 0.9452 -0.1062
vn 0.3101 0.9451 -0.1028
vn -0.0236 0.9939 -0.1081
vn -0.0237 0.9991 0.0352
vn 0.3089 0.9505 0.0334
vn 0.3102 0.9502 0.0295
vn -0.1495 -0.9830 0.1069
vn -0.1503 -0.9880 -0.0348
vn -0.3101 -0.9451 0.1028
vn -0.3086 -0.9452 0.1062
vn 0.0236 -0.9939 0.1081
vn 0.0237 -0.9991 -0.0352
vn -0.3102 -0.9502 -0.0295
vn -0.3088 -0.9505 -0.0335
vn -0.9999 -0.0000 0.0110
vn -0.9999 -0.0000 0.0127
vn 0.1495 0.9830 0.1069
vn 0.1503 0.9880 -0.0348
vn 0.1503 0.9880 -0.0347
vn 0.3101 0.9451 0.1028
vn 0.3086 0.9452 0.1062
vn -0.0236 0.9939 0.1081
vn -0.0237 0.9991 -0.0352
vn 0.3102 0.9502 -0.0295
vn 0.3089 0.9505 -0.0334
vn -0.1495 -0.9830 -0.1069
vn -0.1503 -0.9880 0.0348
vn -0.3086 -0.9452 -0.1062
vn -0.3101 -0.9451 -0.1028
vn 0.0236 -0.9939 -0.1081
vn 0.0237 -0.9991 0.0352
vn -0.3088 -0.9505 0.0335
vn -0.3102 -0.9502 0.0295
vn -0.9999 -0.0000 -0.0110
vn -0.9999 -0.0000 -0.0127
vn 0.0157 0.9867 -0.1616
vn 0.0187 0.5190 0.8546
vn 0.0128 0.0291 0.9995
vn 0.0224 0.9030 0.4291
vn 0.2456 -0.1796 -0.9526
vn -0.6764 -0.7357 -0.0356
vn -0.8693 -0.4608 0.1789
vn 0.0203 0.9547 -0.2970
vn -0.0467 -0.1514 0.9874
vn 0.0232 0.0290 0.9993
vn -0.9987 0.0010 0.0504
vn 0.9999 -0.0124 -0.0027
vn -0.9978 -0.0667 0.0050
vn 1.0000 -0.0065 0.0044
vn 1.0000 -0.0045 0.0012
vn -0.9981 -0.0602 0.0137
vn 0.9999 0.0032 0.0127
vn 1.0000 -0.0047 0.0003
vn 0.9999 0.0068 0.0083
vn -0.9985 -0.0401 0.0384
vn -0.9983 -0.0557 0.0179
vn -0.9980 -0.0615 0.0117
vn -0.9976 -0.0691 -0.0068
vn 1.0000 -0.0046 0.0009
vn -0.9468 -0.3186 0.0451
vn -0.0518 -0.2637 0.9632
vn -0.1293 -0.8313 0.5405
vn 0.1190 -0.9879 0.0998
vn 0.2607 -0.9653 0.0124
vn -0.9313 -0.3642 -0.0009
vn 0.0199 0.9628 -0.2694
vn 0.0495 0.9979 0.0421
vn 0.0905 0.7015 -0.7069
vn 0.0209 0.9610 -0.2757
vn -0.3085 0.7908 0.5287
vn -0.1997 0.4669 0.8614
vn 0.9998 0.0134 -0.0157
vn -0.3306 0.9426 0.0479
vn -0.2711 0.8119 0.5170
vn 0.9997 -0.0073 0.0215
vn 0.0002 0.0196 0.9998
vn -0.1450 0.6309 0.7622
vn 0.3258 0.8753 -0.3574
vn 0.6968 0.6154 0.3685
vn 0.4590 0.8108 -0.3633
vn 0.2888 0.9498 0.1205
vn 0.0207 -0.1790 0.9836
vn 0.1000 0.9510 0.2925
vn -0.2886 0.9438 0.1612
vn -0.2967 0.8351 0.4633
vn -0.3457 0.3151 0.8839
vn -0.3374 -0.3177 0.8861
vn -0.2553 -0.8281 0.4991
vn -0.2088 -0.9685 0.1354
vn 0.0001 0.0226 0.9997
vn 0.0012 0.0196 0.9998
vn -0.0776 0.5365 0.8403
vn -0.1115 -0.3243 0.9394
vn -0.2667 -0.5637 0.7818
vn -0.2632 -0.2648 0.9277
vn -0.0648 -0.9907 0.1194
vn 0.0416 0.8157 0.5770
vn -0.1163 0.1859 0.9756
vn 0.0090 -0.0196 0.9998
vn 0.0089 -0.0198 0.9998
vn 0.0166 0.0490 0.9987
vn 0.0168 0.0479 0.9987
vn -0.0631 0.4391 0.8962
vn -0.1162 0.9279 0.3543
vn -0.0770 0.7537 0.6527
vn -0.2776 0.8671 0.4137
vn -0.2364 0.7348 0.6357
vn -0.3389 0.9408 -0.0026
vn 0.0801 -0.4340 0.8973
vn -0.3083 0.9383 0.1567
vn -0.0253 0.1501 0.9883
vn -0.3482 0.9348 0.0698
vn -0.0015 -0.0231 0.9997
vn -0.9582 -0.1613 0.2364
vn 0.0133 -0.6582 0.7527
vn 0.0410 -0.7073 -0.7058
vn -0.0499 0.8899 0.4535
vn 0.0621 -0.7559 -0.6517
vn -0.0306 0.8852 -0.4642
vn 0.0248 0.9760 0.2165
vn 0.0051 0.9979 0.0646
vn 0.0167 0.0860 0.9962
vn 0.0249 0.6321 0.7745
vn 0.0318 0.2422 0.9697
vn 0.0102 0.8078 0.5894
vn 0.0002 -0.0214 0.9998
vn 0.9991 -0.0211 0.0362
vn -0.9991 0.0215 -0.0354
vn 0.9994 -0.0275 0.0208
vn -0.9994 0.0280 -0.0200
vn 0.9999 0.0006 0.0112
vn 0.9999 -0.0000 0.0115
vn 1.0000 0.0016 0.0099
vn 0.9999 -0.0003 0.0116
vn 0.9999 0.0011 0.0113
vn -0.9999 -0.0002 -0.0117
vn -0.9999 -0.0015 -0.0099
vn -0.9999 -0.0005 -0.0114
vn -0.9999 -0.0004 -0.0115
vn -0.9999 -0.0012 -0.0107
vn -0.0986 -0.3474 0.9325
vn -0.0023 1.0000 0.0012
vn 0.0084 0.9999 0.0066
vn -0.0027 -0.0476 -0.9989
vn 0.0052 1.0000 0.0050
vn -0.0010 -0.9961 0.0878
vn 0.0002 0.0235 0.9997
vn 0.0534 0.9986 0.0060
vn 0.0649 -0.9978 0.0096
vn -0.1526 0.9724 0.1766
vn 0.0648 -0.6029 0.7952
vn 0.0623 0.6557 0.7525
vn -0.0047 0.0101 -0.9999
vn 0.0201 0.9992 0.0355
vn 0.0881 -0.9958 0.0242
vn 0.0851 -0.0000 -0.9964
vn 0.6987 -0.0016 -0.7155
vn 0.6881 0.0008 0.7256
vn -0.0017 0.7112 -0.7030
vn 0.0103 -0.7211 -0.6928
vn -0.0129 0.7024 0.7117
vn -0.0043 -0.6932 0.7208
vn 0.1180 -0.0561 0.9914
vn -0.0003 -0.9976 0.0687
vn -0.0038 -0.9996 0.0263
vn 0.0042 -0.9998 0.0170
vn 0.0104 0.9995 0.0302
vn 0.0972 -0.2163 0.9715
vn 0.0117 0.1228 -0.9924
vn -0.0000 0.0342 -0.9994
vn 0.0881 0.9959 -0.0209
vn 0.0235 -0.9967 0.0777
vn -0.6633 -0.3168 -0.6780
vn -0.6344 -0.7248 -0.2686
vn -0.6261 -0.6974 0.3488
vn -0.6639 -0.2793 0.6937
vn -0.6537 -0.3610 -0.6651
vn -0.6245 -0.4343 0.6492
vn 0.9999 0.0108 0.0001
vn -0.6657 0.3196 0.6743
vn -0.6467 0.7141 0.2679
vn -0.6376 0.6864 -0.3496
vn -0.6670 0.2773 -0.6915
vn -0.6598 0.3482 0.6659
vn -0.6316 0.4245 -0.6488
vn 1.0000 0.0064 -0.0000
vn 0.0050 1.0000 0.0064
vn -0.4680 -0.7407 0.4820
vn -0.4623 0.7647 0.4490
vn -0.4680 -0.7407 -0.4820
vn -0.4623 0.7647 -0.4490
vn -0.5288 -0.7142 0.4586
vn -0.5288 -0.7142 -0.4586
vn -0.5225 0.7376 0.4277
vn -0.5225 0.7376 -0.4277
vn -0.0000 0.2910 -0.9567
vn -0.0000 0.2915 -0.9566
vn 0.0497 0.5070 0.8605
vn 0.0003 -0.2915 0.9566
vn -0.1631 0.9438 0.2876
vn -0.0000 -1.0000 -0.0076
vn 0.0850 0.9731 -0.2142
vn 0.0388 -0.2888 0.9566
vn 0.7062 -0.0000 0.7080
vn -0.3376 0.6656 0.6656
vn 0.7065 0.7077 -0.0000
vn -0.3377 0.9412 -0.0000
vn 0.7064 0.5007 -0.5002
vn -0.3377 0.6659 -0.6652
vn 0.7063 -0.5011 -0.5000
vn -0.3376 -0.6663 -0.6648
vn 0.7062 -0.7080 -0.0000
vn -0.3375 -0.9413 -0.0000
vn 0.7062 -0.5009 0.5004
vn 0.7788 -0.0000 0.6273
vn -0.4073 -0.0000 0.9133
vn 0.7789 0.4434 0.4434
vn -0.4074 0.6458 0.6458
vn 0.7794 0.4433 -0.4428
vn 0.7795 -0.0000 -0.6263
vn -0.4081 -0.0000 -0.9129
vn 0.7793 -0.4443 -0.4420
vn -0.4078 -0.6474 -0.6439
vn 0.7788 -0.6272 -0.0000
vn -0.4073 -0.9133 -0.0000
vn 0.7788 -0.4444 0.4426
vn -0.3375 -0.0000 0.9413
vn 0.7063 0.5005 0.5006
vn 0.7064 -0.0000 -0.7078
vn -0.3377 -0.0000 -0.9412
vn -0.3376 -0.6660 0.6652
vn 0.7793 0.6266 -0.0000
vn -0.4078 0.9131 -0.0000
vn -0.4079 0.6461 -0.6452
vn -0.4073 -0.6471 0.6445
vn 0.0873 -0.1028 0.9909
vn 0.1052 0.2969 -0.9491
vn 0.1005 0.2796 -0.9549
vn -0.0145 -0.0961 0.9953
vn 0.0157 0.9867 0.1616
vn 0.0187 0.5190 -0.8546
vn 0.0128 0.0291 -0.9995
vn 0.0224 0.9030 -0.4291
vn 0.2456 -0.1796 0.9526
vn -0.6764 -0.7357 0.0356
vn -0.8693 -0.4608 -0.1789
vn 0.0203 0.9547 0.2970
vn -0.0467 -0.1514 -0.9874
vn 0.0232 0.0290 -0.9993
vn -0.9987 0.0010 -0.0504
vn 0.9999 -0.0124 0.0027
vn -0.9978 -0.0667 -0.0050
vn 1.0000 -0.0065 -0.0044
vn 1.0000 -0.0045 -0.0012
vn -0.9981 -0.0602 -0.0137
vn 0.9999 0.0032 -0.0127
vn 1.0000 -0.0047 -0.0003
vn 0.9999 0.0068 -0.0083
vn -0.9985 -0.0401 -0.0384
vn -0.9983 -0.0557 -0.0179
vn -0.9980 -0.0615 -0.0117
vn -0.9976 -0.0691 0.0068
vn 1.0000 -0.0046 -0.0009
vn -0.9468 -0.3186 -0.0451
vn -0.0518 -0.2639 -0.9632
vn -0.1293 -0.8313 -0.5405
vn 0.1190 -0.9879 -0.0998
vn 0.2607 -0.9653 -0.0124
vn -0.9313 -0.3642 0.0009
vn 0.0199 0.9628 0.2694
vn 0.0495 0.9979 -0.0421
vn 0.0905 0.7015 0.7069
vn 0.0209 0.9610 0.2757
vn -0.3085 0.7908 -0.5287
vn -0.1998 0.4670 -0.8614
vn 0.9998 0.0134 0.0157
vn -0.3306 0.9426 -0.0479
vn -0.2711 0.8119 -0.5170
vn 0.9997 -0.0073 -0.0215
vn 0.0002 0.0196 -0.9998
vn -0.1450 0.6309 -0.7622
vn 0.3258 0.8753 0.3574
vn 0.6968 0.6154 -0.3685
vn 0.4590 0.8108 0.3633
vn 0.2888 0.9498 -0.1205
vn 0.1000 0.9510 -0.2925
vn -0.2886 0.9438 -0.1612
vn -0.2967 0.8351 -0.4633
vn -0.3457 0.3151 -0.8839
vn -0.3374 -0.3177 -0.8861
vn -0.2553 -0.8281 -0.4991
vn -0.2088 -0.9685 -0.1354
vn 0.0001 0.0226 -0.9997
vn 0.0012 0.0196 -0.9998
vn -0.0776 0.5365 -0.8403
vn -0.1115 -0.3243 -0.9394
vn -0.2667 -0.5637 -0.7818
vn -0.2632 -0.2648 -0.9277
vn -0.0648 -0.9907 -0.1194
vn 0.0416 0.8157 -0.5770
vn -0.1163 0.1859 -0.9756
vn 0.0090 -0.0196 -0.9998
vn 0.0089 -0.0198 -0.9998
vn 0.0166 0.0490 -0.9987
vn 0.0168 0.0479 -0.9987
vn -0.0631 0.4391 -0.8962
vn -0.1162 0.9279 -0.3543
vn -0.0770 0.7537 -0.6527
vn -0.2776 0.8671 -0.4137
vn -0.2364 0.7348 -0.6357
vn -0.3389 0.9408 0.0026
vn 0.0801 -0.4340 -0.8973
vn -0.3083 0.9383 -0.1567
vn -0.0253 0.1501 -0.9883
vn -0.3482 0.9348 -0.0698
vn -0.0015 -0.0231 -0.9997
vn -0.9582 -0.1613 -0.2364
vn 0.0133 -0.6582 -0.7527
vn 0.0410 -0.7073 0.7058
vn -0.0499 0.8899 -0.4535
vn 0.0621 -0.7559 0.6517
vn -0.0306 0.8852 0.4642
vn 0.0248 0.9760 -0.2165
vn 0.0051 0.9979 -0.0646
vn 0.0167 0.0860 -0.9962
vn 0.0249 0.6321 -0.7745
vn 0.0318 0.2422 -0.9697
vn 0.0102 0.8078 -0.5894
vn 0.0002 -0.0214 -0.9998
vn 0.9991 -0.0211 -0.0362
vn -0.9991 0.0215 0.0354
vn 0.9994 -0.0275 -0.0208
vn -0.9994 0.0280 0.0200
vn 0.9999 0.0006 -0.0112
vn 0.9999 -0.0000 -0.0115
vn 1.0000 0.0016 -0.0099
vn 0.9999 -0.0003 -0.0116
vn 0.9999 0.0011 -0.0113
vn -0.9999 -0.0002 0.0117
vn -0.9999 -0.0015 0.0099
vn -0.9999 -0.0005 0.0114
vn -0.9999 -0.0004 0.0115
vn -0.9999 -0.0012 0.0107
vn -0.0986 -0.3474 -0.9325
vn -0.0023 1.0000 -0.0012
vn 0.0084 0.9999 -0.0066
vn -0.0027 -0.0476 0.9989
vn 0.0052 1.0000 -0.0050
vn -0.0010 -0.9961 -0.0878
vn 0.0534 0.9986 -0.0060
vn 0.0649 -0.9978 -0.0096
vn -0.1526 0.9724 -0.1766
vn 0.0648 -0.6029 -0.7952
vn 0.0623 0.6557 -0.7525
vn -0.0047 0.0101 0.9999
vn 0.0201 0.9992 -0.0355
vn 0.0881 -0.9958 -0.0242
vn 0.0914 -0.0031 -0.9958
vn 0.0851 -0.0000 0.9964
vn 0.6987 -0.0016 0.7155
vn 0.6881 0.0008 -0.7256
vn -0.0017 0.7112 0.7030
vn 0.0103 -0.7211 0.6928
vn -0.0129 0.7024 -0.7117
vn -0.0043 -0.6932 -0.7208
vn 0.1180 -0.0561 -0.9914
vn -0.0003 -0.9976 -0.0687
vn -0.0038 -0.9996 -0.0263
vn 0.0042 -0.9998 -0.0170
vn 0.0104 0.9995 -0.0302
vn 0.0972 -0.2163 -0.9715
vn 0.0117 0.1228 0.9924
vn -0.0000 0.0342 0.9994
vn 0.0881 0.9959 0.0209
vn 0.0235 -0.9967 -0.0777
vn -0.6633 -0.3168 0.6780
vn -0.6344 -0.7248 0.2686
vn -0.6261 -0.6974 -0.3488
vn -0.6639 -0.2793 -0.6937
vn -0.6537 -0.3610 0.6651
vn -0.6245 -0.4343 -0.6492
vn 0.9999 0.0108 -0.0001
vn -0.6657 0.3196 -0.6743
vn -0.6467 0.7141 -0.2679
vn -0.6376 0.6864 0.3496
vn -0.6670 0.2773 0.6915
vn -0.6598 0.3482 -0.6659
vn -0.6316 0.4245 0.6488
vn 0.0050 1.0000 -0.0064
vn -0.0000 0.2910 0.9567
vn -0.0000 0.2915 0.9566
vn 0.0497 0.5070 -0.8605
vn 0.0003 -0.2915 -0.9566
vn -0.1631 0.9438 -0.2876
vn -0.0000 -1.0000 0.0076
vn 0.0850 0.9731 0.2142
vn 0.0388 -0.2888 -0.9566
vn 0.7062 -0.0000 -0.7080
vn 0.7063 0.5005 -0.5006
vn -0.3376 0.6656 -0.6656
vn 0.7064 0.5007 0.5002
vn -0.3377 0.6659 0.6652
vn 0.7064 -0.0000 0.7078
vn -0.3377 -0.0000 0.9412
vn 0.7063 -0.5011 0.5000
vn -0.3376 -0.6663 0.6648
vn -0.4073 -0.0000 -0.9133
vn 0.7789 0.4434 -0.4434
vn -0.4074 0.6458 -0.6458
vn -0.4079 0.6460 0.6452
vn 0.7793 -0.4443 0.4420
vn 0.7788 -0.4444 -0.4426
vn -0.4073 -0.6471 -0.6445
vn -0.3375 -0.0000 -0.9413
vn 0.7063 -0.5009 -0.5004
vn -0.3376 -0.6660 -0.6652
vn 0.7788 -0.0000 -0.6273
vn 0.7794 0.4433 0.4428
vn 0.7795 -0.0000 0.6263
vn -0.4081 -0.0000 0.9129
vn -0.4078 -0.6474 0.6439
vn 0.0873 -0.1028 -0.9909
vn 0.1052 0.2969 0.9491
vn 0.1005 0.2796 0.9549
vn -0.0145 -0.0961 -0.9953
vn 0.0870 -0.9962 -0.0000
vn 0.1979 0.9717 0.1287
vn 0.1986 0.9721 0.1250
vn 0.0697 0.1889 0.9795
vn 0.1022 0.2839 0.9534
vn 0.1531 0.6988 0.6988
vn 0.1632 0.7184 0.6762
vn 0.1977 0.9298 0.3106
vn 0.1727 0.9046 0.3898
vn 0.1987 0.9716 -0.1287
vn 0.1980 0.9722 -0.1250
vn 0.0865 0.1886 -0.9782
vn 0.0881 0.2876 -0.9537
vn 0.1600 0.6980 -0.6980
vn 0.1556 0.7202 -0.6761
vn 0.1738 0.9341 -0.3120
vn 0.1950 0.8998 -0.3902
vn 0.0207 -0.1790 -0.9836
vn -0.9663 0.2575 0.0016
vn -0.9687 0.2482 0.0106
vn -0.9673 0.2535 0.0080
vn -0.9666 0.2564 0.0050
vn -0.9593 0.2781 -0.0490
vn -0.9673 0.2536 0.0095
vn -0.9663 0.2575 -0.0016
vn -0.9687 0.2482 -0.0106
vn -0.9673 0.2535 -0.0080
vn -0.9666 0.2564 -0.0050
vn -0.9673 0.2536 -0.0095
vn -0.9593 0.2781 0.0490
vn -0.9984 0.0565 -0.0021
vn -0.9984 0.0565 0.0021
vn -0.0527 0.3300 0.9425
vn -0.1205 0.1815 0.9760
vn -0.1156 0.3315 -0.9363
vn 0.2265 0.4274 -0.8752
vn -0.0122 0.3328 -0.9429
vn 0.0708 -0.1662 -0.9835
vn 0.3916 -0.0840 -0.9163
vn 0.1858 -0.6425 -0.7434
vn 0.1947 -0.6379 -0.7451
vn 0.2472 -0.8598 -0.4469
vn 0.2869 -0.8429 -0.4551
vn 0.3117 -0.9313 -0.1884
vn 0.3087 -0.9322 -0.1892
vn 0.3087 -0.9323 0.1884
vn 0.3117 -0.9312 0.1893
vn 0.2869 -0.8429 0.4551
vn 0.2472 -0.8598 0.4469
vn 0.1947 -0.6379 0.7451
vn 0.1858 -0.6425 0.7434
vn 0.3725 -0.0043 0.9280
vn 0.0771 -0.1914 0.9785
vn -0.0121 0.3329 0.9429
vn 0.2260 0.4273 0.8754
vn -0.9984 0.0567 -0.0021
vn -0.9985 0.0543 -0.0000
vn -0.9984 0.0567 0.0021
vn -0.0042 0.3915 -0.9202
vn -0.0044 0.3915 -0.9202
vn -0.0043 0.3915 0.9202
vn 0.9549 0.1522 -0.2548
vn 0.7000 0.6306 -0.3352
vn 0.9405 0.3075 -0.1448
vn 0.9438 0.3078 -0.1207
vn 0.9329 0.3434 -0.1083
vn 0.9490 0.3120 -0.0452
vn 0.6791 0.7327 0.0446
vn -0.0195 0.9995 0.0265
vn 0.0322 0.9900 -0.1372
vn 0.0040 0.9910 -0.1340
vn 0.0070 0.9577 -0.2877
vn -0.0501 0.9987 0.0131
vn -0.0238 0.9994 -0.0265
vn -0.0277 0.9777 0.2083
vn 0.0798 0.9866 0.1423
vn 0.0040 0.9910 0.1340
vn -0.9957 0.0263 0.0887
vn -0.9957 0.0263 -0.0887
vn 0.0274 0.4667 0.8840
vn 0.0724 0.7771 0.6252
vn 0.2483 0.8477 0.4687
vn 0.2677 0.8136 0.5161
vn 0.0270 -0.4837 0.8748
vn 0.0730 -0.7931 0.6047
vn 0.2428 -0.8557 0.4570
vn 0.2626 -0.8219 0.5056
vn 0.0302 0.9995 -0.0060
vn 0.0777 0.9817 0.1739
vn 0.0775 -0.9821 0.1718
vn 0.0296 -0.9995 -0.0096
vn 0.0016 0.0235 -0.9997
vn 0.0071 -0.0309 -0.9995
vn 0.0002 0.0235 -0.9997
vn 0.0210 0.0006 -0.9998
vn 0.0210 0.0006 0.9998
vn 0.1336 -0.6059 -0.7842
vn 0.1335 -0.6058 0.7844
vn 0.0215 -0.0000 -0.9998
vn 0.0215 -0.0000 0.9998
vn 0.1336 -0.6059 0.7842
vn 0.1335 -0.6058 -0.7844
vn 0.0349 -0.9994 -0.0000
vn -0.3090 0.4173 0.8546
vn -0.3287 0.4635 0.8229
vn -0.0349 0.9994 -0.0001
vn -0.0349 0.9994 -0.0003
vn 0.3275 -0.0882 -0.9407
vn -0.3254 -0.0114 0.9455
vn 0.3217 -0.2768 0.9055
vn -0.3256 -0.0114 -0.9454
vn 0.3219 -0.2770 -0.9053
vn 0.3219 -0.2769 -0.9054
vn -0.0349 0.9994 0.0001
vn -0.0349 0.9994 0.0003
vn 0.3273 -0.0881 0.9408
vn 0.3272 -0.0881 0.9408
vn -0.3289 0.4638 -0.8226
vn -0.3092 0.4176 -0.8544
vn 0.0099 -0.5347 0.8450
vn 0.0267 -0.7659 0.6424
vn 0.0099 -0.5347 -0.8450
vn 0.0267 -0.7659 -0.6424
vn -0.2704 -0.5680 0.7773
vn -0.2613 -0.5228 0.8114
vn 0.2154 -0.8396 0.4987
vn 0.2152 -0.8122 0.5422
vn -0.2708 -0.5688 -0.7766
vn -0.2615 -0.5228 -0.8113
vn 0.2156 -0.8400 -0.4979
vn 0.2153 -0.8122 -0.5421
vn 0.0348 -0.9994 -0.0000
vn 0.1054 0.2960 -0.9494
vn 0.1212 0.2913 -0.9489
vn 0.0448 -0.2893 0.9562
vn 0.0386 -0.2878 0.9569
vn 0.1631 -0.9438 -0.2876
vn -1.0000 0.0093 -0.0000
vn -0.7181 -0.6960 -0.0000
vn -0.7181 -0.6959 -0.0000
vn -0.9775 0.2108 -0.0000
vn 0.9738 -0.2273 -0.0000
vn -0.4864 0.8737 -0.0000
vn -0.6046 -0.5860 -0.5395
vn -0.7461 0.0070 -0.6658
vn -0.7461 0.0069 -0.6658
vn -0.4085 0.8115 -0.4179
vn -0.4462 0.8015 -0.3982
vn -0.6046 -0.5860 0.5395
vn -0.7461 0.0069 0.6658
vn -0.7461 0.0070 0.6658
vn -0.4355 0.7822 0.4456
vn -0.4173 0.8290 0.3724
vn -0.9552 -0.2959 -0.0000
vn -1.0000 0.0094 -0.0000
vn -0.4496 0.8932 -0.0000
vn 0.1762 0.9843 -0.0000
vn 0.5110 0.8596 0.0010
vn 0.5110 0.8596 0.0011
vn 0.9724 -0.2320 -0.0246
vn 0.0935 -0.9955 -0.0162
vn 0.0218 -0.0142 0.9997
vn 0.0219 -0.0142 0.9997
vn -0.0219 0.0142 -0.9997
vn -0.9724 0.2320 0.0246
vn -0.9724 0.2320 0.0245
vn 0.1071 0.6799 0.7255
vn 0.1257 0.6609 0.7399
vn 0.0314 0.8742 0.4846
vn 0.0462 0.8659 0.4981
vn 0.1100 -0.1438 0.9835
vn 0.0979 -0.1249 0.9873
vn -0.0181 0.1922 0.9812
vn -0.0299 0.2013 0.9791
vn -0.1272 0.9781 0.1645
vn -0.1388 0.9787 0.1511
vn 0.0149 0.1991 0.9799
vn 0.0226 0.1917 0.9812
vn 0.0320 -0.2910 0.9562
vn 0.0244 -0.2796 0.9598
vn 0.0449 0.9846 0.1691
vn 0.0463 0.9842 0.1706
vn 0.0688 -0.2526 0.9651
vn 0.0400 -0.2061 0.9777
vn 0.0732 0.2271 0.9711
vn 0.0874 0.2110 0.9736
vn 0.1559 0.9748 0.1594
vn 0.1585 0.9740 0.1622
vn -0.1231 0.8488 0.5142
vn -0.1104 0.8431 0.5262
vn 0.1295 0.8966 0.4236
vn 0.1563 0.8795 0.4495
vn 0.2159 0.9682 0.1267
vn 0.2337 0.9602 0.1528
vn 0.2201 0.8848 0.4108
vn 0.2086 0.8944 0.3957
vn 0.1872 0.6807 0.7082
vn 0.1928 0.6733 0.7138
vn 0.0129 0.6324 0.7745
vn 0.0334 0.6141 0.7885
vn 0.1398 0.2174 0.9660
vn 0.1242 0.2405 0.9627
vn 0.0214 -0.2809 0.9595
vn 0.0262 -0.2863 0.9578
vn -0.0881 0.6200 0.7797
vn -0.0910 0.6221 0.7776
vn -0.0270 0.2017 0.9791
vn -0.0078 0.2261 0.9741
vn -0.1082 0.6195 0.7775
vn -0.1033 0.6255 0.7733
vn -0.1826 0.8314 0.5248
vn -0.1540 0.8553 0.4946
vn -0.1979 0.9685 0.1510
vn -0.2147 0.9618 0.1700
vn 0.0284 -0.2775 0.9603
vn 0.0306 -0.2796 0.9596
vn 0.1028 0.2412 0.9650
vn 0.1132 0.2262 0.9675
vn 0.1456 0.6789 0.7197
vn 0.1478 0.6763 0.7217
vn 0.1547 0.9035 0.3996
vn 0.1726 0.8906 0.4208
vn 0.1754 0.9723 0.1547
vn 0.1785 0.9711 0.1588
vn 0.0565 -0.1443 0.9879
vn 0.0875 -0.2056 0.9747
vn -0.0058 0.1917 0.9814
vn -0.0065 0.1923 0.9813
vn 0.0476 0.1989 0.9789
vn 0.0346 0.2119 0.9767
vn -0.0277 0.6142 0.7887
vn -0.0370 0.6221 0.7820
vn 0.0845 0.6303 0.7718
vn 0.0466 0.6656 0.7449
vn -0.0531 0.8656 0.4979
vn -0.0322 0.8550 0.5177
vn 0.1205 0.8683 0.4812
vn 0.0899 0.8869 0.4532
vn -0.0379 0.9846 0.1707
vn -0.0426 0.9853 0.1657
vn 0.1272 0.9776 0.1679
vn 0.1225 0.9790 0.1630
vn 0.0188 -0.2911 0.9565
vn 0.0157 -0.2864 0.9580
vn 0.0444 -0.2793 0.9592
vn 0.0265 -0.2529 0.9671
vn 0.1599 0.2123 0.9640
vn 0.1994 0.2459 0.9486
vn 0.2462 0.6645 0.7056
vn 0.2641 0.6753 0.6887
vn 0.2811 0.8681 0.4091
vn 0.2808 0.8680 0.4094
vn 0.2640 0.9561 0.1269
vn 0.2373 0.9559 0.1732
vn 0.0846 -0.1220 0.9889
vn 0.1483 -0.0748 0.9861
vn 0.1257 0.6609 -0.7399
vn 0.1071 0.6799 -0.7255
vn 0.0462 0.8659 -0.4981
vn 0.0314 0.8742 -0.4846
vn 0.0979 -0.1249 -0.9873
vn 0.1100 -0.1438 -0.9835
vn -0.0299 0.2013 -0.9791
vn -0.0181 0.1922 -0.9812
vn -0.1388 0.9787 -0.1511
vn -0.1272 0.9781 -0.1645
vn 0.0226 0.1917 -0.9812
vn 0.0149 0.1991 -0.9799
vn 0.0244 -0.2796 -0.9598
vn 0.0320 -0.2910 -0.9562
vn 0.0463 0.9842 -0.1706
vn 0.0449 0.9846 -0.1691
vn 0.0400 -0.2061 -0.9777
vn 0.0688 -0.2526 -0.9651
vn 0.0874 0.2110 -0.9736
vn 0.0732 0.2271 -0.9711
vn 0.1585 0.9740 -0.1622
vn 0.1559 0.9748 -0.1594
vn -0.1104 0.8431 -0.5262
vn -0.1231 0.8488 -0.5142
vn 0.1563 0.8795 -0.4495
vn 0.1295 0.8965 -0.4236
vn 0.2337 0.9602 -0.1528
vn 0.2159 0.9682 -0.1267
vn 0.2086 0.8944 -0.3957
vn 0.2201 0.8848 -0.4108
vn 0.1928 0.6733 -0.7138
vn 0.1872 0.6807 -0.7082
vn 0.0334 0.6141 -0.7885
vn 0.0129 0.6324 -0.7745
vn 0.1242 0.2405 -0.9627
vn 0.1398 0.2174 -0.9660
vn 0.0262 -0.2863 -0.9578
vn 0.0214 -0.2809 -0.9595
vn -0.0910 0.6221 -0.7776
vn -0.0881 0.6200 -0.7797
vn -0.0078 0.2261 -0.9741
vn -0.0270 0.2017 -0.9791
vn -0.1033 0.6255 -0.7733
vn -0.1082 0.6195 -0.7775
vn -0.1540 0.8553 -0.4946
vn -0.1826 0.8314 -0.5248
vn -0.2147 0.9618 -0.1700
vn -0.1979 0.9685 -0.1510
vn 0.0306 -0.2796 -0.9596
vn 0.0284 -0.2775 -0.9603
vn 0.1132 0.2262 -0.9675
vn 0.1028 0.2412 -0.9650
vn 0.1478 0.6763 -0.7217
vn 0.1456 0.6789 -0.7197
vn 0.1726 0.8906 -0.4208
vn 0.1547 0.9035 -0.3996
vn 0.1785 0.9711 -0.1588
vn 0.1754 0.9723 -0.1547
vn 0.0875 -0.2056 -0.9747
vn 0.0565 -0.1443 -0.9879
vn -0.0065 0.1923 -0.9813
vn -0.0058 0.1917 -0.9814
vn 0.0346 0.2119 -0.9767
vn 0.0476 0.1989 -0.9789
vn -0.0370 0.6221 -0.7820
vn -0.0277 0.6142 -0.7887
vn 0.0466 0.6656 -0.7449
vn 0.0845 0.6303 -0.7718
vn -0.0322 0.8550 -0.5177
vn -0.0531 0.8656 -0.4979
vn 0.0899 0.8869 -0.4532
vn 0.1205 0.8683 -0.4812
vn -0.0426 0.9853 -0.1657
vn -0.0379 0.9846 -0.1707
vn 0.1225 0.9790 -0.1630
vn 0.1272 0.9776 -0.1679
vn 0.0157 -0.2864 -0.9580
vn 0.0188 -0.2911 -0.9565
vn 0.0265 -0.2529 -0.9671
vn 0.0444 -0.2793 -0.9592
vn 0.1994 0.2459 -0.9486
vn 0.1599 0.2123 -0.9640
vn 0.2641 0.6753 -0.6887
vn 0.2462 0.6645 -0.7056
vn 0.2808 0.8680 -0.4094
vn 0.2811 0.8681 -0.4091
vn 0.2373 0.9559 -0.1732
vn 0.2640 0.9561 -0.1269
vn 0.1483 -0.0748 -0.9861
vn 0.0846 -0.1220 -0.9889
vn -0.3727 0.6823 0.6289
vn -0.3632 0.7280 0.5815
vn -0.4145 0.8203 0.3939
vn -0.3443 0.7886 0.5095
vn -0.3662 0.8159 0.4474
vn -0.4236 0.8223 0.3800
vn -0.4938 0.8545 0.1610
vn -0.4850 0.8567 0.1758
vn -0.2815 0.6080 0.7424
vn -0.2600 0.5851 0.7681
vn -0.4094 0.8196 0.4008
vn -0.3619 0.8026 0.4741
vn -0.4274 0.8790 0.2116
vn -0.4543 0.8750 0.1673
vn -0.1109 0.0436 0.9929
vn -0.1604 0.1190 0.9798
vn -0.4170 0.6687 0.6156
vn -0.3595 0.5912 0.7219
vn -0.4699 0.7961 0.3814
vn -0.4665 0.7946 0.3886
vn -0.3639 0.8167 0.4479
vn -0.5095 0.8366 0.2014
vn -0.4210 0.8883 0.1834
vn -0.4715 0.8814 0.0304
vn -0.2739 0.2782 0.9207
vn -0.1613 0.0433 0.9860
vn -0.3632 0.7280 -0.5815
vn -0.3727 0.6823 -0.6289
vn -0.3443 0.7886 -0.5095
vn -0.4145 0.8203 -0.3939
vn -0.4236 0.8223 -0.3800
vn -0.3662 0.8159 -0.4474
vn -0.4850 0.8567 -0.1757
vn -0.4938 0.8545 -0.1610
vn -0.2600 0.5851 -0.7681
vn -0.2815 0.6080 -0.7424
vn -0.3619 0.8026 -0.4741
vn -0.4094 0.8196 -0.4008
vn -0.4543 0.8750 -0.1673
vn -0.4274 0.8790 -0.2116
vn -0.1604 0.1190 -0.9798
vn -0.1109 0.0436 -0.9929
vn -0.3595 0.5912 -0.7219
vn -0.4170 0.6687 -0.6156
vn -0.4665 0.7946 -0.3886
vn -0.4699 0.7961 -0.3814
vn -0.5095 0.8366 -0.2014
vn -0.3639 0.8167 -0.4479
vn -0.4715 0.8814 -0.0304
vn -0.4210 0.8883 -0.1834
vn -0.1613 0.0433 -0.9860
vn -0.2739 0.2782 -0.9207
vn -0.1952 0.2832 0.9390
vn -0.4647 0.8849 0.0305
vn -0.1952 0.2832 -0.9390
vn -0.4647 0.8849 -0.0305
vn 0.9300 0.0574 -0.3630
vn 0.9350 0.0498 -0.3512
vn 0.0475 -0.9987 0.0170
vn 0.0049 -1.0000 -0.0022
vn -0.6114 -0.2298 -0.7572
vn -0.5406 0.0954 -0.8358
vn 0.0793 -0.0540 0.9954
vn 0.2183 0.3631 0.9058
vn -0.1447 0.9886 0.0421
vn -0.3543 0.9349 -0.0186
vn -0.9659 0.0548 0.2529
vn -0.9641 0.0340 0.2633
vn -0.2561 0.0108 -0.9666
vn -0.2052 -0.0413 -0.9778
vn -0.3104 0.9387 0.1497
vn -0.2989 0.9469 0.1188
vn 0.3765 0.2794 0.8833
vn 0.4160 0.4297 0.8014
vn 0.1615 -0.9037 -0.3967
vn 0.8762 -0.3991 -0.2702
vn 0.2864 -0.8503 0.4416
vn 0.1633 -0.9862 -0.0261
vn -0.1897 -0.5576 -0.8081
vn -0.1845 -0.5440 -0.8186
vn -0.9296 -0.2896 -0.2280
vn -0.7369 -0.6555 0.1651
vn 0.8124 -0.1586 -0.5612
vn 0.8050 -0.1593 -0.5715
vn 0.7124 -0.3020 0.6335
vn 0.6145 -0.2362 0.7528
vn -0.1467 0.1163 -0.9823
vn -0.2194 0.1165 -0.9686
vn -0.9526 0.3027 -0.0299
vn -0.9113 0.3420 -0.2292
vn -0.7047 -0.6201 -0.3446
vn 0.4890 -0.7230 -0.4880
vn 0.4052 -0.6453 0.6476
vn -0.6888 -0.6063 -0.3975
vn -0.3104 0.1288 -0.9419
vn -0.1518 0.1106 -0.9822
vn -0.4765 0.8224 -0.3108
vn -0.6303 0.7718 -0.0835
vn -0.0594 -0.9113 0.4075
vn -0.4346 -0.7544 -0.4918
vn 0.1039 -0.5095 0.8542
vn 0.0068 -0.6939 0.7200
vn -0.4401 -0.8142 -0.3787
vn -0.2669 0.1495 -0.9521
vn 0.1407 0.6522 -0.7448
vn 0.0703 0.9266 -0.3694
vn 0.8580 -0.4577 0.2329
vn 0.7693 -0.6355 -0.0654
vn 0.4295 -0.5662 0.7036
vn 0.4126 -0.2236 0.8830
vn -0.9299 -0.1324 0.3433
vn -0.6808 -0.3945 0.6171
vn 0.9944 -0.1053 0.0046
vn 0.9772 0.0557 0.2051
vn 0.6164 0.0314 0.7868
vn 0.6188 0.0276 0.7851
vn -0.8487 0.1524 -0.5065
vn -0.8878 0.1448 -0.4368
vn 0.9558 -0.2936 0.0173
vn 0.9521 -0.3059 -0.0009
vn 0.5656 -0.3792 0.7323
vn 0.5267 -0.3107 0.7912
vn -0.9254 0.2056 -0.3185
vn -0.4049 0.7329 -0.5468
vn 0.9625 -0.2410 0.1243
vn 0.9404 -0.3390 0.0278
vn -0.6847 0.3538 -0.6371
vn -0.0669 0.1258 -0.9898
vn -0.7549 0.4419 -0.4846
vn -0.9159 0.3111 -0.2537
vn -0.3939 0.8978 -0.1970
vn -0.1581 0.9366 -0.3128
vn 0.9553 0.2203 0.1973
vn 0.9803 0.1494 0.1294
vn -0.2582 0.9059 -0.3356
vn -0.3985 0.8809 -0.2555
vn 0.2918 0.8833 0.3670
vn 0.8160 0.3351 0.4711
vn 0.2832 0.5506 0.7853
vn -0.5162 -0.4986 -0.6963
vn -0.3517 -0.1834 0.9180
vn -0.4241 0.0793 0.9021
vn -0.3167 0.0697 0.9460
vn -0.1730 0.3047 0.9366
vn -0.2007 0.3058 0.9307
vn 0.1213 0.5361 0.8354
vn 0.1772 0.4299 0.8853
vn -0.1595 0.9653 0.2070
vn -0.4887 0.1543 0.8587
vn -0.4299 0.1835 0.8840
vn -0.4007 0.0233 0.9159
vn -0.7825 -0.3898 0.4855
vn -0.0500 -0.6344 0.7714
vn 0.0467 -0.5833 0.8109
vn -0.3864 0.6927 0.6090
vn -0.1897 0.9041 0.3829
vn 0.4385 0.3075 0.8445
vn 0.3810 0.1839 0.9061
vn -0.2626 0.0091 -0.9649
vn -0.2564 0.0020 -0.9666
vn -0.3556 0.1481 0.9228
vn -0.5658 0.1624 0.8084
vn -0.6194 0.4355 0.6532
vn -0.0322 0.2729 0.9615
vn 0.5824 -0.5729 0.5767
vn 0.6109 -0.5376 0.5811
vn 0.9704 -0.2378 0.0419
vn 0.7338 0.6090 0.3010
vn 0.7780 0.2761 0.5643
vn -0.5176 0.6655 0.5377
vn -0.3675 0.5119 0.7765
vn -0.7320 0.2615 0.6291
vn -0.5967 -0.1759 0.7830
vn -0.0100 0.2719 0.9623
vn 0.3598 -0.3697 -0.8567
vn 0.0372 -0.2154 -0.9758
vn 0.5977 -0.8004 0.0456
vn 0.6922 -0.5534 0.4633
vn 0.3460 0.0074 0.9382
vn 0.3486 0.0023 0.9373
vn -0.6606 0.6139 0.4321
vn -0.5327 0.4756 0.7001
vn 0.0199 -0.6456 -0.7635
vn 0.0449 -0.6485 -0.7599
vn 0.3394 -0.9405 -0.0173
vn 0.4779 -0.8755 0.0719
vn -0.3367 0.5761 -0.7448
vn -0.4082 0.5673 -0.7152
vn 0.1267 -0.2671 0.9553
vn 0.1967 -0.1145 0.9738
vn -0.0159 0.8790 0.4765
vn -0.0167 0.8786 0.4773
vn -0.2878 0.9160 0.2796
vn -0.4246 0.8231 0.3772
vn 0.0734 -0.5322 -0.8434
vn 0.1132 -0.6135 -0.7815
vn 0.1522 -0.9883 0.0067
vn 0.1526 -0.9883 0.0083
vn 0.0070 0.7219 -0.6920
vn 0.0362 0.6710 -0.7406
vn -0.0183 -0.2663 0.9637
vn -0.0314 -0.3394 0.9401
vn -0.0262 -0.5608 -0.8275
vn 0.2500 -0.6874 -0.6819
vn -0.1363 0.8456 0.5161
vn -0.0199 0.9654 0.2600
vn -0.9692 -0.1897 -0.1570
vn -0.9736 -0.1994 -0.1116
vn -0.9927 0.0036 -0.1203
vn -0.9902 -0.1363 -0.0297
vn -0.2004 0.5717 -0.7956
vn -0.3131 0.6091 -0.7287
vn -0.9975 0.0051 -0.0705
vn 0.6913 0.6258 -0.3613
vn -0.1625 0.5989 0.7841
vn -0.0895 0.6798 0.7279
vn -0.1306 0.6257 0.7691
vn -0.1744 0.5957 0.7840
vn -0.9787 -0.0469 0.1999
vn -0.9771 -0.0020 0.2128
vn -0.2615 0.7364 -0.6240
vn -0.2623 0.7348 -0.6255
vn -0.3148 0.7002 -0.6407
vn 0.1238 -0.4759 0.8708
vn 0.3050 -0.7071 0.6379
vn 0.0644 -0.8939 0.4436
vn 0.8828 -0.2194 -0.4153
vn 0.8865 -0.2091 -0.4128
vn 0.0120 -0.6652 -0.7465
vn -0.0858 -0.7033 -0.7057
vn 0.4984 -0.1597 -0.8521
vn 0.6913 0.6258 0.3613
vn 0.2046 -0.4230 0.8827
vn 0.2246 -0.4505 0.8641
vn -0.5020 -0.8604 -0.0880
vn 0.0253 -0.6628 -0.7483
vn 0.2046 -0.7092 -0.6746
vn 0.1170 0.9897 -0.0821
vn 0.0330 -0.5035 -0.8634
vn 0.1951 -0.5273 -0.8270
vn 0.6383 0.6499 -0.4125
vn -0.0348 0.9681 0.2482
vn -0.3946 -0.8162 -0.4221
vn -0.4500 0.6770 -0.5824
vn -0.4963 0.6391 -0.5876
vn -0.5130 0.7782 -0.3623
vn -0.0425 0.9147 -0.4020
vn 0.6134 -0.5064 -0.6061
vn 0.1544 -0.3876 0.9088
vn -0.7831 -0.4504 0.4288
vn -0.8125 -0.0202 0.5826
vn -0.8237 0.2059 -0.5283
vn -0.8401 0.2521 -0.4804
vn -0.5293 0.7491 -0.3985
vn -0.5384 0.7446 -0.3946
vn 0.7676 -0.4250 -0.4798
vn 0.7861 -0.4464 -0.4275
vn -0.4587 -0.5595 0.6903
vn -0.5057 -0.3536 0.7869
vn -0.6197 -0.7320 -0.2829
vn -0.6067 -0.7442 -0.2794
vn -0.7307 -0.1923 -0.6551
vn -0.1540 0.7288 0.6672
vn -0.2671 0.6614 0.7009
vn 0.0118 -0.6549 0.7556
vn 0.2220 -0.4198 0.8800
vn 0.0361 0.8137 -0.5801
vn 0.0354 0.8141 -0.5797
vn -0.1063 -0.6790 -0.7264
vn 0.0019 -0.7228 -0.6911
vn -0.4722 0.6864 0.5531
vn -0.6525 0.7047 -0.2789
vn -0.7028 0.5265 -0.4783
vn -0.5333 0.2376 0.8119
vn -0.5551 0.2267 0.8003
vn -0.3103 0.9503 0.0258
vn -0.1695 0.9762 -0.1355
vn -0.1617 0.9772 -0.1376
vn -0.8569 -0.1343 -0.4977
vn -0.8569 -0.1343 -0.4976
vn -0.9328 0.2048 0.2965
vn -0.8494 0.3065 0.4296
vn -0.6147 -0.7662 0.1872
vn -0.3619 -0.9153 0.1769
vn -0.3459 0.2319 0.9092
vn -0.5808 0.1382 0.8023
vn -0.3081 -0.3708 0.8761
vn -0.1273 0.9885 0.0820
vn -0.1271 0.9885 0.0824
vn -0.3401 -0.7399 0.5804
vn -0.4640 -0.6057 0.6464
vn 0.9878 -0.0146 0.1551
vn 0.9361 -0.0046 0.3517
vn -0.0471 0.9977 -0.0498
vn -0.0455 0.7516 0.6581
vn 0.3936 0.1453 0.9077
vn 0.5598 0.0512 0.8270
vn 0.1619 -0.9848 0.0624
vn 0.1618 -0.9848 0.0625
vn 0.8681 0.0615 -0.4926
vn 0.8682 0.0614 -0.4925
vn -0.8569 -0.1343 0.4977
vn -0.8569 -0.1344 0.4976
vn -0.1270 0.9885 -0.0821
vn -0.1274 0.9884 -0.0823
vn 0.9304 0.0498 0.3632
vn 0.9340 0.0596 0.3522
vn 0.0283 -0.9995 0.0128
vn 0.0073 -0.9996 -0.0280
vn -0.5260 -0.1889 0.8292
vn -0.6916 0.0986 0.7155
vn 0.0738 0.3052 -0.9494
vn 0.3002 -0.0627 -0.9518
vn -0.2570 0.9614 -0.0979
vn -0.1782 0.9814 0.0716
vn -0.9634 0.0539 -0.2625
vn -0.9662 0.0345 -0.2554
vn -0.2556 -0.0640 0.9647
vn -0.2263 0.0186 0.9739
vn -0.3160 0.9402 -0.1273
vn -0.4210 0.9044 -0.0688
vn 0.2665 0.3808 -0.8854
vn 0.4447 0.2614 -0.8567
vn 0.1599 -0.9846 -0.0712
vn 0.6019 -0.5596 0.5698
vn 0.2637 -0.8993 -0.3487
vn 0.1467 -0.9461 -0.2888
vn -0.1806 -0.5600 0.8086
vn -0.1915 -0.5440 0.8169
vn -0.9735 -0.0094 -0.2283
vn -0.6755 -0.7196 0.1610
vn 0.8060 -0.1559 0.5710
vn 0.8116 -0.1618 0.5614
vn 0.6059 -0.2732 -0.7472
vn 0.7290 -0.2548 -0.6353
vn -0.2188 0.1334 0.9666
vn -0.1621 0.0990 0.9818
vn -0.9241 0.3035 0.2321
vn -0.9388 0.3426 0.0344
vn -0.7141 -0.6279 -0.3096
vn 0.4344 -0.6829 0.5874
vn 0.4499 -0.7210 -0.5270
vn -0.6076 -0.5340 -0.5879
vn -0.2292 0.0218 0.9731
vn -0.1903 0.1844 0.9643
vn -0.4827 0.8706 0.0951
vn -0.6148 0.7393 0.2747
vn -0.1703 -0.8018 0.5728
vn -0.3078 -0.8564 -0.4145
vn 0.0820 -0.6937 -0.7156
vn 0.0372 -0.5578 -0.8291
vn -0.0807 0.2310 0.9696
vn -0.4603 -0.8518 -0.2502
vn 0.3985 0.8340 0.3816
vn -0.0040 0.6798 0.7333
vn 0.8744 -0.4647 0.1394
vn 0.7509 -0.6203 -0.2267
vn 0.2550 -0.3835 -0.8877
vn 0.5483 -0.2954 -0.7824
vn -0.8995 -0.1281 -0.4178
vn -0.8972 0.1016 -0.4297
vn 0.9729 -0.0776 -0.2180
vn 0.9983 0.0569 -0.0089
vn 0.6192 0.0310 -0.7846
vn 0.6159 0.0282 -0.7873
vn 0.5208 0.1656 -0.8375
vn 0.4073 0.1721 -0.8969
vn 0.9569 -0.2905 0.0005
vn 0.9519 -0.3058 -0.0203
vn 0.5226 -0.3459 -0.7793
vn 0.5525 -0.3159 -0.7713
vn -0.8145 0.1849 0.5499
vn -0.8877 0.2707 0.3724
vn 0.9722 -0.2343 -0.0032
vn 0.9337 -0.3366 -0.1220
vn -0.3042 0.1068 0.9466
vn -0.4479 0.4207 0.7889
vn -0.8482 0.4927 0.1943
vn -0.8122 0.3232 0.4856
vn -0.3923 0.8461 0.3608
vn -0.1753 0.9759 0.1298
vn 0.9735 0.1913 -0.1253
vn 0.9671 0.1474 -0.2075
vn -0.2447 0.9453 0.2155
vn -0.3659 0.8597 0.3563
vn 0.8528 0.4770 -0.2126
vn 0.6017 0.4136 -0.6833
vn 0.4162 -0.8981 0.1418
vn 0.8321 0.2065 -0.5148
vn -0.3444 -0.1149 -0.9318
vn -0.4032 0.1028 -0.9093
vn -0.3220 0.0397 -0.9459
vn -0.1920 0.2978 -0.9351
vn -0.1833 0.3214 -0.9290
vn 0.1839 0.5368 -0.8234
vn 0.1280 0.4077 -0.9041
vn -0.2425 -0.9419 -0.2323
vn -0.3934 0.3691 -0.8420
vn 0.5427 0.1688 -0.8228
vn 0.4057 0.0403 -0.9131
vn -0.4383 -0.1279 -0.8897
vn -0.4882 0.0739 -0.8696
vn -0.7177 -0.1564 0.6786
vn -0.3665 0.8553 -0.3662
vn -0.1684 0.7002 -0.6938
vn 0.4527 0.1874 -0.8718
vn 0.3969 0.2388 -0.8862
vn -0.2622 0.0017 0.9650
vn -0.2564 0.0107 0.9665
vn -0.4113 0.1149 -0.9043
vn -0.7138 0.2368 -0.6591
vn -0.5461 0.3351 -0.7678
vn 0.3335 0.2508 -0.9088
vn -0.0786 -0.9237 -0.3749
vn 0.7802 -0.2191 -0.5859
vn 0.8626 -0.4970 0.0945
vn 0.8516 0.4614 -0.2488
vn 0.6324 0.3958 -0.6659
vn -0.3741 0.6714 -0.6398
vn -0.5148 0.4147 -0.7504
vn -0.7334 0.2496 -0.6323
vn -0.6699 -0.0152 -0.7423
vn 0.8874 0.0678 -0.4559
vn 0.0472 0.1094 0.9929
vn 0.3357 -0.3690 0.8667
vn 0.5657 -0.5380 -0.6250
vn 0.7588 -0.6508 -0.0266
vn 0.3353 -0.0545 -0.9405
vn 0.3610 -0.0642 -0.9304
vn -0.5148 0.4306 -0.7413
vn -0.7589 0.4137 -0.5029
vn 0.1570 -0.5687 0.8074
vn 0.1440 -0.6132 0.7767
vn 0.4589 -0.8869 -0.0525
vn 0.5479 -0.8352 0.0480
vn -0.3137 0.5277 0.7894
vn -0.3896 0.4339 0.8124
vn 0.1110 -0.3047 -0.9460
vn 0.2522 -0.3074 -0.9175
vn -0.5578 -0.5201 -0.6468
vn -0.3063 -0.6334 -0.7106
vn -0.3426 0.8340 -0.4325
vn -0.5105 0.7713 -0.3800
vn 0.1178 -0.6261 0.7708
vn 0.1645 -0.4605 0.8723
vn 0.1285 -0.9908 0.0417
vn 0.2230 -0.9229 0.3139
vn 0.0240 0.6014 0.7986
vn 0.0756 0.7447 0.6631
vn 0.0148 -0.4423 -0.8968
vn -0.0319 -0.3735 -0.9271
vn 0.7866 -0.2935 0.5432
vn 0.7763 -0.3207 0.5427
vn -0.1902 0.9041 -0.3826
vn -0.0581 0.7459 -0.6635
vn -0.9653 -0.1987 0.1691
vn -0.9654 -0.2322 0.1186
vn -0.9932 -0.0115 0.1162
vn -0.9755 -0.2068 0.0747
vn -0.6089 0.7685 0.1968
vn -0.5793 0.7525 0.3135
vn -0.9941 -0.0116 0.1075
vn -0.9115 0.1637 0.3774
vn -0.8469 0.0792 0.5258
vn 0.1617 -0.9849 -0.0624
vn 0.1619 -0.9848 -0.0625
vn -0.1478 0.1198 -0.9817
vn -0.3740 0.2956 -0.8791
vn 0.8681 0.0614 0.4926
vn 0.8681 0.0615 0.4925
vn -0.7975 0.0531 0.6010
vn -0.1196 -0.8122 0.5710
vn -0.5053 0.2941 0.8113
vn -0.3288 0.2889 0.8991
vn -0.1737 0.9748 0.1401
vn -0.1374 0.9833 0.1195
vn -0.7093 0.5665 -0.4194
vn -0.4206 -0.6733 -0.6080
vn -0.5392 0.1526 -0.8282
vn -0.5739 0.2001 -0.7941
vn -0.7920 0.5525 0.2598
vn -0.5797 0.6780 0.4519
vn -0.4763 0.7067 -0.5232
vn -0.2357 0.5666 -0.7896
vn -0.1336 0.5083 -0.8507
vn -0.1608 0.5002 -0.8509
vn -0.2195 0.5046 -0.8350
vn -0.9782 -0.1078 -0.1775
vn -0.9707 -0.1046 -0.2163
vn -0.3094 0.7880 0.5323
vn -0.3082 0.7876 0.5336
vn -0.3595 0.7514 0.5533
vn 0.2691 -0.5310 -0.8035
vn 0.1291 -0.9317 -0.3395
vn 0.1220 -0.9352 -0.3323
vn 0.8985 -0.1044 0.4264
vn 0.8942 -0.1065 0.4348
vn -0.0467 -0.5901 0.8060
vn 0.0659 -0.5984 0.7985
vn 0.2420 -0.5104 -0.8252
vn 0.2374 -0.5423 -0.8059
vn 0.1210 -0.7101 0.6937
vn -0.2097 -0.6130 0.7617
vn 0.2487 -0.6078 0.7542
vn 0.0555 0.9977 -0.0381
vn 0.1432 -0.4886 0.8607
vn 0.1627 -0.2596 0.9519
vn 0.5955 0.7341 0.3264
vn -0.0961 0.9258 -0.3657
vn -0.3432 -0.7827 0.5193
vn -0.5344 0.6904 0.4875
vn -0.5111 0.6723 0.5356
vn -0.2267 0.8004 0.5550
vn -0.3821 0.9199 -0.0884
vn -0.7807 0.0165 0.6247
vn -0.5432 0.6857 0.4846
vn -0.5428 0.2483 0.8023
vn 0.3067 0.6408 -0.7038
vn -0.3339 0.1278 0.9339
vn -0.5019 -0.0787 0.8613
vn -0.1841 -0.6514 0.7361
vn -0.7859 0.6184 -0.0000
vn -0.6577 0.1458 0.7391
vn -0.1584 -0.6580 0.7362
vn -0.5861 0.3242 0.7426
vn -0.2394 0.3103 0.9200
vn 0.3948 -0.3756 0.8385
vn 0.3147 -0.1749 0.9329
vn 0.9906 0.1367 -0.0000
vn -0.8227 -0.3248 0.4665
vn -0.1200 -0.5585 0.8207
vn -0.4909 -0.0218 0.8710
vn -0.9453 0.3261 -0.0000
vn -0.1879 0.9476 0.2583
vn -0.2365 0.9609 0.1443
vn -0.0988 -0.1601 0.9821
vn -0.1177 -0.1662 0.9790
vn -0.8394 -0.2283 0.4932
vn -0.8102 -0.4014 0.4271
vn -0.8506 0.4128 0.3258
vn -0.8391 0.3373 0.4268
vn 0.0166 0.2594 0.9656
vn 0.3143 -0.1002 0.9440
vn -0.8418 0.3160 0.4376
vn -0.7489 0.4294 0.5048
vn -0.5693 -0.8221 -0.0000
vn -0.7425 -0.5182 0.4245
vn 0.8352 -0.5499 -0.0000
vn 0.4644 -0.0278 0.8852
vn 0.4973 -0.0663 0.8650
vn -0.2012 -0.8265 -0.5258
vn -0.5478 -0.6605 0.5135
vn -0.1895 -0.9819 -0.0000
vn -0.2520 0.1120 -0.9612
vn -0.4228 -0.1834 -0.8875
vn -0.1395 0.6070 0.7824
vn -0.1399 0.6072 0.7821
vn -0.9364 0.1468 0.3188
vn -0.0765 0.0084 0.9970
vn -0.1855 0.1196 0.9753
vn 0.4490 0.8432 0.2957
vn -0.3433 0.1006 0.9338
vn -0.1328 -0.0758 0.9882
vn 0.9981 -0.0616 -0.0000
vn 0.3067 0.6408 0.7038
vn -0.8407 0.0956 -0.5331
vn -0.8531 -0.1082 -0.5104
vn 0.4942 -0.0296 -0.8688
vn 0.4601 -0.0615 -0.8857
vn -0.9873 -0.1591 -0.0000
vn -0.1398 0.6069 -0.7824
vn -0.1394 0.6075 -0.7820
vn -0.7807 0.0165 -0.6247
vn -0.4113 0.3914 -0.8232
vn -0.7514 0.3578 -0.5544
vn 0.4490 0.8432 -0.2957
vn -0.3339 0.1277 -0.9339
vn -0.5019 -0.0787 -0.8613
vn -0.1841 -0.6514 -0.7361
vn -0.1885 0.0230 -0.9818
vn -0.0454 0.1333 -0.9900
vn -0.0756 -0.0047 -0.9971
vn -0.8058 -0.2876 -0.5176
vn -0.4852 0.4788 -0.7317
vn -0.3388 0.1705 -0.9253
vn 0.3084 -0.3457 -0.8862
vn 0.4268 -0.2511 -0.8688
vn -0.7425 -0.5182 -0.4245
vn -0.8227 -0.3248 -0.4665
vn -0.5273 -0.2826 -0.8013
vn -0.2815 -0.1002 -0.9543
vn -0.9364 0.1468 -0.3188
vn -0.2313 0.9398 -0.2513
vn -0.1886 0.9746 -0.1208
vn -0.1008 -0.1742 -0.9795
vn -0.1152 -0.1550 -0.9812
vn -0.8068 -0.2966 -0.5110
vn -0.9008 -0.2450 -0.3586
vn -0.8183 0.3944 -0.4181
vn -0.8770 0.3526 -0.3265
vn 0.2848 0.2832 -0.9158
vn 0.0616 -0.0387 -0.9974
vn -0.7839 0.4531 -0.4245
vn -0.7765 0.2919 -0.5584
vn -0.8407 0.0956 0.5331
vn -0.8531 -0.1082 0.5104
vn 0.5981 0.8015 -0.0000
vn -0.8213 -0.4544 0.3449
vn -0.8213 -0.4544 -0.3449
vn -0.3299 -0.0513 -0.9426
vn 0.9116 0.0014 0.4111
vn 0.6199 -0.6779 0.3951
vn 0.5884 -0.7272 0.3535
vn -0.6501 -0.0571 -0.7577
vn -0.6867 -0.0272 -0.7264
vn 0.4373 0.0673 -0.8968
vn -0.1449 -0.0536 0.9880
vn 0.5884 -0.7272 -0.3535
vn 0.6199 -0.6779 -0.3951
vn 0.9116 0.0014 -0.4111
vn -0.2342 0.3760 0.8965
vn -0.2342 0.3760 -0.8965
vn 0.9033 -0.2020 0.3785
vn 0.8964 -0.2131 0.3887
vn -0.3299 -0.0513 0.9426
vn 0.4527 -0.6910 -0.5636
vn 0.8478 0.3560 0.3931
vn 0.8634 0.3339 0.3783
vn 0.9001 -0.2140 -0.3794
vn 0.8993 -0.1961 -0.3908
vn 0.4527 -0.6910 0.5636
vn 0.3861 0.6041 0.6971
vn 0.5409 0.4131 0.7326
vn -0.6613 0.5976 0.4534
vn -0.7034 0.4225 0.5716
vn -0.0813 -0.4430 -0.8928
vn -0.1988 0.5065 -0.8390
vn -0.0654 0.6500 -0.7571
vn 0.2411 0.4115 -0.8789
vn 0.5325 0.5556 -0.6386
vn -0.0868 0.9310 0.3545
vn -0.1140 0.9070 0.4054
vn -0.6867 -0.0272 0.7264
vn -0.6501 -0.0571 0.7577
vn -0.1527 0.6431 0.7504
vn -0.0405 0.4999 0.8651
vn -0.0852 0.9131 -0.3987
vn -0.1187 0.9276 -0.3543
vn -0.6213 0.5615 -0.5465
vn -0.8428 0.3489 -0.4098
vn -0.1449 -0.0536 -0.9880
vn 0.4373 0.0673 0.8968
vn -0.0813 -0.4430 0.8928
vn -0.2721 -0.2117 -0.9387
vn -0.1600 0.2027 0.9661
vn 0.5065 0.8006 0.3201
vn 0.5415 0.7930 0.2792
vn 0.2606 -0.4154 -0.8715
vn 0.5123 0.8096 -0.2865
vn 0.5311 0.7819 -0.3263
vn -0.1600 0.2027 -0.9661
vn 0.8534 0.3584 -0.3785
vn 0.8539 0.3388 -0.3951
vn 0.2606 -0.4154 0.8715
vn -0.2721 -0.2117 0.9387
vn 0.5130 0.1098 0.8513
vn 0.5130 0.1098 -0.8513
vn -0.3094 0.1016 -0.9455
vn -0.2872 0.2600 -0.9219
vn -0.9658 -0.1438 0.2159
vn -0.9675 -0.2236 0.1182
vn 0.8700 -0.4917 0.0367
vn 0.8684 -0.4860 0.0982
vn 0.0933 0.5065 0.8572
vn -0.0901 0.4303 0.8982
vn 0.9552 0.1829 -0.2326
vn 0.9705 0.2126 -0.1137
vn -0.2381 -0.2540 -0.9374
vn -0.2165 -0.2872 -0.9331
vn -0.0558 -0.0786 -0.9953
vn -0.2612 0.0964 -0.9605
vn -0.3298 0.1092 0.9377
vn -0.2600 0.2627 0.9292
vn -0.2321 -0.2505 0.9399
vn -0.2239 -0.2873 0.9313
vn -0.3670 -0.9159 0.1627
vn -0.3678 -0.9144 0.1691
vn 0.1321 0.3465 0.9287
vn 0.0537 0.3685 0.9281
vn -0.5910 0.5162 0.6199
vn -0.7647 0.6444 -0.0032
vn -0.7653 0.6437 -0.0000
vn 0.4942 -0.8693 -0.0022
vn 0.4713 -0.8765 0.0978
vn 0.4439 -0.8813 0.1623
vn -0.0446 0.3620 0.9311
vn -0.1652 0.1708 0.9714
vn 0.6654 0.6812 -0.3053
vn 0.6876 0.7104 -0.1502
vn 0.0781 0.0764 0.9940
vn 0.0790 0.0828 0.9934
vn 0.0144 0.5317 -0.8468
vn -0.3494 -0.3684 0.8615
vn -0.2757 -0.9612 -0.0028
vn -0.2781 -0.9606 -0.0000
vn -0.2203 0.0105 -0.9754
vn -0.2978 0.9522 0.0678
vn -0.3499 -0.3686 -0.8612
vn -0.2215 -0.4899 -0.8432
vn -0.0181 -0.4925 -0.8701
vn -0.7849 -0.0748 0.6150
vn -0.7601 -0.1050 0.6413
vn -0.6879 -0.6619 0.2978
vn -0.6607 -0.7351 0.1520
vn -0.6065 0.7950 -0.0035
vn -0.6234 0.7778 -0.0803
vn -0.7602 -0.1051 -0.6411
vn -0.7840 -0.0762 -0.6160
vn 0.3684 0.9153 -0.1630
vn 0.3662 0.9151 -0.1689
vn -0.1235 -0.1929 -0.9734
vn -0.1269 -0.1975 -0.9721
vn -0.0680 -0.4189 -0.9055
vn 0.1224 -0.2851 -0.9506
vn -0.8577 0.5126 -0.0400
vn -0.8724 0.4797 -0.0944
vn -0.2181 -0.2621 -0.9401
vn -0.1694 -0.3083 -0.9361
vn -0.0193 0.1570 0.9874
vn -0.0311 0.1668 0.9855
vn 0.5854 0.0854 0.8062
vn 0.4488 0.1392 0.8827
vn -0.2988 0.9520 -0.0664
vn -0.2203 0.0105 0.9754
vn 0.4432 -0.8819 -0.1607
vn 0.4738 0.0697 -0.8779
vn 0.5631 0.1581 -0.8111
vn 0.0145 0.5319 0.8467
vn -0.5908 0.5161 -0.6202
vn -0.0269 -0.2327 0.9722
vn -0.0269 -0.2327 -0.9722
vn -0.2803 -0.7336 0.6190
vn -0.2803 -0.7336 -0.6190
vn -0.5700 0.5640 0.5976
vn -0.5976 0.3489 0.7219
vn -0.6698 0.4518 0.5892
vn -0.6374 0.6213 0.4558
vn -0.3050 0.2330 0.9234
vn -0.2782 0.1226 0.9527
vn -0.6628 0.1521 0.7332
vn -0.6528 0.0981 0.7511
vn -0.8380 0.2032 0.5064
vn -0.8375 0.1960 0.5101
vn -0.3334 0.0610 0.9408
vn -0.2742 0.1344 0.9522
vn -0.6724 -0.1258 0.7294
vn -0.6386 -0.2130 0.7395
vn -0.8643 -0.0424 0.5012
vn -0.8535 -0.0981 0.5118
vn -0.3413 -0.2333 0.9105
vn -0.3190 -0.2860 0.9036
vn -0.6642 -0.0387 0.7465
vn -0.5300 -0.3139 0.7878
vn -0.8544 -0.1222 0.5050
vn -0.8786 0.0216 0.4771
vn -0.3175 -0.3288 0.8894
vn -0.2060 -0.4678 0.8595
vn -0.7937 0.5510 0.2577
vn -0.8625 0.4828 0.1515
vn -0.9549 0.2543 0.1533
vn -0.9515 0.2611 0.1629
vn -0.9880 0.0027 0.1544
vn -0.9918 -0.0353 0.1227
vn -0.9432 -0.1354 0.3035
vn -0.9879 0.0687 0.1393
vn -0.9955 0.0386 0.0870
vn -0.5915 0.5825 -0.5575
vn -0.6214 0.2863 -0.7293
vn -0.6698 0.4518 -0.5892
vn -0.6374 0.6213 -0.4558
vn -0.2952 0.1916 -0.9360
vn -0.2839 0.1453 -0.9478
vn -0.6625 0.1520 -0.7335
vn -0.6607 0.1415 -0.7372
vn -0.8380 0.2032 -0.5064
vn -0.8375 0.1960 -0.5101
vn -0.4132 0.0973 -0.9054
vn -0.2434 0.2551 -0.9358
vn -0.6872 -0.1241 -0.7158
vn -0.6246 -0.2733 -0.7316
vn -0.8643 -0.0424 -0.5012
vn -0.8535 -0.0980 -0.5118
vn -0.4125 -0.2689 -0.8704
vn -0.3339 -0.3936 -0.8565
vn -0.6641 -0.0388 -0.7466
vn -0.5317 -0.3108 -0.7878
vn -0.8544 -0.1222 -0.5050
vn -0.8786 0.0216 -0.4771
vn -0.3384 -0.3249 -0.8831
vn -0.1942 -0.5018 -0.8429
vn -0.7937 0.5510 -0.2577
vn -0.8625 0.4828 -0.1515
vn -0.9549 0.2543 -0.1533
vn -0.9515 0.2611 -0.1629
vn -0.9880 0.0027 -0.1544
vn -0.9918 -0.0353 -0.1227
vn -0.9955 0.0386 -0.0870
vn -0.9879 0.0687 -0.1393
vn -0.9432 -0.1354 -0.3035
vt 0.879760 -0.579550
vt 0.879760 -0.532990
vt 0.881660 -0.532990
vt 0.881660 -0.579550
vt 0.884300 -0.581250
vt 0.884300 -0.579550
vt 0.881660 -0.581250
vt 0.884300 -0.532990
vt 0.517320 -0.092410
vt 0.515280 -0.092410
vt 0.381770 -0.014700
vt 0.515320 -0.146450
vt 0.517320 -0.146450
vt 0.381790 -0.224180
vt 0.381750 -0.224000
vt 0.502220 -0.146420
vt 0.499540 -0.146430
vt 0.517350 -0.128680
vt 0.520050 -0.128680
vt 0.499510 -0.092440
vt 0.502220 -0.092440
vt 0.520050 -0.110180
vt 0.517350 -0.110180
vt 0.169600 -0.094780
vt 0.172250 -0.093570
vt 0.156450 -0.093550
vt 0.154450 -0.094460
vt 0.172330 -0.095700
vt 0.156490 -0.095160
vt 0.394440 -0.110180
vt 0.366890 -0.110180
vt 0.344830 -0.014840
vt 0.344830 -0.224020
vt 0.366890 -0.128680
vt 0.394440 -0.128680
vt 0.877140 -0.413130
vt 0.884820 -0.414090
vt 0.884350 -0.384900
vt 0.878920 -0.384910
vt 0.876560 -0.466760
vt 0.884310 -0.466760
vt 0.882780 -0.507820
vt 0.878330 -0.507820
vt 0.423630 -0.128680
vt 0.476290 -0.110180
vt 0.476290 -0.128680
vt 0.422660 -0.110180
vt 0.882300 -0.357350
vt 0.880560 -0.510510
vt 0.161170 -0.092410
vt 0.296730 -0.014700
vt 0.163210 -0.092410
vt 0.381780 -0.224180
vt 0.178980 -0.092440
vt 0.161140 -0.110180
vt 0.158440 -0.110180
vt 0.176280 -0.092440
vt 0.284050 -0.110180
vt 0.333660 -0.014840
vt 0.311600 -0.110180
vt 0.884300 -0.466760
vt 0.882790 -0.507820
vt 0.202200 -0.110180
vt 0.255830 -0.110180
vt 0.795750 -0.396180
vt 0.679730 -0.506520
vt 0.657930 -0.506520
vt 0.778610 -0.396190
vt 0.653390 -0.506610
vt 0.775330 -0.396290
vt 0.553760 -0.601360
vt 0.574840 -0.601360
vt 0.548450 -0.601450
vt 0.651550 -0.506520
vt 0.774740 -0.396210
vt 0.545840 -0.601360
vt 0.961150 -0.267400
vt 0.972650 -0.279940
vt 0.974210 -0.443440
vt 0.959580 -0.427500
vt 0.976890 -0.446820
vt 0.974410 -0.282400
vt 0.975890 -0.584300
vt 0.961750 -0.568880
vt 0.979130 -0.588240
vt 0.978150 -0.448110
vt 0.974800 -0.282780
vt 0.980910 -0.590100
vt 0.929550 -0.584110
vt 0.908460 -0.584110
vt 0.908460 -0.584800
vt 0.929380 -0.584800
vt 0.929870 -0.576660
vt 0.929740 -0.577350
vt 0.912720 -0.577230
vt 0.912720 -0.576530
vt 0.990650 -0.664840
vt 0.990650 -0.632960
vt 0.979320 -0.632960
vt 0.979320 -0.664840
vt 0.934480 -0.587340
vt 0.934850 -0.586900
vt 0.975460 -0.282760
vt 0.978810 -0.448100
vt 0.933140 -0.577160
vt 0.932750 -0.577610
vt 0.981540 -0.590090
vt 0.937040 -0.591090
vt 0.937470 -0.590800
vt 0.933280 -0.578950
vt 0.933730 -0.578770
vt 0.572880 -0.228990
vt 0.545960 -0.229970
vt 0.545910 -0.328010
vt 0.579430 -0.322470
vt 0.598670 -0.228990
vt 0.592120 -0.322470
vt 0.625640 -0.328010
vt 0.625580 -0.228640
vt 0.881090 -0.477970
vt 0.877170 -0.447710
vt 0.884860 -0.447710
vt 0.885020 -0.320180
vt 0.876950 -0.320180
vt 0.876950 -0.446390
vt 0.885010 -0.446390
vt 0.862500 -0.759590
vt 0.862310 -0.855170
vt 0.816860 -0.851670
vt 0.811920 -0.756450
vt 0.885510 -0.362140
vt 0.884600 -0.262880
vt 0.878470 -0.262880
vt 0.876400 -0.362140
vt 0.862330 -0.187450
vt 0.862510 -0.091880
vt 0.810040 -0.088730
vt 0.816870 -0.183930
vt 0.963560 -0.656330
vt 0.941960 -0.666020
vt 0.911880 -0.621100
vt 0.963580 -0.621100
vt 0.963570 -0.033760
vt 0.963590 -0.069000
vt 0.911880 -0.069000
vt 0.941960 -0.024120
vt 0.920490 -0.033640
vt 0.932660 -0.032710
vt 0.932650 -0.033250
vt 0.920480 -0.034590
vt 0.920490 -0.031960
vt 0.932670 -0.031890
vt 0.920490 -0.030300
vt 0.932660 -0.031090
vt 0.932630 -0.033580
vt 0.920460 -0.035060
vt 0.932650 -0.030560
vt 0.920480 -0.029360
vt 0.920460 -0.028910
vt 0.932630 -0.030290
vt 0.911850 -0.035170
vt 0.911830 -0.035730
vt 0.911860 -0.032090
vt 0.911860 -0.034100
vt 0.911860 -0.030080
vt 0.911850 -0.029010
vt 0.911830 -0.028450
vt 0.910840 -0.035200
vt 0.910860 -0.034720
vt 0.910870 -0.033810
vt 0.910870 -0.032090
vt 0.910870 -0.030370
vt 0.910860 -0.029460
vt 0.910840 -0.028980
vt 0.909940 -0.034370
vt 0.909960 -0.034020
vt 0.909970 -0.033350
vt 0.909980 -0.032090
vt 0.909970 -0.030830
vt 0.909960 -0.030160
vt 0.909940 -0.029810
vt 0.910040 -0.655720
vt 0.909100 -0.656070
vt 0.909100 -0.659930
vt 0.910040 -0.660280
vt 0.908630 -0.659260
vt 0.908630 -0.656740
vt 0.932760 -0.658630
vt 0.920570 -0.659550
vt 0.920560 -0.657880
vt 0.932770 -0.657800
vt 0.920570 -0.656210
vt 0.932760 -0.657000
vt 0.932740 -0.659490
vt 0.920570 -0.660970
vt 0.920570 -0.660510
vt 0.932760 -0.659170
vt 0.932750 -0.656480
vt 0.920570 -0.655270
vt 0.920570 -0.654830
vt 0.932740 -0.656200
vt 0.911930 -0.661080
vt 0.911940 -0.661640
vt 0.911920 -0.658010
vt 0.911920 -0.660010
vt 0.911920 -0.656000
vt 0.911930 -0.654930
vt 0.911940 -0.654370
vt 0.910940 -0.661110
vt 0.910940 -0.660640
vt 0.910930 -0.659720
vt 0.910930 -0.658010
vt 0.910930 -0.656290
vt 0.910940 -0.655380
vt 0.910940 -0.654890
vt 0.910050 -0.659930
vt 0.910050 -0.659260
vt 0.910050 -0.658010
vt 0.910050 -0.656750
vt 0.910050 -0.656080
vt 0.885640 -0.405410
vt 0.885640 -0.503180
vt 0.876310 -0.503180
vt 0.876310 -0.405410
vt 0.878650 -0.267710
vt 0.879810 -0.237650
vt 0.881730 -0.237650
vt 0.882880 -0.267710
vt 0.911900 -0.665780
vt 0.911900 -0.024190
vt 0.945250 -0.666000
vt 0.945260 -0.024090
vt 0.943680 -0.031860
vt 0.908160 -0.658000
vt 0.943810 -0.657770
vt 0.880770 -0.234350
vt 0.026230 -0.193520
vt 0.026230 -0.189210
vt 0.041920 -0.189210
vt 0.043290 -0.193520
vt 0.009170 -0.193520
vt 0.010530 -0.189210
vt 0.026230 -0.289800
vt 0.004840 -0.289800
vt 0.047620 -0.289800
vt 0.031790 -0.030810
vt 0.012570 -0.030810
vt 0.012570 -0.044670
vt 0.031790 -0.044620
vt 0.031790 -0.016330
vt 0.012570 -0.016330
vt 0.043530 -0.068530
vt 0.043530 -0.188300
vt 0.026240 -0.188300
vt 0.026240 -0.068530
vt 0.008950 -0.188300
vt 0.008950 -0.068530
vt 0.685120 -0.903360
vt 0.656130 -0.995190
vt 0.656130 -0.898700
vt 0.508600 -0.171930
vt 0.503520 -0.171930
vt 0.513590 -0.188260
vt 0.513590 -0.175440
vt 0.498520 -0.175440
vt 0.498520 -0.188260
vt 0.795740 -0.961620
vt 0.778600 -0.961620
vt 0.657920 -0.851290
vt 0.679730 -0.851290
vt 0.653390 -0.851200
vt 0.775330 -0.961520
vt 0.553750 -0.756450
vt 0.574840 -0.756450
vt 0.548450 -0.756360
vt 0.651550 -0.851290
vt 0.774740 -0.961600
vt 0.545840 -0.756450
vt 0.929870 -0.576670
vt 0.929740 -0.577360
vt 0.937040 -0.591100
vt 0.862510 -0.598210
vt 0.811920 -0.601360
vt 0.816870 -0.506140
vt 0.862320 -0.502640
vt 0.862320 -0.187450
vt 0.810030 -0.088730
vt 0.041920 -0.189220
vt 0.026230 -0.189220
vt 0.010530 -0.189220
vt 0.026240 -0.188310
vt 0.043530 -0.188310
vt 0.008950 -0.188310
vt 0.861790 -0.396320
vt 0.862270 -0.495800
vt 0.824440 -0.492320
vt 0.837970 -0.396190
vt 0.861790 -0.293770
vt 0.837970 -0.293860
vt 0.824440 -0.197750
vt 0.862270 -0.194290
vt 0.885680 -0.402970
vt 0.876400 -0.402970
vt 0.878510 -0.279770
vt 0.884760 -0.279770
vt 0.201120 -0.442400
vt 0.207850 -0.442550
vt 0.207840 -0.420320
vt 0.201190 -0.419460
vt 0.184490 -0.439680
vt 0.188370 -0.440720
vt 0.188050 -0.415840
vt 0.183400 -0.413060
vt 0.194250 -0.441700
vt 0.194240 -0.417890
vt 0.179850 -0.409890
vt 0.182590 -0.438790
vt 0.214560 -0.442400
vt 0.214500 -0.419460
vt 0.227320 -0.440720
vt 0.231210 -0.439680
vt 0.232290 -0.413060
vt 0.227650 -0.415850
vt 0.221440 -0.441700
vt 0.221450 -0.417890
vt 0.233100 -0.438790
vt 0.235850 -0.409890
vt 0.025440 -0.203300
vt 0.025440 -0.211790
vt 0.028390 -0.211790
vt 0.028390 -0.203300
vt 0.025440 -0.221490
vt 0.028390 -0.221490
vt 0.025440 -0.233400
vt 0.028390 -0.233400
vt 0.025440 -0.242340
vt 0.028390 -0.242340
vt 0.025440 -0.194070
vt 0.028390 -0.194070
vt 0.025440 -0.272900
vt 0.025440 -0.281370
vt 0.028390 -0.281370
vt 0.028390 -0.272900
vt 0.025440 -0.263230
vt 0.028390 -0.263230
vt 0.025440 -0.251320
vt 0.028390 -0.251320
vt 0.025440 -0.290540
vt 0.028390 -0.290530
vt 0.348160 -0.329370
vt 0.353440 -0.329370
vt 0.353440 -0.299090
vt 0.348160 -0.299090
vt 0.359630 -0.329370
vt 0.359630 -0.299090
vt 0.367300 -0.329370
vt 0.367300 -0.299090
vt 0.373050 -0.329370
vt 0.373050 -0.299090
vt 0.342480 -0.329370
vt 0.342480 -0.299090
vt 0.028390 -0.209710
vt 0.028390 -0.203080
vt 0.025440 -0.203080
vt 0.025440 -0.209710
vt 0.028390 -0.216630
vt 0.025440 -0.216630
vt 0.028390 -0.224820
vt 0.025440 -0.224820
vt 0.028390 -0.234660
vt 0.025440 -0.234730
vt 0.028390 -0.249930
vt 0.025440 -0.249880
vt 0.028390 -0.259770
vt 0.025440 -0.259770
vt 0.028390 -0.268010
vt 0.025440 -0.268010
vt 0.028390 -0.274800
vt 0.025440 -0.274800
vt 0.028390 -0.281530
vt 0.025440 -0.281530
vt 0.177100 -0.336880
vt 0.176520 -0.337460
vt 0.175430 -0.349260
vt 0.177260 -0.349250
vt 0.177000 -0.398800
vt 0.177920 -0.410130
vt 0.178530 -0.398800
vt 0.175720 -0.360080
vt 0.177340 -0.360080
vt 0.177760 -0.377140
vt 0.176210 -0.377140
vt 0.414990 -0.272120
vt 0.415620 -0.274060
vt 0.408190 -0.275930
vt 0.407650 -0.273970
vt 0.402490 -0.277520
vt 0.401990 -0.275580
vt 0.395280 -0.279660
vt 0.394740 -0.278470
vt 0.390460 -0.281080
vt 0.390690 -0.279020
vt 0.186330 -0.333320
vt 0.194270 -0.331680
vt 0.193940 -0.329690
vt 0.185950 -0.331350
vt 0.201260 -0.330510
vt 0.200750 -0.328550
vt 0.207840 -0.330160
vt 0.207840 -0.328180
vt 0.179620 -0.335460
vt 0.178960 -0.333730
vt 0.176990 -0.334740
vt 0.420510 -0.270580
vt 0.421150 -0.272510
vt 0.238590 -0.336880
vt 0.238430 -0.349250
vt 0.240260 -0.349260
vt 0.239170 -0.337470
vt 0.238690 -0.398800
vt 0.237160 -0.398800
vt 0.237760 -0.410130
vt 0.239970 -0.360080
vt 0.238350 -0.360080
vt 0.239480 -0.377140
vt 0.237930 -0.377140
vt 0.229370 -0.333320
vt 0.229750 -0.331350
vt 0.221750 -0.329690
vt 0.221420 -0.331680
vt 0.214940 -0.328550
vt 0.214430 -0.330510
vt 0.236070 -0.335460
vt 0.236730 -0.333730
vt 0.238690 -0.334740
vt 0.389200 -0.280670
vt 0.390580 -0.293160
vt 0.389180 -0.293170
vt 0.391160 -0.304000
vt 0.389720 -0.304000
vt 0.391540 -0.321060
vt 0.390090 -0.321060
vt 0.389780 -0.353730
vt 0.391550 -0.342720
vt 0.391080 -0.353750
vt 0.388090 -0.324990
vt 0.389130 -0.324990
vt 0.386470 -0.325130
vt 0.387510 -0.325080
vt 0.920210 -0.468340
vt 0.920210 -0.477160
vt 0.927780 -0.477160
vt 0.927780 -0.468340
vt 0.927780 -0.462150
vt 0.920210 -0.462150
vt 0.927780 -0.527180
vt 0.927780 -0.509690
vt 0.920210 -0.509690
vt 0.920210 -0.527180
vt 0.927780 -0.541610
vt 0.920210 -0.541610
vt 0.920220 -0.524090
vt 0.920220 -0.537980
vt 0.927760 -0.537980
vt 0.927760 -0.524090
vt 0.920220 -0.507430
vt 0.927760 -0.507430
vt 0.920220 -0.492770
vt 0.927760 -0.492770
vt 0.927760 -0.477870
vt 0.920220 -0.477870
vt 0.927760 -0.471020
vt 0.920220 -0.471020
vt 0.920220 -0.466160
vt 0.927760 -0.466160
vt 0.927760 -0.442980
vt 0.920220 -0.442980
vt 0.927760 -0.423070
vt 0.920220 -0.423070
vt 0.927760 -0.391260
vt 0.920220 -0.391260
vt 0.927760 -0.330260
vt 0.920220 -0.350750
vt 0.927760 -0.276180
vt 0.920220 -0.276180
vt 0.927780 -0.440860
vt 0.920210 -0.440860
vt 0.927780 -0.420020
vt 0.920210 -0.420020
vt 0.920210 -0.388240
vt 0.920210 -0.326930
vt 0.927780 -0.388240
vt 0.927780 -0.326930
vt 0.927780 -0.272680
vt 0.920210 -0.272680
vt 0.924490 -0.275310
vt 0.924140 -0.271680
vt 0.861780 -0.961490
vt 0.837970 -0.961620
vt 0.824430 -0.865490
vt 0.862260 -0.862000
vt 0.963560 -0.701480
vt 0.963580 -0.736710
vt 0.911870 -0.736710
vt 0.941950 -0.691780
vt 0.920500 -0.031960
vt 0.911840 -0.035730
vt 0.911840 -0.028450
vt 0.910880 -0.032090
vt 0.932750 -0.699180
vt 0.932760 -0.700000
vt 0.920550 -0.699930
vt 0.920560 -0.698250
vt 0.932750 -0.700810
vt 0.920560 -0.701600
vt 0.932740 -0.698320
vt 0.932750 -0.698640
vt 0.920560 -0.697300
vt 0.920570 -0.696830
vt 0.932750 -0.701330
vt 0.932740 -0.701610
vt 0.920570 -0.702980
vt 0.920560 -0.702540
vt 0.911920 -0.696730
vt 0.911930 -0.696170
vt 0.911910 -0.699810
vt 0.911920 -0.697800
vt 0.911920 -0.701810
vt 0.911920 -0.702880
vt 0.911930 -0.703440
vt 0.910930 -0.697170
vt 0.910930 -0.696700
vt 0.910930 -0.699810
vt 0.910930 -0.698090
vt 0.910930 -0.701520
vt 0.910930 -0.702440
vt 0.910930 -0.702920
vt 0.910040 -0.697880
vt 0.910030 -0.697520
vt 0.910050 -0.699810
vt 0.910040 -0.698540
vt 0.910040 -0.701060
vt 0.910040 -0.701740
vt 0.910030 -0.702090
vt 0.879820 -0.237650
vt 0.911890 -0.692030
vt 0.945240 -0.691810
vt 0.943800 -0.700040
vt 0.910030 -0.655720
vt 0.910030 -0.660290
vt 0.909100 -0.659940
vt 0.909100 -0.656080
vt 0.908620 -0.659260
vt 0.908620 -0.656750
vt 0.908160 -0.658010
vt 0.187110 -0.524290
vt 0.183550 -0.524270
vt 0.184810 -0.592240
vt 0.190280 -0.592150
vt 0.193560 -0.524300
vt 0.196500 -0.592130
vt 0.200630 -0.524310
vt 0.202860 -0.592140
vt 0.207840 -0.592150
vt 0.207850 -0.524310
vt 0.194990 -0.946700
vt 0.197950 -0.946760
vt 0.196200 -0.940490
vt 0.192510 -0.940430
vt 0.199880 -0.928920
vt 0.204100 -0.928920
vt 0.204480 -0.916610
vt 0.199780 -0.916620
vt 0.200040 -0.940500
vt 0.204210 -0.940500
vt 0.201240 -0.946780
vt 0.204700 -0.946790
vt 0.207850 -0.946790
vt 0.207840 -0.940500
vt 0.189700 -0.862830
vt 0.194440 -0.862890
vt 0.199440 -0.862880
vt 0.204450 -0.862890
vt 0.195410 -0.928910
vt 0.195090 -0.916620
vt 0.190630 -0.916540
vt 0.190880 -0.928840
vt 0.175840 -0.495610
vt 0.176460 -0.524270
vt 0.183490 -0.495600
vt 0.094990 -0.883690
vt 0.085370 -0.883640
vt 0.084600 -0.982200
vt 0.094400 -0.982200
vt 0.076380 -0.533890
vt 0.068110 -0.537730
vt 0.072410 -0.592170
vt 0.080180 -0.592170
vt 0.044590 -0.883680
vt 0.034820 -0.883670
vt 0.038720 -0.982200
vt 0.049590 -0.982200
vt 0.150300 -0.883690
vt 0.153640 -0.982200
vt 0.164500 -0.982200
vt 0.157770 -0.883710
vt 0.177880 -0.883670
vt 0.168350 -0.883700
vt 0.175370 -0.982200
vt 0.062290 -0.431410
vt 0.067950 -0.431650
vt 0.067620 -0.368700
vt 0.063040 -0.371970
vt 0.063040 -0.434330
vt 0.049530 -0.431410
vt 0.049530 -0.434360
vt 0.086990 -0.476130
vt 0.072940 -0.481170
vt 0.074640 -0.507220
vt 0.089650 -0.502880
vt 0.063220 -0.484530
vt 0.064940 -0.509740
vt 0.103400 -0.376880
vt 0.073320 -0.432200
vt 0.075420 -0.434040
vt 0.103770 -0.383120
vt 0.071500 -0.459050
vt 0.065890 -0.460180
vt 0.003940 -0.368700
vt 0.006540 -0.371970
vt 0.558530 -0.871540
vt 0.494850 -0.871540
vt 0.494250 -0.865290
vt 0.558530 -0.865280
vt 0.003940 -0.431410
vt 0.006580 -0.431410
vt 0.003940 -0.372390
vt 0.451120 -0.575700
vt 0.497200 -0.575830
vt 0.497200 -0.618790
vt 0.451130 -0.631080
vt 0.423790 -0.480870
vt 0.423790 -0.535960
vt 0.487290 -0.536660
vt 0.487290 -0.480870
vt 0.556790 -0.481870
vt 0.556790 -0.536950
vt 0.575610 -0.537170
vt 0.575610 -0.482120
vt 0.026230 -0.883660
vt 0.015580 -0.883630
vt 0.018050 -0.982200
vt 0.027850 -0.982200
vt 0.430800 -0.974250
vt 0.442020 -0.972230
vt 0.443200 -0.977810
vt 0.431340 -0.980330
vt 0.416530 -0.971270
vt 0.423270 -0.973990
vt 0.423690 -0.980110
vt 0.416250 -0.977080
vt 0.106040 -0.709140
vt 0.105180 -0.592170
vt 0.091390 -0.592170
vt 0.093660 -0.709070
vt 0.053520 -0.709170
vt 0.053820 -0.592170
vt 0.043690 -0.592170
vt 0.044150 -0.709170
vt 0.052570 -0.804450
vt 0.053300 -0.842080
vt 0.063230 -0.842010
vt 0.062750 -0.804250
vt 0.137950 -0.883680
vt 0.136050 -0.982200
vt 0.143830 -0.982200
vt 0.144570 -0.883690
vt 0.095250 -0.842080
vt 0.095500 -0.804130
vt 0.084180 -0.803910
vt 0.085050 -0.842030
vt 0.034290 -0.842080
vt 0.034820 -0.804630
vt 0.025690 -0.804600
vt 0.025820 -0.842080
vt 0.157200 -0.842110
vt 0.153940 -0.592170
vt 0.143830 -0.592160
vt 0.146910 -0.842090
vt 0.178380 -0.842070
vt 0.177940 -0.592160
vt 0.164440 -0.592160
vt 0.167790 -0.842100
vt 0.015860 -0.802610
vt 0.015340 -0.842080
vt 0.077170 -0.842010
vt 0.075710 -0.804250
vt 0.043510 -0.842080
vt 0.043480 -0.804530
vt 0.105270 -0.982200
vt 0.101070 -0.883670
vt 0.059400 -0.982200
vt 0.054700 -0.883670
vt 0.116140 -0.982200
vt 0.125940 -0.982200
vt 0.129880 -0.883680
vt 0.124000 -0.883680
vt 0.409020 -0.970950
vt 0.411750 -0.962310
vt 0.063240 -0.537730
vt 0.053960 -0.541850
vt 0.063030 -0.592170
vt 0.082070 -0.709180
vt 0.032390 -0.550590
vt 0.021440 -0.553890
vt 0.022890 -0.592170
vt 0.033140 -0.592170
vt 0.026870 -0.709170
vt 0.013740 -0.592170
vt 0.016850 -0.710170
vt 0.003940 -0.710170
vt 0.003940 -0.802680
vt 0.003940 -0.592170
vt 0.103330 -0.803900
vt 0.101300 -0.842070
vt 0.034900 -0.709170
vt 0.465810 -0.847370
vt 0.421520 -0.847370
vt 0.421520 -0.941070
vt 0.465810 -0.941070
vt 0.422690 -0.832140
vt 0.422690 -0.738440
vt 0.473820 -0.738440
vt 0.473820 -0.832140
vt 0.423200 -0.630620
vt 0.423200 -0.575570
vt 0.550900 -0.537370
vt 0.550900 -0.480870
vt 0.055490 -0.484690
vt 0.046670 -0.484610
vt 0.045090 -0.514290
vt 0.054500 -0.511540
vt 0.062540 -0.509740
vt 0.012610 -0.555320
vt 0.022400 -0.518910
vt 0.011890 -0.518910
vt 0.022400 -0.484610
vt 0.063030 -0.460180
vt 0.058720 -0.460330
vt 0.049530 -0.437170
vt 0.063290 -0.436500
vt 0.072540 -0.709030
vt 0.129240 -0.707210
vt 0.135140 -0.592130
vt 0.125790 -0.592240
vt 0.121380 -0.708870
vt 0.107190 -0.528620
vt 0.090200 -0.531230
vt 0.043510 -0.545950
vt 0.062660 -0.709030
vt 0.003940 -0.555870
vt 0.108030 -0.498700
vt 0.105940 -0.419910
vt 0.082660 -0.454520
vt 0.109550 -0.470690
vt 0.069740 -0.436500
vt 0.073440 -0.434780
vt 0.071600 -0.434320
vt 0.558450 -0.828400
vt 0.490750 -0.828500
vt 0.485910 -0.777720
vt 0.557770 -0.776360
vt 0.047610 -0.460280
vt 0.022400 -0.459190
vt 0.022400 -0.437300
vt 0.130970 -0.047570
vt 0.130110 -0.048560
vt 0.164400 -0.049370
vt 0.162380 -0.048390
vt 0.189830 -0.045500
vt 0.185660 -0.044520
vt 0.220530 -0.011300
vt 0.221660 -0.021710
vt 0.221370 -0.029760
vt 0.215430 -0.011870
vt 0.211720 -0.038390
vt 0.205720 -0.037330
vt 0.115880 -0.011990
vt 0.114740 -0.021610
vt 0.113770 -0.021930
vt 0.114900 -0.011420
vt 0.115030 -0.028850
vt 0.114050 -0.029870
vt 0.130970 -0.034940
vt 0.162380 -0.035750
vt 0.185660 -0.034050
vt 0.209980 -0.028760
vt 0.209980 -0.011870
vt 0.215720 -0.028760
vt 0.205720 -0.031880
vt 0.128510 -0.011990
vt 0.128510 -0.028850
vt 0.131080 -0.012240
vt 0.131080 -0.029100
vt 0.162500 -0.029100
vt 0.157310 -0.012230
vt 0.179810 -0.012220
vt 0.185790 -0.029100
vt 0.205830 -0.029100
vt 0.206040 -0.012210
vt 0.003940 -0.434390
vt 0.377900 -0.276960
vt 0.376610 -0.293210
vt 0.358490 -0.276920
vt 0.343250 -0.276920
vt 0.342880 -0.293170
vt 0.358490 -0.293170
vt 0.207840 -0.862890
vt 0.207850 -0.916610
vt 0.207850 -0.928910
vt 0.003940 -0.842090
vt 0.003940 -0.518910
vt 0.183490 -0.466790
vt 0.186340 -0.495620
vt 0.186750 -0.466800
vt 0.193440 -0.466820
vt 0.193260 -0.495620
vt 0.200510 -0.466820
vt 0.199980 -0.495620
vt 0.207840 -0.495630
vt 0.207850 -0.466820
vt 0.006670 -0.970950
vt 0.004460 -0.883570
vt 0.003940 -0.883530
vt 0.003940 -0.962310
vt 0.185640 -0.948100
vt 0.183830 -0.862900
vt 0.115750 -0.592170
vt 0.114260 -0.708990
vt 0.188790 -0.962850
vt 0.223220 -0.379730
vt 0.227520 -0.368380
vt 0.228820 -0.344540
vt 0.225220 -0.343070
vt 0.336550 -0.260610
vt 0.337710 -0.263880
vt 0.339710 -0.254930
vt 0.186250 -0.285270
vt 0.184340 -0.286810
vt 0.186270 -0.288010
vt 0.188030 -0.286810
vt 0.222170 -0.338430
vt 0.224530 -0.342200
vt 0.218100 -0.379850
vt 0.216530 -0.336420
vt 0.220430 -0.337430
vt 0.208830 -0.379850
vt 0.178730 -0.311230
vt 0.176890 -0.332600
vt 0.178360 -0.331850
vt 0.180460 -0.311230
vt 0.183560 -0.290360
vt 0.181610 -0.289750
vt 0.180480 -0.295360
vt 0.182420 -0.295370
vt 0.134880 -0.368100
vt 0.144410 -0.360090
vt 0.145470 -0.352370
vt 0.134880 -0.363660
vt 0.134920 -0.377140
vt 0.143690 -0.377140
vt 0.142400 -0.438710
vt 0.142330 -0.410200
vt 0.134880 -0.410220
vt 0.134880 -0.438710
vt 0.142780 -0.466710
vt 0.134880 -0.466710
vt 0.134880 -0.495590
vt 0.143100 -0.495590
vt 0.961360 -0.919440
vt 0.966920 -0.929040
vt 0.968730 -0.879240
vt 0.960690 -0.901840
vt 0.967380 -0.958220
vt 0.963300 -0.954950
vt 0.975170 -0.930000
vt 0.976220 -0.902000
vt 0.974070 -0.958880
vt 0.153790 -0.377140
vt 0.150990 -0.360110
vt 0.108260 -0.291340
vt 0.108270 -0.314080
vt 0.113310 -0.314070
vt 0.112940 -0.291300
vt 0.118680 -0.291260
vt 0.118680 -0.314080
vt 0.108410 -0.331590
vt 0.113050 -0.331640
vt 0.118680 -0.331670
vt 0.108600 -0.365570
vt 0.113310 -0.366300
vt 0.118680 -0.367180
vt 0.157490 -0.466760
vt 0.157510 -0.438710
vt 0.156080 -0.410160
vt 0.157730 -0.495590
vt 0.158130 -0.524300
vt 0.143280 -0.524230
vt 0.358490 -0.321160
vt 0.358490 -0.307020
vt 0.342880 -0.303960
vt 0.342880 -0.321020
vt 0.377080 -0.321060
vt 0.376740 -0.304000
vt 0.378090 -0.353400
vt 0.342880 -0.353350
vt 0.358490 -0.353340
vt 0.181540 -0.286020
vt 0.179810 -0.288910
vt 0.192160 -0.284660
vt 0.191590 -0.282880
vt 0.199600 -0.284100
vt 0.199290 -0.282580
vt 0.185870 -0.283720
vt 0.199290 -0.280960
vt 0.191600 -0.281520
vt 0.451910 -0.963630
vt 0.450920 -0.970210
vt 0.200360 -0.951610
vt 0.203110 -0.951620
vt 0.201190 -0.952220
vt 0.203860 -0.952230
vt 0.197950 -0.951530
vt 0.205550 -0.951620
vt 0.207840 -0.951620
vt 0.205710 -0.952240
vt 0.198890 -0.952140
vt 0.193520 -0.964810
vt 0.172190 -0.409920
vt 0.175120 -0.438750
vt 0.176010 -0.410140
vt 0.175210 -0.466790
vt 0.943410 -0.249990
vt 0.987520 -0.250020
vt 0.974440 -0.236470
vt 0.956560 -0.236430
vt 0.943430 -0.195440
vt 0.956900 -0.208390
vt 0.974350 -0.208430
vt 0.987430 -0.195490
vt 0.054280 -0.151100
vt 0.063380 -0.151100
vt 0.063030 -0.128080
vt 0.054280 -0.128080
vt 0.074020 -0.151100
vt 0.072600 -0.128080
vt 0.083640 -0.151100
vt 0.080990 -0.128080
vt 0.091300 -0.151100
vt 0.087630 -0.128080
vt 0.096400 -0.151100
vt 0.091980 -0.128080
vt 0.128890 -0.275570
vt 0.134020 -0.275570
vt 0.134050 -0.252560
vt 0.129460 -0.252560
vt 0.140990 -0.275570
vt 0.140160 -0.252560
vt 0.150070 -0.275590
vt 0.147710 -0.252560
vt 0.166540 -0.252560
vt 0.162760 -0.275600
vt 0.170560 -0.275610
vt 0.173700 -0.252570
vt 0.179500 -0.275570
vt 0.181370 -0.252560
vt 0.191200 -0.275570
vt 0.190490 -0.252560
vt 0.199290 -0.275570
vt 0.199290 -0.252560
vt 0.054280 -0.098810
vt 0.061510 -0.098810
vt 0.059910 -0.073220
vt 0.054280 -0.073220
vt 0.069560 -0.098810
vt 0.065890 -0.073220
vt 0.076340 -0.098820
vt 0.071000 -0.073220
vt 0.081570 -0.098830
vt 0.074900 -0.073220
vt 0.084790 -0.098830
vt 0.077250 -0.073230
vt 0.130440 -0.223310
vt 0.134190 -0.223310
vt 0.134700 -0.197710
vt 0.131710 -0.197710
vt 0.139080 -0.223320
vt 0.138520 -0.197710
vt 0.145200 -0.223320
vt 0.143290 -0.197710
vt 0.172560 -0.223320
vt 0.178130 -0.223320
vt 0.179170 -0.197710
vt 0.183270 -0.197710
vt 0.184790 -0.223320
vt 0.188320 -0.197710
vt 0.192200 -0.223320
vt 0.194150 -0.197710
vt 0.199290 -0.223320
vt 0.199290 -0.197710
vt 0.058340 -0.054830
vt 0.054280 -0.054830
vt 0.062680 -0.054830
vt 0.066690 -0.054830
vt 0.069710 -0.054830
vt 0.071560 -0.054830
vt 0.135010 -0.179300
vt 0.132510 -0.179300
vt 0.138170 -0.179300
vt 0.142110 -0.179300
vt 0.187000 -0.179300
vt 0.183900 -0.179300
vt 0.190940 -0.179300
vt 0.195620 -0.179300
vt 0.199290 -0.179300
vt 0.054280 -0.037280
vt 0.056910 -0.037280
vt 0.059760 -0.037280
vt 0.062270 -0.037280
vt 0.064390 -0.037280
vt 0.065710 -0.037290
vt 0.134190 -0.161760
vt 0.135940 -0.161770
vt 0.138110 -0.161770
vt 0.140830 -0.161770
vt 0.188750 -0.161770
vt 0.190750 -0.161770
vt 0.193670 -0.161770
vt 0.197040 -0.161770
vt 0.199290 -0.161770
vt 0.054280 -0.170950
vt 0.063670 -0.170950
vt 0.074890 -0.170950
vt 0.085070 -0.170950
vt 0.093190 -0.170950
vt 0.098620 -0.170950
vt 0.128940 -0.295420
vt 0.134940 -0.295420
vt 0.143110 -0.295420
vt 0.152980 -0.295420
vt 0.054280 -0.186480
vt 0.063930 -0.186490
vt 0.075640 -0.186510
vt 0.086300 -0.186530
vt 0.094820 -0.186540
vt 0.100530 -0.186550
vt 0.128830 -0.311030
vt 0.135400 -0.311040
vt 0.144360 -0.311080
vt 0.155100 -0.311130
vt 0.055180 -0.019780
vt 0.054280 -0.019780
vt 0.056760 -0.019780
vt 0.058090 -0.019780
vt 0.059170 -0.019780
vt 0.059930 -0.019780
vt 0.136920 -0.144260
vt 0.135910 -0.144260
vt 0.138140 -0.144260
vt 0.139600 -0.144260
vt 0.193810 -0.144260
vt 0.195050 -0.144260
vt 0.196770 -0.144260
vt 0.198560 -0.144260
vt 0.199290 -0.144260
vt 0.064660 -0.222000
vt 0.054280 -0.222000
vt 0.054280 -0.252470
vt 0.064410 -0.252470
vt 0.077330 -0.222000
vt 0.075320 -0.252470
vt 0.084940 -0.252470
vt 0.088880 -0.222000
vt 0.100180 -0.252470
vt 0.098140 -0.222000
vt 0.106560 -0.252470
vt 0.104370 -0.222000
vt 0.168680 -0.346460
vt 0.157710 -0.346440
vt 0.157240 -0.360070
vt 0.168840 -0.360110
vt 0.156670 -0.377100
vt 0.169940 -0.377110
vt 0.054280 -0.263180
vt 0.064500 -0.263200
vt 0.075310 -0.263200
vt 0.084640 -0.263190
vt 0.100910 -0.263160
vt 0.198600 -0.131790
vt 0.199290 -0.131790
vt 0.198100 -0.131790
vt 0.137280 -0.131790
vt 0.137960 -0.131790
vt 0.055450 -0.007310
vt 0.054720 -0.007310
vt 0.055670 -0.007310
vt 0.054280 -0.007310
vt 0.175140 -0.398800
vt 0.171410 -0.398520
vt 0.155450 -0.398830
vt 0.147100 -0.346350
vt 0.174690 -0.349270
vt 0.174580 -0.360080
vt 0.174690 -0.377140
vt 0.134880 -0.398570
vt 0.142740 -0.398800
vt 0.968800 -0.861670
vt 0.975930 -0.873510
vt 0.975740 -0.861860
vt 0.110510 -0.240480
vt 0.118680 -0.246120
vt 0.118680 -0.239180
vt 0.108100 -0.227890
vt 0.154830 -0.387740
vt 0.143280 -0.387770
vt 0.156300 -0.387770
vt 0.170660 -0.387600
vt 0.968340 -0.851070
vt 0.963750 -0.851040
vt 0.962040 -0.861360
vt 0.968890 -0.840430
vt 0.965780 -0.840430
vt 0.975630 -0.851060
vt 0.974820 -0.840430
vt 0.134900 -0.387780
vt 0.107220 -0.263060
vt 0.112490 -0.263260
vt 0.112480 -0.252670
vt 0.118680 -0.263280
vt 0.118680 -0.252670
vt 0.108740 -0.237470
vt 0.105000 -0.221870
vt 0.112510 -0.273700
vt 0.118680 -0.273600
vt 0.054280 -0.273450
vt 0.064890 -0.273450
vt 0.076040 -0.273450
vt 0.084720 -0.273450
vt 0.101700 -0.273450
vt 0.108690 -0.273450
vt 0.101780 -0.291340
vt 0.064420 -0.211420
vt 0.054280 -0.211430
vt 0.076810 -0.211400
vt 0.088100 -0.211380
vt 0.097150 -0.211360
vt 0.103230 -0.211340
vt 0.128420 -0.346480
vt 0.135760 -0.346480
vt 0.136660 -0.335800
vt 0.129430 -0.335820
vt 0.158300 -0.335870
vt 0.168740 -0.335880
vt 0.159690 -0.311130
vt 0.168970 -0.311190
vt 0.146460 -0.335810
vt 0.175810 -0.338040
vt 0.177350 -0.311230
vt 0.169180 -0.295460
vt 0.160650 -0.295420
vt 0.179460 -0.295380
vt 0.177040 -0.289280
vt 0.177100 -0.295400
vt 0.199290 -0.279900
vt 0.191600 -0.280450
vt 0.178280 -0.281760
vt 0.054970 -0.007310
vt 0.117200 -0.526870
vt 0.117860 -0.497260
vt 0.128580 -0.525880
vt 0.134880 -0.522390
vt 0.972380 -0.985670
vt 0.965900 -0.986380
vt 0.423330 -0.560450
vt 0.451250 -0.562760
vt 0.486820 -0.542040
vt 0.423330 -0.541620
vt 0.497330 -0.571330
vt 0.550430 -0.544620
vt 0.193550 -0.327750
vt 0.185680 -0.329430
vt 0.200170 -0.326640
vt 0.207850 -0.326270
vt 0.410800 -0.982200
vt 0.420600 -0.982200
vt 0.431470 -0.982200
vt 0.452140 -0.982200
vt 0.442340 -0.982200
vt 0.064140 -0.883610
vt 0.067180 -0.982200
vt 0.185180 -0.982200
vt 0.118070 -0.883680
vt 0.109120 -0.883670
vt 0.014240 -0.883550
vt 0.010270 -0.982200
vt 0.192960 -0.982200
vt 0.123440 -0.842080
vt 0.116350 -0.842080
vt 0.107610 -0.842080
vt 0.138100 -0.842080
vt 0.079130 -0.883610
vt 0.128110 -0.842080
vt 0.117790 -0.803870
vt 0.127080 -0.803810
vt 0.111350 -0.803880
vt 0.135620 -0.707210
vt 0.136030 -0.803810
vt 0.982720 -0.170270
vt 0.951030 -0.170270
vt 0.951030 -0.181230
vt 0.982720 -0.181230
vt 0.314220 -0.319780
vt 0.314220 -0.296910
vt 0.312340 -0.296910
vt 0.311490 -0.319780
vt 0.316750 -0.319780
vt 0.316290 -0.296910
vt 0.309130 -0.319780
vt 0.310610 -0.296910
vt 0.318940 -0.319780
vt 0.320930 -0.319780
vt 0.319550 -0.296910
vt 0.317980 -0.296910
vt 0.306870 -0.319780
vt 0.309000 -0.296910
vt 0.813480 -0.365590
vt 0.804910 -0.368520
vt 0.860540 -0.674090
vt 0.808960 -0.674120
vt 0.810030 -0.620950
vt 0.861980 -0.621100
vt 0.808970 -0.016160
vt 0.860550 -0.016130
vt 0.861980 -0.069000
vt 0.810040 -0.069140
vt 0.553770 -0.088730
vt 0.567980 -0.088730
vt 0.674810 -0.183570
vt 0.657930 -0.183570
vt 0.780540 -0.293860
vt 0.796940 -0.293870
vt 0.813480 -0.324510
vt 0.804910 -0.321570
vt 0.816870 -0.183570
vt 0.911900 -0.674060
vt 0.927910 -0.673700
vt 0.929040 -0.674600
vt 0.911900 -0.675130
vt 0.477130 -0.674140
vt 0.471260 -0.674090
vt 0.929050 -0.015500
vt 0.927920 -0.016440
vt 0.911900 -0.016090
vt 0.911900 -0.014960
vt 0.468090 -0.016060
vt 0.470660 -0.016130
vt 0.547860 -0.089090
vt 0.545850 -0.088730
vt 0.651550 -0.183570
vt 0.652800 -0.183920
vt 0.775700 -0.294220
vt 0.774750 -0.293880
vt 0.836280 -0.366360
vt 0.813130 -0.365470
vt 0.836290 -0.365990
vt 0.804440 -0.368450
vt 0.836280 -0.323740
vt 0.813140 -0.324620
vt 0.836300 -0.324100
vt 0.804440 -0.321640
vt 0.876490 -0.319060
vt 0.885590 -0.319060
vt 0.816870 -0.506520
vt 0.574940 -0.601460
vt 0.679460 -0.506220
vt 0.911900 -0.620940
vt 0.911900 -0.069000
vt 0.824450 -0.197750
vt 0.468080 -0.674030
vt 0.477140 -0.016160
vt 0.947840 -0.436000
vt 0.944500 -0.270660
vt 0.930680 -0.255920
vt 0.929130 -0.419680
vt 0.950580 -0.577990
vt 0.930040 -0.560530
vt 0.909850 -0.424770
vt 0.910290 -0.261050
vt 0.912580 -0.260440
vt 0.915010 -0.420470
vt 0.916500 -0.561730
vt 0.911050 -0.565510
vt 0.929960 -0.990190
vt 0.917610 -0.990190
vt 0.917580 -0.833560
vt 0.927390 -0.833560
vt 0.966270 -0.600310
vt 0.966630 -0.619410
vt 0.966640 -0.070700
vt 0.966270 -0.089790
vt 0.949180 -0.990200
vt 0.947090 -0.834000
vt 0.938470 -0.834000
vt 0.938330 -0.988300
vt 0.989130 -0.608470
vt 0.989050 -0.606580
vt 0.989230 -0.610940
vt 0.989310 -0.612830
vt 0.989230 -0.079150
vt 0.989130 -0.081630
vt 0.984560 -0.085940
vt 0.984830 -0.074830
vt 0.984540 -0.604160
vt 0.984830 -0.615260
vt 0.920270 -0.815350
vt 0.924670 -0.815350
vt 0.926810 -0.824890
vt 0.918150 -0.824890
vt 0.974950 -0.089050
vt 0.975300 -0.071740
vt 0.974940 -0.601050
vt 0.975300 -0.618370
vt 0.944650 -0.815730
vt 0.941050 -0.815730
vt 0.939010 -0.825330
vt 0.946560 -0.825320
vt 0.923410 -0.811000
vt 0.926490 -0.815410
vt 0.922300 -0.810920
vt 0.918400 -0.815390
vt 0.921350 -0.811000
vt 0.943880 -0.811100
vt 0.942830 -0.811180
vt 0.946620 -0.815680
vt 0.941960 -0.811100
vt 0.939120 -0.815690
vt 0.928630 -0.824930
vt 0.916280 -0.824930
vt 0.948530 -0.825290
vt 0.937090 -0.825290
vt 0.929220 -0.833590
vt 0.915710 -0.833590
vt 0.949060 -0.833960
vt 0.936540 -0.833960
vt 0.908520 -0.584200
vt 0.910690 -0.589650
vt 0.908370 -0.584200
vt 0.503500 -0.674130
vt 0.574530 -0.601760
vt 0.912160 -0.034210
vt 0.903700 -0.034210
vt 0.903710 -0.032230
vt 0.912170 -0.032090
vt 0.912160 -0.029980
vt 0.903700 -0.030230
vt 0.895760 -0.032230
vt 0.895740 -0.030530
vt 0.895740 -0.033910
vt 0.903680 -0.028650
vt 0.903700 -0.029240
vt 0.895750 -0.029610
vt 0.895740 -0.029230
vt 0.903680 -0.035740
vt 0.895740 -0.035110
vt 0.895750 -0.034830
vt 0.903700 -0.035190
vt 0.888230 -0.032230
vt 0.883760 -0.032260
vt 0.883690 -0.031600
vt 0.888200 -0.031020
vt 0.888200 -0.033400
vt 0.883700 -0.032790
vt 0.888220 -0.030140
vt 0.888220 -0.030270
vt 0.883750 -0.031200
vt 0.888220 -0.034160
vt 0.883750 -0.033260
vt 0.912160 -0.035330
vt 0.912160 -0.028850
vt 0.912140 -0.035920
vt 0.912140 -0.028260
vt 0.909620 -0.702500
vt 0.909620 -0.702990
vt 0.912220 -0.703630
vt 0.912220 -0.703040
vt 0.909620 -0.699800
vt 0.909620 -0.701560
vt 0.912220 -0.701910
vt 0.912220 -0.699800
vt 0.912220 -0.697690
vt 0.909620 -0.698040
vt 0.912220 -0.695970
vt 0.909620 -0.696610
vt 0.909620 -0.697100
vt 0.912220 -0.696560
vt 0.878050 -0.514710
vt 0.878540 -0.516060
vt 0.883930 -0.516070
vt 0.884420 -0.514720
vt 0.883000 -0.516760
vt 0.879470 -0.516750
vt 0.881230 -0.517430
vt 0.903760 -0.658150
vt 0.895820 -0.658150
vt 0.895800 -0.656450
vt 0.903760 -0.656140
vt 0.903760 -0.660130
vt 0.895810 -0.659820
vt 0.903780 -0.654560
vt 0.903770 -0.655160
vt 0.895830 -0.655530
vt 0.895840 -0.655150
vt 0.903780 -0.661650
vt 0.895840 -0.661030
vt 0.895830 -0.660740
vt 0.903770 -0.661100
vt 0.888290 -0.658140
vt 0.883830 -0.658180
vt 0.883760 -0.657520
vt 0.888270 -0.656930
vt 0.888270 -0.659320
vt 0.883780 -0.658700
vt 0.888310 -0.656050
vt 0.888300 -0.656190
vt 0.883830 -0.657120
vt 0.888300 -0.660070
vt 0.883830 -0.659170
vt 0.912230 -0.660120
vt 0.912240 -0.661240
vt 0.912240 -0.654770
vt 0.912230 -0.655890
vt 0.912250 -0.661830
vt 0.912220 -0.658010
vt 0.912250 -0.654180
vt 0.883930 -0.513370
vt 0.878540 -0.513360
vt 0.879480 -0.512670
vt 0.883000 -0.512680
vt 0.881240 -0.512000
vt 0.550500 -0.411380
vt 0.550500 -0.412360
vt 0.453480 -0.412360
vt 0.453480 -0.411380
vt 0.474230 -0.397150
vt 0.561390 -0.397000
vt 0.565760 -0.382790
vt 0.495110 -0.382790
vt 0.453350 -0.357270
vt 0.474230 -0.365640
vt 0.561390 -0.365790
vt 0.552040 -0.355660
vt 0.464060 -0.397150
vt 0.485880 -0.382790
vt 0.443120 -0.384890
vt 0.464000 -0.384890
vt 0.474180 -0.383600
vt 0.453290 -0.383600
vt 0.575930 -0.380010
vt 0.571560 -0.365790
vt 0.565760 -0.380010
vt 0.453350 -0.397150
vt 0.443180 -0.397150
vt 0.443180 -0.405520
vt 0.453350 -0.405520
vt 0.571560 -0.397000
vt 0.552040 -0.407130
vt 0.562210 -0.407130
vt 0.443180 -0.365640
vt 0.453350 -0.365640
vt 0.443180 -0.357270
vt 0.562210 -0.355660
vt 0.495110 -0.380010
vt 0.474180 -0.386170
vt 0.453290 -0.386170
vt 0.575930 -0.382790
vt 0.464060 -0.365640
vt 0.485880 -0.380010
vt 0.453350 -0.408950
vt 0.550360 -0.408950
vt 0.453350 -0.353840
vt 0.550360 -0.353840
vt 0.449780 -0.408950
vt 0.553930 -0.408950
vt 0.449780 -0.353840
vt 0.553930 -0.353840
vt 0.574780 -0.601460
vt 0.490400 -0.016160
vt 0.976690 -0.797330
vt 0.976700 -0.796320
vt 0.934960 -0.795930
vt 0.934850 -0.796950
vt 0.976760 -0.795140
vt 0.934960 -0.795010
vt 0.937370 -0.788580
vt 0.937310 -0.789610
vt 0.976510 -0.789520
vt 0.976550 -0.788510
vt 0.936510 -0.788510
vt 0.936470 -0.789200
vt 0.920510 -0.789280
vt 0.920580 -0.788610
vt 0.937420 -0.787530
vt 0.976620 -0.787360
vt 0.936540 -0.787820
vt 0.920590 -0.788020
vt 0.976800 -0.789820
vt 0.977880 -0.789180
vt 0.978900 -0.788680
vt 0.978430 -0.797000
vt 0.981020 -0.795430
vt 0.982770 -0.794580
vt 0.524030 -0.209490
vt 0.542750 -0.188010
vt 0.571120 -0.189570
vt 0.572060 -0.209650
vt 0.423390 -0.324990
vt 0.757230 -0.344540
vt 0.747150 -0.347390
vt 0.748160 -0.359470
vt 0.758240 -0.359190
vt 0.647520 -0.474970
vt 0.628800 -0.496460
vt 0.636770 -0.498030
vt 0.656100 -0.475940
vt 0.625640 -0.356450
vt 0.625590 -0.455820
vt 0.599490 -0.474810
vt 0.600420 -0.494890
vt 0.598670 -0.455470
vt 0.414320 -0.339920
vt 0.413310 -0.325270
vt 0.424400 -0.337080
vt 0.534780 -0.186440
vt 0.515450 -0.208520
vt 0.604100 -0.473130
vt 0.609650 -0.473130
vt 0.609650 -0.472220
vt 0.604100 -0.472220
vt 0.604100 -0.473570
vt 0.609650 -0.473570
vt 0.561900 -0.210890
vt 0.567450 -0.210890
vt 0.567450 -0.211170
vt 0.561900 -0.211170
vt 0.567450 -0.212010
vt 0.561900 -0.212010
vt 0.567450 -0.212920
vt 0.561900 -0.212920
vt 0.567450 -0.213360
vt 0.561900 -0.213360
vt 0.604100 -0.471380
vt 0.609650 -0.471380
vt 0.609650 -0.471100
vt 0.614590 -0.472910
vt 0.615300 -0.472740
vt 0.615300 -0.472270
vt 0.596390 -0.472740
vt 0.596990 -0.472890
vt 0.596990 -0.472250
vt 0.596390 -0.472270
vt 0.596390 -0.472970
vt 0.596990 -0.473200
vt 0.556960 -0.211430
vt 0.556250 -0.211630
vt 0.556250 -0.211480
vt 0.574560 -0.211260
vt 0.575160 -0.211480
vt 0.575160 -0.211630
vt 0.574560 -0.211460
vt 0.556960 -0.212040
vt 0.556250 -0.212070
vt 0.575160 -0.212070
vt 0.574560 -0.212040
vt 0.556960 -0.212700
vt 0.575160 -0.212540
vt 0.574560 -0.212680
vt 0.556960 -0.213030
vt 0.556250 -0.212770
vt 0.556250 -0.212540
vt 0.575160 -0.212770
vt 0.574560 -0.212990
vt 0.615300 -0.471690
vt 0.614590 -0.471430
vt 0.614590 -0.471630
vt 0.615300 -0.471830
vt 0.596990 -0.471460
vt 0.596390 -0.471690
vt 0.596390 -0.471830
vt 0.596990 -0.471660
vt 0.597880 -0.473020
vt 0.599290 -0.473110
vt 0.599290 -0.472220
vt 0.573670 -0.211290
vt 0.572260 -0.211190
vt 0.572260 -0.210920
vt 0.573670 -0.212030
vt 0.572260 -0.212010
vt 0.573670 -0.212810
vt 0.573670 -0.213200
vt 0.572260 -0.213340
vt 0.572260 -0.212900
vt 0.599290 -0.471120
vt 0.597880 -0.471260
vt 0.597880 -0.471500
vt 0.599290 -0.471400
vt 0.597880 -0.472230
vt 0.612330 -0.473110
vt 0.613720 -0.473030
vt 0.613720 -0.472230
vt 0.612330 -0.472220
vt 0.612330 -0.473540
vt 0.559220 -0.211190
vt 0.557830 -0.211280
vt 0.557830 -0.211030
vt 0.559220 -0.212010
vt 0.557830 -0.212030
vt 0.559220 -0.212900
vt 0.612330 -0.471390
vt 0.613720 -0.471490
vt 0.613720 -0.471240
vt 0.599290 -0.473540
vt 0.559220 -0.210920
vt 0.604100 -0.471100
vt 0.573670 -0.211050
vt 0.614590 -0.472240
vt 0.613720 -0.473430
vt 0.614590 -0.473240
vt 0.557830 -0.212820
vt 0.606260 -0.478910
vt 0.602490 -0.478910
vt 0.602490 -0.479670
vt 0.565290 -0.204640
vt 0.569060 -0.204640
vt 0.569060 -0.205360
vt 0.565290 -0.205360
vt 0.606260 -0.478200
vt 0.602490 -0.478200
vt 0.609620 -0.479490
vt 0.610100 -0.479350
vt 0.610100 -0.478950
vt 0.609620 -0.478930
vt 0.597250 -0.479350
vt 0.597660 -0.479470
vt 0.597660 -0.478930
vt 0.597250 -0.478950
vt 0.609620 -0.479770
vt 0.610100 -0.479550
vt 0.597250 -0.479550
vt 0.597660 -0.479740
vt 0.561450 -0.204910
vt 0.561930 -0.204690
vt 0.561930 -0.204860
vt 0.561450 -0.205030
vt 0.561930 -0.205380
vt 0.561450 -0.205400
vt 0.573890 -0.204880
vt 0.574300 -0.205030
vt 0.574300 -0.205400
vt 0.573890 -0.205380
vt 0.561930 -0.205940
vt 0.561450 -0.205800
vt 0.561930 -0.206220
vt 0.561450 -0.206000
vt 0.609620 -0.478420
vt 0.610100 -0.478590
vt 0.610100 -0.478460
vt 0.598260 -0.479580
vt 0.599220 -0.479660
vt 0.599220 -0.478910
vt 0.572330 -0.204670
vt 0.573290 -0.204750
vt 0.573290 -0.205370
vt 0.572330 -0.205360
vt 0.573290 -0.206030
vt 0.598260 -0.478920
vt 0.599220 -0.478220
vt 0.563470 -0.204660
vt 0.562520 -0.204740
vt 0.562520 -0.204530
vt 0.563470 -0.205360
vt 0.563470 -0.206110
vt 0.562520 -0.206040
vt 0.562520 -0.205370
vt 0.563470 -0.206480
vt 0.562520 -0.206380
vt 0.609030 -0.478080
vt 0.608080 -0.477980
vt 0.608080 -0.478210
vt 0.599220 -0.480030
vt 0.563470 -0.204430
vt 0.565290 -0.204410
vt 0.569060 -0.204410
vt 0.572330 -0.204430
vt 0.565290 -0.206120
vt 0.572330 -0.206110
vt 0.569060 -0.206120
vt 0.565290 -0.206500
vt 0.606260 -0.477960
vt 0.573890 -0.205920
vt 0.573890 -0.206190
vt 0.573290 -0.206360
vt 0.598260 -0.478100
vt 0.597660 -0.478270
vt 0.597660 -0.478440
vt 0.598260 -0.478310
vt 0.609030 -0.478910
vt 0.609030 -0.479600
vt 0.609620 -0.478240
vt 0.609030 -0.478290
vt 0.615300 -0.472970
vt 0.556960 -0.211230
vt 0.597880 -0.473410
vt 0.559220 -0.213340
vt 0.557830 -0.213220
vt 0.612330 -0.471120
vt 0.606260 -0.479670
vt 0.602490 -0.480050
vt 0.606260 -0.480050
vt 0.569060 -0.206500
vt 0.602490 -0.477960
vt 0.573890 -0.204720
vt 0.574300 -0.204910
vt 0.574300 -0.205800
vt 0.574300 -0.206000
vt 0.597250 -0.478460
vt 0.597250 -0.478590
vt 0.598260 -0.479910
vt 0.573290 -0.204550
vt 0.572330 -0.206480
vt 0.599220 -0.477980
vt 0.608080 -0.479660
vt 0.608080 -0.478910
vt 0.608080 -0.480030
vt 0.609030 -0.479930
vt 0.596580 -0.904830
vt 0.568210 -0.876870
vt 0.528550 -0.885720
vt 0.528550 -0.934160
vt 0.636890 -0.934160
vt 0.619990 -0.904830
vt 0.596580 -0.934160
vt 0.528550 -0.989480
vt 0.568210 -0.998340
vt 0.596580 -0.970370
vt 0.528550 -0.941040
vt 0.619990 -0.970370
vt 0.636890 -0.941040
vt 0.596580 -0.941040
vt 0.597260 -0.903870
vt 0.568540 -0.875560
vt 0.528550 -0.884420
vt 0.637570 -0.941040
vt 0.637570 -0.934160
vt 0.620660 -0.903870
vt 0.568540 -0.999640
vt 0.597260 -0.971330
vt 0.528550 -0.990780
vt 0.620660 -0.971330
vt 0.228580 -0.524290
vt 0.225410 -0.592150
vt 0.230880 -0.592240
vt 0.232140 -0.524270
vt 0.222140 -0.524300
vt 0.219190 -0.592130
vt 0.215060 -0.524310
vt 0.212830 -0.592140
vt 0.220710 -0.946700
vt 0.223180 -0.940430
vt 0.219490 -0.940490
vt 0.217740 -0.946760
vt 0.215810 -0.928920
vt 0.215910 -0.916620
vt 0.211210 -0.916610
vt 0.211590 -0.928920
vt 0.211480 -0.940500
vt 0.215650 -0.940500
vt 0.214450 -0.946780
vt 0.210990 -0.946790
vt 0.221250 -0.862890
vt 0.225990 -0.862830
vt 0.216250 -0.862880
vt 0.211240 -0.862890
vt 0.220280 -0.928910
vt 0.224810 -0.928840
vt 0.225060 -0.916540
vt 0.220610 -0.916620
vt 0.239850 -0.495610
vt 0.232200 -0.495600
vt 0.239230 -0.524270
vt 0.320710 -0.883690
vt 0.321290 -0.982200
vt 0.331100 -0.982200
vt 0.330330 -0.883640
vt 0.339310 -0.533890
vt 0.335510 -0.592170
vt 0.343280 -0.592170
vt 0.347580 -0.537730
vt 0.371100 -0.883680
vt 0.366100 -0.982200
vt 0.376970 -0.982200
vt 0.380870 -0.883670
vt 0.265390 -0.883690
vt 0.257920 -0.883710
vt 0.251190 -0.982200
vt 0.262060 -0.982200
vt 0.237810 -0.883670
vt 0.240320 -0.982200
vt 0.247330 -0.883700
vt 0.328700 -0.476130
vt 0.326040 -0.502880
vt 0.341050 -0.507220
vt 0.342750 -0.481170
vt 0.350750 -0.509740
vt 0.352470 -0.484530
vt 0.312290 -0.376880
vt 0.311930 -0.383120
vt 0.340270 -0.434040
vt 0.342380 -0.432200
vt 0.349800 -0.460180
vt 0.344190 -0.459050
vt 0.389460 -0.883660
vt 0.387840 -0.982200
vt 0.397640 -0.982200
vt 0.400110 -0.883630
vt 0.309650 -0.709140
vt 0.322030 -0.709070
vt 0.324300 -0.592170
vt 0.310510 -0.592170
vt 0.362170 -0.709170
vt 0.371540 -0.709170
vt 0.372000 -0.592170
vt 0.361870 -0.592170
vt 0.363120 -0.804450
vt 0.352940 -0.804250
vt 0.352460 -0.842010
vt 0.362390 -0.842080
vt 0.277750 -0.883680
vt 0.271120 -0.883690
vt 0.271860 -0.982200
vt 0.279640 -0.982200
vt 0.320450 -0.842080
vt 0.330640 -0.842030
vt 0.331510 -0.803910
vt 0.320190 -0.804140
vt 0.381400 -0.842080
vt 0.389880 -0.842080
vt 0.390000 -0.804600
vt 0.380880 -0.804630
vt 0.258490 -0.842110
vt 0.268780 -0.842090
vt 0.271860 -0.592170
vt 0.261750 -0.592170
vt 0.237320 -0.842070
vt 0.247900 -0.842100
vt 0.251260 -0.592160
vt 0.237750 -0.592160
vt 0.400350 -0.842080
vt 0.399830 -0.802610
vt 0.338520 -0.842010
vt 0.339980 -0.804250
vt 0.372180 -0.842080
vt 0.372210 -0.804530
vt 0.314620 -0.883670
vt 0.310430 -0.982200
vt 0.360990 -0.883670
vt 0.356290 -0.982200
vt 0.299550 -0.982200
vt 0.291700 -0.883680
vt 0.285810 -0.883680
vt 0.289750 -0.982200
vt 0.352450 -0.537730
vt 0.352660 -0.592170
vt 0.361730 -0.541850
vt 0.333620 -0.709180
vt 0.383300 -0.550590
vt 0.382560 -0.592170
vt 0.392800 -0.592170
vt 0.394250 -0.553890
vt 0.388820 -0.709170
vt 0.398840 -0.710170
vt 0.401940 -0.592170
vt 0.411750 -0.802690
vt 0.411750 -0.710170
vt 0.411750 -0.592170
vt 0.312360 -0.803900
vt 0.314390 -0.842070
vt 0.380790 -0.709170
vt 0.360200 -0.484690
vt 0.361190 -0.511540
vt 0.370600 -0.514290
vt 0.369020 -0.484610
vt 0.353150 -0.509740
vt 0.403080 -0.555320
vt 0.403800 -0.518910
vt 0.393290 -0.518910
vt 0.393290 -0.484610
vt 0.356960 -0.460330
vt 0.352660 -0.460180
vt 0.352650 -0.434320
vt 0.352410 -0.436500
vt 0.366150 -0.437170
vt 0.366150 -0.434360
vt 0.343140 -0.709030
vt 0.286460 -0.707210
vt 0.294310 -0.708870
vt 0.289910 -0.592240
vt 0.280550 -0.592130
vt 0.325490 -0.531230
vt 0.308500 -0.528620
vt 0.372180 -0.545950
vt 0.353040 -0.709030
vt 0.411750 -0.555870
vt 0.307660 -0.498700
vt 0.309750 -0.419910
vt 0.306140 -0.470690
vt 0.333030 -0.454520
vt 0.345950 -0.436500
vt 0.344090 -0.434320
vt 0.342250 -0.434780
vt 0.368090 -0.460280
vt 0.393290 -0.459190
vt 0.393290 -0.437300
vt 0.411750 -0.434390
vt 0.374090 -0.293170
vt 0.373720 -0.276920
vt 0.411750 -0.842090
vt 0.411750 -0.518910
vt 0.232200 -0.466790
vt 0.228940 -0.466800
vt 0.229350 -0.495620
vt 0.222260 -0.466820
vt 0.222430 -0.495620
vt 0.215190 -0.466820
vt 0.215710 -0.495620
vt 0.411750 -0.883530
vt 0.411230 -0.883580
vt 0.231860 -0.862900
vt 0.230060 -0.948100
vt 0.299950 -0.592170
vt 0.301430 -0.708990
vt 0.226900 -0.962850
vt 0.194430 -0.379730
vt 0.192440 -0.343080
vt 0.188840 -0.344540
vt 0.190140 -0.368380
vt 0.380420 -0.260610
vt 0.377260 -0.254930
vt 0.379270 -0.263890
vt 0.229440 -0.285270
vt 0.227650 -0.286810
vt 0.229420 -0.288010
vt 0.231340 -0.286810
vt 0.195480 -0.338440
vt 0.199550 -0.379850
vt 0.193120 -0.342210
vt 0.201120 -0.336420
vt 0.197220 -0.337440
vt 0.236960 -0.311230
vt 0.235230 -0.311230
vt 0.237330 -0.331860
vt 0.238800 -0.332600
vt 0.232130 -0.290360
vt 0.234080 -0.289750
vt 0.233270 -0.295370
vt 0.235210 -0.295360
vt 0.280810 -0.368100
vt 0.280810 -0.363660
vt 0.270230 -0.352370
vt 0.271280 -0.360090
vt 0.280770 -0.377140
vt 0.272000 -0.377140
vt 0.273290 -0.438710
vt 0.280810 -0.438710
vt 0.280810 -0.410220
vt 0.273360 -0.410200
vt 0.272910 -0.466710
vt 0.280810 -0.466710
vt 0.272590 -0.495590
vt 0.280810 -0.495590
vt 0.264700 -0.360110
vt 0.261900 -0.377140
vt 0.258200 -0.466760
vt 0.258180 -0.438710
vt 0.259610 -0.410160
vt 0.257960 -0.495590
vt 0.257560 -0.524300
vt 0.272420 -0.524230
vt 0.374090 -0.321020
vt 0.374090 -0.303960
vt 0.378090 -0.353730
vt 0.374090 -0.353350
vt 0.234150 -0.286020
vt 0.235880 -0.288910
vt 0.223530 -0.284660
vt 0.224100 -0.282880
vt 0.216400 -0.282580
vt 0.216090 -0.284100
vt 0.229810 -0.283720
vt 0.216400 -0.280960
vt 0.224090 -0.281520
vt 0.215330 -0.951610
vt 0.212590 -0.951620
vt 0.211830 -0.952230
vt 0.214500 -0.952220
vt 0.217740 -0.951530
vt 0.210140 -0.951620
vt 0.209980 -0.952240
vt 0.216810 -0.952140
vt 0.222180 -0.964810
vt 0.243500 -0.409930
vt 0.239680 -0.410140
vt 0.240570 -0.438750
vt 0.240480 -0.466790
vt 0.286800 -0.275570
vt 0.286230 -0.252560
vt 0.281640 -0.252560
vt 0.281670 -0.275570
vt 0.275530 -0.252560
vt 0.274700 -0.275570
vt 0.267980 -0.252560
vt 0.265620 -0.275600
vt 0.249150 -0.252560
vt 0.241990 -0.252570
vt 0.245130 -0.275610
vt 0.252940 -0.275600
vt 0.234310 -0.252560
vt 0.236200 -0.275570
vt 0.225200 -0.252560
vt 0.224490 -0.275570
vt 0.216400 -0.252560
vt 0.216400 -0.275570
vt 0.285250 -0.223310
vt 0.281500 -0.223310
vt 0.283980 -0.197710
vt 0.280990 -0.197710
vt 0.276610 -0.223320
vt 0.277170 -0.197710
vt 0.270500 -0.223320
vt 0.272410 -0.197710
vt 0.243130 -0.223320
vt 0.237560 -0.223320
vt 0.236520 -0.197710
vt 0.232420 -0.197710
vt 0.230900 -0.223320
vt 0.227370 -0.197710
vt 0.223490 -0.223320
vt 0.221540 -0.197710
vt 0.216400 -0.223320
vt 0.216400 -0.197710
vt 0.283170 -0.179300
vt 0.280680 -0.179300
vt 0.277520 -0.179300
vt 0.273580 -0.179300
vt 0.231790 -0.179300
vt 0.228690 -0.179300
vt 0.224750 -0.179300
vt 0.220070 -0.179300
vt 0.216400 -0.179300
vt 0.281500 -0.161770
vt 0.279750 -0.161770
vt 0.277570 -0.161770
vt 0.274860 -0.161770
vt 0.226950 -0.161770
vt 0.224940 -0.161770
vt 0.222020 -0.161770
vt 0.218660 -0.161770
vt 0.216400 -0.161770
vt 0.286750 -0.295420
vt 0.280750 -0.295420
vt 0.272580 -0.295420
vt 0.262710 -0.295420
vt 0.286860 -0.311030
vt 0.280290 -0.311040
vt 0.271330 -0.311080
vt 0.260590 -0.311130
vt 0.279780 -0.144260
vt 0.278770 -0.144260
vt 0.277550 -0.144260
vt 0.276090 -0.144260
vt 0.221880 -0.144260
vt 0.220640 -0.144260
vt 0.218920 -0.144260
vt 0.217130 -0.144260
vt 0.216400 -0.144260
vt 0.247020 -0.346460
vt 0.246850 -0.360110
vt 0.258440 -0.360070
vt 0.257980 -0.346450
vt 0.245750 -0.377110
vt 0.259030 -0.377100
vt 0.217100 -0.131790
vt 0.216400 -0.131790
vt 0.217590 -0.131790
vt 0.278410 -0.131790
vt 0.277730 -0.131790
vt 0.240550 -0.398800
vt 0.244280 -0.398520
vt 0.260240 -0.398830
vt 0.268590 -0.346350
vt 0.241000 -0.349270
vt 0.241110 -0.360080
vt 0.241000 -0.377140
vt 0.280810 -0.398570
vt 0.272950 -0.398800
vt 0.260860 -0.387740
vt 0.272410 -0.387770
vt 0.259390 -0.387770
vt 0.245030 -0.387610
vt 0.280790 -0.387780
vt 0.287270 -0.346480
vt 0.286260 -0.335820
vt 0.279030 -0.335800
vt 0.279930 -0.346480
vt 0.257390 -0.335870
vt 0.246940 -0.335880
vt 0.256000 -0.311130
vt 0.246730 -0.311190
vt 0.269230 -0.335810
vt 0.239880 -0.338040
vt 0.238330 -0.311230
vt 0.255040 -0.295420
vt 0.246510 -0.295460
vt 0.236230 -0.295380
vt 0.238590 -0.295400
vt 0.238650 -0.289280
vt 0.216400 -0.279900
vt 0.224090 -0.280450
vt 0.237410 -0.281760
vt 0.298490 -0.526870
vt 0.297840 -0.497260
vt 0.287110 -0.525880
vt 0.280810 -0.522390
vt 0.230020 -0.329430
vt 0.222140 -0.327750
vt 0.215520 -0.326640
vt 0.351560 -0.883610
vt 0.348520 -0.982200
vt 0.231440 -0.981450
vt 0.297620 -0.883680
vt 0.306570 -0.883670
vt 0.401460 -0.883550
vt 0.405420 -0.982200
vt 0.222730 -0.982200
vt 0.299350 -0.842080
vt 0.292250 -0.842080
vt 0.308090 -0.842080
vt 0.277590 -0.842080
vt 0.336570 -0.883610
vt 0.287590 -0.842080
vt 0.297900 -0.803870
vt 0.288610 -0.803810
vt 0.304350 -0.803880
vt 0.280080 -0.707210
vt 0.279660 -0.803810
vt 0.813470 -0.992220
vt 0.804910 -0.989280
vt 0.860540 -0.683720
vt 0.861970 -0.736710
vt 0.810020 -0.736860
vt 0.808960 -0.683690
vt 0.471260 -0.683720
vt 0.477130 -0.683670
vt 0.836270 -0.991450
vt 0.836290 -0.991810
vt 0.813130 -0.992330
vt 0.804430 -0.989350
vt 0.816860 -0.851290
vt 0.679450 -0.851590
vt 0.574930 -0.756350
vt 0.911890 -0.736870
vt 0.468070 -0.683780
vt 0.890950 -0.990190
vt 0.888370 -0.833560
vt 0.878570 -0.833560
vt 0.878600 -0.990190
vt 0.966620 -0.738390
vt 0.966260 -0.757490
vt 0.910170 -0.990200
vt 0.899310 -0.988300
vt 0.899450 -0.834000
vt 0.908080 -0.834000
vt 0.989120 -0.749340
vt 0.989220 -0.746870
vt 0.989050 -0.751230
vt 0.989300 -0.744970
vt 0.984530 -0.753660
vt 0.984820 -0.742540
vt 0.881260 -0.815350
vt 0.879140 -0.824890
vt 0.887790 -0.824890
vt 0.885660 -0.815350
vt 0.974930 -0.756760
vt 0.975290 -0.739440
vt 0.905640 -0.815730
vt 0.907550 -0.825320
vt 0.900000 -0.825330
vt 0.902040 -0.815730
vt 0.884390 -0.811000
vt 0.883290 -0.810920
vt 0.887480 -0.815410
vt 0.882340 -0.811000
vt 0.879380 -0.815390
vt 0.904860 -0.811100
vt 0.907610 -0.815680
vt 0.903810 -0.811180
vt 0.900110 -0.815690
vt 0.902940 -0.811100
vt 0.889620 -0.824930
vt 0.877270 -0.824930
vt 0.909520 -0.825290
vt 0.898080 -0.825290
vt 0.890200 -0.833590
vt 0.876690 -0.833590
vt 0.910050 -0.833960
vt 0.897530 -0.833960
vt 0.574520 -0.756050
vt 0.503490 -0.683670
vt 0.903750 -0.699670
vt 0.903750 -0.701660
vt 0.895800 -0.701360
vt 0.895820 -0.699660
vt 0.903750 -0.697680
vt 0.895800 -0.697990
vt 0.903780 -0.703240
vt 0.895830 -0.702660
vt 0.895820 -0.702290
vt 0.903770 -0.702650
vt 0.903780 -0.696160
vt 0.903770 -0.696700
vt 0.895820 -0.697060
vt 0.895830 -0.696780
vt 0.888290 -0.699670
vt 0.888260 -0.700880
vt 0.883760 -0.700290
vt 0.883820 -0.699630
vt 0.883770 -0.699110
vt 0.888270 -0.698490
vt 0.888300 -0.701760
vt 0.883830 -0.700690
vt 0.888290 -0.701620
vt 0.888300 -0.697740
vt 0.883830 -0.698630
vt 0.574770 -0.756350
vt 0.757230 -0.339920
vt 0.758240 -0.325270
vt 0.748160 -0.324990
vt 0.747150 -0.337070
vt 0.647520 -0.209490
vt 0.656100 -0.208530
vt 0.636770 -0.186440
vt 0.628800 -0.188010
vt 0.625590 -0.228640
vt 0.600420 -0.189570
vt 0.599490 -0.209650
vt 0.609650 -0.212240
vt 0.609650 -0.211340
vt 0.604100 -0.211340
vt 0.604100 -0.210890
vt 0.609650 -0.213080
vt 0.604100 -0.212240
vt 0.604100 -0.213080
vt 0.614590 -0.211550
vt 0.614590 -0.212220
vt 0.615300 -0.212190
vt 0.615300 -0.211720
vt 0.596390 -0.211720
vt 0.596390 -0.212190
vt 0.596990 -0.212210
vt 0.615300 -0.211480
vt 0.614590 -0.211230
vt 0.597880 -0.211440
vt 0.597880 -0.212230
vt 0.599290 -0.212240
vt 0.599290 -0.211360
vt 0.599290 -0.210920
vt 0.597880 -0.211050
vt 0.613720 -0.213220
vt 0.613720 -0.212970
vt 0.612330 -0.213070
vt 0.612330 -0.213340
vt 0.612330 -0.212240
vt 0.612330 -0.211350
vt 0.612330 -0.210920
vt 0.609650 -0.210890
vt 0.609650 -0.213360
vt 0.596990 -0.211260
vt 0.596990 -0.211570
vt 0.596990 -0.212800
vt 0.596990 -0.212990
vt 0.597880 -0.213200
vt 0.597880 -0.212960
vt 0.613720 -0.211030
vt 0.613720 -0.211430
vt 0.614590 -0.213030
vt 0.614590 -0.212830
vt 0.613720 -0.212240
vt 0.606260 -0.204790
vt 0.606260 -0.204410
vt 0.602490 -0.204410
vt 0.602490 -0.206260
vt 0.602490 -0.206500
vt 0.606260 -0.206500
vt 0.606260 -0.206260
vt 0.606260 -0.205550
vt 0.602490 -0.205550
vt 0.610100 -0.205870
vt 0.610100 -0.205510
vt 0.609620 -0.205530
vt 0.609620 -0.206050
vt 0.597660 -0.206030
vt 0.597660 -0.205530
vt 0.597250 -0.205510
vt 0.597250 -0.205870
vt 0.598260 -0.204880
vt 0.598260 -0.205540
vt 0.599220 -0.205550
vt 0.599220 -0.204800
vt 0.599220 -0.206480
vt 0.599220 -0.206240
vt 0.598260 -0.206160
vt 0.598260 -0.206370
vt 0.608080 -0.204800
vt 0.608080 -0.205550
vt 0.609030 -0.205550
vt 0.609030 -0.204860
vt 0.609030 -0.206380
vt 0.609030 -0.206170
vt 0.608080 -0.206250
vt 0.602490 -0.204790
vt 0.599220 -0.204430
vt 0.608080 -0.206480
vt 0.597660 -0.204990
vt 0.598260 -0.204550
vt 0.597660 -0.204720
vt 0.597660 -0.206190
vt 0.609620 -0.204960
vt 0.609620 -0.204690
vt 0.609030 -0.204530
vt 0.609620 -0.206220
vt 0.604100 -0.213360
vt 0.596390 -0.211480
vt 0.615300 -0.212770
vt 0.615300 -0.212630
vt 0.596390 -0.212630
vt 0.596390 -0.212770
vt 0.599290 -0.213340
vt 0.599290 -0.213060
vt 0.610100 -0.205110
vt 0.597250 -0.205110
vt 0.610100 -0.204910
vt 0.597250 -0.204910
vt 0.610100 -0.206000
vt 0.597250 -0.206000
vt 0.608080 -0.204430
vt 0.116340 -0.105050
vt 0.125940 -0.105050
vt 0.125940 -0.101830
vt 0.116340 -0.101830
vt 0.130260 -0.099200
vt 0.112020 -0.099200
vt 0.474230 -0.460350
vt 0.561390 -0.460200
vt 0.565760 -0.445980
vt 0.495110 -0.445980
vt 0.453350 -0.420470
vt 0.474230 -0.428840
vt 0.561390 -0.428980
vt 0.552040 -0.418860
vt 0.464060 -0.460350
vt 0.485880 -0.445980
vt 0.575930 -0.443200
vt 0.571560 -0.428980
vt 0.565760 -0.443200
vt 0.453350 -0.460350
vt 0.443180 -0.460350
vt 0.443180 -0.468720
vt 0.453350 -0.468720
vt 0.571560 -0.460200
vt 0.552040 -0.470320
vt 0.562210 -0.470320
vt 0.443180 -0.428840
vt 0.453350 -0.428840
vt 0.443180 -0.420470
vt 0.562210 -0.418860
vt 0.495110 -0.443200
vt 0.575930 -0.445980
vt 0.464060 -0.428840
vt 0.485880 -0.443200
vt 0.453350 -0.472150
vt 0.550360 -0.472150
vt 0.453350 -0.417040
vt 0.550360 -0.417040
vt 0.449780 -0.472150
vt 0.553930 -0.472150
vt 0.449780 -0.417040
vt 0.553930 -0.417040
vt 0.001050 -0.353120
vt 0.096210 -0.351830
vt 0.096210 -0.359260
vt 0.001050 -0.359760
vt 0.001050 -0.345170
vt 0.096210 -0.344710
vt 0.001050 -0.336430
vt 0.096210 -0.335840
vt 0.001050 -0.326510
vt 0.096210 -0.324520
vt 0.001050 -0.313330
vt 0.096210 -0.313660
vt 0.001050 -0.303220
vt 0.096210 -0.303860
vt 0.001050 -0.295190
vt 0.096210 -0.297530
vt 0.300460 -0.148660
vt 0.300460 -0.174090
vt 0.310870 -0.174090
vt 0.310870 -0.148660
vt 0.318780 -0.148660
vt 0.318670 -0.174090
vt 0.310870 -0.126660
vt 0.300460 -0.126770
vt 0.310870 -0.208380
vt 0.300460 -0.208380
vt 0.318920 -0.208380
vt 0.318920 -0.126550
vt 0.011990 -0.459190
vt 0.011990 -0.484610
vt 0.003940 -0.484610
vt 0.003940 -0.459190
vt 0.011990 -0.437180
vt 0.011990 -0.518910
vt 0.003940 -0.437080
vt 0.403700 -0.484610
vt 0.403700 -0.459190
vt 0.411750 -0.484610
vt 0.411750 -0.459190
vt 0.403700 -0.437180
vt 0.403700 -0.518910
vt 0.411750 -0.437080
vt 0.497200 -0.631540
vt 0.468000 -0.699730
vt 0.472280 -0.711190
vt 0.422660 -0.725800
vt 0.459200 -0.690750
vt 0.422770 -0.681510
vt 0.431350 -0.681890
vt 0.473790 -0.721300
vt 0.449540 -0.685410
vt 0.440310 -0.682710
vt 0.453820 -0.964810
vt 0.234100 -0.346650
vt 0.344090 -0.251070
vt 0.208830 -0.336030
vt 0.349210 -0.249680
vt 0.358490 -0.248760
vt 0.960920 -0.879030
vt 0.458410 -0.952140
vt 0.458420 -0.951530
vt 0.135780 -0.361950
vt 0.970440 -0.826950
vt 0.972490 -0.831390
vt 0.968000 -0.833890
vt 0.495670 -0.725320
vt 0.117130 -0.398620
vt 0.483380 -0.751160
vt 0.484280 -0.722530
vt 0.494120 -0.718420
vt 0.313970 -0.289710
vt 0.310900 -0.290980
vt 0.318590 -0.295760
vt 0.309310 -0.293220
vt 0.317030 -0.291220
vt 0.309010 -0.295760
vt 0.318460 -0.293570
vt 0.125650 -0.376950
vt 0.933720 -0.578770
vt 0.913510 -0.578830
vt 0.880780 -0.267710
vt 0.861270 -0.322050
vt 0.861270 -0.368040
vt 0.861800 -0.293770
vt 0.882690 -0.032240
vt 0.882770 -0.658150
vt 0.449910 -0.411870
vt 0.554060 -0.411870
vt 0.933350 -0.795840
vt 0.919680 -0.788570
vt 0.544950 -0.337320
vt 0.592120 -0.361990
vt 0.591110 -0.347390
vt 0.595800 -0.472330
vt 0.616950 -0.472330
vt 0.575750 -0.212130
vt 0.554590 -0.212130
vt 0.596850 -0.479000
vt 0.611230 -0.479000
vt 0.574700 -0.205460
vt 0.560320 -0.205460
vt 0.626260 -0.347630
vt 0.580430 -0.337070
vt 0.183560 -0.346660
vt 0.372880 -0.251080
vt 0.367760 -0.249690
vt 0.279920 -0.361960
vt 0.290040 -0.376950
vt 0.911890 -0.683750
vt 0.861250 -0.989770
vt 0.882770 -0.699660
vt 0.591110 -0.337070
vt 0.595800 -0.212130
vt 0.616950 -0.212130
vt 0.611230 -0.205460
vt 0.596850 -0.205460
vt 0.626260 -0.336830
vt 0.352710 -0.382770
vt 0.358490 -0.383600
vt 0.358490 -0.366980
vt 0.339140 -0.371190
vt 0.340950 -0.375940
vt 0.345690 -0.379970
vt 0.341190 -0.366320
vt 0.339040 -0.366240
vt 0.364260 -0.382770
vt 0.377830 -0.371180
vt 0.376020 -0.375940
vt 0.371280 -0.379970
vt 0.375790 -0.366320
vt 0.377930 -0.366240
vt 0.375620 -0.365030
vt 0.341360 -0.365030
vt 0.377130 -0.325600
vt 0.358490 -0.324710
vt 0.370550 -0.324710
vt 0.346420 -0.324710
vt 0.378740 -0.324930
vt 0.394200 -0.277270
vt 0.390930 -0.276960
vt 0.401490 -0.273630
vt 0.407120 -0.272000
vt 0.414360 -0.270190
vt 0.419860 -0.268660
vt 0.927780 -0.493740
vt 0.920210 -0.493740
vt 0.920220 -0.330260
vt 0.927780 -0.347900
vt 0.911890 -0.682680
vt 0.929030 -0.683210
vt 0.927910 -0.684110
vt 0.483500 -0.946720
vt 0.483500 -0.947720
vt 0.523320 -0.947720
vt 0.524630 -0.946720
vt 0.523320 -0.945710
vt 0.483500 -0.945710
vt 0.481900 -0.925540
vt 0.481000 -0.894900
vt 0.481000 -0.980310
vt 0.481900 -0.949660
vt 0.528550 -0.949660
vt 0.528550 -0.925540
vt 0.625580 -0.455820
vt 0.816310 -0.070400
vt 0.768690 -0.358750
vt 0.977560 -0.358750
vt 0.995560 -0.022810
vt 0.977380 -0.358750
vt 0.385850 -0.358730
vt 0.337960 -0.419670
vt 0.337960 -0.358730
vt 0.312630 -0.419670
vt 0.261370 -0.419760
vt 0.261370 -0.358830
vt 0.312630 -0.358730
vt 0.228890 -0.419830
vt 0.228890 -0.358880
vt 0.228940 -0.913400
vt 0.228950 -0.968230
vt 0.030040 -0.968600
vt 0.390290 -0.358580
vt 0.390240 -0.967930
vt 0.485360 -0.968100
vt 0.485430 -0.358730
vt 0.977390 -0.968100
vt 0.768690 -0.968100
vt 0.457870 -0.968110
vt 0.457870 -0.358730
vt 0.261380 -0.518480
vt 0.323350 -0.518390
vt 0.362510 -0.518390
vt 0.261420 -0.913350
vt 0.261430 -0.968180
vt 0.312660 -0.968100
vt 0.312660 -0.913250
vt 0.337960 -0.913250
vt 0.337960 -0.968100
vt 0.261410 -0.814630
vt 0.323370 -0.814540
vt 0.362510 -0.814540
vt 0.385850 -0.968100
vt 0.029980 -0.359240
vt 0.209430 -0.968910
vt 0.209370 -0.359560
vt 0.583490 -0.947510
vt 0.583490 -0.403770
vt 0.652210 -0.403770
vt 0.652210 -0.947510
vt 0.900250 -0.403770
vt 0.900250 -0.947510
vt 0.965790 -0.403770
vt 0.965790 -0.947510
vt 0.920540 -0.098680
vt 0.639520 -0.098680
vt 0.439590 -0.331980
vt 0.472170 -0.145870
vt 0.439590 -0.019950
vt 0.383890 -0.022030
vt 0.367360 -0.140410
vt 0.367360 -0.331980
vt 0.682890 -0.145540
vt 0.750390 -0.336010
vt 0.561970 -0.162540
vt 0.556670 -0.162780
vt 0.556660 -0.156440
vt 0.561960 -0.155990
vt 0.572510 -0.155620
vt 0.567170 -0.155660
vt 0.567180 -0.149100
vt 0.572510 -0.148900
vt 0.546680 -0.169310
vt 0.550790 -0.169250
vt 0.550800 -0.172770
vt 0.547330 -0.172680
vt 0.582580 -0.171150
vt 0.578080 -0.170680
vt 0.578110 -0.163130
vt 0.583270 -0.164050
vt 0.584140 -0.150170
vt 0.578140 -0.149190
vt 0.578150 -0.143980
vt 0.584260 -0.145090
vt 0.572510 -0.170340
vt 0.567170 -0.170000
vt 0.567170 -0.162590
vt 0.572510 -0.162770
vt 0.572490 -0.173590
vt 0.567160 -0.173330
vt 0.567180 -0.143990
vt 0.572510 -0.143670
vt 0.556670 -0.169440
vt 0.561990 -0.169690
vt 0.562000 -0.173150
vt 0.556680 -0.172970
vt 0.561950 -0.149760
vt 0.556660 -0.150570
vt 0.556640 -0.145940
vt 0.561930 -0.144830
vt 0.583780 -0.157120
vt 0.578130 -0.156080
vt 0.550750 -0.151680
vt 0.544880 -0.153150
vt 0.544740 -0.149200
vt 0.550730 -0.147330
vt 0.550770 -0.157130
vt 0.545270 -0.158400
vt 0.550770 -0.163270
vt 0.545900 -0.164140
vt 0.582150 -0.174280
vt 0.578070 -0.173910
vt 0.587990 -0.165150
vt 0.586770 -0.171570
vt 0.588920 -0.158370
vt 0.589590 -0.151780
vt 0.589790 -0.146540
vt 0.585970 -0.174580
vt 0.542670 -0.169080
vt 0.541090 -0.164790
vt 0.539930 -0.159690
vt 0.539000 -0.154430
vt 0.538510 -0.151190
vt 0.544450 -0.172760
vt 0.561970 -0.144900
vt 0.556680 -0.146000
vt 0.550780 -0.147390
vt 0.544800 -0.149260
vt 0.539070 -0.154470
vt 0.538580 -0.151240
vt 0.574480 -0.172410
vt 0.574460 -0.169970
vt 0.578670 -0.172140
vt 0.577230 -0.173790
vt 0.574430 -0.166910
vt 0.579350 -0.170670
vt 0.574390 -0.162050
vt 0.580570 -0.167850
vt 0.574340 -0.158650
vt 0.580890 -0.163510
vt 0.556080 -0.159140
vt 0.565470 -0.164290
vt 0.565470 -0.169230
vt 0.555130 -0.165850
vt 0.556710 -0.152680
vt 0.565470 -0.159120
vt 0.556900 -0.147470
vt 0.565470 -0.154620
vt 0.565470 -0.174050
vt 0.553750 -0.172990
vt 0.565470 -0.153260
vt 0.574490 -0.174210
vt 0.920410 -0.851230
vt 0.923650 -0.888510
vt 0.951120 -0.901570
vt 0.951560 -0.860690
vt 0.854980 -0.974750
vt 0.880110 -0.993130
vt 0.907570 -0.971380
vt 0.869960 -0.934400
vt 0.825840 -0.963530
vt 0.810600 -0.943620
vt 0.794720 -0.953500
vt 0.822410 -0.976550
vt 0.845400 -0.959660
vt 0.849120 -0.929890
vt 0.786820 -0.889390
vt 0.761810 -0.928950
vt 0.847390 -0.880980
vt 0.893330 -0.905820
vt 0.928110 -0.936540
vt 0.975200 -0.839010
vt 0.926440 -0.832950
vt 0.876970 -0.844690
vt 0.775770 -0.861530
vt 0.710170 -0.858960
vt 0.717250 -0.888730
vt 0.817210 -0.855790
vt 0.981770 -0.659410
vt 0.925210 -0.645440
vt 0.873190 -0.654390
vt 0.754970 -0.669900
vt 0.701600 -0.676890
vt 0.803540 -0.659490
vt 0.994920 -0.596460
vt 0.926780 -0.588380
vt 0.870910 -0.590560
vt 0.739130 -0.606580
vt 0.695370 -0.611980
vt 0.794610 -0.590140
vt 0.994060 -0.491750
vt 0.940290 -0.430310
vt 0.852100 -0.452300
vt 0.706940 -0.478630
vt 0.610150 -0.542710
vt 0.785350 -0.458020
vt 0.988510 -0.363740
vt 0.923440 -0.365820
vt 0.994920 -0.422720
vt 0.852000 -0.361620
vt 0.769470 -0.363510
vt 0.696390 -0.369120
vt 0.544360 -0.887800
vt 0.483300 -0.881720
vt 0.472770 -0.967860
vt 0.536730 -0.978820
vt 0.398570 -0.868050
vt 0.401120 -0.957330
vt 0.234880 -0.853840
vt 0.214200 -0.860880
vt 0.217690 -0.978200
vt 0.251700 -0.951210
vt 0.552380 -0.809710
vt 0.475480 -0.784570
vt 0.408730 -0.821920
vt 0.264400 -0.819340
vt 0.212270 -0.786930
vt 0.560960 -0.730180
vt 0.491970 -0.718580
vt 0.199690 -0.302150
vt 0.196790 -0.349790
vt 0.049580 -0.349770
vt 0.071520 -0.254310
vt 0.270320 -0.718870
vt 0.216630 -0.711910
vt 0.313260 -0.549060
vt 0.232130 -0.522220
vt 0.225620 -0.585610
vt 0.301690 -0.606330
vt 0.569630 -0.666060
vt 0.535890 -0.659140
vt 0.222940 -0.649100
vt 0.287370 -0.657240
vt 0.511900 -0.639890
vt 0.487700 -0.646990
vt 0.416790 -0.580530
vt 0.433500 -0.571580
vt 0.438410 -0.559380
vt 0.423970 -0.562550
vt 0.807310 -0.360850
vt 0.350670 -0.936520
vt 0.330810 -0.859740
vt 0.292900 -0.859790
vt 0.301890 -0.949530
vt 0.332810 -0.801870
vt 0.342270 -0.841140
vt 0.373710 -0.704720
vt 0.377970 -0.657330
vt 0.352370 -0.661660
vt 0.350980 -0.702160
vt 0.333600 -0.646190
vt 0.347020 -0.554580
vt 0.713680 -0.931930
vt 0.344370 -0.712760
vt 0.117560 -0.201740
vt 0.051290 -0.204250
vt 0.118440 -0.163670
vt 0.062500 -0.484580
vt 0.107650 -0.530590
vt 0.081800 -0.556310
vt 0.038800 -0.496920
vt 0.045710 -0.418800
vt 0.012370 -0.427460
vt 0.006810 -0.359230
vt 0.011720 -0.318140
vt 0.205680 -0.270680
vt 0.200320 -0.445280
vt 0.211780 -0.489350
vt 0.199110 -0.403870
vt 0.232230 -0.277320
vt 0.229160 -0.307950
vt 0.231070 -0.444470
vt 0.239550 -0.479540
vt 0.227630 -0.349530
vt 0.231980 -0.401370
vt 0.376020 -0.596690
vt 0.372720 -0.574420
vt 0.350980 -0.575040
vt 0.353830 -0.599570
vt 0.356360 -0.280470
vt 0.353750 -0.319230
vt 0.357390 -0.445240
vt 0.358610 -0.479690
vt 0.350830 -0.358280
vt 0.354480 -0.402170
vt 0.376910 -0.635300
vt 0.354130 -0.633210
vt 0.375580 -0.302210
vt 0.382690 -0.263380
vt 0.390920 -0.330970
vt 0.413620 -0.293540
vt 0.431410 -0.593930
vt 0.420000 -0.643750
vt 0.452310 -0.601230
vt 0.443170 -0.647110
vt 0.484780 -0.608740
vt 0.469830 -0.653680
vt 0.438700 -0.582150
vt 0.458970 -0.590240
vt 0.441220 -0.656480
vt 0.419350 -0.656310
vt 0.483630 -0.698570
vt 0.452050 -0.707450
vt 0.429980 -0.712100
vt 0.079450 -0.854230
vt 0.099760 -0.856850
vt 0.085790 -0.820790
vt 0.400700 -0.692420
vt 0.394820 -0.572430
vt 0.390040 -0.722710
vt 0.417770 -0.717100
vt 0.412280 -0.556100
vt 0.427060 -0.727280
vt 0.412160 -0.735570
vt 0.099120 -0.951660
vt 0.182680 -0.947390
vt 0.191590 -0.856000
vt 0.424290 -0.542930
vt 0.429680 -0.549130
vt 0.437430 -0.741190
vt 0.429290 -0.745640
vt 0.434900 -0.543310
vt 0.086100 -0.970090
vt 0.307340 -0.838580
vt 0.570370 -0.649710
vt 0.064390 -0.606080
vt 0.068060 -0.661400
vt 0.086450 -0.676460
vt 0.082160 -0.586170
vt 0.316040 -0.980290
vt 0.363420 -0.950320
vt 0.028710 -0.609050
vt 0.009130 -0.592260
vt 0.031500 -0.665380
vt 0.014280 -0.685060
vt 0.600960 -0.981070
vt 0.604990 -0.895490
vt 0.675570 -0.983740
vt 0.686790 -0.903000
vt 0.634540 -0.804540
vt 0.689860 -0.857590
vt 0.165240 -0.824960
vt 0.632230 -0.737100
vt 0.161270 -0.717790
vt 0.146920 -0.600310
vt 0.143010 -0.541180
vt 0.604510 -0.668240
vt 0.153530 -0.653530
vt 0.655790 -0.668590
vt 0.633910 -0.655280
vt 0.004810 -0.817580
vt 0.021420 -0.878130
vt 0.108040 -0.543220
vt 0.109360 -0.638780
vt 0.090060 -0.705680
vt 0.025770 -0.983740
vt 0.826280 -0.179110
vt 0.783190 -0.186700
vt 0.799500 -0.204550
vt 0.799440 -0.131780
vt 0.823640 -0.135820
vt 0.854830 -0.109660
vt 0.809260 -0.079640
vt 0.634680 -0.112790
vt 0.660150 -0.056320
vt 0.589350 -0.084780
vt 0.830140 -0.152820
vt 0.870790 -0.166750
vt 0.846990 -0.227850
vt 0.781710 -0.233390
vt 0.799410 -0.271240
vt 0.770310 -0.142400
vt 0.767180 -0.174660
vt 0.771780 -0.175320
vt 0.855160 -0.310180
vt 0.886220 -0.241380
vt 0.790520 -0.149150
vt 0.991660 -0.171320
vt 0.915510 -0.175090
vt 0.962120 -0.232370
vt 0.565710 -0.292680
vt 0.566910 -0.224690
vt 0.460830 -0.193370
vt 0.430390 -0.248890
vt 0.755230 -0.187370
vt 0.768780 -0.201340
vt 0.878240 -0.047250
vt 0.866060 -0.007700
vt 0.768780 -0.067960
vt 0.766170 -0.287360
vt 0.767520 -0.337830
vt 0.770660 -0.130120
vt 0.960080 -0.298790
vt 0.478040 -0.124890
vt 0.559800 -0.163570
vt 0.966200 -0.061560
vt 0.910910 -0.103320
vt 0.753980 -0.231970
vt 0.731390 -0.272550
vt 0.717170 -0.138920
vt 0.687700 -0.114860
vt 0.669510 -0.171230
vt 0.710400 -0.156400
vt 0.544020 -0.024630
vt 0.737370 -0.206420
vt 0.625100 -0.178450
vt 0.729920 -0.081740
vt 0.712380 -0.182160
vt 0.741390 -0.133050
vt 0.662520 -0.015690
vt 0.687800 -0.230280
vt 0.646950 -0.241880
vt 0.676130 -0.311330
vt 0.749860 -0.150100
vt 0.534700 -0.463220
vt 0.514830 -0.517630
vt 0.482560 -0.460890
vt 0.564270 -0.507410
vt 0.605090 -0.517140
vt 0.652810 -0.505760
vt 0.657710 -0.425090
vt 0.572400 -0.436330
vt 0.481060 -0.541850
vt 0.436810 -0.455710
vt 0.517320 -0.418440
vt 0.558430 -0.547690
vt 0.516990 -0.578170
vt 0.575430 -0.386160
vt 0.623240 -0.349800
vt 0.561920 -0.301980
vt 0.554370 -0.328680
vt 0.482890 -0.347500
vt 0.416400 -0.404300
vt 0.375110 -0.379720
vt 0.364610 -0.457540
vt 0.464940 -0.305900
vt 0.363640 -0.136770
vt 0.377000 -0.137460
vt 0.375910 -0.208550
vt 0.362620 -0.214080
vt 0.198650 -0.058790
vt 0.291120 -0.058790
vt 0.291120 -0.037670
vt 0.198650 -0.037670
vt 0.291120 -0.105470
vt 0.373280 -0.105470
vt 0.373280 -0.080130
vt 0.291120 -0.080130
vt 0.198650 -0.080130
vt 0.198650 -0.105470
vt 0.387660 -0.138470
vt 0.401100 -0.137710
vt 0.398680 -0.213040
vt 0.384630 -0.210130
vt 0.373280 -0.015540
vt 0.373280 -0.037670
vt 0.448060 -0.037670
vt 0.448060 -0.015540
vt 0.015230 -0.058790
vt 0.101020 -0.058790
vt 0.101020 -0.037670
vt 0.015230 -0.037670
vt 0.373280 -0.058790
vt 0.273760 -0.205350
vt 0.326750 -0.255750
vt 0.275340 -0.147930
vt 0.308750 -0.133310
vt 0.358660 -0.241630
vt 0.448060 -0.105470
vt 0.448060 -0.080130
vt 0.238140 -0.145330
vt 0.239220 -0.205100
vt 0.243310 -0.195310
vt 0.101020 -0.080130
vt 0.101020 -0.105470
vt 0.015230 -0.080130
vt 0.260750 -0.224530
vt 0.184500 -0.237800
vt 0.183450 -0.111690
vt 0.129810 -0.204160
vt 0.269590 -0.195260
vt 0.291120 -0.015540
vt 0.198650 -0.015540
vt 0.448060 -0.058790
vt 0.015230 -0.105470
vt 0.101020 -0.015540
vt 0.015230 -0.015540
vt 0.209090 -0.142660
vt 0.200200 -0.135220
vt 0.200650 -0.151430
vt 0.209850 -0.155350
vt 0.186410 -0.132810
vt 0.186050 -0.148960
vt 0.214180 -0.145990
vt 0.214470 -0.159650
vt 0.200550 -0.167620
vt 0.210050 -0.169710
vt 0.185470 -0.166230
vt 0.214630 -0.169100
vt 0.199190 -0.183530
vt 0.208930 -0.181550
vt 0.184700 -0.178570
vt 0.212780 -0.179950
vt 0.196740 -0.195610
vt 0.207850 -0.192050
vt 0.184720 -0.190430
vt 0.211510 -0.187270
vt 0.176710 -0.132050
vt 0.176710 -0.148210
vt 0.176710 -0.165470
vt 0.176710 -0.176050
vt 0.179820 -0.184600
vt 0.176710 -0.183140
vt 0.200540 -0.151430
vt 0.200100 -0.135220
vt 0.208990 -0.141950
vt 0.209750 -0.155350
vt 0.185950 -0.148960
vt 0.186300 -0.132810
vt 0.214080 -0.145990
vt 0.214360 -0.159650
vt 0.200440 -0.167620
vt 0.209940 -0.169670
vt 0.185370 -0.166230
vt 0.214530 -0.168940
vt 0.199080 -0.183530
vt 0.208820 -0.181550
vt 0.184600 -0.178570
vt 0.212670 -0.179950
vt 0.196640 -0.195610
vt 0.207750 -0.192050
vt 0.184610 -0.190430
vt 0.211400 -0.187270
vt 0.176600 -0.132050
vt 0.176600 -0.148210
vt 0.176600 -0.165470
vt 0.176600 -0.176050
vt 0.179720 -0.184600
vt 0.176600 -0.183140
s 0
g FFG02QGSUW3QAA6NMZ4CSOY21_mat_0-Mig-MFI_P01.jpg
usemtl mat_0-Mig-MFI_P01.jpg
f 1/1/1 2/2/1 3/3/1
f 3/3/2 4/4/2 5/1/2
f 6/5/3 7/6/3 8/4/3
f 8/4/3 9/7/3 6/5/3
f 10/4/4 11/6/4 12/8/4
f 12/8/5 13/3/5 10/4/5
f 14/3/6 15/8/6 16/6/6
f 16/6/7 17/4/7 14/3/7
f 18/1/8 19/4/8 20/3/8
f 20/3/9 21/2/9 18/1/9
f 22/9/10 23/10/10 24/11/10
f 24/11/11 25/11/11 22/9/11
f 26/12/12 27/13/12 28/14/12
f 28/14/13 29/15/13 26/12/13
f 30/16/14 31/17/14 32/18/14
f 32/18/15 33/19/15 30/16/15
f 34/20/16 35/21/16 36/22/16
f 36/22/17 37/23/17 34/20/17
f 38/24/18 39/25/18 40/26/18
f 40/26/19 41/27/19 38/24/19
f 42/28/20 38/24/20 41/27/20
f 41/27/21 43/29/21 42/28/21
f 44/30/22 45/31/22 46/32/22
f 46/32/23 24/11/23 44/30/23
f 47/33/24 48/34/24 49/35/24
f 49/35/25 29/15/25 47/33/25
f 50/36/26 51/37/26 52/38/26
f 52/38/26 53/39/26 50/36/26
f 51/37/26 50/36/26 54/40/26
f 54/40/26 55/41/26 51/37/26
f 56/42/26 55/41/26 54/40/26
f 54/40/26 57/43/26 56/42/26
f 17/4/27 16/6/27 58/5/27
f 58/5/28 59/7/28 17/4/28
f 49/35/29 60/44/29 29/15/29
f 61/45/30 34/20/30 37/23/30
f 32/18/31 31/17/31 62/46/31
f 62/46/32 29/15/32 60/44/32
f 63/47/33 24/11/33 61/45/33
f 63/47/34 44/30/34 24/11/34
f 61/45/35 24/11/35 34/20/35
f 26/12/36 29/15/36 31/17/36
f 28/14/37 47/33/37 29/15/37
f 24/11/38 46/32/38 25/11/38
f 31/17/39 29/15/39 62/46/39
f 34/20/40 24/11/40 23/10/40
f 53/39/26 52/38/26 64/48/26
f 56/42/26 57/43/26 65/49/26
f 66/1/41 67/4/41 68/3/41
f 68/3/42 69/2/42 66/1/42
f 70/5/43 71/7/43 72/4/43
f 72/4/43 73/6/43 70/5/43
f 74/4/44 75/3/44 76/8/44
f 76/8/45 77/6/45 74/4/45
f 78/3/46 79/4/46 80/6/46
f 80/6/47 81/8/47 78/3/47
f 82/1/48 83/2/48 84/3/48
f 84/3/49 85/4/49 82/1/49
f 86/50/50 87/51/50 88/51/50
f 88/51/51 89/52/51 86/50/51
f 90/12/52 91/15/52 92/53/52
f 92/53/53 93/13/53 90/12/53
f 94/16/54 95/19/54 96/18/54
f 96/18/55 97/17/55 94/16/55
f 98/54/56 99/55/56 100/56/56
f 100/56/57 101/57/57 98/54/57
f 102/24/58 103/27/58 104/26/58
f 104/26/59 105/25/59 102/24/59
f 106/28/60 107/29/60 103/27/60
f 103/27/61 102/24/61 106/28/61
f 108/58/62 88/51/62 109/59/62
f 109/59/63 110/60/63 108/58/63
f 111/33/64 91/15/64 112/35/64
f 112/35/65 113/34/65 111/33/65
f 114/38/66 115/37/66 116/36/66
f 116/36/66 117/39/66 114/38/66
f 118/40/66 116/36/66 115/37/66
f 115/37/66 119/61/66 118/40/66
f 118/40/66 119/61/66 120/62/66
f 120/62/66 121/43/66 118/40/66
f 79/4/67 122/7/67 123/5/67
f 123/5/68 80/6/68 79/4/68
f 112/35/69 91/15/69 124/44/69
f 125/63/70 99/55/70 98/54/70
f 96/18/71 126/46/71 97/17/71
f 126/46/72 124/44/72 91/15/72
f 127/64/73 125/63/73 88/51/73
f 127/64/74 88/51/74 108/58/74
f 125/63/75 98/54/75 88/51/75
f 90/12/76 97/17/76 91/15/76
f 92/53/77 91/15/77 111/33/77
f 88/51/78 87/51/78 109/59/78
f 97/17/79 126/46/79 91/15/79
f 98/54/80 89/52/80 88/51/80
f 117/39/66 128/48/66 114/38/66
f 120/62/66 129/49/66 121/43/66
f 130/65/81 131/66/81 132/67/81
f 132/67/82 133/68/82 130/65/82
f 134/69/83 135/70/83 133/68/83
f 133/68/84 132/67/84 134/69/84
f 136/71/85 132/67/85 131/66/85
f 131/66/86 137/72/86 136/71/86
f 138/73/87 134/69/87 132/67/87
f 132/67/88 136/71/88 138/73/88
f 139/74/89 140/75/89 135/70/89
f 135/70/90 134/69/90 139/74/90
f 141/76/91 139/74/91 134/69/91
f 134/69/92 138/73/92 141/76/92
f 142/77/93 143/78/93 144/79/93
f 144/79/94 145/80/94 142/77/94
f 146/81/95 144/79/95 143/78/95
f 143/78/96 147/82/96 146/81/96
f 148/83/97 149/84/97 145/80/97
f 145/80/97 144/79/97 148/83/97
f 150/85/98 148/83/98 144/79/98
f 144/79/99 146/81/99 150/85/99
f 151/86/100 146/81/100 147/82/100
f 147/82/101 152/87/101 151/86/101
f 153/88/102 150/85/102 146/81/102
f 146/81/103 151/86/103 153/88/103
f 154/89/104 155/90/104 156/91/104
f 156/91/105 157/92/105 154/89/105
f 158/93/106 159/94/106 160/95/106
f 160/95/107 161/96/107 158/93/107
f 162/97/108 163/98/108 164/99/108
f 164/99/109 165/100/109 162/97/109
f 166/101/110 167/102/110 154/89/110
f 154/89/111 157/92/111 166/101/111
f 151/86/112 152/87/112 168/103/112
f 168/103/113 169/104/113 151/86/113
f 170/105/114 171/106/114 159/94/114
f 159/94/115 158/93/115 170/105/115
f 172/97/116 173/98/116 174/99/116
f 174/99/117 175/100/117 172/97/117
f 153/88/118 151/86/118 169/104/118
f 169/104/119 176/107/119 153/88/119
f 177/108/120 178/109/120 167/102/120
f 167/102/121 166/101/121 177/108/121
f 179/110/122 171/106/122 170/105/122
f 170/105/123 180/111/123 179/110/123
f 181/112/124 182/113/124 183/114/124
f 183/114/125 184/115/125 181/112/125
f 185/116/126 186/117/126 187/118/126
f 187/118/127 188/119/127 185/116/127
f 189/120/128 190/121/128 191/122/128
f 186/117/129 192/118/129 187/118/129
f 193/123/130 194/124/130 195/125/130
f 195/125/131 196/126/131 193/123/131
f 271/127/132 272/128/132 273/129/132
f 273/129/133 274/130/133 271/127/133
f 275/131/134 276/132/134 277/133/134
f 277/133/135 278/134/135 275/131/135
f 279/135/136 280/136/136 281/137/136
f 281/137/137 282/138/137 279/135/137
f 283/122/138 284/121/138 285/120/138
f 286/120/139 287/121/139 288/122/139
f 289/139/140 290/140/140 291/141/140
f 291/141/141 292/142/141 289/139/141
f 293/143/142 294/144/142 295/145/142
f 295/145/143 296/146/143 293/143/143
f 297/147/144 298/148/144 299/149/144
f 299/149/145 300/150/145 297/147/145
f 298/148/146 297/147/146 301/151/146
f 301/151/147 302/152/147 298/148/147
f 302/152/148 301/151/148 303/153/148
f 303/153/149 304/154/149 302/152/149
f 305/155/150 306/156/150 300/150/150
f 300/150/151 299/149/151 305/155/151
f 307/157/152 308/158/152 309/159/152
f 309/159/153 310/160/153 307/157/153
f 311/161/154 300/150/154 306/156/154
f 306/156/155 312/162/155 311/161/155
f 313/163/156 301/151/156 297/147/156
f 297/147/157 314/164/157 313/163/157
f 313/163/158 315/165/158 303/153/158
f 303/153/159 301/151/159 313/163/159
f 316/166/160 317/167/160 309/159/160
f 309/159/161 308/158/161 316/166/161
f 304/154/162 303/153/162 308/158/162
f 308/158/163 307/157/163 304/154/163
f 297/147/164 300/150/164 311/161/164
f 311/161/165 314/164/165 297/147/165
f 303/153/166 315/165/166 316/166/166
f 316/166/167 308/158/167 303/153/167
f 312/162/168 318/168/168 319/169/168
f 319/169/169 311/161/169 312/162/169
f 314/164/170 320/170/170 321/171/170
f 321/171/171 313/163/171 314/164/171
f 321/171/172 322/172/172 315/165/172
f 315/165/173 313/163/173 321/171/173
f 323/173/174 324/174/174 317/167/174
f 317/167/175 316/166/175 323/173/175
f 320/170/176 314/164/176 311/161/176
f 311/161/177 319/169/177 320/170/177
f 316/166/178 315/165/178 322/172/178
f 322/172/179 323/173/179 316/166/179
f 318/168/180 325/175/180 326/176/180
f 326/176/181 319/169/181 318/168/181
f 320/170/182 327/177/182 328/178/182
f 328/178/183 321/171/183 320/170/183
f 328/178/184 329/179/184 322/172/184
f 322/172/185 321/171/185 328/178/185
f 330/180/186 331/181/186 324/174/186
f 324/174/187 323/173/187 330/180/187
f 327/177/188 320/170/188 319/169/188
f 319/169/189 326/176/189 327/177/189
f 323/173/190 322/172/190 329/179/190
f 329/179/191 330/180/191 323/173/191
f 332/182/192 333/183/192 334/184/192
f 334/184/193 335/185/193 332/182/193
f 336/186/194 334/184/194 333/183/194
f 333/183/195 337/187/195 336/186/195
f 338/188/196 339/189/196 340/190/196
f 340/190/197 341/191/197 338/188/197
f 341/191/198 340/190/198 342/192/198
f 342/192/199 343/193/199 341/191/199
f 344/194/200 345/195/200 346/196/200
f 346/196/201 347/197/201 344/194/201
f 348/198/202 349/199/202 350/200/202
f 350/200/203 351/201/203 348/198/203
f 352/202/204 346/196/204 345/195/204
f 345/195/205 353/203/205 352/202/205
f 354/204/206 340/190/206 339/189/206
f 339/189/207 355/205/207 354/204/207
f 354/204/208 356/206/208 342/192/208
f 342/192/209 340/190/209 354/204/209
f 357/207/210 358/208/210 350/200/210
f 350/200/211 349/199/211 357/207/211
f 343/193/212 342/192/212 349/199/212
f 349/199/213 348/198/213 343/193/213
f 339/189/214 338/188/214 347/197/214
f 347/197/215 346/196/215 339/189/215
f 339/189/216 346/196/216 352/202/216
f 352/202/217 355/205/217 339/189/217
f 342/192/218 356/206/218 357/207/218
f 357/207/219 349/199/219 342/192/219
f 353/203/220 359/209/220 360/210/220
f 360/210/221 352/202/221 353/203/221
f 355/205/222 361/211/222 362/212/222
f 362/212/223 354/204/223 355/205/223
f 362/212/224 363/213/224 356/206/224
f 356/206/225 354/204/225 362/212/225
f 364/214/226 365/215/226 358/208/226
f 358/208/227 357/207/227 364/214/227
f 361/211/228 355/205/228 352/202/228
f 352/202/229 360/210/229 361/211/229
f 357/207/230 356/206/230 363/213/230
f 363/213/231 364/214/231 357/207/231
f 359/209/232 366/185/232 367/216/232
f 367/216/233 360/210/233 359/209/233
f 361/211/234 368/217/234 369/218/234
f 369/218/235 362/212/235 361/211/235
f 369/218/236 370/219/236 363/213/236
f 363/213/237 362/212/237 369/218/237
f 371/220/238 372/182/238 365/215/238
f 365/215/239 364/214/239 371/220/239
f 368/217/240 361/211/240 360/210/240
f 360/210/241 367/216/241 368/217/241
f 364/214/242 363/213/242 370/219/242
f 370/219/243 371/220/243 364/214/243
f 373/185/244 374/184/244 375/183/244
f 375/183/245 376/182/245 373/185/245
f 377/187/246 375/183/246 374/184/246
f 374/184/247 378/186/247 377/187/247
f 379/221/248 380/222/248 381/223/248
f 381/223/248 382/224/248 379/221/248
f 383/225/249 384/226/249 385/227/249
f 385/227/250 386/228/250 383/225/250
f 290/140/251 387/229/251 291/141/251
f 296/146/252 295/145/252 388/230/252
f 289/139/253 389/231/253 290/140/253
f 296/146/254 390/232/254 293/143/254
f 305/155/255 299/149/255 391/233/255
f 298/148/256 302/152/256 391/233/256
f 302/152/257 304/154/257 391/233/257
f 307/157/258 310/160/258 391/233/258
f 299/149/259 298/148/259 391/233/259
f 304/154/260 307/157/260 391/233/260
f 392/234/261 336/186/261 337/187/261
f 344/194/262 347/197/262 393/235/262
f 338/188/263 341/191/263 393/235/263
f 341/191/264 343/193/264 393/235/264
f 348/198/265 351/201/265 393/235/265
f 347/197/266 338/188/266 393/235/266
f 343/193/267 348/198/267 393/235/267
f 394/234/268 377/187/268 378/186/268
f 385/227/269 384/226/269 395/236/269
f 396/122/26 397/121/26 398/120/26
f 399/237/270 400/238/270 401/239/270
f 401/239/271 402/240/271 399/237/271
f 403/241/272 404/242/272 400/238/272
f 400/238/273 399/237/273 403/241/273
f 405/237/274 406/238/274 407/239/274
f 407/239/274 408/240/274 405/237/274
f 409/241/275 410/242/275 406/238/275
f 406/238/276 405/237/276 409/241/276
f 411/237/277 412/238/277 413/239/277
f 413/239/278 414/240/278 411/237/278
f 415/241/279 416/242/279 412/238/279
f 412/238/280 411/237/280 415/241/280
f 417/237/281 418/238/281 419/239/281
f 419/239/282 420/240/282 417/237/282
f 421/241/283 422/242/283 418/238/283
f 418/238/284 417/237/284 421/241/284
f 423/237/285 424/238/285 425/239/285
f 425/239/285 426/240/285 423/237/285
f 427/241/286 428/242/286 424/238/286
f 424/238/286 423/237/286 427/241/286
f 429/237/287 430/238/287 431/239/287
f 431/239/287 432/240/287 429/237/287
f 433/241/288 434/242/288 430/238/288
f 430/238/288 429/237/288 433/241/288
f 435/237/289 436/238/289 437/239/289
f 437/239/290 438/240/290 435/237/290
f 439/241/291 440/242/291 436/238/291
f 436/238/292 435/237/292 439/241/292
f 441/237/293 442/238/293 443/239/293
f 443/239/293 444/240/293 441/237/293
f 445/241/294 446/242/294 442/238/294
f 442/238/295 441/237/295 445/241/295
f 447/237/296 448/238/296 449/239/296
f 449/239/297 450/240/297 447/237/297
f 451/241/298 452/242/298 448/238/298
f 448/238/299 447/237/299 451/241/299
f 453/237/300 454/238/300 455/239/300
f 455/239/301 456/240/301 453/237/301
f 457/241/302 458/242/302 454/238/302
f 454/238/303 453/237/303 457/241/303
f 459/243/304 399/237/304 457/241/304
f 457/241/305 460/244/305 459/243/305
f 461/245/306 408/240/306 399/237/306
f 399/237/307 459/243/307 461/245/307
f 462/243/308 405/237/308 408/240/308
f 408/240/308 461/245/308 462/243/308
f 463/244/309 409/241/309 405/237/309
f 405/237/310 462/243/310 463/244/310
f 464/243/311 411/237/311 409/241/311
f 409/241/312 463/244/312 464/243/312
f 465/245/313 420/240/313 411/237/313
f 411/237/314 464/243/314 465/245/314
f 466/243/315 417/237/315 420/240/315
f 420/240/316 465/245/316 466/243/316
f 467/244/317 421/241/317 417/237/317
f 417/237/317 466/243/317 467/244/317
f 468/243/318 423/237/318 421/241/318
f 421/241/318 467/244/318 468/243/318
f 469/245/319 432/240/319 423/237/319
f 423/237/319 468/243/319 469/245/319
f 470/243/320 429/237/320 432/240/320
f 432/240/320 469/245/320 470/243/320
f 471/244/321 433/241/321 429/237/321
f 429/237/321 470/243/321 471/244/321
f 472/243/322 435/237/322 433/241/322
f 433/241/322 471/244/322 472/243/322
f 473/245/323 444/240/323 435/237/323
f 435/237/324 472/243/324 473/245/324
f 474/243/325 441/237/325 444/240/325
f 444/240/326 473/245/326 474/243/326
f 475/244/327 445/241/327 441/237/327
f 441/237/328 474/243/328 475/244/328
f 476/243/329 447/237/329 445/241/329
f 445/241/330 475/244/330 476/243/330
f 477/245/331 456/240/331 447/237/331
f 447/237/331 476/243/331 477/245/331
f 478/243/332 453/237/332 456/240/332
f 456/240/333 477/245/333 478/243/333
f 460/244/334 457/241/334 453/237/334
f 453/237/335 478/243/335 460/244/335
f 479/246/336 480/247/336 481/248/336
f 481/248/337 482/249/337 479/246/337
f 483/246/338 484/247/338 485/248/338
f 485/248/339 486/249/339 483/246/339
f 487/246/340 488/247/340 489/248/340
f 489/248/340 490/249/340 487/246/340
f 491/246/341 492/247/341 493/248/341
f 493/248/341 494/249/341 491/246/341
f 495/246/342 496/247/342 497/248/342
f 497/248/343 498/249/343 495/246/343
f 499/246/344 500/247/344 501/248/344
f 501/248/345 502/249/345 499/246/345
f 503/246/346 504/247/346 505/248/346
f 505/248/346 506/249/346 503/246/346
f 507/246/347 508/247/347 509/248/347
f 509/248/348 510/249/348 507/246/348
f 511/246/349 512/247/349 513/248/349
f 513/248/350 514/249/350 511/246/350
f 515/246/351 516/247/351 517/248/351
f 517/248/351 518/249/351 515/246/351
f 519/246/352 520/247/352 521/248/352
f 521/248/352 522/249/352 519/246/352
f 523/246/353 524/247/353 525/248/353
f 525/248/353 526/249/353 523/246/353
f 527/246/354 528/247/354 529/248/354
f 529/248/355 530/249/355 527/246/355
f 531/246/356 532/247/356 533/248/356
f 533/248/356 534/249/356 531/246/356
f 535/246/357 536/247/357 537/248/357
f 537/248/358 538/249/358 535/246/358
f 539/246/359 540/247/359 541/248/359
f 541/248/360 542/249/360 539/246/360
f 543/246/361 544/247/361 545/248/361
f 545/248/362 546/249/362 543/246/362
f 547/246/363 548/247/363 549/248/363
f 549/248/363 550/249/363 547/246/363
f 551/246/364 552/247/364 553/248/364
f 553/248/364 554/249/364 551/246/364
f 555/246/365 556/247/365 557/248/365
f 557/248/366 558/249/366 555/246/366
f 479/246/367 559/250/367 560/251/367
f 560/251/368 480/247/368 479/246/368
f 483/246/369 561/250/369 562/251/369
f 562/251/370 484/247/370 483/246/370
f 487/246/371 563/250/371 564/251/371
f 564/251/371 488/247/371 487/246/371
f 491/246/372 565/250/372 566/251/372
f 566/251/373 492/247/373 491/246/373
f 495/246/374 567/250/374 568/251/374
f 568/251/375 496/247/375 495/246/375
f 499/246/376 569/250/376 570/251/376
f 570/251/377 500/247/377 499/246/377
f 503/246/378 571/250/378 572/251/378
f 572/251/379 504/247/379 503/246/379
f 507/246/380 573/250/380 574/251/380
f 574/251/381 508/247/381 507/246/381
f 511/246/382 575/250/382 576/251/382
f 576/251/383 512/247/383 511/246/383
f 515/246/384 577/250/384 578/251/384
f 578/251/385 516/247/385 515/246/385
f 519/246/386 579/250/386 580/251/386
f 580/251/387 520/247/387 519/246/387
f 523/246/388 581/250/388 582/251/388
f 582/251/389 524/247/389 523/246/389
f 527/246/390 583/250/390 584/251/390
f 584/251/391 528/247/391 527/246/391
f 531/246/392 585/250/392 586/251/392
f 586/251/393 532/247/393 531/246/393
f 535/246/394 587/250/394 588/251/394
f 588/251/395 536/247/395 535/246/395
f 539/246/396 589/250/396 590/251/396
f 590/251/397 540/247/397 539/246/397
f 543/246/398 591/250/398 592/251/398
f 592/251/399 544/247/399 543/246/399
f 547/246/400 593/250/400 594/251/400
f 594/251/400 548/247/400 547/246/400
f 551/246/401 595/250/401 596/251/401
f 596/251/402 552/247/402 551/246/402
f 555/246/403 597/250/403 598/251/403
f 598/251/404 556/247/404 555/246/404
f 599/252/405 600/253/405 601/254/405
f 601/254/405 602/255/405 599/252/405
f 602/255/406 601/254/406 603/256/406
f 603/256/406 604/257/406 602/255/406
f 605/252/407 606/253/407 607/254/407
f 607/254/407 608/255/407 605/252/407
f 608/255/408 607/254/408 609/256/408
f 609/256/408 610/257/408 608/255/408
f 611/252/409 612/253/409 613/254/409
f 613/254/409 614/255/409 611/252/409
f 614/255/410 613/254/410 615/256/410
f 615/256/410 616/257/410 614/255/410
f 617/252/411 618/253/411 619/254/411
f 619/254/411 620/255/411 617/252/411
f 620/255/412 619/254/412 621/256/412
f 621/256/412 622/257/412 620/255/412
f 623/252/413 624/253/413 625/254/413
f 625/254/413 626/255/413 623/252/413
f 626/255/414 625/254/414 627/256/414
f 627/256/414 628/257/414 626/255/414
f 629/252/415 630/253/415 631/254/415
f 631/254/415 632/255/415 629/252/415
f 632/255/416 631/254/416 633/256/416
f 633/256/416 634/257/416 632/255/416
f 635/252/417 636/253/417 637/254/417
f 637/254/417 638/255/417 635/252/417
f 638/255/418 637/254/418 639/256/418
f 639/256/418 640/257/418 638/255/418
f 641/252/419 642/253/419 643/254/419
f 643/254/419 644/255/419 641/252/419
f 644/255/420 643/254/420 645/256/420
f 645/256/420 646/257/420 644/255/420
f 647/252/421 648/253/421 649/254/421
f 649/254/421 650/255/421 647/252/421
f 650/255/422 649/254/422 651/256/422
f 651/256/422 652/257/422 650/255/422
f 653/252/423 654/253/423 655/254/423
f 655/254/423 656/255/423 653/252/423
f 656/255/424 655/254/424 657/256/424
f 657/256/424 658/257/424 656/255/424
f 659/258/425 660/259/425 661/260/425
f 662/260/425 660/259/425 659/258/425
f 663/260/425 660/259/425 664/258/425
f 665/260/425 660/259/425 666/258/425
f 667/260/425 660/259/425 668/258/425
f 669/258/425 660/259/425 667/260/425
f 670/258/425 660/259/425 671/260/425
f 672/258/425 660/259/425 673/260/425
f 674/258/425 660/259/425 675/260/425
f 676/260/425 660/259/425 674/258/425
f 677/258/425 660/259/425 676/260/425
f 678/260/425 660/259/425 677/258/425
f 679/260/425 660/259/425 680/258/425
f 681/260/425 660/259/425 682/258/425
f 683/260/425 660/259/425 684/258/425
f 685/258/425 660/259/425 683/260/425
f 686/258/425 660/259/425 687/260/425
f 688/258/425 660/259/425 689/260/425
f 690/258/425 660/259/425 691/260/425
f 661/260/425 660/259/425 690/258/425
f 692/261/426 693/262/426 694/262/426
f 694/262/426 695/261/426 692/261/426
f 696/263/66 697/264/66 698/264/66
f 698/264/66 699/263/66 696/263/66
f 700/265/26 701/266/26 702/266/26
f 702/266/26 703/265/26 700/265/26
f 697/264/427 692/261/427 695/261/427
f 695/261/427 698/264/427 697/264/427
f 703/265/428 694/262/428 693/262/428
f 693/262/428 700/265/428 703/265/428
f 703/265/429 699/263/429 695/261/429
f 695/261/430 694/262/430 703/265/430
f 697/264/431 696/263/431 693/262/431
f 693/262/432 692/261/432 697/264/432
f 701/266/433 700/265/433 693/262/433
f 693/262/434 696/263/434 701/266/434
f 703/265/435 702/266/435 699/263/435
f 695/261/436 699/263/436 698/264/436
f 704/267/437 705/268/437 706/269/437
f 706/269/438 707/270/438 704/267/438
f 708/271/439 706/269/439 705/268/439
f 705/268/440 709/272/440 708/271/440
f 710/273/441 711/274/441 707/270/441
f 707/270/442 706/269/442 710/273/442
f 712/275/443 710/273/443 706/269/443
f 706/269/444 708/271/444 712/275/444
f 713/276/445 708/271/445 709/272/445
f 709/272/446 714/277/446 713/276/446
f 715/278/447 712/275/447 708/271/447
f 708/271/448 713/276/448 715/278/448
f 716/77/449 717/80/449 718/79/449
f 718/79/450 719/78/450 716/77/450
f 720/81/451 721/82/451 719/78/451
f 719/78/452 718/79/452 720/81/452
f 722/83/453 718/79/453 717/80/453
f 717/80/454 723/84/454 722/83/454
f 724/85/455 720/81/455 718/79/455
f 718/79/456 722/83/456 724/85/456
f 725/86/457 726/87/457 721/82/457
f 721/82/458 720/81/458 725/86/458
f 727/88/459 725/86/459 720/81/459
f 720/81/460 724/85/460 727/88/460
f 728/89/461 729/92/461 730/91/461
f 730/91/462 731/90/462 728/89/462
f 732/279/463 733/96/463 734/95/463
f 734/95/464 735/280/464 732/279/464
f 736/97/465 737/100/465 738/99/465
f 738/99/466 739/98/466 736/97/466
f 740/101/467 729/92/467 728/89/467
f 728/89/468 741/102/468 740/101/468
f 725/86/469 742/104/469 743/103/469
f 743/103/470 726/87/470 725/86/470
f 744/105/471 732/279/471 735/280/471
f 735/280/472 745/106/472 744/105/472
f 746/97/473 747/100/473 748/99/473
f 748/99/474 749/98/474 746/97/474
f 727/88/475 750/107/475 742/104/475
f 742/104/476 725/86/476 727/88/476
f 751/281/477 740/101/477 741/102/477
f 741/102/478 752/109/478 751/281/478
f 753/110/479 754/111/479 744/105/479
f 744/105/480 745/106/480 753/110/480
f 755/282/481 756/283/481 757/284/481
f 757/284/482 758/285/482 755/282/482
f 759/131/483 760/134/483 761/133/483
f 761/133/484 762/132/484 759/131/484
f 763/286/485 764/138/485 765/287/485
f 765/287/486 766/136/486 763/286/486
f 767/122/487 768/120/487 769/121/487
f 770/120/488 771/122/488 772/121/488
f 773/237/489 774/240/489 775/288/489
f 775/288/490 776/289/490 773/237/490
f 777/241/491 773/237/491 776/289/491
f 776/289/492 778/290/492 777/241/492
f 779/237/283 780/240/283 781/288/283
f 781/288/283 782/289/283 779/237/283
f 783/241/493 779/237/493 782/289/493
f 782/289/494 784/290/494 783/241/494
f 785/237/280 786/240/280 787/288/280
f 787/288/279 788/289/279 785/237/279
f 789/241/278 785/237/278 788/289/278
f 788/289/277 790/290/277 789/241/277
f 791/237/495 792/240/495 793/288/495
f 793/288/496 794/289/496 791/237/496
f 795/241/497 791/237/497 794/289/497
f 794/289/274 796/290/274 795/241/274
f 797/237/498 798/240/498 799/288/498
f 799/288/498 800/289/498 797/237/498
f 801/241/499 797/237/499 800/289/499
f 800/289/500 802/290/500 801/241/500
f 803/237/501 804/240/501 805/288/501
f 805/288/302 806/289/302 803/237/302
f 807/241/301 803/237/301 806/289/301
f 806/289/301 808/290/301 807/241/301
f 809/237/298 810/240/298 811/288/298
f 811/288/502 812/289/502 809/237/502
f 813/241/503 809/237/503 812/289/503
f 812/289/504 814/290/504 813/241/504
f 815/237/294 816/240/294 817/288/294
f 817/288/294 818/289/294 815/237/294
f 819/241/505 815/237/505 818/289/505
f 818/289/293 820/290/293 819/241/293
f 821/237/506 822/240/506 823/288/506
f 823/288/507 824/289/507 821/237/507
f 825/241/508 821/237/508 824/289/508
f 824/289/290 826/290/290 825/241/290
f 827/237/288 828/240/288 829/288/288
f 829/288/509 830/289/509 827/237/509
f 831/241/510 827/237/510 830/289/510
f 830/289/287 832/290/287 831/241/287
f 833/243/511 834/245/511 774/240/511
f 774/240/319 773/237/319 833/243/319
f 835/244/512 833/243/512 773/237/512
f 773/237/318 777/241/318 835/244/318
f 836/243/317 835/244/317 777/241/317
f 777/241/317 779/237/317 836/243/317
f 837/245/513 836/243/513 779/237/513
f 779/237/315 786/240/315 837/245/315
f 838/243/314 837/245/314 786/240/314
f 786/240/313 785/237/313 838/243/313
f 839/244/312 838/243/312 785/237/312
f 785/237/311 789/241/311 839/244/311
f 840/243/514 839/244/514 789/241/514
f 789/241/309 791/237/309 840/243/309
f 841/245/308 840/243/308 791/237/308
f 791/237/308 798/240/308 841/245/308
f 842/243/306 841/245/306 798/240/306
f 798/240/306 797/237/306 842/243/306
f 843/244/304 842/243/304 797/237/304
f 797/237/304 801/241/304 843/244/304
f 844/243/334 843/244/334 801/241/334
f 801/241/334 803/237/334 844/243/334
f 845/245/332 844/243/332 803/237/332
f 803/237/332 810/240/332 845/245/332
f 846/243/331 845/245/331 810/240/331
f 810/240/331 809/237/331 846/243/331
f 847/244/515 846/243/515 809/237/515
f 809/237/329 813/241/329 847/244/329
f 848/243/328 847/244/328 813/241/328
f 813/241/327 815/237/327 848/243/327
f 849/245/326 848/243/326 815/237/326
f 815/237/325 822/240/325 849/245/325
f 850/243/516 849/245/516 822/240/516
f 822/240/323 821/237/323 850/243/323
f 851/244/322 850/243/322 821/237/322
f 821/237/322 825/241/322 851/244/322
f 852/243/517 851/244/517 825/241/517
f 825/241/321 827/237/321 852/243/321
f 834/245/518 852/243/518 827/237/518
f 827/237/320 774/240/320 834/245/320
f 853/246/351 854/249/351 855/248/351
f 855/248/519 856/247/519 853/246/519
f 857/246/520 858/249/520 859/248/520
f 859/248/349 860/247/349 857/246/349
f 860/247/347 859/248/347 861/249/347
f 861/249/347 862/246/347 860/247/347
f 863/247/346 864/248/346 865/249/346
f 865/249/346 866/246/346 863/247/346
f 867/247/345 868/248/345 869/249/345
f 869/249/344 870/246/344 867/247/344
f 871/247/343 872/248/343 873/249/343
f 873/249/342 874/246/342 871/247/342
f 875/247/341 876/248/341 877/249/341
f 877/249/341 878/246/341 875/247/341
f 879/247/521 880/248/521 881/249/521
f 881/249/340 882/246/340 879/247/340
f 883/247/522 884/248/522 885/249/522
f 885/249/338 886/246/338 883/247/338
f 887/247/337 888/248/337 889/249/337
f 889/249/337 890/246/337 887/247/337
f 891/247/366 892/248/366 893/249/366
f 893/249/366 894/246/366 891/247/366
f 895/247/364 896/248/364 897/249/364
f 897/249/364 898/246/364 895/247/364
f 899/247/363 900/248/363 901/249/363
f 901/249/363 902/246/363 899/247/363
f 903/247/361 904/248/361 905/249/361
f 905/249/361 906/246/361 903/247/361
f 907/247/360 908/248/360 909/249/360
f 909/249/359 910/246/359 907/247/359
f 911/247/358 912/248/358 913/249/358
f 913/249/357 914/246/357 911/247/357
f 915/247/523 916/248/523 917/249/523
f 917/249/356 918/246/356 915/247/356
f 919/247/354 920/248/354 921/249/354
f 921/249/354 922/246/354 919/247/354
f 922/246/353 921/249/353 923/248/353
f 923/248/353 924/247/353 922/246/353
f 925/246/352 926/249/352 927/248/352
f 927/248/524 928/247/524 925/246/524
f 853/246/525 856/247/525 929/251/525
f 929/251/526 930/250/526 853/246/526
f 857/246/527 860/247/527 931/251/527
f 931/251/383 932/250/383 857/246/383
f 860/247/381 862/246/381 933/250/381
f 933/250/381 931/251/381 860/247/381
f 863/247/528 866/246/528 934/250/528
f 934/250/529 935/251/529 863/247/529
f 867/247/530 870/246/530 936/250/530
f 936/250/531 937/251/531 867/247/531
f 871/247/532 874/246/532 938/250/532
f 938/250/533 939/251/533 871/247/533
f 875/247/534 878/246/534 940/250/534
f 940/250/535 941/251/535 875/247/535
f 879/247/371 882/246/371 942/250/371
f 942/250/536 943/251/536 879/247/536
f 883/247/369 886/246/369 944/250/369
f 944/250/537 945/251/537 883/247/537
f 887/247/538 890/246/538 946/250/538
f 946/250/539 947/251/539 887/247/539
f 891/247/540 894/246/540 948/250/540
f 948/250/541 949/251/541 891/247/541
f 895/247/401 898/246/401 950/250/401
f 950/250/542 951/251/542 895/247/542
f 899/247/543 902/246/543 952/250/543
f 952/250/400 953/251/400 899/247/400
f 903/247/544 906/246/544 954/250/544
f 954/250/545 955/251/545 903/247/545
f 907/247/546 910/246/546 956/250/546
f 956/250/547 957/251/547 907/247/547
f 911/247/548 914/246/548 958/250/548
f 958/250/549 959/251/549 911/247/549
f 915/247/550 918/246/550 960/250/550
f 960/250/551 961/251/551 915/247/551
f 919/247/390 922/246/390 962/250/390
f 962/250/390 963/251/390 919/247/390
f 922/246/552 924/247/552 964/251/552
f 964/251/389 962/250/389 922/246/389
f 925/246/553 928/247/553 965/251/553
f 965/251/554 966/250/554 925/246/554
f 967/252/555 968/255/555 969/291/555
f 969/291/555 970/292/555 967/252/555
f 968/255/413 971/257/413 972/293/413
f 972/293/413 969/291/413 968/255/413
f 973/252/412 974/255/412 975/291/412
f 975/291/412 976/292/412 973/252/412
f 974/255/411 977/257/411 978/293/411
f 978/293/411 975/291/411 974/255/411
f 979/252/410 980/255/410 981/291/410
f 981/291/410 982/292/410 979/252/410
f 980/255/409 983/257/409 984/293/409
f 984/293/409 981/291/409 980/255/409
f 985/252/408 986/255/408 987/291/408
f 987/291/408 988/292/408 985/252/408
f 986/255/407 989/257/407 990/293/407
f 990/293/407 987/291/407 986/255/407
f 991/252/406 992/255/406 993/291/406
f 993/291/406 994/292/406 991/252/406
f 992/255/556 995/257/556 996/293/556
f 996/293/556 993/291/556 992/255/556
f 997/252/557 998/255/557 999/291/557
f 999/291/557 1000/292/557 997/252/557
f 998/255/423 1001/257/423 1002/293/423
f 1002/293/423 999/291/423 998/255/423
f 1003/252/422 1004/255/422 1005/291/422
f 1005/291/422 1006/292/422 1003/252/422
f 1004/255/421 1007/257/421 1008/293/421
f 1008/293/421 1005/291/421 1004/255/421
f 1009/252/420 1010/255/420 1011/291/420
f 1011/291/420 1012/292/420 1009/252/420
f 1010/255/419 1013/257/419 1014/293/419
f 1014/293/419 1011/291/419 1010/255/419
f 1015/252/418 1016/255/418 1017/291/418
f 1017/291/418 1018/292/418 1015/252/418
f 1016/255/417 1019/257/417 1020/293/417
f 1020/293/417 1017/291/417 1016/255/417
f 1021/252/416 1022/255/416 1023/291/416
f 1023/291/416 1024/292/416 1021/252/416
f 1022/255/558 1025/257/558 1026/293/558
f 1026/293/558 1023/291/558 1022/255/558
f 1027/258/425 1028/260/425 1029/259/425
f 1030/260/425 1027/258/425 1029/259/425
f 1031/260/425 1032/258/425 1029/259/425
f 1033/260/425 1034/258/425 1029/259/425
f 1035/260/425 1036/258/425 1029/259/425
f 1037/258/425 1035/260/425 1029/259/425
f 1038/258/425 1039/260/425 1029/259/425
f 1040/258/425 1041/260/425 1029/259/425
f 1042/258/425 1043/260/425 1029/259/425
f 1044/260/425 1042/258/425 1029/259/425
f 1045/258/425 1044/260/425 1029/259/425
f 1046/260/425 1045/258/425 1029/259/425
f 1047/260/425 1048/258/425 1029/259/425
f 1049/260/425 1050/258/425 1029/259/425
f 1051/260/425 1052/258/425 1029/259/425
f 1053/258/425 1051/260/425 1029/259/425
f 1054/258/425 1055/260/425 1029/259/425
f 1056/258/425 1057/260/425 1029/259/425
f 1058/258/425 1059/260/425 1029/259/425
f 1028/260/425 1058/258/425 1029/259/425
f 1060/294/559 1061/295/559 1062/296/559
f 1062/296/560 1063/297/560 1060/294/560
f 1064/298/561 1065/299/561 1066/300/561
f 1066/300/562 1067/301/562 1064/298/562
f 1068/302/563 1069/303/563 1070/304/563
f 1070/304/564 1071/305/564 1068/302/564
f 1072/120/565 1073/122/565 1074/121/565
f 1075/120/566 1076/121/566 1077/122/566
f 1078/306/567 1079/307/567 1080/308/567
f 1080/308/568 1081/309/568 1078/306/568
f 1082/310/569 1083/311/569 1084/312/569
f 1084/312/570 1085/313/570 1082/310/570
f 1084/312/571 1083/311/571 1086/314/571
f 1086/314/572 1087/315/572 1084/312/572
f 1087/315/573 1086/314/573 1078/306/573
f 1078/306/574 1081/309/574 1087/315/574
f 1082/310/575 1085/313/575 1088/316/575
f 1088/316/576 1089/317/576 1082/310/576
f 1080/308/577 1079/307/577 1090/318/577
f 1090/318/578 1091/319/578 1080/308/578
f 1092/320/579 1093/321/579 1094/322/579
f 1094/322/580 1095/323/580 1092/320/580
f 1096/324/581 1092/320/581 1095/323/581
f 1095/323/582 1097/325/582 1096/324/582
f 1091/319/583 1090/318/583 1096/324/583
f 1096/324/584 1097/325/584 1091/319/584
f 1098/326/585 1099/327/585 1094/322/585
f 1094/322/586 1093/321/586 1098/326/586
f 1100/328/587 1101/329/587 1102/330/587
f 1102/330/588 1103/331/588 1100/328/588
f 1101/329/589 1104/332/589 1105/333/589
f 1105/333/590 1102/330/590 1101/329/590
f 1104/332/591 1106/334/591 1107/335/591
f 1107/335/592 1105/333/592 1104/332/592
f 1106/334/593 1108/336/593 1109/337/593
f 1109/337/594 1107/335/594 1106/334/594
f 1110/338/595 1100/328/595 1103/331/595
f 1103/331/596 1111/339/596 1110/338/596
f 1112/340/597 1113/341/597 1114/342/597
f 1114/342/598 1115/343/598 1112/340/598
f 1116/344/599 1112/340/599 1115/343/599
f 1115/343/600 1117/345/600 1116/344/600
f 1118/346/601 1116/344/601 1117/345/601
f 1117/345/602 1119/347/602 1118/346/602
f 1108/336/603 1118/346/603 1119/347/603
f 1119/347/604 1109/337/604 1108/336/604
f 1113/341/605 1120/348/605 1121/349/605
f 1121/349/606 1114/342/606 1113/341/606
f 1122/350/607 1123/351/607 1124/352/607
f 1124/352/608 1125/353/608 1122/350/608
f 1123/351/609 1126/354/609 1127/355/609
f 1127/355/610 1124/352/610 1123/351/610
f 1126/354/611 1128/356/611 1129/357/611
f 1129/357/612 1127/355/612 1126/354/612
f 1128/356/613 1130/358/613 1131/359/613
f 1131/359/614 1129/357/614 1128/356/614
f 1132/360/615 1122/350/615 1125/353/615
f 1125/353/616 1133/361/616 1132/360/616
f 1134/351/617 1135/350/617 1136/353/617
f 1136/353/618 1137/352/618 1134/351/618
f 1138/354/619 1134/351/619 1137/352/619
f 1137/352/620 1139/355/620 1138/354/620
f 1140/356/621 1138/354/621 1139/355/621
f 1139/355/622 1141/357/622 1140/356/622
f 1130/358/623 1140/356/623 1141/357/623
f 1141/357/624 1131/359/624 1130/358/624
f 1135/350/625 1142/360/625 1143/361/625
f 1143/361/626 1136/353/626 1135/350/626
f 1144/362/627 1145/363/627 1146/364/627
f 1146/364/628 1147/365/628 1144/362/628
f 1148/366/629 1144/362/629 1147/365/629
f 1147/365/630 1149/367/630 1148/366/630
f 1150/368/631 1148/366/631 1149/367/631
f 1149/367/632 1151/369/632 1150/368/632
f 1152/370/633 1150/368/633 1151/369/633
f 1151/369/634 1153/371/634 1152/370/634
f 1154/337/635 1152/370/635 1153/371/635
f 1153/371/636 1155/336/636 1154/337/636
f 1156/372/637 1154/337/637 1155/336/637
f 1155/336/638 1157/373/638 1156/372/638
f 1158/374/639 1156/372/639 1157/373/639
f 1157/373/640 1159/375/640 1158/374/640
f 1160/376/641 1158/374/641 1159/375/641
f 1159/375/642 1161/377/642 1160/376/642
f 1162/378/643 1160/376/643 1161/377/643
f 1161/377/644 1163/379/644 1162/378/644
f 1164/380/645 1162/378/645 1163/379/645
f 1163/379/646 1165/381/646 1164/380/646
f 1166/100/647 1167/99/647 1168/98/647
f 1168/98/648 1169/97/648 1166/100/648
f 1170/100/649 1171/99/649 1172/98/649
f 1172/98/650 1169/97/650 1170/100/650
f 1173/382/651 1174/383/651 1175/384/651
f 1175/384/652 1176/385/652 1173/382/652
f 1177/100/653 1178/97/653 1179/98/653
f 1179/98/654 1180/99/654 1177/100/654
f 1181/386/655 1182/387/655 1088/316/655
f 1088/316/656 1183/388/656 1181/386/656
f 1184/97/657 1185/98/657 1186/99/657
f 1186/99/658 1187/100/658 1184/97/658
f 1188/389/659 1189/390/659 1176/385/659
f 1176/385/660 1175/384/660 1188/389/660
f 1190/100/661 1191/99/661 1192/98/661
f 1192/98/662 1193/97/662 1190/100/662
f 1181/386/663 1183/388/663 1194/391/663
f 1194/391/664 1195/392/664 1181/386/664
f 1188/389/665 1195/392/665 1194/391/665
f 1194/391/666 1189/390/666 1188/389/666
f 1196/100/667 1197/99/667 1198/98/667
f 1198/98/668 1199/97/668 1196/100/668
f 1200/100/669 1201/99/669 1202/98/669
f 1202/98/670 1203/97/670 1200/100/670
f 1204/100/671 1205/99/671 1206/98/671
f 1206/98/672 1207/97/672 1204/100/672
f 1208/100/673 1209/99/673 1210/98/673
f 1210/98/674 1211/97/674 1208/100/674
f 1212/393/675 1213/394/675 1214/395/675
f 1214/395/676 1215/396/676 1212/393/676
f 1215/396/677 1214/395/677 1216/397/677
f 1216/397/678 1217/398/678 1215/396/678
f 1218/399/679 1219/400/679 1217/398/679
f 1217/398/680 1216/397/680 1218/399/680
f 1220/401/681 1221/402/681 1219/400/681
f 1219/400/682 1218/399/682 1220/401/682
f 1222/100/683 1197/99/683 1223/98/683
f 1223/98/684 1224/97/684 1222/100/684
f 1225/403/685 1226/404/685 1227/405/685
f 1227/405/686 1228/406/686 1225/403/686
f 1226/404/687 1229/407/687 1230/408/687
f 1230/408/688 1227/405/688 1226/404/688
f 1229/407/689 1231/409/689 1232/410/689
f 1232/410/690 1230/408/690 1229/407/690
f 1233/411/691 1225/403/691 1228/406/691
f 1228/406/692 1234/412/692 1233/411/692
f 1233/411/693 1234/412/693 1235/413/693
f 1235/413/694 1173/382/694 1233/411/694
f 1213/394/695 1212/393/695 1236/414/695
f 1236/414/696 1237/415/696 1213/394/696
f 1238/100/697 1239/97/697 1240/98/697
f 1240/98/698 1241/99/698 1238/100/698
f 1242/100/699 1239/97/699 1243/98/699
f 1243/98/700 1244/99/700 1242/100/700
f 1245/416/701 1246/417/701 1247/418/701
f 1247/418/702 1248/419/702 1245/416/702
f 1249/98/703 1250/97/703 1251/100/703
f 1251/100/704 1252/99/704 1249/98/704
f 1253/420/705 1254/421/705 1099/327/705
f 1099/327/706 1255/422/706 1253/420/706
f 1256/97/707 1257/100/707 1258/99/707
f 1258/99/708 1259/98/708 1256/97/708
f 1260/423/709 1247/418/709 1246/417/709
f 1246/417/710 1261/424/710 1260/423/710
f 1262/100/711 1263/97/711 1264/98/711
f 1264/98/712 1265/99/712 1262/100/712
f 1253/420/713 1266/425/713 1267/426/713
f 1267/426/714 1254/421/714 1253/420/714
f 1260/423/715 1261/424/715 1267/426/715
f 1267/426/716 1266/425/716 1260/423/716
f 1268/100/717 1269/97/717 1270/98/717
f 1270/98/718 1271/99/718 1268/100/718
f 1272/100/719 1273/97/719 1274/98/719
f 1274/98/720 1275/99/720 1272/100/720
f 1276/100/721 1277/97/721 1278/98/721
f 1278/98/722 1279/99/722 1276/100/722
f 1280/100/723 1211/97/723 1210/98/723
f 1210/98/724 1281/99/724 1280/100/724
f 1282/393/725 1283/396/725 1284/395/725
f 1284/395/726 1285/394/726 1282/393/726
f 1283/396/727 1286/398/727 1287/397/727
f 1287/397/728 1284/395/728 1283/396/728
f 1288/399/729 1287/397/729 1286/398/729
f 1286/398/730 1289/400/730 1288/399/730
f 1290/401/731 1288/399/731 1289/400/731
f 1289/400/732 1291/402/732 1290/401/732
f 1292/100/733 1293/97/733 1294/98/733
f 1294/98/734 1271/99/734 1292/100/734
f 1295/427/735 1296/428/735 1297/429/735
f 1297/429/736 1298/430/736 1295/427/736
f 1298/430/737 1297/429/737 1299/431/737
f 1299/431/738 1300/432/738 1298/430/738
f 1300/432/739 1299/431/739 1232/410/739
f 1232/410/740 1231/409/740 1300/432/740
f 1301/433/741 1302/434/741 1296/428/741
f 1296/428/742 1295/427/742 1301/433/742
f 1301/433/743 1245/416/743 1303/435/743
f 1303/435/744 1302/434/744 1301/433/744
f 1285/394/745 1237/415/745 1236/414/745
f 1236/414/746 1282/393/746 1285/394/746
f 1220/401/747 1304/436/747 1221/402/747
f 1235/413/748 1174/383/748 1173/382/748
f 1290/401/749 1291/402/749 1305/436/749
f 1303/435/750 1245/416/750 1248/419/750
f 1088/316/751 1182/387/751 1089/317/751
f 1099/327/752 1098/326/752 1255/422/752
f 1306/437/753 1307/438/753 1304/436/753
f 1304/436/754 1220/401/754 1306/437/754
f 1308/439/755 1309/440/755 1307/438/755
f 1307/438/756 1306/437/756 1308/439/756
f 1308/439/757 1310/441/757 1311/442/757
f 1311/442/758 1309/440/758 1308/439/758
f 1312/443/759 1311/442/759 1310/441/759
f 1312/443/760 1310/441/760 1313/444/760
f 1312/443/761 1313/444/761 1314/445/761
f 1315/446/762 1312/443/762 1314/445/762
f 1314/445/763 1316/447/763 1315/446/763
f 1317/445/764 1318/443/764 1319/448/764
f 1319/448/765 1320/449/765 1317/445/765
f 1321/444/766 1322/441/766 1323/442/766
f 1321/444/767 1323/442/767 1318/443/767
f 1321/444/768 1318/443/768 1317/445/768
f 1324/439/769 1325/440/769 1323/442/769
f 1323/442/770 1322/441/770 1324/439/770
f 1324/439/771 1326/437/771 1327/438/771
f 1327/438/772 1325/440/772 1324/439/772
f 1326/437/773 1290/401/773 1305/436/773
f 1305/436/774 1327/438/774 1326/437/774
f 1330/450/775 1331/451/775 1328/452/775
f 1329/453/776 1332/454/776 1333/455/776
f 1338/456/777 1336/457/777 1337/458/777
f 1337/458/778 1339/459/778 1338/456/778
f 1340/460/779 1338/456/779 1339/459/779
f 1339/459/780 1341/461/780 1340/460/780
f 1342/462/781 1343/463/781 1344/464/781
f 1344/464/782 1345/465/782 1342/462/782
f 1346/466/783 1342/462/783 1345/465/783
f 1345/465/784 1347/467/784 1346/466/784
f 1348/468/785 1346/466/785 1347/467/785
f 1347/467/786 1349/469/786 1348/468/786
f 1349/469/787 1350/470/787 1351/471/787
f 1351/471/788 1348/468/788 1349/469/788
f 1350/470/789 1352/472/789 1353/473/789
f 1353/473/790 1351/471/790 1350/470/790
f 1355/474/791 1353/473/791 1352/472/791
f 1354/475/792 1356/476/792 1357/477/792
f 1357/477/793 1355/474/793 1354/475/793
f 1356/476/794 1358/478/794 1359/479/794
f 1359/479/795 1357/477/795 1356/476/795
f 1358/478/796 1360/480/796 1361/481/796
f 1361/481/797 1359/479/797 1358/478/797
f 1360/480/798 1362/482/798 1363/483/798
f 1362/482/799 1364/484/799 1365/485/799
f 1332/454/800 1367/486/800 1368/487/800
f 1367/486/801 1369/488/801 1370/489/801
f 1372/490/802 1370/489/802 1369/488/802
f 1374/491/803 1372/490/803 1371/492/803
f 1375/493/804 1376/494/804 1377/495/804
f 1378/496/805 1365/485/805 1364/484/805
f 1376/494/806 1379/497/806 1377/495/806
f 1380/498/807 1381/499/807 1382/500/807
f 1382/500/808 1383/501/808 1380/498/808
f 1384/298/809 1385/301/809 1386/300/809
f 1386/300/810 1387/299/810 1384/298/810
f 1388/302/811 1389/305/811 1390/304/811
f 1390/304/812 1391/303/812 1388/302/812
f 2059/502/813 2060/503/813 2061/504/813
f 2061/504/814 2062/505/814 2059/502/814
f 2063/143/815 2064/146/815 2065/145/815
f 2065/145/816 2066/144/816 2063/143/816
f 2067/147/817 2068/150/817 2069/149/817
f 2069/149/818 2070/148/818 2067/147/818
f 2070/148/819 2071/152/819 2072/506/819
f 2072/506/820 2067/147/820 2070/148/820
f 2071/152/821 2073/154/821 2074/153/821
f 2074/153/822 2072/506/822 2071/152/822
f 2075/155/823 2069/149/823 2068/150/823
f 2068/150/824 2076/156/824 2075/155/824
f 2077/157/825 2078/160/825 2079/159/825
f 2079/159/826 2080/158/826 2077/157/826
f 2081/161/827 2082/507/827 2076/156/827
f 2076/156/828 2068/150/828 2081/161/828
f 2083/163/829 2084/164/829 2067/147/829
f 2067/147/830 2072/506/830 2083/163/830
f 2083/163/831 2072/506/831 2074/153/831
f 2074/153/832 2085/165/832 2083/163/832
f 2086/166/833 2080/158/833 2079/159/833
f 2079/159/834 2087/508/834 2086/166/834
f 2073/154/835 2077/157/835 2080/158/835
f 2080/158/836 2074/153/836 2073/154/836
f 2067/147/837 2084/164/837 2081/161/837
f 2081/161/838 2068/150/838 2067/147/838
f 2074/153/839 2080/158/839 2086/166/839
f 2086/166/840 2085/165/840 2074/153/840
f 2082/507/841 2081/161/841 2088/169/841
f 2088/169/842 2089/168/842 2082/507/842
f 2084/164/843 2083/163/843 2090/509/843
f 2090/509/844 2091/170/844 2084/164/844
f 2090/509/845 2083/163/845 2085/165/845
f 2085/165/846 2092/172/846 2090/509/846
f 2093/173/847 2086/166/847 2087/508/847
f 2087/508/848 2094/174/848 2093/173/848
f 2091/170/849 2088/169/849 2081/161/849
f 2081/161/850 2084/164/850 2091/170/850
f 2086/166/851 2093/173/851 2092/172/851
f 2092/172/852 2085/165/852 2086/166/852
f 2089/168/853 2088/169/853 2095/176/853
f 2095/176/854 2096/175/854 2089/168/854
f 2091/170/855 2090/509/855 2097/178/855
f 2097/178/856 2098/177/856 2091/170/856
f 2097/178/857 2090/509/857 2092/172/857
f 2092/172/858 2099/179/858 2097/178/858
f 2100/180/859 2093/173/859 2094/174/859
f 2094/174/860 2101/181/860 2100/180/860
f 2098/177/861 2095/176/861 2088/169/861
f 2088/169/862 2091/170/862 2098/177/862
f 2093/173/863 2100/180/863 2099/179/863
f 2099/179/864 2092/172/864 2093/173/864
f 2102/510/865 2103/511/865 2104/512/865
f 2104/512/866 2105/513/866 2102/510/866
f 2103/511/867 2106/514/867 2107/515/867
f 2107/515/868 2104/512/868 2103/511/868
f 2108/516/869 2109/517/869 2110/518/869
f 2110/518/870 2111/519/870 2108/516/870
f 2112/520/871 2113/521/871 2114/522/871
f 2114/522/872 2115/523/872 2112/520/872
f 2116/524/873 2117/525/873 2111/519/873
f 2111/519/874 2110/518/874 2116/524/874
f 2118/526/875 2119/527/875 2105/513/875
f 2105/513/876 2104/512/876 2118/526/876
f 2118/526/877 2104/512/877 2107/515/877
f 2107/515/878 2120/528/878 2118/526/878
f 2121/529/879 2115/523/879 2114/522/879
f 2114/522/880 2122/530/880 2121/529/880
f 2106/514/881 2112/520/881 2115/523/881
f 2115/523/882 2107/515/882 2106/514/882
f 2105/513/883 2110/518/883 2109/517/883
f 2109/517/884 2102/510/884 2105/513/884
f 2105/513/885 2119/527/885 2116/524/885
f 2116/524/886 2110/518/886 2105/513/886
f 2107/515/887 2115/523/887 2121/529/887
f 2121/529/888 2120/528/888 2107/515/888
f 2117/525/889 2116/524/889 2123/531/889
f 2123/531/890 2124/532/890 2117/525/890
f 2119/527/891 2118/526/891 2125/533/891
f 2125/533/892 2126/534/892 2119/527/892
f 2125/533/893 2118/526/893 2120/528/893
f 2120/528/894 2127/535/894 2125/533/894
f 2128/536/895 2121/529/895 2122/530/895
f 2122/530/896 2129/537/896 2128/536/896
f 2126/534/897 2123/531/897 2116/524/897
f 2116/524/898 2119/527/898 2126/534/898
f 2121/529/899 2128/536/899 2127/535/899
f 2127/535/900 2120/528/900 2121/529/900
f 2124/532/901 2123/531/901 2130/538/901
f 2130/538/902 2131/539/902 2124/532/902
f 2126/534/903 2125/533/903 2132/540/903
f 2132/540/904 2133/541/904 2126/534/904
f 2132/540/905 2125/533/905 2127/535/905
f 2127/535/906 2134/542/906 2132/540/906
f 2135/543/907 2128/536/907 2129/537/907
f 2129/537/908 2136/544/908 2135/543/908
f 2133/541/909 2130/538/909 2123/531/909
f 2123/531/910 2126/534/910 2133/541/910
f 2128/536/911 2135/543/911 2134/542/911
f 2134/542/912 2127/535/912 2128/536/912
f 2137/221/913 2138/224/913 2139/223/913
f 2139/223/913 2140/222/913 2137/221/913
f 2141/225/914 2142/228/914 2143/227/914
f 2143/227/915 2144/545/915 2141/225/915
f 2062/505/916 2061/504/916 2145/546/916
f 2064/146/917 2146/230/917 2065/145/917
f 2059/502/918 2062/505/918 2147/547/918
f 2064/146/919 2063/143/919 2148/232/919
f 2075/155/920 2149/233/920 2069/149/920
f 2070/148/921 2149/233/921 2071/152/921
f 2071/152/922 2149/233/922 2073/154/922
f 2077/157/923 2149/233/923 2078/160/923
f 2069/149/924 2149/233/924 2070/148/924
f 2073/154/925 2149/233/925 2077/157/925
f 2108/516/926 2150/548/926 2109/517/926
f 2102/510/927 2150/548/927 2103/511/927
f 2103/511/928 2150/548/928 2106/514/928
f 2112/520/929 2150/548/929 2113/521/929
f 2109/517/930 2150/548/930 2102/510/930
f 2106/514/931 2150/548/931 2112/520/931
f 2143/227/932 2151/236/932 2144/545/932
f 2152/122/66 2153/120/66 2154/121/66
f 2155/549/193 2156/550/193 2157/551/193
f 2157/551/192 2158/552/192 2155/549/192
f 2159/553/195 2160/554/195 2158/552/195
f 2158/552/194 2157/551/194 2159/553/194
f 2161/550/245 2162/549/245 2163/552/245
f 2163/552/244 2164/551/244 2161/550/244
f 2165/554/933 2166/553/933 2164/551/933
f 2164/551/246 2163/552/246 2165/554/246
f 2167/555/934 2160/554/934 2159/553/934
f 2168/555/268 2166/553/268 2165/554/268
f 2169/556/935 2170/557/935 2171/558/935
f 2171/558/936 2172/559/936 2169/556/936
f 2173/560/937 2169/556/937 2172/559/937
f 2172/559/938 2174/561/938 2173/560/938
f 2175/562/939 2173/560/939 2174/561/939
f 2174/561/940 2176/563/940 2175/562/940
f 2175/562/941 2176/563/941 2177/564/941
f 2177/564/942 2178/565/942 2175/562/942
f 2179/566/943 2180/567/943 2181/568/943
f 2181/568/944 2182/569/944 2179/566/944
f 2183/570/945 2184/571/945 2185/572/945
f 2185/572/946 2186/573/946 2183/570/946
f 2184/571/947 2183/570/947 2187/574/947
f 2187/574/948 2188/575/948 2184/571/948
f 2180/567/949 2189/576/949 2187/574/949
f 2187/574/950 2181/568/950 2180/567/950
f 2189/576/951 2190/577/951 2188/575/951
f 2188/575/952 2187/574/952 2189/576/952
f 2190/577/953 2191/578/953 2192/579/953
f 2192/579/954 2188/575/954 2190/577/954
f 2171/558/955 2193/580/955 2194/581/955
f 2194/581/956 2172/559/956 2171/558/956
f 2195/582/957 2174/561/957 2172/559/957
f 2172/559/958 2194/581/958 2195/582/958
f 2196/583/959 2176/563/959 2174/561/959
f 2174/561/960 2195/582/960 2196/583/960
f 2197/584/961 2198/585/961 2199/586/961
f 2199/586/962 2200/587/962 2197/584/962
f 2197/584/963 2183/570/963 2186/573/963
f 2186/573/964 2198/585/964 2197/584/964
f 2197/584/965 2200/587/965 2182/569/965
f 2182/569/966 2181/568/966 2197/584/966
f 2183/570/967 2197/584/967 2181/568/967
f 2181/568/968 2187/574/968 2183/570/968
f 2201/588/969 2202/589/969 2170/557/969
f 2170/557/970 2203/590/970 2201/588/970
f 2204/591/971 2205/592/971 2206/593/971
f 2206/593/972 2207/594/972 2204/591/972
f 2208/595/973 2209/596/973 2210/597/973
f 2210/597/974 2211/598/974 2208/595/974
f 2212/599/975 2213/600/975 2214/601/975
f 2214/601/976 2215/602/976 2212/599/976
f 2216/603/977 2217/604/977 2218/605/977
f 2218/605/978 2219/606/978 2216/603/978
f 2220/607/979 2221/608/979 2218/605/979
f 2218/605/980 2222/609/980 2220/607/980
f 2223/610/981 2224/611/981 2225/612/981
f 2225/612/982 2226/613/982 2223/610/982
f 2227/614/983 2223/610/983 2228/615/983
f 2228/615/984 2229/616/984 2227/614/984
f 2230/617/985 2231/618/985 2232/619/985
f 2232/619/986 2233/620/986 2230/617/986
f 2231/618/987 2234/621/987 2235/622/987
f 2235/622/988 2232/619/988 2231/618/988
f 2236/623/989 2237/624/989 2238/625/989
f 2238/625/990 2239/626/990 2236/623/990
f 2234/621/991 2231/618/991 2240/627/991
f 2240/627/992 2241/628/992 2234/621/992
f 2225/612/993 2242/629/993 2243/630/993
f 2243/630/993 2226/613/993 2225/612/993
f 2244/631/994 2245/632/994 2246/633/994
f 2246/633/995 2247/634/995 2244/631/995
f 2248/635/996 2249/636/996 2243/630/996
f 2243/630/997 2250/637/997 2248/635/997
f 2251/638/998 2252/639/998 2253/640/998
f 2253/640/998 2254/641/998 2251/638/998
f 2255/642/999 2256/643/999 2257/644/999
f 2257/644/999 2258/645/999 2255/642/999
f 2259/646/1000 2260/647/1000 2261/648/1000
f 2261/648/1000 2262/649/1000 2259/646/1000
f 2263/650/1001 2264/651/1001 2265/652/1001
f 2265/652/1002 2266/653/1002 2263/650/1002
f 2267/654/1003 2268/655/1003 2269/656/1003
f 2269/656/1004 2270/657/1004 2267/654/1004
f 2271/658/1005 2272/659/1005 2273/660/1005
f 2273/660/1006 2274/661/1006 2271/658/1006
f 2275/662/1007 2276/663/1007 2277/664/1007
f 2277/664/1008 2278/665/1008 2275/662/1008
f 2279/666/1009 2280/667/1009 2281/668/1009
f 2281/668/1010 2282/669/1010 2279/666/1010
f 2283/670/1011 2284/671/1011 2285/672/1011
f 2285/672/1012 2286/673/1012 2283/670/1012
f 2287/674/1013 2288/675/1013 2289/676/1013
f 2289/676/1014 2290/677/1014 2287/674/1014
f 2291/678/1015 2292/679/1015 2293/680/1015
f 2293/680/1016 2294/681/1016 2291/678/1016
f 2295/682/1017 2296/683/1017 2297/684/1017
f 2297/684/1018 2298/685/1018 2295/682/1018
f 2299/686/1019 2300/687/1019 2301/688/1019
f 2301/688/1020 2302/689/1020 2299/686/1020
f 2303/690/1021 2304/691/1021 2305/692/1021
f 2305/692/1022 2306/693/1022 2303/690/1022
f 2298/685/1023 2297/684/1023 2307/694/1023
f 2307/694/1024 2308/695/1024 2298/685/1024
f 2309/696/1025 2294/681/1025 2293/680/1025
f 2293/680/1026 2310/697/1026 2309/696/1026
f 2311/698/1027 2284/671/1027 2283/670/1027
f 2283/670/1028 2312/699/1028 2311/698/1028
f 2204/591/1029 2207/594/1029 2313/700/1029
f 2313/700/1030 2314/701/1030 2204/591/1030
f 2212/599/1031 2215/602/1031 2315/702/1031
f 2315/702/1032 2316/703/1032 2212/599/1032
f 2317/704/1033 2318/705/1033 2319/706/1033
f 2319/706/1034 2320/707/1034 2317/704/1034
f 2274/661/1035 2321/708/1035 2322/709/1035
f 2322/709/1036 2271/658/1036 2274/661/1036
f 2323/710/1037 2324/711/1037 2280/667/1037
f 2280/667/1038 2325/712/1038 2323/710/1038
f 2278/665/1039 2277/664/1039 2211/598/1039
f 2211/598/1040 2326/713/1040 2278/665/1040
f 2327/714/1041 2328/715/1041 2329/716/1041
f 2329/716/1042 2330/717/1042 2327/714/1042
f 2272/659/1043 2267/654/1043 2270/657/1043
f 2270/657/1044 2273/660/1044 2272/659/1044
f 2331/718/1045 2329/716/1045 2332/719/1045
f 2332/719/1046 2333/720/1046 2331/718/1046
f 2333/720/1047 2334/721/1047 2335/722/1047
f 2335/722/1048 2307/694/1048 2333/720/1048
f 2332/719/1049 2336/723/1049 2334/721/1049
f 2334/721/1050 2333/720/1050 2332/719/1050
f 2337/724/1051 2292/679/1051 2291/678/1051
f 2291/678/1052 2338/725/1052 2337/724/1052
f 2295/682/1053 2311/698/1053 2312/699/1053
f 2312/699/1054 2296/683/1054 2295/682/1054
f 2297/684/1055 2331/718/1055 2333/720/1055
f 2333/720/1056 2307/694/1056 2297/684/1056
f 2281/668/1057 2330/717/1057 2339/726/1057
f 2339/726/1058 2282/669/1058 2281/668/1058
f 2340/727/1059 2341/728/1059 2342/729/1059
f 2342/729/1060 2343/730/1060 2340/727/1060
f 2344/731/1061 2345/732/1061 2346/733/1061
f 2346/733/1062 2347/734/1062 2344/731/1062
f 2254/641/1063 2348/735/1063 2349/736/1063
f 2349/736/1063 2251/638/1063 2254/641/1063
f 2258/645/1064 2257/644/1064 2350/737/1064
f 2350/737/1064 2351/738/1064 2258/645/1064
f 2352/739/1065 2353/740/1065 2354/741/1065
f 2354/741/1066 2355/742/1066 2352/739/1066
f 2324/711/1067 2323/710/1067 2356/743/1067
f 2356/743/1068 2355/742/1068 2324/711/1068
f 2357/744/1069 2328/715/1069 2358/745/1069
f 2358/745/1070 2359/746/1070 2357/744/1070
f 2353/740/1071 2360/747/1071 2358/745/1071
f 2358/745/1072 2354/741/1072 2353/740/1072
f 2352/739/1073 2234/621/1073 2361/748/1073
f 2361/748/1074 2362/749/1074 2352/739/1074
f 2227/614/1075 2229/616/1075 2363/750/1075
f 2363/750/1076 2364/751/1076 2227/614/1076
f 2210/597/1077 2365/752/1077 2326/713/1077
f 2326/713/1078 2211/598/1078 2210/597/1078
f 2366/753/1079 2367/754/1079 2368/755/1079
f 2368/755/1080 2369/756/1080 2366/753/1080
f 2277/664/1081 2276/663/1081 2370/757/1081
f 2370/757/1082 2371/758/1082 2277/664/1082
f 2281/668/1083 2280/667/1083 2324/711/1083
f 2324/711/1084 2372/759/1084 2281/668/1084
f 2280/667/1085 2279/666/1085 2373/760/1085
f 2373/760/1086 2325/712/1086 2280/667/1086
f 2371/758/1087 2208/595/1087 2211/598/1087
f 2211/598/1088 2277/664/1088 2371/758/1088
f 2329/716/1089 2331/718/1089 2339/726/1089
f 2339/726/1090 2330/717/1090 2329/716/1090
f 2332/719/1091 2329/716/1091 2328/715/1091
f 2328/715/1092 2357/744/1092 2332/719/1092
f 2336/723/1093 2332/719/1093 2357/744/1093
f 2357/744/1094 2374/761/1094 2336/723/1094
f 2330/717/1095 2281/668/1095 2372/759/1095
f 2372/759/1096 2327/714/1096 2330/717/1096
f 2371/758/1097 2370/757/1097 2375/762/1097
f 2375/762/1098 2233/620/1098 2371/758/1098
f 2376/763/1099 2377/764/1099 2230/617/1099
f 2230/617/1100 2378/765/1100 2376/763/1100
f 2379/766/1101 2380/767/1101 2237/624/1101
f 2237/624/1102 2381/768/1102 2379/766/1102
f 2382/769/1103 2383/770/1103 2384/771/1103
f 2384/771/1104 2385/772/1104 2382/769/1104
f 2362/749/1105 2386/773/1105 2353/740/1105
f 2353/740/1106 2352/739/1106 2362/749/1106
f 2386/773/1107 2387/774/1107 2360/747/1107
f 2360/747/1108 2353/740/1108 2386/773/1108
f 2377/764/1109 2240/627/1109 2231/618/1109
f 2231/618/1110 2230/617/1110 2377/764/1110
f 2377/764/1111 2376/763/1111 2239/626/1111
f 2239/626/1112 2238/625/1112 2377/764/1112
f 2380/767/1113 2379/766/1113 2241/628/1113
f 2241/628/1114 2240/627/1114 2380/767/1114
f 2383/770/1115 2382/769/1115 2247/634/1115
f 2247/634/995 2246/633/995 2383/770/995
f 2386/773/1116 2362/749/1116 2364/751/1116
f 2364/751/1117 2363/750/1117 2386/773/1117
f 2387/774/1118 2386/773/1118 2363/750/1118
f 2363/750/1119 2388/775/1119 2387/774/1119
f 2240/627/1120 2377/764/1120 2238/625/1120
f 2238/625/1121 2380/767/1121 2240/627/1121
f 2233/620/1122 2232/619/1122 2208/595/1122
f 2208/595/1123 2371/758/1123 2233/620/1123
f 2232/619/1124 2235/622/1124 2209/596/1124
f 2209/596/1125 2208/595/1125 2232/619/1125
f 2355/742/1126 2354/741/1126 2372/759/1126
f 2372/759/1127 2324/711/1127 2355/742/1127
f 2355/742/1128 2356/743/1128 2234/621/1128
f 2234/621/1129 2352/739/1129 2355/742/1129
f 2354/741/1130 2358/745/1130 2327/714/1130
f 2327/714/1131 2372/759/1131 2354/741/1131
f 2233/620/1132 2375/762/1132 2378/765/1132
f 2378/765/1133 2230/617/1133 2233/620/1133
f 2389/776/1134 2390/777/1134 2391/778/1134
f 2391/778/1135 2392/779/1135 2389/776/1135
f 2392/779/1136 2391/778/1136 2393/780/1136
f 2393/780/1137 2394/781/1137 2392/779/1137
f 2395/782/1138 2396/783/1138 2397/784/1138
f 2397/784/1139 2398/785/1139 2395/782/1139
f 2399/786/1140 2400/787/1140 2394/781/1140
f 2394/781/1141 2393/780/1141 2399/786/1141
f 2401/788/1142 2402/789/1142 2403/790/1142
f 2403/790/1143 2404/791/1143 2401/788/1143
f 2402/789/1144 2405/792/1144 2406/793/1144
f 2406/793/1145 2403/790/1145 2402/789/1145
f 2407/794/66 2389/776/66 2392/779/66
f 2392/779/66 2408/795/66 2407/794/66
f 2392/779/66 2394/781/66 2409/796/66
f 2409/796/66 2408/795/66 2392/779/66
f 2410/797/1146 2411/798/1146 2398/785/1146
f 2398/785/1146 2412/799/1146 2410/797/1146
f 2413/800/66 2409/796/66 2394/781/66
f 2394/781/66 2400/787/66 2413/800/66
f 2401/788/1000 2414/801/1000 2415/802/1000
f 2415/802/1000 2402/789/1000 2401/788/1000
f 2416/803/1147 2417/804/1147 2418/805/1147
f 2418/805/1148 2419/806/1148 2416/803/1148
f 2420/807/1149 2421/808/1149 2422/809/1149
f 2422/809/1150 2423/810/1150 2420/807/1150
f 2421/808/1151 2420/807/1151 2419/806/1151
f 2419/806/1152 2418/805/1152 2421/808/1152
f 2228/615/1153 2249/636/1153 2424/811/1153
f 2424/811/1154 2229/616/1154 2228/615/1154
f 2363/750/1155 2229/616/1155 2424/811/1155
f 2424/811/1156 2388/775/1156 2363/750/1156
f 2425/99/1157 2426/100/1157 2427/97/1157
f 2427/97/1158 2428/98/1158 2425/99/1158
f 2429/98/1159 2430/97/1159 2431/100/1159
f 2431/100/1160 2432/99/1160 2429/98/1160
f 2433/98/1161 2434/97/1161 2435/100/1161
f 2435/100/1162 2436/99/1162 2433/98/1162
f 2437/98/1163 2438/97/1163 2439/100/1163
f 2439/100/1164 2440/99/1164 2437/98/1164
f 2428/98/1165 2441/97/1165 2442/100/1165
f 2442/100/1166 2425/99/1166 2428/98/1166
f 2443/98/1167 2444/97/1167 2445/100/1167
f 2445/100/1168 2446/99/1168 2443/98/1168
f 2447/812/1169 1304/436/1169 1307/438/1169
f 1307/438/1170 2448/813/1170 2447/812/1170
f 2449/814/1171 2450/815/1171 2451/816/1171
f 2451/816/1171 2452/817/1171 2449/814/1171
f 2453/818/1172 2177/564/1172 2176/563/1172
f 2176/563/1173 2196/583/1173 2453/818/1173
f 2454/819/1174 2185/572/1174 2184/571/1174
f 2184/571/1175 2455/820/1175 2454/819/1175
f 2455/820/1176 2184/571/1176 2188/575/1176
f 2188/575/1177 2192/579/1177 2455/820/1177
f 2335/722/1178 2456/821/1178 2308/695/1178
f 2308/695/1179 2307/694/1179 2335/722/1179
f 2359/746/1180 2457/822/1180 2374/761/1180
f 2374/761/1181 2357/744/1181 2359/746/1181
f 2458/823/1182 2203/590/1182 2459/824/1182
f 2459/824/1183 2460/825/1183 2458/823/1183
f 2461/826/1184 2460/825/1184 2459/824/1184
f 2459/824/1185 2462/827/1185 2461/826/1185
f 2463/828/1186 2461/826/1186 2462/827/1186
f 2462/827/1187 2464/829/1187 2463/828/1187
f 2463/828/1188 2464/829/1188 2465/830/1188
f 2465/830/1189 2466/831/1189 2463/828/1189
f 2459/824/1190 2203/590/1190 2170/557/1190
f 2170/557/1191 2169/556/1191 2459/824/1191
f 2462/827/1192 2459/824/1192 2169/556/1192
f 2169/556/1193 2173/560/1193 2462/827/1193
f 2464/829/1194 2462/827/1194 2173/560/1194
f 2173/560/1195 2175/562/1195 2464/829/1195
f 2465/830/1196 2464/829/1196 2175/562/1196
f 2175/562/1197 2178/565/1197 2465/830/1197
f 2467/832/1198 2468/833/1198 2469/834/1198
f 2469/834/1199 2470/835/1199 2467/832/1199
f 2222/609/1200 2471/836/1200 2472/837/1200
f 2472/837/1201 2220/607/1201 2222/609/1201
f 2473/838/1202 2474/839/1202 2369/756/1202
f 2369/756/1203 2368/755/1203 2473/838/1203
f 2473/838/1204 2276/663/1204 2275/662/1204
f 2275/662/1205 2474/839/1205 2473/838/1205
f 2475/840/1206 2182/569/1206 2200/587/1206
f 2200/587/1207 2471/836/1207 2475/840/1207
f 2171/558/1208 2170/557/1208 2202/589/1208
f 2202/589/1209 2304/691/1209 2171/558/1209
f 2193/580/1210 2171/558/1210 2304/691/1210
f 2304/691/1211 2472/837/1211 2193/580/1211
f 2199/586/1212 2198/585/1212 2194/581/1212
f 2194/581/1213 2193/580/1213 2199/586/1213
f 2195/582/1214 2194/581/1214 2198/585/1214
f 2198/585/1215 2186/573/1215 2195/582/1215
f 2196/583/1216 2195/582/1216 2186/573/1216
f 2186/573/1217 2185/572/1217 2196/583/1217
f 2453/818/1218 2196/583/1218 2185/572/1218
f 2185/572/1219 2454/819/1219 2453/818/1219
f 2476/841/1220 2477/842/1220 2478/843/1220
f 2478/843/1221 2479/844/1221 2476/841/1221
f 2480/845/1222 2481/846/1222 2449/814/1222
f 2449/814/1223 2482/847/1223 2480/845/1223
f 2483/848/1224 2484/849/1224 2485/850/1224
f 2485/850/1225 2486/851/1225 2483/848/1225
f 2487/98/1226 2488/97/1226 2489/100/1226
f 2489/100/1227 2490/99/1227 2487/98/1227
f 2491/852/1228 2492/853/1228 2493/841/1228
f 2493/841/1229 2494/854/1229 2491/852/1229
f 2495/855/1230 2496/856/1230 2494/854/1230
f 2494/854/1231 2497/857/1231 2495/855/1231
f 2498/858/1232 2499/859/1232 2500/860/1232
f 2500/860/1233 2501/861/1233 2498/858/1233
f 2502/862/1234 2485/850/1234 2484/849/1234
f 2484/849/1235 2503/863/1235 2502/862/1235
f 2503/863/1236 2504/864/1236 2505/865/1236
f 2505/865/1237 2502/862/1237 2503/863/1237
f 2506/866/1238 2507/867/1238 2508/868/1238
f 2508/868/1239 2509/869/1239 2506/866/1239
f 2510/870/1240 2511/871/1240 2507/867/1240
f 2507/867/1241 2506/866/1241 2510/870/1241
f 2512/872/1242 2513/873/1242 2514/874/1242
f 2514/874/1243 2515/875/1243 2512/872/1243
f 2516/876/1244 2512/872/1244 2515/875/1244
f 2515/875/1245 2517/877/1245 2516/876/1245
f 2516/876/1246 2517/877/1246 2518/878/1246
f 2518/878/1247 2519/879/1247 2516/876/1247
f 2520/880/1248 2521/881/1248 2522/882/1248
f 2522/882/1249 2523/883/1249 2520/880/1249
f 2524/884/1250 2521/881/1250 2520/880/1250
f 2520/880/1251 2525/885/1251 2524/884/1251
f 2521/881/1252 2526/886/1252 2527/887/1252
f 2527/887/1253 2522/882/1253 2521/881/1253
f 2524/884/1254 2528/888/1254 2526/886/1254
f 2526/886/1255 2521/881/1255 2524/884/1255
f 2511/871/1256 2529/889/1256 2530/890/1256
f 2530/890/1257 2507/867/1257 2511/871/1257
f 2531/891/1258 2532/892/1258 2533/893/1258
f 2533/893/1259 2534/894/1259 2531/891/1259
f 2535/895/1260 2534/894/1260 2533/893/1260
f 2533/893/1261 2536/896/1261 2535/895/1261
f 2533/893/1262 2532/892/1262 2537/897/1262
f 2537/897/1263 2538/898/1263 2533/893/1263
f 2536/896/1264 2533/893/1264 2538/898/1264
f 2538/898/1265 2539/899/1265 2536/896/1265
f 2537/897/1266 2540/900/1266 2541/901/1266
f 2541/901/1267 2538/898/1267 2537/897/1267
f 2538/898/1268 2541/901/1268 2542/902/1268
f 2542/902/1269 2539/899/1269 2538/898/1269
f 2543/903/1270 2544/904/1270 2512/872/1270
f 2512/872/1271 2516/876/1271 2543/903/1271
f 2544/904/1272 2545/905/1272 2513/873/1272
f 2513/873/1273 2512/872/1273 2544/904/1273
f 2519/879/1274 2546/906/1274 2543/903/1274
f 2543/903/1275 2516/876/1275 2519/879/1275
f 2547/907/1276 2305/692/1276 2304/691/1276
f 2304/691/1277 2202/589/1277 2547/907/1277
f 2546/906/1278 2547/907/1278 2202/589/1278
f 2202/589/1279 2201/588/1279 2546/906/1279
f 2547/907/1280 2548/908/1280 2301/688/1280
f 2301/688/1281 2300/687/1281 2547/907/1281
f 2548/908/1282 2547/907/1282 2546/906/1282
f 2546/906/1283 2519/879/1283 2548/908/1283
f 2549/909/1284 2550/910/1284 2551/911/1284
f 2551/911/1285 2552/912/1285 2549/909/1285
f 2553/913/1286 2554/914/1286 1309/440/1286
f 1309/440/1287 1311/442/1287 2553/913/1287
f 2448/813/1288 1307/438/1288 1309/440/1288
f 1309/440/1289 2554/914/1289 2448/813/1289
f 1311/442/1290 1312/443/1290 2555/915/1290
f 2555/915/1291 2553/913/1291 1311/442/1291
f 2452/817/1292 2451/816/1292 2551/911/1292
f 2551/911/1293 2550/910/1293 2452/817/1293
f 2549/909/1294 2552/912/1294 2556/916/1294
f 2556/916/1295 2557/917/1295 2549/909/1295
f 2558/918/1296 2559/919/1296 2503/863/1296
f 2503/863/1297 2484/849/1297 2558/918/1297
f 2560/920/1298 2561/921/1298 2483/848/1298
f 2483/848/1299 2486/851/1299 2560/920/1299
f 2561/921/1300 2560/920/1300 2562/922/1300
f 2562/922/1301 2563/923/1301 2561/921/1301
f 2484/849/1302 2483/848/1302 2564/924/1302
f 2564/924/1303 2558/918/1303 2484/849/1303
f 2565/925/1304 2566/926/1304 2561/921/1304
f 2561/921/1305 2563/923/1305 2565/925/1305
f 2567/927/1306 2568/928/1306 2269/656/1306
f 2269/656/1307 2268/655/1307 2567/927/1307
f 2569/929/1308 2570/930/1308 2189/576/1308
f 2189/576/1309 2180/567/1309 2569/929/1309
f 2570/930/1310 2569/929/1310 2571/931/1310
f 2571/931/1311 2572/932/1311 2570/930/1311
f 2573/933/1312 2569/929/1312 2180/567/1312
f 2180/567/1313 2179/566/1313 2573/933/1313
f 2574/934/1314 2575/935/1314 2191/578/1314
f 2191/578/1315 2190/577/1315 2574/934/1315
f 2570/930/1316 2574/934/1316 2190/577/1316
f 2190/577/1317 2189/576/1317 2570/930/1317
f 2574/934/1318 2570/930/1318 2572/932/1318
f 2572/932/1319 2576/936/1319 2574/934/1319
f 2569/929/1320 2573/933/1320 2577/937/1320
f 2577/937/1321 2571/931/1321 2569/929/1321
f 2475/840/1322 2578/938/1322 2573/933/1322
f 2573/933/1323 2179/566/1323 2475/840/1323
f 2579/939/1324 2580/940/1324 1089/317/1324
f 1089/317/1325 2581/941/1325 2579/939/1325
f 2545/905/1326 2544/904/1326 2580/940/1326
f 2580/940/1327 2579/939/1327 2545/905/1327
f 2543/903/1328 2546/906/1328 2201/588/1328
f 2201/588/1329 2582/942/1329 2543/903/1329
f 2580/940/1330 2582/942/1330 2458/823/1330
f 2458/823/1331 1089/317/1331 2580/940/1331
f 2201/588/1332 2203/590/1332 2458/823/1332
f 2458/823/1333 2582/942/1333 2201/588/1333
f 2583/943/1334 2584/944/1334 2585/945/1334
f 2585/945/1335 2586/946/1335 2583/943/1335
f 2587/947/1336 2583/943/1336 2586/946/1336
f 2586/946/1337 2588/948/1337 2587/947/1337
f 2589/949/1338 2590/950/1338 2587/947/1338
f 2587/947/1339 2588/948/1339 2589/949/1339
f 2584/944/1340 2590/950/1340 2589/949/1340
f 2589/949/1340 2585/945/1340 2584/944/1340
f 2588/948/1341 2586/946/1341 2585/945/1341
f 2585/945/1342 2589/949/1342 2588/948/1342
f 2591/951/1343 2592/952/1343 2593/953/1343
f 2593/953/1344 2594/954/1344 2591/951/1344
f 2592/952/1345 2595/955/1345 2596/956/1345
f 2596/956/1346 2593/953/1346 2592/952/1346
f 2595/955/1347 2597/957/1347 2598/958/1347
f 2598/958/1348 2596/956/1348 2595/955/1348
f 2597/957/1349 2599/959/1349 2600/960/1349
f 2600/960/1350 2598/958/1350 2597/957/1350
f 2599/959/1351 2601/961/1351 2602/962/1351
f 2602/962/1352 2600/960/1352 2599/959/1352
f 2603/963/1353 2604/964/1353 2605/965/1353
f 2605/965/1354 2606/966/1354 2603/963/1354
f 2605/965/1355 2604/964/1355 2607/967/1355
f 2607/967/1356 2608/968/1356 2605/965/1356
f 2608/968/1357 2607/967/1357 2609/969/1357
f 2609/969/1358 2610/970/1358 2608/968/1358
f 2611/971/1359 2612/972/1359 2613/973/1359
f 2613/973/1360 2614/974/1360 2611/971/1360
f 2614/974/1361 2613/973/1361 2615/975/1361
f 2615/975/1362 2616/976/1362 2614/974/1362
f 2616/976/1363 2615/975/1363 2617/977/1363
f 2617/977/1364 2618/978/1364 2616/976/1364
f 2618/978/1365 2617/977/1365 2619/979/1365
f 2619/979/1366 2620/980/1366 2618/978/1366
f 2621/981/1367 2594/954/1367 2593/953/1367
f 2593/953/1368 2622/982/1368 2621/981/1368
f 2621/981/1369 2622/982/1369 2623/983/1369
f 2623/983/1370 2624/984/1370 2621/981/1370
f 2622/982/1371 2593/953/1371 2596/956/1371
f 2596/956/1372 2625/985/1372 2622/982/1372
f 2622/982/1373 2625/985/1373 2626/986/1373
f 2626/986/1374 2623/983/1374 2622/982/1374
f 2625/985/1375 2596/956/1375 2598/958/1375
f 2598/958/1376 2627/987/1376 2625/985/1376
f 2625/985/1377 2627/987/1377 2628/988/1377
f 2628/988/1378 2626/986/1378 2625/985/1378
f 2627/987/1379 2598/958/1379 2600/960/1379
f 2600/960/1380 2629/989/1380 2627/987/1380
f 2627/987/1381 2629/989/1381 2630/990/1381
f 2630/990/1382 2628/988/1382 2627/987/1382
f 2629/989/1383 2600/960/1383 2602/962/1383
f 2602/962/1384 2631/991/1384 2629/989/1384
f 2629/989/1385 2631/991/1385 2632/992/1385
f 2632/992/1386 2630/990/1386 2629/989/1386
f 2633/993/1387 2606/966/1387 2605/965/1387
f 2605/965/1388 2634/994/1388 2633/993/1388
f 2633/993/1389 2634/994/1389 2635/995/1389
f 2635/995/1390 2636/996/1390 2633/993/1390
f 2634/994/1391 2605/965/1391 2608/968/1391
f 2608/968/1392 2637/997/1392 2634/994/1392
f 2634/994/1393 2637/997/1393 2638/998/1393
f 2638/998/1394 2635/995/1394 2634/994/1394
f 2637/997/1395 2608/968/1395 2610/970/1395
f 2610/970/1396 2639/999/1396 2637/997/1396
f 2637/997/1397 2639/999/1397 2640/1000/1397
f 2640/1000/1398 2638/998/1398 2637/997/1398
f 2641/1001/1399 2611/971/1399 2614/974/1399
f 2614/974/1400 2642/1002/1400 2641/1001/1400
f 2643/1003/1401 2641/1001/1401 2642/1002/1401
f 2642/1002/1402 2644/1004/1402 2643/1003/1402
f 2642/1002/1403 2614/974/1403 2616/976/1403
f 2616/976/1404 2645/1005/1404 2642/1002/1404
f 2644/1004/1405 2642/1002/1405 2645/1005/1405
f 2645/1005/1406 2646/1006/1406 2644/1004/1406
f 2645/1005/1407 2616/976/1407 2618/978/1407
f 2618/978/1408 2647/1007/1408 2645/1005/1408
f 2646/1006/1409 2645/1005/1409 2647/1007/1409
f 2647/1007/1410 2648/1008/1410 2646/1006/1410
f 2647/1007/1411 2618/978/1411 2620/980/1411
f 2620/980/1412 2649/1009/1412 2647/1007/1412
f 2648/1008/1413 2647/1007/1413 2649/1009/1413
f 2649/1009/1414 2650/1010/1414 2648/1008/1414
f 2624/984/1415 2623/983/1415 2651/1011/1415
f 2651/1011/1416 2652/1012/1416 2624/984/1416
f 2623/983/1417 2626/986/1417 2653/1013/1417
f 2653/1013/1418 2651/1011/1418 2623/983/1418
f 2626/986/1419 2628/988/1419 2654/1014/1419
f 2654/1014/1420 2653/1013/1420 2626/986/1420
f 2628/988/1421 2630/990/1421 2655/1015/1421
f 2655/1015/1422 2654/1014/1422 2628/988/1422
f 2630/990/1423 2632/992/1423 2656/1016/1423
f 2656/1016/1424 2655/1015/1424 2630/990/1424
f 2636/996/1425 2635/995/1425 2657/1017/1425
f 2657/1017/1426 2658/1018/1426 2636/996/1426
f 2635/995/1394 2638/998/1394 2659/1019/1394
f 2659/1019/1427 2657/1017/1427 2635/995/1427
f 2638/998/1428 2640/1000/1428 2660/1020/1428
f 2660/1020/1429 2659/1019/1429 2638/998/1429
f 2643/1003/1402 2644/1004/1402 2661/1021/1402
f 2661/1021/1430 2662/1022/1430 2643/1003/1430
f 2661/1021/1431 2644/1004/1431 2646/1006/1431
f 2646/1006/1432 2663/1023/1432 2661/1021/1432
f 2663/1023/1433 2646/1006/1433 2648/1008/1433
f 2648/1008/1434 2664/1024/1434 2663/1023/1434
f 2664/1024/1435 2648/1008/1435 2650/1010/1435
f 2650/1010/1436 2665/1025/1436 2664/1024/1436
f 2666/1026/1437 2652/1012/1437 2651/1011/1437
f 2651/1011/1438 2667/1027/1438 2666/1026/1438
f 2667/1027/1439 2651/1011/1439 2653/1013/1439
f 2653/1013/1440 2668/1028/1440 2667/1027/1440
f 2668/1028/1441 2653/1013/1441 2654/1014/1441
f 2654/1014/1442 2669/1029/1442 2668/1028/1442
f 2669/1029/1443 2654/1014/1443 2655/1015/1443
f 2655/1015/1444 2670/1030/1444 2669/1029/1444
f 2670/1030/1445 2655/1015/1445 2656/1016/1445
f 2656/1016/1446 2671/1031/1446 2670/1030/1446
f 2672/1032/1447 2658/1018/1447 2657/1017/1447
f 2657/1017/1448 2673/1033/1448 2672/1032/1448
f 2673/1033/1449 2657/1017/1449 2659/1019/1449
f 2659/1019/1450 2674/1034/1450 2673/1033/1450
f 2674/1034/1451 2659/1019/1451 2660/1020/1451
f 2660/1020/1452 2675/1035/1452 2674/1034/1452
f 2676/1036/1453 2662/1022/1453 2661/1021/1453
f 2661/1021/1454 2677/1037/1454 2676/1036/1454
f 2677/1037/1455 2661/1021/1455 2663/1023/1455
f 2663/1023/1456 2678/1038/1456 2677/1037/1456
f 2678/1038/1457 2663/1023/1457 2664/1024/1457
f 2664/1024/1458 2679/1039/1458 2678/1038/1458
f 2679/1039/1459 2664/1024/1459 2665/1025/1459
f 2665/1025/1460 2680/1040/1460 2679/1039/1460
f 2681/1041/1461 2682/1042/1461 2592/952/1461
f 2592/952/1462 2591/951/1462 2681/1041/1462
f 2682/1042/1463 2683/1043/1463 2595/955/1463
f 2595/955/1464 2592/952/1464 2682/1042/1464
f 2683/1043/1465 2684/1044/1465 2597/957/1465
f 2597/957/1466 2595/955/1466 2683/1043/1466
f 2684/1044/1467 2685/1045/1467 2599/959/1467
f 2599/959/1468 2597/957/1468 2684/1044/1468
f 2685/1045/1469 2686/1046/1469 2601/961/1469
f 2601/961/1470 2599/959/1470 2685/1045/1470
f 2687/1047/1471 2688/1048/1471 2604/964/1471
f 2604/964/1472 2603/963/1472 2687/1047/1472
f 2604/964/1473 2688/1048/1473 2689/1049/1473
f 2689/1049/1474 2607/967/1474 2604/964/1474
f 2607/967/1475 2689/1049/1475 2690/1050/1475
f 2690/1050/1476 2609/969/1476 2607/967/1476
f 2691/1051/1477 2692/1052/1477 2682/1042/1477
f 2682/1042/1478 2681/1041/1478 2691/1051/1478
f 2692/1052/1479 2693/1053/1479 2683/1043/1479
f 2683/1043/1480 2682/1042/1480 2692/1052/1480
f 2693/1053/1481 2694/1054/1481 2684/1044/1481
f 2684/1044/1482 2683/1043/1482 2693/1053/1482
f 2694/1054/1483 2695/1055/1483 2685/1045/1483
f 2685/1045/1484 2684/1044/1484 2694/1054/1484
f 2695/1055/1485 2696/1056/1485 2686/1046/1485
f 2686/1046/1486 2685/1045/1486 2695/1055/1486
f 2697/1057/1487 2698/1058/1487 2688/1048/1487
f 2688/1048/1488 2687/1047/1488 2697/1057/1488
f 2688/1048/1489 2698/1058/1489 2699/1059/1489
f 2699/1059/1490 2689/1049/1490 2688/1048/1490
f 2689/1049/1491 2699/1059/1491 2700/1060/1491
f 2700/1060/1492 2690/1050/1492 2689/1049/1492
f 2666/1026/1493 2667/1027/1493 2701/1061/1493
f 2701/1061/1494 2702/1062/1494 2666/1026/1494
f 2667/1027/1495 2668/1028/1495 2703/1063/1495
f 2703/1063/1496 2701/1061/1496 2667/1027/1496
f 2668/1028/1497 2669/1029/1497 2704/1064/1497
f 2704/1064/1498 2703/1063/1498 2668/1028/1498
f 2669/1029/1499 2670/1030/1499 2705/1065/1499
f 2705/1065/1500 2704/1064/1500 2669/1029/1500
f 2670/1030/1501 2671/1031/1501 2706/1066/1501
f 2706/1066/1502 2705/1065/1502 2670/1030/1502
f 2672/1032/1503 2673/1033/1503 2707/1067/1503
f 2707/1067/1504 2708/1068/1504 2672/1032/1504
f 2707/1067/1505 2673/1033/1505 2674/1034/1505
f 2674/1034/1506 2709/1069/1506 2707/1067/1506
f 2709/1069/1507 2674/1034/1507 2675/1035/1507
f 2675/1035/1508 2710/1070/1508 2709/1069/1508
f 2711/1071/1509 2676/1036/1509 2677/1037/1509
f 2677/1037/1510 2712/1072/1510 2711/1071/1510
f 2712/1072/1511 2677/1037/1511 2678/1038/1511
f 2678/1038/1512 2713/1073/1512 2712/1072/1512
f 2713/1073/1513 2678/1038/1513 2679/1039/1513
f 2679/1039/1514 2714/1074/1514 2713/1073/1514
f 2714/1074/1515 2679/1039/1515 2680/1040/1515
f 2680/1040/1516 2715/1075/1516 2714/1074/1516
f 2716/1076/1517 2717/1077/1517 2718/1078/1517
f 2718/1078/1518 2719/1079/1518 2716/1076/1518
f 2720/1080/1519 2716/1076/1519 2719/1079/1519
f 2719/1079/1520 2721/1081/1520 2720/1080/1520
f 2722/1082/1521 2723/1083/1521 2720/1080/1521
f 2720/1080/1522 2721/1081/1522 2722/1082/1522
f 2724/1084/1523 2725/1085/1523 2723/1083/1523
f 2723/1083/1524 2722/1082/1524 2724/1084/1524
f 2726/1086/1525 2727/1087/1525 2725/1085/1525
f 2725/1085/1526 2724/1084/1526 2726/1086/1526
f 2728/1088/1527 2729/1089/1527 2730/1090/1527
f 2730/1090/1528 2731/1091/1528 2728/1088/1528
f 2731/1091/1529 2730/1090/1529 2732/1092/1529
f 2732/1092/1530 2733/1093/1530 2731/1091/1530
f 2734/1094/1531 2735/1095/1531 2719/1079/1531
f 2719/1079/1532 2718/1078/1532 2734/1094/1532
f 2735/1095/1533 2736/1096/1533 2721/1081/1533
f 2721/1081/1534 2719/1079/1534 2735/1095/1534
f 2736/1096/1535 2737/1097/1535 2722/1082/1535
f 2722/1082/1536 2721/1081/1536 2736/1096/1536
f 2737/1097/1537 2738/1098/1537 2724/1084/1537
f 2724/1084/1538 2722/1082/1538 2737/1097/1538
f 2739/1099/1539 2713/1073/1539 2714/1074/1539
f 2714/1074/1540 2740/1100/1540 2739/1099/1540
f 2741/1101/1541 2711/1071/1541 2712/1072/1541
f 2712/1072/1542 2739/1099/1542 2741/1101/1542
f 2742/1102/1543 2707/1067/1543 2709/1069/1543
f 2709/1069/1544 2743/1103/1544 2742/1102/1544
f 2703/1063/1545 2704/1064/1545 2744/1104/1545
f 2744/1104/1546 2745/1105/1546 2703/1063/1546
f 2705/1065/1547 2706/1066/1547 2746/1106/1547
f 2746/1106/1548 2744/1104/1548 2705/1065/1548
f 2701/1061/1549 2703/1063/1549 2745/1105/1549
f 2745/1105/1550 2747/1107/1550 2701/1061/1550
f 1182/387/1551 1181/386/1551 2748/1108/1551
f 2748/1108/1552 2581/941/1552 1182/387/1552
f 2749/1109/1553 2579/939/1553 2581/941/1553
f 2581/941/1554 2748/1108/1554 2749/1109/1554
f 2579/939/1555 2749/1109/1555 2750/1110/1555
f 2750/1110/1556 2545/905/1556 2579/939/1556
f 2751/1111/1557 2508/868/1557 2507/867/1557
f 2507/867/1558 2530/890/1558 2751/1111/1558
f 2729/1089/1559 2751/1111/1559 2530/890/1559
f 2530/890/1560 2730/1090/1560 2729/1089/1560
f 2730/1090/1561 2530/890/1561 2529/889/1561
f 2529/889/1562 2732/1092/1562 2730/1090/1562
f 2752/1112/1563 2753/1113/1563 1188/389/1563
f 1188/389/1564 1175/384/1564 2752/1112/1564
f 2752/1112/1565 2728/1088/1565 2731/1091/1565
f 2731/1091/1566 2753/1113/1566 2752/1112/1566
f 2754/1114/1567 2748/1108/1567 1181/386/1567
f 1181/386/1568 1195/392/1568 2754/1114/1568
f 2731/1091/1569 2733/1093/1569 2754/1114/1569
f 2754/1114/1570 2753/1113/1570 2731/1091/1570
f 2753/1113/1571 2754/1114/1571 1195/392/1571
f 1195/392/1572 1188/389/1572 2753/1113/1572
f 2755/1115/1573 2514/874/1573 2513/873/1573
f 2513/873/1574 2756/1116/1574 2755/1115/1574
f 2757/1117/1575 2522/882/1575 2758/1118/1575
f 2758/1118/1576 2759/1119/1576 2757/1117/1576
f 2756/1116/1577 2513/873/1577 2545/905/1577
f 2545/905/1578 2750/1110/1578 2756/1116/1578
f 2760/1120/1579 2761/1121/1579 2762/1122/1579
f 2762/1122/1580 2763/1123/1580 2760/1120/1580
f 2764/1124/1581 2765/1125/1581 2756/1116/1581
f 2756/1116/1582 2750/1110/1582 2764/1124/1582
f 2765/1125/1583 2764/1124/1583 2529/889/1583
f 2529/889/1584 2511/871/1584 2765/1125/1584
f 2764/1124/1585 2766/1126/1585 2732/1092/1585
f 2732/1092/1586 2529/889/1586 2764/1124/1586
f 2767/1127/1587 2766/1126/1587 2750/1110/1587
f 2750/1110/1588 2749/1109/1588 2767/1127/1588
f 2766/1126/1589 2767/1127/1589 2733/1093/1589
f 2733/1093/1590 2732/1092/1590 2766/1126/1590
f 2768/1128/1591 2769/1129/1591 2770/1130/1591
f 2770/1130/1592 2757/1117/1592 2768/1128/1592
f 2769/1129/1593 2768/1128/1593 2771/1131/1593
f 2771/1131/1594 2772/1132/1594 2769/1129/1594
f 2773/1133/1595 2768/1128/1595 2757/1117/1595
f 2757/1117/1596 2759/1119/1596 2773/1133/1596
f 2768/1128/1597 2773/1133/1597 2774/1134/1597
f 2774/1134/1598 2771/1131/1598 2768/1128/1598
f 2765/1125/1599 2775/1135/1599 2755/1115/1599
f 2755/1115/1600 2756/1116/1600 2765/1125/1600
f 2775/1135/1601 2765/1125/1601 2511/871/1601
f 2511/871/1602 2510/870/1602 2775/1135/1602
f 2776/1136/1603 2777/1137/1603 2778/1138/1603
f 2778/1138/1604 2726/1086/1604 2776/1136/1604
f 2777/1137/1605 2779/1139/1605 2780/1140/1605
f 2780/1140/1606 2778/1138/1606 2777/1137/1606
f 2781/1141/1607 2760/1120/1607 2763/1123/1607
f 2763/1123/1608 2782/1142/1608 2781/1141/1608
f 2783/1143/1609 2534/894/1609 2535/895/1609
f 2535/895/1610 2784/1144/1610 2783/1143/1610
f 2779/1139/1611 2777/1137/1611 2783/1143/1611
f 2783/1143/1612 2784/1144/1612 2779/1139/1612
f 2734/1094/1613 2785/1145/1613 2786/1146/1613
f 2786/1146/1614 2735/1095/1614 2734/1094/1614
f 2786/1146/1615 2787/1147/1615 2736/1096/1615
f 2736/1096/1616 2735/1095/1616 2786/1146/1616
f 2787/1147/1617 2788/1148/1617 2737/1097/1617
f 2737/1097/1618 2736/1096/1618 2787/1147/1618
f 2737/1097/1619 2788/1148/1619 2789/1149/1619
f 2789/1149/1620 2738/1098/1620 2737/1097/1620
f 2776/1136/1621 2726/1086/1621 2724/1084/1621
f 2724/1084/1622 2738/1098/1622 2776/1136/1622
f 2783/1143/1623 2790/1150/1623 2531/891/1623
f 2531/891/1624 2534/894/1624 2783/1143/1624
f 2531/891/1625 2790/1150/1625 2789/1149/1625
f 2789/1149/1626 2791/1151/1626 2531/891/1626
f 2790/1150/1627 2776/1136/1627 2738/1098/1627
f 2738/1098/1628 2789/1149/1628 2790/1150/1628
f 2777/1137/1629 2776/1136/1629 2790/1150/1629
f 2790/1150/1630 2783/1143/1630 2777/1137/1630
f 2749/1109/1631 2748/1108/1631 2754/1114/1631
f 2754/1114/1632 2767/1127/1632 2749/1109/1632
f 2761/1121/1633 2760/1120/1633 2778/1138/1633
f 2778/1138/1634 2780/1140/1634 2761/1121/1634
f 2717/1077/1635 2716/1076/1635 2792/1152/1635
f 2792/1152/1636 2793/1153/1636 2717/1077/1636
f 2691/1051/1637 2793/1153/1637 2792/1152/1637
f 2792/1152/1638 2692/1052/1638 2691/1051/1638
f 2716/1076/1639 2720/1080/1639 2794/1154/1639
f 2794/1154/1640 2792/1152/1640 2716/1076/1640
f 2692/1052/1641 2792/1152/1641 2794/1154/1641
f 2794/1154/1642 2693/1053/1642 2692/1052/1642
f 2720/1080/1643 2723/1083/1643 2795/1155/1643
f 2795/1155/1644 2794/1154/1644 2720/1080/1644
f 2693/1053/1645 2794/1154/1645 2795/1155/1645
f 2795/1155/1646 2694/1054/1646 2693/1053/1646
f 2723/1083/1647 2725/1085/1647 2796/1156/1647
f 2796/1156/1648 2795/1155/1648 2723/1083/1648
f 2694/1054/1649 2795/1155/1649 2796/1156/1649
f 2796/1156/1650 2695/1055/1650 2694/1054/1650
f 2725/1085/1651 2727/1087/1651 2797/1157/1651
f 2797/1157/1652 2796/1156/1652 2725/1085/1652
f 2695/1055/1653 2796/1156/1653 2797/1157/1653
f 2797/1157/1654 2696/1056/1654 2695/1055/1654
f 2798/1158/1655 2799/1159/1655 2800/1160/1655
f 2800/1160/1656 2801/1161/1656 2798/1158/1656
f 2697/1057/1657 2801/1161/1657 2800/1160/1657
f 2800/1160/1658 2698/1058/1658 2697/1057/1658
f 2802/1162/1659 2729/1089/1659 2728/1088/1659
f 2728/1088/1660 2803/1163/1660 2802/1162/1660
f 2804/1164/1661 2802/1162/1661 2803/1163/1661
f 2803/1163/1662 2805/1165/1662 2804/1164/1662
f 2800/1160/1663 2799/1159/1663 2751/1111/1663
f 2751/1111/1664 2806/1166/1664 2800/1160/1664
f 2698/1058/1665 2800/1160/1665 2806/1166/1665
f 2806/1166/1666 2699/1059/1666 2698/1058/1666
f 2751/1111/1667 2729/1089/1667 2802/1162/1667
f 2802/1162/1668 2806/1166/1668 2751/1111/1668
f 2806/1166/1669 2802/1162/1669 2700/1060/1669
f 2700/1060/1670 2699/1059/1670 2806/1166/1670
f 2752/1112/1671 1175/384/1671 1174/383/1671
f 1174/383/1672 2807/1167/1672 2752/1112/1672
f 2752/1112/1673 2807/1167/1673 2803/1163/1673
f 2803/1163/1674 2728/1088/1674 2752/1112/1674
f 2808/1168/1675 2807/1167/1675 2499/859/1675
f 2499/859/1676 2498/858/1676 2808/1168/1676
f 2808/1168/1677 2805/1165/1677 2803/1163/1677
f 2803/1163/1678 2807/1167/1678 2808/1168/1678
f 2501/861/1679 2505/865/1679 2504/864/1679
f 2504/864/1680 2498/858/1680 2501/861/1680
f 2804/1164/1681 2805/1165/1681 2809/1169/1681
f 2809/1169/1682 2810/1170/1682 2804/1164/1682
f 2811/1171/1683 2808/1168/1683 2498/858/1683
f 2498/858/1684 2504/864/1684 2811/1171/1684
f 2559/919/1685 2812/1172/1685 2813/1173/1685
f 2813/1173/1686 2811/1171/1686 2559/919/1686
f 2808/1168/1687 2813/1173/1687 2809/1169/1687
f 2809/1169/1688 2805/1165/1688 2808/1168/1688
f 2566/926/1689 2564/924/1689 2483/848/1689
f 2483/848/1690 2561/921/1690 2566/926/1690
f 2814/1174/1691 2815/1175/1691 2566/926/1691
f 2566/926/1692 2565/925/1692 2814/1174/1692
f 2815/1175/1693 2814/1174/1693 2619/979/1693
f 2619/979/1694 2617/977/1694 2815/1175/1694
f 2810/1170/1695 2809/1169/1695 2613/973/1695
f 2613/973/1696 2612/972/1696 2810/1170/1696
f 2559/919/1697 2558/918/1697 2816/1176/1697
f 2816/1176/1698 2812/1172/1698 2559/919/1698
f 2815/1175/1699 2816/1176/1699 2564/924/1699
f 2564/924/1700 2566/926/1700 2815/1175/1700
f 2816/1176/1701 2815/1175/1701 2617/977/1701
f 2617/977/1702 2615/975/1702 2816/1176/1702
f 2816/1176/1703 2613/973/1703 2809/1169/1703
f 2809/1169/1704 2812/1172/1704 2816/1176/1704
f 2747/1107/1000 2745/1105/1000 2817/1177/1000
f 2817/1177/1000 2818/1107/1000 2747/1107/1000
f 2745/1105/1000 2744/1104/1000 2819/1104/1000
f 2819/1104/1000 2817/1177/1000 2745/1105/1000
f 2473/838/1705 2820/1178/1705 2370/757/1705
f 2370/757/1706 2276/663/1706 2473/838/1706
f 2375/762/1707 2370/757/1707 2820/1178/1707
f 2820/1178/1708 2821/1179/1708 2375/762/1708
f 2473/838/1709 2368/755/1709 2822/1180/1709
f 2822/1180/1710 2820/1178/1710 2473/838/1710
f 2367/754/1711 2301/688/1711 2548/908/1711
f 2548/908/1712 2823/1181/1712 2367/754/1712
f 2518/878/1713 2823/1181/1713 2548/908/1713
f 2548/908/1714 2519/879/1714 2518/878/1714
f 2824/1182/1715 2524/884/1715 2525/885/1715
f 2525/885/1716 2825/1183/1716 2824/1182/1716
f 2823/1181/1717 2822/1180/1717 2368/755/1717
f 2368/755/1718 2367/754/1718 2823/1181/1718
f 2826/1184/1719 2827/1185/1719 2828/1186/1719
f 2828/1186/1720 2829/1187/1720 2826/1184/1720
f 2827/1185/1721 2830/1188/1721 2831/1189/1721
f 2831/1189/1722 2828/1186/1722 2827/1185/1722
f 2832/1184/1723 2833/1187/1723 2834/1186/1723
f 2834/1186/1724 2835/1185/1724 2832/1184/1724
f 2835/1185/1725 2834/1186/1725 2836/1189/1725
f 2836/1189/1726 2837/1188/1726 2835/1185/1726
f 2838/98/1727 2839/97/1727 2840/100/1727
f 2840/100/1728 2841/99/1728 2838/98/1728
f 2842/98/1729 2843/97/1729 2844/100/1729
f 2844/100/1730 2845/99/1730 2842/98/1730
f 2846/98/1731 2847/97/1731 2848/100/1731
f 2848/100/1732 2849/99/1732 2846/98/1732
f 1228/406/1733 1227/405/1733 2850/1190/1733
f 2850/1190/1734 2851/1191/1734 1228/406/1734
f 1227/405/1735 1230/408/1735 2852/1192/1735
f 2852/1192/1736 2850/1190/1736 1227/405/1736
f 1234/412/1737 1228/406/1737 2851/1191/1737
f 2851/1191/1738 2500/860/1738 1234/412/1738
f 1235/413/1739 1234/412/1739 2500/860/1739
f 2500/860/1740 2499/859/1740 1235/413/1740
f 1235/413/1741 2499/859/1741 2807/1167/1741
f 2807/1167/1742 1174/383/1742 1235/413/1742
f 1230/408/1743 1232/410/1743 2853/1193/1743
f 2853/1193/1744 2852/1192/1744 1230/408/1744
f 2854/98/1745 2855/97/1745 2856/100/1745
f 2856/100/1746 2857/99/1746 2854/98/1746
f 2858/1194/1747 2321/708/1747 2274/661/1747
f 2274/661/1748 2859/1195/1748 2858/1194/1748
f 2273/660/1749 2270/657/1749 2860/1196/1749
f 2860/1196/1750 2859/1195/1750 2273/660/1750
f 2269/656/1751 2568/928/1751 2861/1197/1751
f 2861/1197/1752 2862/1198/1752 2269/656/1752
f 2863/1199/1753 2316/703/1753 2315/702/1753
f 2315/702/1754 2864/1200/1754 2863/1199/1754
f 2214/601/1755 2213/600/1755 2263/650/1755
f 2263/650/1756 2266/653/1756 2214/601/1756
f 2475/840/1757 2471/836/1757 2222/609/1757
f 2222/609/1758 2865/1201/1758 2475/840/1758
f 2217/604/1759 2216/603/1759 2290/677/1759
f 2290/677/1759 2289/676/1759 2217/604/1759
f 2866/1202/1760 2867/1203/1760 2313/700/1760
f 2313/700/1761 2317/704/1761 2866/1202/1761
f 2868/1204/1762 2468/833/1762 2467/832/1762
f 2467/832/1763 2869/1205/1763 2868/1204/1763
f 2270/657/1764 2269/656/1764 2862/1198/1764
f 2862/1198/1765 2860/1196/1765 2270/657/1765
f 2578/938/1766 2475/840/1766 2865/1201/1766
f 2865/1201/1767 2870/1206/1767 2578/938/1767
f 2265/652/1768 2264/651/1768 2868/1204/1768
f 2868/1204/1769 2869/1205/1769 2265/652/1769
f 2204/591/1770 2291/678/1770 2294/681/1770
f 2294/681/1771 2205/592/1771 2204/591/1771
f 2212/599/1772 2311/698/1772 2295/682/1772
f 2295/682/1773 2213/600/1773 2212/599/1773
f 2320/707/1774 2871/1207/1774 2872/1208/1774
f 2872/1208/1775 2866/1202/1775 2320/707/1775
f 2867/1203/1776 2873/1209/1776 2338/725/1776
f 2338/725/1777 2314/701/1777 2867/1203/1777
f 2219/606/1778 2299/686/1778 2302/689/1778
f 2302/689/1779 2216/603/1779 2219/606/1779
f 2220/607/1780 2303/690/1780 2306/693/1780
f 2306/693/1781 2221/608/1781 2220/607/1781
f 2873/1209/1782 2867/1203/1782 2866/1202/1782
f 2866/1202/1783 2872/1208/1783 2873/1209/1783
f 2263/650/1784 2298/685/1784 2308/695/1784
f 2308/695/1785 2264/651/1785 2263/650/1785
f 2284/671/1786 2316/703/1786 2863/1199/1786
f 2863/1199/1787 2285/672/1787 2284/671/1787
f 2290/677/1788 2302/689/1788 2874/1210/1788
f 2874/1210/1789 2287/674/1789 2290/677/1789
f 2298/685/1790 2263/650/1790 2213/600/1790
f 2213/600/1791 2295/682/1791 2298/685/1791
f 2309/696/1792 2875/1211/1792 2205/592/1792
f 2205/592/1793 2294/681/1793 2309/696/1793
f 2311/698/1794 2212/599/1794 2316/703/1794
f 2316/703/1795 2284/671/1795 2311/698/1795
f 2314/701/1796 2338/725/1796 2291/678/1796
f 2291/678/1797 2204/591/1797 2314/701/1797
f 2319/706/1798 2876/1212/1798 2871/1207/1798
f 2871/1207/1799 2320/707/1799 2319/706/1799
f 2868/1204/1800 2308/695/1800 2456/821/1800
f 2456/821/1801 2468/833/1801 2868/1204/1801
f 2299/686/1802 2306/693/1802 2305/692/1802
f 2305/692/1803 2300/687/1803 2299/686/1803
f 2219/606/1804 2221/608/1804 2306/693/1804
f 2306/693/1805 2299/686/1805 2219/606/1805
f 2877/1213/1806 2872/1208/1806 2871/1207/1806
f 2871/1207/1807 2878/1214/1807 2877/1213/1807
f 2474/839/1808 2275/662/1808 2337/724/1808
f 2337/724/1809 2879/1215/1809 2474/839/1809
f 2879/1215/1810 2877/1213/1810 2369/756/1810
f 2369/756/1811 2474/839/1811 2879/1215/1811
f 2369/756/1812 2877/1213/1812 2878/1214/1812
f 2878/1214/1813 2366/753/1813 2369/756/1813
f 2880/1216/1814 2881/1217/1814 2302/689/1814
f 2302/689/1815 2301/688/1815 2880/1216/1815
f 2882/1218/1816 2883/1219/1816 2884/1220/1816
f 2884/1220/1816 2885/1221/1816 2882/1218/1816
f 2886/1220/1817 2883/1219/1817 2882/1218/1817
f 2882/1218/1818 2887/1221/1818 2886/1220/1818
f 2888/1220/1819 2889/1219/1819 2890/1218/1819
f 2890/1218/1820 2891/1221/1820 2888/1220/1820
f 2890/1218/1821 2889/1219/1821 2892/1220/1821
f 2892/1220/1821 2893/1221/1821 2890/1218/1821
f 2894/1222/1822 2895/1223/1822 2896/1224/1822
f 2896/1224/1823 2897/1225/1823 2894/1222/1823
f 2898/1226/1824 2899/1227/1824 2895/1223/1824
f 2895/1223/1825 2894/1222/1825 2898/1226/1825
f 2900/1228/1826 2897/1225/1826 2896/1224/1826
f 2896/1224/1827 2901/1229/1827 2900/1228/1827
f 2902/1230/1828 2903/1231/1828 2904/1232/1828
f 2904/1232/1829 2905/1233/1829 2902/1230/1829
f 2906/1234/1830 2900/1228/1830 2901/1229/1830
f 2901/1229/1831 2907/1235/1831 2906/1234/1831
f 2898/1226/1832 2902/1230/1832 2905/1233/1832
f 2905/1233/1833 2899/1227/1833 2898/1226/1833
f 2908/1236/1834 2909/65/1834 2910/68/1834
f 2910/68/1835 2911/1237/1835 2908/1236/1835
f 2912/1238/1836 2913/1239/1836 2914/1240/1836
f 2914/1240/1837 2915/1241/1837 2912/1238/1837
f 2916/1242/1838 2917/1243/1838 2918/1244/1838
f 2918/1244/1839 2919/1245/1839 2916/1242/1839
f 2920/1246/1840 2921/1247/1840 2922/1248/1840
f 2922/1248/1841 2923/1249/1841 2920/1246/1841
f 2924/1250/1842 2925/1251/1842 2926/1252/1842
f 2926/1252/1843 2927/1253/1843 2924/1250/1843
f 2921/1247/1844 2928/137/1844 2929/1254/1844
f 2929/1254/1845 2922/1248/1845 2921/1247/1845
f 2930/1255/1846 2931/1256/1846 2932/1257/1846
f 2932/1257/1847 2933/1258/1847 2930/1255/1847
f 2931/1256/1848 2934/140/1848 2935/231/1848
f 2935/231/1849 2932/1257/1849 2931/1256/1849
f 2936/71/1850 2937/1259/1850 2938/1260/1850
f 2938/1260/1851 2939/73/1851 2936/71/1851
f 2923/1249/1852 2922/1248/1852 2925/1251/1852
f 2925/1251/1853 2924/1250/1853 2923/1249/1853
f 2940/1261/1854 2941/1262/1854 2942/1263/1854
f 2942/1263/1855 2943/1264/1855 2940/1261/1855
f 2944/232/1856 2945/146/1856 2941/1262/1856
f 2941/1262/1857 2940/1261/1857 2944/232/1857
f 2946/1265/1858 2947/1266/1858 2948/1267/1858
f 2948/1267/1859 2949/1268/1859 2946/1265/1859
f 2950/1269/1860 2951/1270/1860 2952/1271/1860
f 2952/1271/1861 2953/1272/1861 2950/1269/1861
f 2949/1268/1862 2948/1267/1862 2951/1270/1862
f 2951/1270/1863 2950/1269/1863 2949/1268/1863
f 2934/140/1864 2931/1256/1864 2930/1255/1864
f 2930/1255/1865 2954/229/1865 2934/140/1865
f 2945/146/1866 2955/230/1866 2942/1263/1866
f 2942/1263/1867 2941/1262/1867 2945/146/1867
f 379/221/425 2956/224/425 2957/223/425
f 2957/223/425 2958/222/425 379/221/425
f 2959/226/1868 2960/225/1868 2961/228/1868
f 2961/228/1869 2962/227/1869 2959/226/1869
f 2963/1273/1870 2908/1236/1870 2964/1274/1870
f 2964/1274/1871 2965/1275/1871 2963/1273/1871
f 2908/1236/1872 2911/1237/1872 2966/1276/1872
f 2966/1276/1873 2964/1274/1873 2908/1236/1873
f 2925/1251/1874 2967/299/1874 2968/1277/1874
f 2968/1277/1875 2926/1252/1875 2925/1251/1875
f 2969/1278/1876 2926/1252/1876 2968/1277/1876
f 2968/1277/1877 2970/1279/1877 2969/1278/1877
f 2971/1280/1878 2927/1253/1878 2926/1252/1878
f 2926/1252/1879 2969/1278/1879 2971/1280/1879
f 2972/75/1880 2966/1276/1880 2911/1237/1880
f 2911/1237/1881 2973/70/1881 2972/75/1881
f 760/134/1882 2974/131/1882 2975/132/1882
f 2975/132/1883 2976/133/1883 760/134/1883
f 1068/302/1884 1071/305/1884 2977/304/1884
f 2977/304/1885 1069/303/1885 1068/302/1885
f 2978/225/1886 2979/1281/1886 2980/1282/1886
f 2980/1282/1886 2981/228/1886 2978/225/1886
f 2982/1283/1887 2983/283/1887 2984/1284/1887
f 2984/1284/1888 2985/1285/1888 2982/1283/1888
f 2963/1273/1889 1063/297/1889 2909/65/1889
f 2909/65/1890 2908/1236/1890 2963/1273/1890
f 2912/1238/1891 2915/1241/1891 2986/1286/1891
f 2986/1286/1892 2954/229/1892 2912/1238/1892
f 2917/1243/1893 2955/230/1893 2987/1287/1893
f 2987/1287/1894 2918/1244/1894 2917/1243/1894
f 2967/299/1895 2925/1251/1895 2922/1248/1895
f 2922/1248/1896 2988/1288/1896 2967/299/1896
f 2939/73/1897 2938/1260/1897 2989/1289/1897
f 2989/1289/1898 2990/76/1898 2939/73/1898
f 2947/1266/1899 2991/1290/1899 2920/1246/1899
f 2920/1246/1900 2948/1267/1900 2947/1266/1900
f 2948/1267/1901 2920/1246/1901 2923/1249/1901
f 2923/1249/1902 2951/1270/1902 2948/1267/1902
f 2951/1270/1903 2923/1249/1903 2924/1250/1903
f 2924/1250/1904 2952/1271/1904 2951/1270/1904
f 2927/1253/1905 2971/1280/1905 2953/1272/1905
f 2953/1272/1906 2952/1271/1906 2927/1253/1906
f 2992/1291/1907 2993/1292/1907 2994/1293/1907
f 2994/1293/1908 2995/1294/1908 2992/1291/1908
f 2996/1295/1909 2992/1291/1909 2995/1294/1909
f 2995/1294/1910 2997/1296/1910 2996/1295/1910
f 2998/1297/1911 2999/1298/1911 3000/1299/1911
f 3000/1299/1912 3001/1300/1912 2998/1297/1912
f 3001/1300/1913 3002/1301/1913 3003/1302/1913
f 3003/1302/1914 2998/1297/1914 3001/1300/1914
f 3004/228/1915 3005/1282/1915 3006/1281/1915
f 3006/1281/1916 3007/225/1916 3004/228/1916
f 1061/295/1917 3008/285/1917 2982/1283/1917
f 2982/1283/1918 1062/296/1918 1061/295/1918
f 1067/301/1919 2988/1288/1919 2929/1254/1919
f 2929/1254/1920 3009/286/1920 1067/301/1920
f 3010/1303/1921 3011/1304/1921 3012/1305/1921
f 3012/1305/1922 3013/1306/1922 3010/1303/1922
f 2914/1240/1923 2983/283/1923 3014/1307/1923
f 3014/1307/1924 3015/1308/1924 2914/1240/1924
f 2928/137/1925 2919/1245/1925 3016/1309/1925
f 3016/1309/1926 3017/1310/1926 2928/137/1926
f 3018/1311/1927 3019/1312/1927 3020/1313/1927
f 3020/1313/1928 3021/1314/1928 3018/1311/1928
f 3022/1315/1929 3023/1316/1929 3024/1315/1929
f 3024/1315/1930 3025/1317/1930 3022/1315/1930
f 3024/1315/1931 3026/1317/1931 3027/1318/1931
f 3027/1318/1932 3025/1317/1932 3024/1315/1932
f 3028/1319/1933 3029/1320/1933 3030/1321/1933
f 3030/1321/1934 3031/1322/1934 3028/1319/1934
f 3032/1323/1935 3022/1315/1935 3025/1317/1935
f 3025/1317/1936 3033/1324/1936 3032/1323/1936
f 3034/1325/1937 3035/1326/1937 3036/1327/1937
f 3036/1327/1938 3037/1328/1938 3034/1325/1938
f 3031/1322/1939 3030/1321/1939 3038/1329/1939
f 3038/1329/1940 3039/1330/1940 3031/1322/1940
f 3040/1331/1941 3032/1323/1941 3033/1324/1941
f 3033/1324/1942 3041/1332/1942 3040/1331/1942
f 3042/1333/1943 3043/1334/1943 3044/1335/1943
f 3044/1335/1944 3045/1336/1944 3042/1333/1944
f 3037/1328/1945 3036/1327/1945 3013/1306/1945
f 3013/1306/1945 3012/1305/1945 3037/1328/1945
f 3039/1330/1946 3038/1329/1946 3017/1310/1946
f 3017/1310/1947 3016/1309/1947 3039/1330/1947
f 3040/1331/1948 3041/1332/1948 3015/1308/1948
f 3015/1308/1949 3014/1307/1949 3040/1331/1949
f 3045/1336/1950 3044/1335/1950 3020/1313/1950
f 3020/1313/1951 3019/1312/1951 3045/1336/1951
f 3046/1337/1952 3047/1338/1952 3035/1326/1952
f 3035/1326/1953 3048/1339/1953 3046/1337/1953
f 3034/1325/1954 3049/1340/1954 3050/1341/1954
f 3050/1341/1955 3048/1339/1955 3034/1325/1955
f 3051/1342/1956 3052/1343/1956 3042/1333/1956
f 3042/1333/1957 3053/1344/1957 3051/1342/1957
f 3043/1334/1958 3052/1343/1958 3054/1345/1958
f 3054/1345/1959 3055/1346/1959 3043/1334/1959
f 3047/1338/1960 3056/1347/1960 3036/1327/1960
f 3036/1327/1961 3035/1326/1961 3047/1338/1961
f 3037/1328/1962 3057/1348/1962 3049/1340/1962
f 3049/1340/1963 3034/1325/1963 3037/1328/1963
f 3053/1344/1964 3042/1333/1964 3045/1336/1964
f 3045/1336/1965 3058/1349/1965 3053/1344/1965
f 3044/1335/1966 3043/1334/1966 3055/1346/1966
f 3055/1346/1967 3059/1350/1967 3044/1335/1967
f 3056/1347/1968 3060/1351/1968 3013/1306/1968
f 3013/1306/1968 3036/1327/1968 3056/1347/1968
f 3012/1305/1969 3061/1352/1969 3057/1348/1969
f 3057/1348/1970 3037/1328/1970 3012/1305/1970
f 3058/1349/1971 3045/1336/1971 3019/1312/1971
f 3019/1312/1972 3062/1353/1972 3058/1349/1972
f 3020/1313/1973 3044/1335/1973 3059/1350/1973
f 3059/1350/1974 3063/1354/1974 3020/1313/1974
f 1063/297/1975 1062/296/1975 2985/1285/1975
f 2985/1285/1976 2909/65/1976 1063/297/1976
f 3064/1355/1977 3065/89/1977 3066/1356/1977
f 3066/1356/1978 3067/1357/1978 3064/1355/1978
f 2984/1284/1979 2913/1239/1979 3068/1358/1979
f 3068/1358/1980 3069/1359/1980 2984/1284/1980
f 3070/1360/1981 3071/1361/1981 3072/1362/1981
f 3072/1362/1982 3073/1363/1982 3070/1360/1982
f 3074/1364/1983 3073/1363/1983 3072/1362/1983
f 3072/1362/1984 3075/1365/1984 3074/1364/1984
f 3072/1362/1985 3076/1366/1985 3077/1367/1985
f 3077/1367/1986 3075/1365/1986 3072/1362/1986
f 3071/1361/1987 3078/1368/1987 3076/1366/1987
f 3076/1366/1988 3072/1362/1988 3071/1361/1988
f 3079/1369/1989 3080/1370/1989 3081/1371/1989
f 3081/1371/1990 3082/1372/1990 3079/1369/1990
f 3083/1373/1991 3084/1374/1991 3085/1375/1991
f 3085/1375/1992 3086/1376/1992 3083/1373/1992
f 3087/1377/1993 3088/1378/1993 3089/1379/1993
f 3089/1379/1994 3090/1380/1994 3087/1377/1994
f 3087/1377/1995 3091/1381/1995 3092/1382/1995
f 3092/1382/1996 3088/1378/1996 3087/1377/1996
f 3093/1383/1997 3094/1384/1997 3095/1385/1997
f 3095/1385/1998 3096/1385/1998 3093/1383/1998
f 3097/1386/1999 3098/1387/1999 3099/1387/1999
f 3099/1387/2000 3100/1386/2000 3097/1386/2000
f 3086/1376/2001 3085/1375/2001 3078/1368/2001
f 3078/1368/2002 3071/1361/2002 3086/1376/2002
f 3090/1380/2003 3094/1384/2003 3081/1371/2003
f 3081/1371/2004 3077/1367/2004 3090/1380/2004
f 3089/1379/2005 3095/1385/2005 3094/1384/2005
f 3094/1384/2006 3090/1380/2006 3089/1379/2006
f 3100/1386/2007 3099/1387/2007 3092/1382/2007
f 3092/1382/2008 3091/1381/2008 3100/1386/2008
f 3071/1361/2009 3070/1360/2009 3101/1388/2009
f 3101/1388/2010 3086/1376/2010 3071/1361/2010
f 3075/1365/2011 3080/1370/2011 3102/1389/2011
f 3102/1389/2012 3074/1364/2012 3075/1365/2012
f 3103/1390/2013 3083/1373/2013 3086/1376/2013
f 3086/1376/2014 3101/1388/2014 3103/1390/2014
f 3104/1391/2015 3102/1389/2015 3080/1370/2015
f 3080/1370/2016 3079/1369/2016 3104/1391/2016
f 3076/1366/2017 3087/1377/2017 3090/1380/2017
f 3090/1380/2018 3077/1367/2018 3076/1366/2018
f 3078/1368/2019 3091/1381/2019 3087/1377/2019
f 3087/1377/2020 3076/1366/2020 3078/1368/2020
f 3082/1372/2021 3081/1371/2021 3094/1384/2021
f 3094/1384/2022 3093/1383/2022 3082/1372/2022
f 3084/1374/2023 3097/1386/2023 3100/1386/2023
f 3100/1386/2024 3085/1375/2024 3084/1374/2024
f 3085/1375/2025 3100/1386/2025 3091/1381/2025
f 3091/1381/2026 3078/1368/2026 3085/1375/2026
f 3077/1367/2027 3081/1371/2027 3080/1370/2027
f 3080/1370/2028 3075/1365/2028 3077/1367/2028
f 3105/1392/2029 3106/1393/2029 3107/1394/2029
f 3107/1394/2030 3108/1395/2030 3105/1392/2030
f 3109/1396/2031 3110/1397/2031 3111/1398/2031
f 3111/1398/2031 3112/1399/2031 3109/1396/2031
f 3113/1400/2032 3114/1401/2032 3109/1396/2032
f 3109/1396/2032 3112/1399/2032 3113/1400/2032
f 3115/1402/2033 3116/1403/2033 3117/1404/2033
f 3117/1404/2034 3118/1405/2034 3115/1402/2034
f 3108/1395/2035 3111/1398/2035 3110/1397/2035
f 3110/1397/2036 3105/1392/2036 3108/1395/2036
f 3114/1401/2037 3113/1400/2037 3118/1405/2037
f 3118/1405/2038 3117/1404/2038 3114/1401/2038
f 3119/1406/2039 3120/1407/2039 3121/1408/2039
f 3121/1408/2040 3122/1409/2040 3119/1406/2040
f 3123/1410/2041 3121/1408/2041 3124/1411/2041
f 3124/1411/2042 3125/1412/2042 3123/1410/2042
f 3126/1413/2043 3127/1414/2043 3128/1415/2043
f 3128/1415/2044 3129/1416/2044 3126/1413/2044
f 3130/1417/2045 3131/1418/2045 3127/1414/2045
f 3127/1414/2046 3126/1413/2046 3130/1417/2046
f 3132/1419/2047 3133/1420/2047 3134/1421/2047
f 3134/1421/2048 3135/1422/2048 3132/1419/2048
f 3136/1423/2049 3137/1424/2049 3138/1425/2049
f 3138/1425/2050 3139/1426/2050 3136/1423/2050
f 3140/1427/2051 3141/1428/2051 3142/1429/2051
f 3142/1429/2052 3143/1430/2052 3140/1427/2052
f 3140/1427/2053 3144/1431/2053 3145/1432/2053
f 3145/1432/2054 3141/1428/2054 3140/1427/2054
f 3146/1433/2055 3147/1434/2055 3148/1435/2055
f 3148/1435/2056 3149/1435/2056 3146/1433/2056
f 3150/1436/2057 3151/1437/2057 3152/1437/2057
f 3152/1437/2058 3153/1436/2058 3150/1436/2058
f 3139/1426/2059 3138/1425/2059 3131/1418/2059
f 3131/1418/2060 3130/1417/2060 3139/1426/2060
f 3143/1430/2061 3147/1434/2061 3134/1421/2061
f 3134/1421/2062 3128/1415/2062 3143/1430/2062
f 3142/1429/2063 3148/1435/2063 3147/1434/2063
f 3147/1434/2064 3143/1430/2064 3142/1429/2064
f 3153/1436/2065 3152/1437/2065 3145/1432/2065
f 3145/1432/2066 3144/1431/2066 3153/1436/2066
f 3130/1417/2067 3154/1438/2067 3155/1439/2067
f 3155/1439/2068 3139/1426/2068 3130/1417/2068
f 3129/1416/2069 3133/1420/2069 3156/1440/2069
f 3156/1440/2070 3157/1441/2070 3129/1416/2070
f 3158/1442/2071 3136/1423/2071 3139/1426/2071
f 3139/1426/2072 3155/1439/2072 3158/1442/2072
f 3154/1438/2073 3130/1417/2073 3126/1413/2073
f 3126/1413/2074 3159/1443/2074 3154/1438/2074
f 3157/1441/2075 3159/1443/2075 3126/1413/2075
f 3126/1413/2076 3129/1416/2076 3157/1441/2076
f 3160/1444/2077 3156/1440/2077 3133/1420/2077
f 3133/1420/2078 3132/1419/2078 3160/1444/2078
f 3127/1414/2079 3140/1427/2079 3143/1430/2079
f 3143/1430/2080 3128/1415/2080 3127/1414/2080
f 3131/1418/2081 3144/1431/2081 3140/1427/2081
f 3140/1427/2082 3127/1414/2082 3131/1418/2082
f 3135/1422/2083 3134/1421/2083 3147/1434/2083
f 3147/1434/2084 3146/1433/2084 3135/1422/2084
f 3137/1424/2085 3150/1436/2085 3153/1436/2085
f 3153/1436/2086 3138/1425/2086 3137/1424/2086
f 3138/1425/2087 3153/1436/2087 3144/1431/2087
f 3144/1431/2088 3131/1418/2088 3138/1425/2088
f 3128/1415/2089 3134/1421/2089 3133/1420/2089
f 3133/1420/2090 3129/1416/2090 3128/1415/2090
f 3161/1404/2091 3162/1403/2091 3163/1402/2091
f 3163/1402/2092 3164/1405/2092 3161/1404/2092
f 3165/1396/2093 3166/1401/2093 3167/1400/2093
f 3167/1400/2094 3168/1399/2094 3165/1396/2094
f 3169/1398/2095 3170/1397/2095 3165/1396/2095
f 3165/1396/2096 3168/1399/2096 3169/1398/2096
f 3171/1394/2097 3172/1393/2097 3173/1392/2097
f 3173/1392/2098 3174/1395/2098 3171/1394/2098
f 3164/1405/2099 3167/1400/2099 3166/1401/2099
f 3166/1401/2100 3161/1404/2100 3164/1405/2100
f 3170/1397/2101 3169/1398/2101 3174/1395/2101
f 3174/1395/2102 3173/1392/2102 3170/1397/2102
f 3175/1409/2103 3176/1445/2103 3177/1446/2103
f 3177/1446/2103 3178/1406/2103 3175/1409/2103
f 3179/1447/2104 3177/1446/2104 3180/1448/2104
f 3180/1448/2105 3181/1449/2105 3179/1447/2105
f 3182/1450/2106 3183/1451/2106 3184/1452/2106
f 3184/1452/2106 3185/1453/2106 3182/1450/2106
f 3186/1454/26 3187/1455/26 3188/1456/26
f 3188/1456/26 3189/1457/26 3186/1454/26
f 3190/1458/66 3191/1459/66 3192/1460/66
f 3192/1460/66 3193/1461/66 3190/1458/66
f 3194/1462/2107 3186/1454/2107 3189/1457/2107
f 3189/1457/2108 3195/1463/2108 3194/1462/2108
f 3196/1464/2109 3197/1465/2109 3198/1466/2109
f 3198/1466/2109 3199/1467/2109 3196/1464/2109
f 3200/1468/2110 3201/1469/2110 3192/1460/2110
f 3192/1460/2111 3202/1470/2111 3200/1468/2111
f 3203/1471/2112 3204/1472/2112 3205/1473/2112
f 3205/1473/2112 3206/1474/2112 3203/1471/2112
f 3207/1475/2113 3187/1455/2113 3208/1476/2113
f 3208/1476/2114 3209/1477/2114 3207/1475/2114
f 3210/1478/2115 3211/1479/2115 3190/1458/2115
f 3190/1458/2115 3212/1480/2115 3210/1478/2115
f 3193/1461/2116 3192/1460/2116 3201/1469/2116
f 3201/1469/2116 3213/1481/2116 3193/1461/2116
f 3191/1459/66 3214/1482/66 3202/1470/66
f 3202/1470/66 3192/1460/66 3191/1459/66
f 3215/1483/2109 3197/1465/2109 3196/1464/2109
f 3196/1464/2109 3216/1484/2109 3215/1483/2109
f 3187/1455/2117 3207/1475/2117 3217/1485/2117
f 3217/1485/2117 3188/1456/2117 3187/1455/2117
f 3218/1486/2118 3219/1487/2118 3214/1482/2118
f 3214/1482/2119 3191/1459/2119 3218/1486/2119
f 3187/1455/26 3186/1454/26 3206/1474/26
f 3206/1474/26 3208/1476/26 3187/1455/26
f 3208/1476/2120 3206/1474/2120 3220/1488/2120
f 3220/1488/2121 3221/1489/2121 3208/1476/2121
f 3222/1490/2122 3190/1458/2122 3193/1461/2122
f 3193/1461/2123 3223/1491/2123 3222/1490/2123
f 3205/1473/2124 3224/1492/2124 3220/1488/2124
f 3220/1488/2125 3206/1474/2125 3205/1473/2125
f 3221/1489/2126 3225/1493/2126 3209/1477/2126
f 3209/1477/2127 3208/1476/2127 3221/1489/2127
f 3222/1490/2128 3226/1494/2128 3212/1480/2128
f 3212/1480/2129 3190/1458/2129 3222/1490/2129
f 3213/1481/2130 3227/1495/2130 3223/1491/2130
f 3223/1491/2131 3193/1461/2131 3213/1481/2131
f 2936/71/2132 3228/1496/2132 3069/1359/2132
f 3069/1359/2133 2937/1259/2133 2936/71/2133
f 2921/1247/2134 2920/1246/2134 2991/1290/2134
f 2991/1290/2135 3229/1497/2135 2921/1247/2135
f 3230/1498/2136 3231/1499/2136 3232/1500/2136
f 3232/1500/2137 3233/1501/2137 3230/1498/2137
f 3231/1499/2138 3234/1502/2138 3235/1503/2138
f 3235/1503/2139 3232/1500/2139 3231/1499/2139
f 3236/1500/2140 3237/1499/2140 3230/1498/2140
f 3230/1498/2141 3233/1501/2141 3236/1500/2141
f 3235/1503/2142 3234/1502/2142 3237/1499/2142
f 3237/1499/2143 3236/1500/2143 3235/1503/2143
f 3238/1504/2144 3239/1505/2144 3240/1506/2144
f 3240/1506/2145 3241/1507/2145 3238/1504/2145
f 3242/1508/2146 3243/1509/2146 3244/1510/2146
f 3244/1510/2147 3245/1511/2147 3242/1508/2147
f 3246/1512/2148 3238/1504/2148 3241/1507/2148
f 3241/1507/2149 3247/1513/2149 3246/1512/2149
f 3248/1514/2150 3242/1508/2150 3245/1511/2150
f 3245/1511/2151 3249/1515/2151 3248/1514/2151
f 3241/1507/2152 3240/1506/2152 3250/1516/2152
f 3250/1516/2153 3251/1517/2153 3241/1507/2153
f 3252/1518/2154 3247/1513/2154 3241/1507/2154
f 3241/1507/2155 3251/1517/2155 3252/1518/2155
f 3250/1516/2156 3240/1506/2156 3253/1507/2156
f 3253/1507/2157 3254/1517/2157 3250/1516/2157
f 3253/1507/2158 3247/1513/2158 3252/1518/2158
f 3252/1518/2159 3254/1517/2159 3253/1507/2159
f 3251/1517/2160 3250/1516/2160 3255/1519/2160
f 3255/1519/2161 3256/1520/2161 3251/1517/2161
f 3252/1518/2162 3251/1517/2162 3256/1520/2162
f 3256/1520/2163 3257/1521/2163 3252/1518/2163
f 3255/1519/2164 3250/1516/2164 3254/1517/2164
f 3254/1517/2165 3258/1520/2165 3255/1519/2165
f 3254/1517/2166 3252/1518/2166 3257/1521/2166
f 3257/1521/2167 3258/1520/2167 3254/1517/2167
f 3244/1510/2168 3243/1509/2168 3259/1508/2168
f 3259/1508/2169 3260/1511/2169 3244/1510/2169
f 3240/1506/2170 3239/1505/2170 3261/1504/2170
f 3261/1504/2171 3253/1507/2171 3240/1506/2171
f 3253/1507/2172 3261/1504/2172 3246/1512/2172
f 3246/1512/2173 3247/1513/2173 3253/1507/2173
f 3260/1511/2174 3259/1508/2174 3248/1514/2174
f 3248/1514/2175 3249/1515/2175 3260/1511/2175
f 3243/1509/2176 3239/1505/2176 3238/1504/2176
f 3238/1504/2177 3259/1508/2177 3243/1509/2177
f 3243/1509/2178 3242/1508/2178 3261/1504/2178
f 3261/1504/2179 3239/1505/2179 3243/1509/2179
f 3261/1504/2180 3242/1508/2180 3248/1514/2180
f 3248/1514/2181 3246/1512/2181 3261/1504/2181
f 3238/1504/2182 3246/1512/2182 3248/1514/2182
f 3248/1514/2183 3259/1508/2183 3238/1504/2183
f 3262/1522/2184 3263/1523/2184 3264/1524/2184
f 3264/1524/2185 3265/1525/2185 3262/1522/2185
f 3262/1522/2186 3265/1525/2186 3266/112/2186
f 3266/112/2187 3267/113/2187 3262/1522/2187
f 3268/1526/2188 3262/1522/2188 3267/113/2188
f 3267/113/2189 3269/114/2189 3268/1526/2189
f 3270/1527/2190 3271/1528/2190 3272/1529/2190
f 3272/1529/2191 3273/1530/2191 3270/1527/2191
f 3274/1531/2192 3275/1532/2192 3276/1533/2192
f 3276/1533/2193 3277/1534/2193 3274/1531/2193
f 3273/1530/2194 3272/1529/2194 3274/1531/2194
f 3274/1531/2195 3277/1534/2195 3273/1530/2195
f 3272/1529/2196 3278/1535/2196 3279/1536/2196
f 3279/1536/2197 3274/1531/2197 3272/1529/2197
f 3274/1531/2198 3280/1537/2198 3281/1538/2198
f 3281/1538/2199 3275/1532/2199 3274/1531/2199
f 3274/1531/2200 3279/1536/2200 3282/1539/2200
f 3282/1539/2201 3280/1537/2201 3274/1531/2201
f 3283/126/2202 3284/123/2202 3285/124/2202
f 3287/1540/2203 3288/1541/2203 3268/1526/2203
f 3268/1526/2204 3289/1542/2204 3287/1540/2204
f 3290/1543/2205 3263/1523/2205 3262/1522/2205
f 3262/1522/2206 3291/1544/2206 3290/1543/2206
f 3288/1541/2207 3291/1544/2207 3262/1522/2207
f 3262/1522/2208 3268/1526/2208 3288/1541/2208
f 3292/1545/26 3293/1546/26 3294/1547/26
f 3294/1547/26 3295/1548/26 3292/1545/26
f 3293/1546/412 3292/1545/412 3296/1549/412
f 3296/1549/412 3297/1550/412 3293/1546/412
f 3298/1551/2109 3299/1552/2109 3300/1553/2109
f 3300/1553/2109 3301/1554/2109 3298/1551/2109
f 3301/1554/407 3300/1553/407 3302/1555/407
f 3302/1555/407 3303/1556/407 3301/1554/407
f 3303/1556/66 3302/1555/66 3304/1557/66
f 3304/1557/66 3305/1558/66 3303/1556/66
f 3305/1558/422 3304/1557/422 3306/1559/422
f 3306/1559/422 3307/1560/422 3305/1558/422
f 3310/1561/2106 3311/1562/2106 3308/1563/2106
f 3311/1562/417 3310/1561/417 3295/1548/417
f 3295/1548/417 3294/1547/417 3311/1562/417
f 3312/1564/2209 3313/1565/2209 3314/1566/2209
f 3316/1567/2210 3317/1568/2210 3318/1569/2210
f 3318/1569/2210 3319/1570/2210 3316/1567/2210
f 3317/1568/2211 3316/1567/2211 3322/1571/2211
f 3322/1571/2212 3323/1572/2212 3317/1568/2212
f 3326/1573/2213 3327/1574/2213 3324/1575/2213
f 3328/1576/2214 3329/1577/2214 3330/1578/2214
f 3330/1578/2214 3331/1579/2214 3328/1576/2214
f 3327/1574/2215 3326/1573/2215 3332/1580/2215
f 3332/1580/2216 3333/1581/2216 3327/1574/2216
f 3331/1579/2217 3330/1578/2217 3334/1582/2217
f 3334/1582/2218 3335/1583/2218 3331/1579/2218
f 3333/1581/2219 3332/1580/2219 3336/1584/2219
f 3335/1583/2220 3334/1582/2220 3338/1585/2220
f 3338/1585/2220 3339/1586/2220 3335/1583/2220
f 3340/1587/2221 3341/1588/2221 3337/1589/2221
f 3342/1590/2222 3343/1591/2222 3339/1586/2222
f 3344/1592/2223 3345/1593/2223 3346/1594/2223
f 3346/1594/2223 3347/1595/2223 3344/1592/2223
f 3348/1596/2224 3349/1597/2224 3350/1598/2224
f 3350/1598/2225 3351/1599/2225 3348/1596/2225
f 3352/1600/2226 3353/1601/2226 3354/1602/2226
f 3360/1603/2227 3361/1604/2227 3358/1605/2227
f 3361/1604/2228 3360/1603/2228 3362/1606/2228
f 3362/1606/2229 3363/1607/2229 3361/1604/2229
f 3363/1607/2230 3362/1606/2230 3364/1608/2230
f 3366/1609/2231 3367/1610/2231 3365/1611/2231
f 3368/1612/2232 3369/1613/2232 3370/1614/2232
f 3370/1614/2233 3371/1615/2233 3368/1612/2233
f 3371/1615/2234 3370/1614/2234 3355/1616/2234
f 3372/1617/2235 3373/1618/2235 3374/1619/2235
f 3374/1619/2235 3375/1620/2235 3372/1617/2235
f 3373/1618/2236 3372/1617/2236 3376/1621/2236
f 3380/1622/2237 3381/1623/2237 3378/1624/2237
f 3381/1623/2238 3380/1622/2238 3382/1625/2238
f 3382/1625/2239 3383/1626/2239 3381/1623/2239
f 3383/1626/2240 3382/1625/2240 3384/1627/2240
f 3390/1628/2241 3391/1629/2241 3388/1630/2241
f 3353/1601/2242 3292/1545/2242 3295/1548/2242
f 3372/1617/2243 3293/1546/2243 3297/1550/2243
f 3297/1550/2244 3376/1621/2244 3372/1617/2244
f 3292/1545/2245 3353/1601/2245 3357/1631/2245
f 3357/1631/2246 3296/1549/2246 3292/1545/2246
f 3379/1632/2247 3298/1551/2247 3301/1554/2247
f 3299/1552/2248 3358/1605/2248 3361/1604/2248
f 3305/1558/2249 3384/1627/2249 3382/1625/2249
f 3384/1627/2250 3305/1558/2250 3307/1560/2250
f 3304/1557/2251 3365/1611/2251 3367/1610/2251
f 3367/1610/2251 3306/1559/2251 3304/1557/2251
f 3309/1633/2252 3368/1612/2252 3371/1615/2252
f 3317/1568/2253 3352/1600/2253 3355/1616/2253
f 3355/1616/2253 3318/1569/2253 3317/1568/2253
f 3352/1600/2254 3317/1568/2254 3323/1572/2254
f 3359/1634/2255 3328/1576/2255 3331/1579/2255
f 3335/1583/2256 3362/1606/2256 3360/1603/2256
f 3362/1606/2257 3335/1583/2257 3339/1586/2257
f 3343/1591/2258 3366/1609/2258 3364/1608/2258
f 3369/1613/2259 3348/1596/2259 3351/1599/2259
f 3351/1599/2259 3370/1614/2259 3369/1613/2259
f 3370/1614/2260 3351/1599/2260 3318/1569/2260
f 3373/1618/2261 3312/1564/2261 3315/1635/2261
f 3315/1635/2262 3374/1619/2262 3373/1618/2262
f 3312/1564/2263 3373/1618/2263 3377/1636/2263
f 3377/1636/2264 3320/1637/2264 3312/1564/2264
f 3332/1580/2265 3383/1626/2265 3385/1638/2265
f 3385/1638/2266 3336/1584/2266 3332/1580/2266
f 3374/1619/2267 3315/1635/2267 3346/1594/2267
f 3398/1639/26 3395/1640/26 3396/1641/26
f 3404/1642/2268 3403/1643/2268 3405/1644/2268
f 3405/1644/2268 3406/1645/2268 3404/1642/2268
f 3413/1646/2269 3392/1647/2269 3395/1640/2269
f 3414/1648/2270 3415/1649/2270 3416/1650/2270
f 3416/1650/2270 3417/1651/2270 3414/1648/2270
f 3418/1652/2271 3419/1653/2271 3420/1654/2271
f 3420/1654/2271 3421/1655/2271 3418/1652/2271
f 3415/1649/2272 3414/1648/2272 3422/1656/2272
f 3422/1656/2272 3423/1657/2272 3415/1649/2272
f 3419/1653/2273 3418/1652/2273 3424/1658/2273
f 3424/1658/2274 3425/1659/2274 3419/1653/2274
f 3426/1660/2275 3427/1661/2275 3428/1662/2275
f 3428/1662/2276 3429/1663/2276 3426/1660/2276
f 3434/1664/2277 3435/1665/2277 3429/1663/2277
f 3433/1666/2278 3432/1667/2278 3436/1668/2278
f 3436/1668/2279 3437/1669/2279 3433/1666/2279
f 3438/1670/2280 3439/1671/2280 3435/1665/2280
f 3439/1671/2281 3438/1670/2281 3442/1672/2281
f 3442/1672/2282 3443/1673/2282 3439/1671/2282
f 3448/1674/2283 3449/1675/2283 3446/1676/2283
f 3449/1675/2284 3448/1674/2284 3417/1651/2284
f 3454/1677/2285 3455/1678/2285 3394/1679/2285
f 3462/1680/2286 3461/1681/2286 3463/1682/2286
f 3463/1682/2287 3464/1683/2287 3462/1680/2287
f 3464/1683/2288 3463/1682/2288 3465/1684/2288
f 3456/1685/2289 3394/1679/2289 3393/1686/2289
f 3480/1687/2290 3481/1688/2290 3478/1689/2290
f 3481/1688/2291 3480/1687/2291 3482/1690/2291
f 3484/1691/2292 3485/1692/2292 3483/1693/2292
f 3485/1692/2293 3484/1691/2293 3486/1694/2293
f 3486/1694/2294 3487/1695/2294 3485/1692/2294
f 3488/1696/2295 3489/1697/2295 3490/1698/2295
f 3396/1641/2296 3455/1678/2296 3458/1699/2296
f 3479/1700/2297 3401/1701/2297 3404/1642/2297
f 3402/1702/2298 3459/1703/2298 3462/1680/2298
f 3462/1680/2298 3403/1643/2298 3402/1702/2298
f 3464/1683/2299 3405/1644/2299 3403/1643/2299
f 3482/1690/2300 3406/1645/2300 3408/1704/2300
f 3408/1704/2300 3484/1691/2300 3482/1690/2300
f 3405/1644/2301 3464/1683/2301 3466/1705/2301
f 3466/1705/2301 3407/1706/2301 3405/1644/2301
f 3410/1707/2302 3486/1694/2302 3484/1691/2302
f 3489/1697/2303 3411/1708/2303 3413/1646/2303
f 3413/1646/2303 3490/1698/2303 3489/1697/2303
f 3456/1685/2304 3420/1654/2304 3419/1653/2304
f 3441/1709/2305 3465/1684/2305 3463/1682/2305
f 3465/1684/2306 3441/1709/2306 3445/1710/2306
f 3445/1710/2307 3467/1711/2307 3465/1684/2307
f 3470/1712/2308 3450/1713/2308 3453/1714/2308
f 3453/1714/2309 3471/1715/2309 3470/1712/2309
f 3471/1715/2310 3453/1714/2310 3420/1654/2310
f 3417/1651/2311 3474/1716/2311 3473/1717/2311
f 3427/1661/2312 3478/1689/2312 3481/1688/2312
f 3481/1688/2312 3428/1662/2312 3427/1661/2312
f 3428/1662/2313 3481/1688/2313 3483/1693/2313
f 3483/1693/2314 3434/1664/2314 3428/1662/2314
f 3434/1664/2315 3483/1693/2315 3485/1692/2315
f 3485/1692/2315 3438/1670/2315 3434/1664/2315
f 3438/1670/2316 3485/1692/2316 3487/1695/2316
f 3487/1695/2317 3442/1672/2317 3438/1670/2317
f 3447/1718/2318 3488/1696/2318 3491/1719/2318
f 3491/1719/2318 3448/1674/2318 3447/1718/2318
f 3474/1716/2319 3417/1651/2319 3448/1674/2319
f 3308/1563/2106 3309/1633/2106 3310/1561/2106
f 3314/1566/2209 3315/1635/2209 3312/1564/2209
f 3313/1565/2320 3312/1564/2320 3320/1637/2320
f 3320/1637/2321 3321/1720/2321 3313/1565/2321
f 3324/1575/2213 3325/1721/2213 3326/1573/2213
f 3336/1584/2219 3337/1589/2219 3333/1581/2219
f 3337/1589/2322 3336/1584/2322 3340/1587/2322
f 3339/1586/2323 3338/1585/2323 3342/1590/2323
f 3347/1595/2324 3346/1594/2324 3315/1635/2324
f 3315/1635/2325 3314/1566/2325 3347/1595/2325
f 3351/1599/2326 3350/1598/2326 3319/1570/2326
f 3319/1570/2327 3318/1569/2327 3351/1599/2327
f 3354/1602/2226 3355/1616/2226 3352/1600/2226
f 3353/1601/2328 3352/1600/2328 3356/1722/2328
f 3356/1722/2329 3357/1631/2329 3353/1601/2329
f 3358/1605/2227 3359/1634/2227 3360/1603/2227
f 3364/1608/2230 3365/1611/2230 3363/1607/2230
f 3365/1611/2330 3364/1608/2330 3366/1609/2330
f 3355/1616/2331 3354/1602/2331 3371/1615/2331
f 3376/1621/2332 3377/1636/2332 3373/1618/2332
f 3378/1624/2237 3379/1632/2237 3380/1622/2237
f 3384/1627/2240 3385/1638/2240 3383/1626/2240
f 3385/1638/2333 3384/1627/2333 3386/1723/2333
f 3386/1723/2334 3387/1724/2334 3385/1638/2334
f 3388/1630/2241 3389/1725/2241 3390/1628/2241
f 3391/1629/2335 3390/1628/2335 3375/1620/2335
f 3375/1620/2336 3374/1619/2336 3391/1629/2336
f 3293/1546/2337 3372/1617/2337 3375/1620/2337
f 3375/1620/2337 3294/1547/2337 3293/1546/2337
f 3295/1548/2242 3354/1602/2242 3353/1601/2242
f 3301/1554/2247 3380/1622/2247 3379/1632/2247
f 3361/1604/2248 3300/1553/2248 3299/1552/2248
f 3380/1622/2338 3301/1554/2338 3303/1556/2338
f 3303/1556/2338 3382/1625/2338 3380/1622/2338
f 3300/1553/2339 3361/1604/2339 3363/1607/2339
f 3363/1607/2340 3302/1555/2340 3300/1553/2340
f 3382/1625/2249 3303/1556/2249 3305/1558/2249
f 3302/1555/2341 3363/1607/2341 3365/1611/2341
f 3365/1611/2341 3304/1557/2341 3302/1555/2341
f 3307/1560/2342 3386/1723/2342 3384/1627/2342
f 3389/1725/2343 3308/1563/2343 3311/1562/2343
f 3311/1562/2343 3390/1628/2343 3389/1725/2343
f 3371/1615/2252 3310/1561/2252 3309/1633/2252
f 3390/1628/2344 3311/1562/2344 3294/1547/2344
f 3294/1547/2345 3375/1620/2345 3390/1628/2345
f 3310/1561/2346 3371/1615/2346 3354/1602/2346
f 3354/1602/2346 3295/1548/2346 3310/1561/2346
f 3323/1572/2347 3356/1722/2347 3352/1600/2347
f 3331/1579/2255 3360/1603/2255 3359/1634/2255
f 3360/1603/2348 3331/1579/2348 3335/1583/2348
f 3339/1586/2257 3364/1608/2257 3362/1606/2257
f 3364/1608/2349 3339/1586/2349 3343/1591/2349
f 3318/1569/2350 3355/1616/2350 3370/1614/2350
f 3325/1721/2351 3378/1624/2351 3381/1623/2351
f 3381/1623/2351 3326/1573/2351 3325/1721/2351
f 3326/1573/2352 3381/1623/2352 3383/1626/2352
f 3383/1626/2353 3332/1580/2353 3326/1573/2353
f 3336/1584/2354 3385/1638/2354 3387/1724/2354
f 3387/1724/2355 3340/1587/2355 3336/1584/2355
f 3345/1593/2356 3388/1630/2356 3391/1629/2356
f 3391/1629/2356 3346/1594/2356 3345/1593/2356
f 3346/1594/2357 3391/1629/2357 3374/1619/2357
f 3392/1647/2358 3393/1686/2358 3394/1679/2358
f 3394/1679/2359 3395/1640/2359 3392/1647/2359
f 3396/1641/26 3397/1726/26 3398/1639/26
f 3397/1726/2360 3396/1641/2360 3399/1727/2360
f 3399/1727/2361 3400/1728/2361 3397/1726/2361
f 3401/1701/2109 3402/1702/2109 3403/1643/2109
f 3403/1643/2109 3404/1642/2109 3401/1701/2109
f 3406/1645/66 3405/1644/66 3407/1706/66
f 3407/1706/66 3408/1704/66 3406/1645/66
f 3408/1704/2362 3407/1706/2362 3409/1729/2362
f 3409/1729/2362 3410/1707/2362 3408/1704/2362
f 3411/1708/2106 3412/1730/2106 3392/1647/2106
f 3392/1647/2106 3413/1646/2106 3411/1708/2106
f 3395/1640/2269 3398/1639/2269 3413/1646/2269
f 3430/1731/2363 3431/1732/2363 3432/1667/2363
f 3432/1667/2363 3433/1666/2363 3430/1731/2363
f 3429/1663/2364 3428/1662/2364 3434/1664/2364
f 3435/1665/2365 3434/1664/2365 3438/1670/2365
f 3437/1669/2366 3436/1668/2366 3440/1733/2366
f 3440/1733/2367 3441/1709/2367 3437/1669/2367
f 3441/1709/2368 3440/1733/2368 3444/1734/2368
f 3444/1734/2369 3445/1710/2369 3441/1709/2369
f 3446/1676/2370 3447/1718/2370 3448/1674/2370
f 3450/1713/2371 3451/1735/2371 3452/1736/2371
f 3452/1736/2372 3453/1714/2372 3450/1713/2372
f 3417/1651/2373 3416/1650/2373 3449/1675/2373
f 3453/1714/2374 3452/1736/2374 3421/1655/2374
f 3421/1655/2375 3420/1654/2375 3453/1714/2375
f 3394/1679/2285 3456/1685/2285 3454/1677/2285
f 3455/1678/2376 3454/1677/2376 3457/1737/2376
f 3457/1737/2377 3458/1699/2377 3455/1678/2377
f 3459/1703/2378 3460/1738/2378 3461/1681/2378
f 3461/1681/2378 3462/1680/2378 3459/1703/2378
f 3465/1684/2288 3466/1705/2288 3464/1683/2288
f 3466/1705/2379 3465/1684/2379 3467/1711/2379
f 3467/1711/2380 3468/1739/2380 3466/1705/2380
f 3469/1740/2381 3470/1712/2381 3471/1715/2381
f 3471/1715/2381 3393/1686/2381 3469/1740/2381
f 3393/1686/2382 3471/1715/2382 3456/1685/2382
f 3472/1741/2383 3473/1717/2383 3474/1716/2383
f 3474/1716/2383 3475/1742/2383 3472/1741/2383
f 3473/1717/2384 3472/1741/2384 3476/1743/2384
f 3476/1743/2385 3477/1744/2385 3473/1717/2385
f 3478/1689/2290 3479/1700/2290 3480/1687/2290
f 3482/1690/2386 3483/1693/2386 3481/1688/2386
f 3483/1693/2292 3482/1690/2292 3484/1691/2292
f 3490/1698/2295 3491/1719/2295 3488/1696/2295
f 3491/1719/2387 3490/1698/2387 3475/1742/2387
f 3475/1742/2388 3474/1716/2388 3491/1719/2388
f 3397/1726/2389 3472/1741/2389 3475/1742/2389
f 3475/1742/2389 3398/1639/2389 3397/1726/2389
f 3455/1678/2390 3396/1641/2390 3395/1640/2390
f 3395/1640/2390 3394/1679/2390 3455/1678/2390
f 3472/1741/2391 3397/1726/2391 3400/1728/2391
f 3400/1728/2392 3476/1743/2392 3472/1741/2392
f 3458/1699/2393 3399/1727/2393 3396/1641/2393
f 3404/1642/2297 3480/1687/2297 3479/1700/2297
f 3480/1687/2394 3404/1642/2394 3406/1645/2394
f 3406/1645/2395 3482/1690/2395 3480/1687/2395
f 3403/1643/2396 3462/1680/2396 3464/1683/2396
f 3484/1691/2397 3408/1704/2397 3410/1707/2397
f 3407/1706/2398 3466/1705/2398 3468/1739/2398
f 3468/1739/2399 3409/1729/2399 3407/1706/2399
f 3412/1730/999 3469/1740/999 3393/1686/999
f 3393/1686/999 3392/1647/999 3412/1730/999
f 3490/1698/2400 3413/1646/2400 3398/1639/2400
f 3398/1639/2401 3475/1742/2401 3490/1698/2401
f 3419/1653/2402 3454/1677/2402 3456/1685/2402
f 3454/1677/2403 3419/1653/2403 3425/1659/2403
f 3425/1659/2404 3457/1737/2404 3454/1677/2404
f 3460/1738/2405 3430/1731/2405 3433/1666/2405
f 3433/1666/2405 3461/1681/2405 3460/1738/2405
f 3461/1681/2406 3433/1666/2406 3437/1669/2406
f 3437/1669/2407 3463/1682/2407 3461/1681/2407
f 3463/1682/2408 3437/1669/2408 3441/1709/2408
f 3420/1654/2409 3456/1685/2409 3471/1715/2409
f 3473/1717/2311 3414/1648/2311 3417/1651/2311
f 3414/1648/2410 3473/1717/2410 3477/1744/2410
f 3477/1744/2411 3422/1656/2411 3414/1648/2411
f 3448/1674/2412 3491/1719/2412 3474/1716/2412
f 3492/1745/26 3493/1746/26 3494/1747/26
f 3494/1747/26 3495/1748/26 3492/1745/26
f 3496/1749/26 3497/1750/26 3492/1745/26
f 3492/1745/26 3498/1751/26 3496/1749/26
f 3499/1752/66 3500/1753/66 3501/1754/66
f 3501/1754/66 3502/1755/66 3499/1752/66
f 3501/1754/66 3503/1756/66 3504/1757/66
f 3504/1757/66 3505/1758/66 3501/1754/66
f 3492/1745/2413 3506/1759/2413 3507/1760/2413
f 3507/1760/2414 3493/1746/2414 3492/1745/2414
f 3493/1746/2415 3507/1760/2415 3508/1761/2415
f 3508/1761/2416 3494/1747/2416 3493/1746/2416
f 3509/1758/2109 3510/1758/2109 3511/1762/2109
f 3511/1762/2109 3512/1757/2109 3509/1758/2109
f 3496/1749/2417 3513/1763/2417 3514/1764/2417
f 3514/1764/2418 3497/1750/2418 3496/1749/2418
f 3497/1750/2419 3514/1764/2419 3506/1759/2419
f 3506/1759/2419 3492/1745/2419 3497/1750/2419
f 3515/1755/2109 3516/1755/2109 3510/1758/2109
f 3510/1758/2109 3509/1758/2109 3515/1755/2109
f 3501/1754/2420 3500/1753/2420 3517/1765/2420
f 3517/1765/2421 3518/1766/2421 3501/1754/2421
f 3500/1753/2422 3499/1752/2422 3519/1767/2422
f 3519/1767/2423 3517/1765/2423 3500/1753/2423
f 3505/1758/2109 3504/1757/2109 3511/1762/2109
f 3511/1762/2109 3510/1758/2109 3505/1758/2109
f 3504/1757/2424 3503/1756/2424 3520/1768/2424
f 3520/1768/2425 3511/1762/2425 3504/1757/2425
f 3503/1756/2426 3501/1754/2426 3518/1766/2426
f 3518/1766/2426 3520/1768/2426 3503/1756/2426
f 3502/1755/2109 3505/1758/2109 3510/1758/2109
f 3510/1758/2109 3516/1755/2109 3502/1755/2109
f 3521/1769/2427 3522/1770/2427 3523/1771/2427
f 3523/1771/2428 3524/1772/2428 3521/1769/2428
f 3525/1773/2429 3526/1774/2429 3522/1770/2429
f 3522/1770/2430 3521/1769/2430 3525/1773/2430
f 3527/1775/2431 3528/1776/2431 3526/1774/2431
f 3526/1774/2432 3525/1773/2432 3527/1775/2432
f 3527/1775/2433 2178/565/2433 2177/564/2433
f 2177/564/2434 3528/1776/2434 3527/1775/2434
f 3529/1777/2435 3530/1778/2435 3531/1779/2435
f 3531/1779/2436 3532/1780/2436 3529/1777/2436
f 3533/1781/2437 3534/1782/2437 3535/1783/2437
f 3535/1783/2438 3536/1784/2438 3533/1781/2438
f 3536/1784/2439 3537/1785/2439 3538/1786/2439
f 3538/1786/2440 3533/1781/2440 3536/1784/2440
f 3532/1780/2441 3531/1779/2441 3538/1786/2441
f 3538/1786/2442 3539/1787/2442 3532/1780/2442
f 3539/1787/2443 3538/1786/2443 3537/1785/2443
f 3537/1785/2444 3540/1788/2444 3539/1787/2444
f 3540/1788/2445 3537/1785/2445 2192/579/2445
f 2192/579/2446 2191/578/2446 3540/1788/2446
f 3523/1771/2447 3522/1770/2447 3541/1789/2447
f 3541/1789/2448 3542/1790/2448 3523/1771/2448
f 3543/1791/2449 3541/1789/2449 3522/1770/2449
f 3522/1770/2450 3526/1774/2450 3543/1791/2450
f 3544/1792/2451 3543/1791/2451 3526/1774/2451
f 3526/1774/2452 3528/1776/2452 3544/1792/2452
f 3545/1793/2453 3546/1794/2453 3547/1795/2453
f 3547/1795/2454 3548/1796/2454 3545/1793/2454
f 3545/1793/2455 3548/1796/2455 3534/1782/2455
f 3534/1782/2456 3533/1781/2456 3545/1793/2456
f 3545/1793/2457 3531/1779/2457 3530/1778/2457
f 3530/1778/2458 3546/1794/2458 3545/1793/2458
f 3533/1781/2459 3538/1786/2459 3531/1779/2459
f 3531/1779/2460 3545/1793/2460 3533/1781/2460
f 3549/1797/2461 3550/1798/2461 3524/1772/2461
f 3524/1772/2462 3551/1799/2462 3549/1797/2462
f 3552/1800/2463 3553/1801/2463 3554/1802/2463
f 3554/1802/2464 3555/1803/2464 3552/1800/2464
f 3556/1804/2465 3557/1805/2465 3558/1806/2465
f 3558/1806/2466 3559/1807/2466 3556/1804/2466
f 3560/1808/2467 3561/1809/2467 3562/1810/2467
f 3562/1810/2468 3563/1811/2468 3560/1808/2468
f 3564/1812/2469 3565/1813/2469 3566/1814/2469
f 3566/1814/2470 3567/1815/2470 3564/1812/2470
f 3568/1816/2471 3569/1817/2471 3566/1814/2471
f 3566/1814/2472 3570/1818/2472 3568/1816/2472
f 3571/610/2473 3572/613/2473 3573/612/2473
f 3573/612/2474 3574/611/2474 3571/610/2474
f 3575/614/2475 3576/616/2475 3577/615/2475
f 3577/615/983 3571/610/983 3575/614/983
f 3578/1819/2476 3579/1820/2476 3580/1821/2476
f 3580/1821/2477 3581/1822/2477 3578/1819/2477
f 3581/1822/2478 3580/1821/2478 3582/1823/2478
f 3582/1823/2479 3583/1824/2479 3581/1822/2479
f 3584/1825/2480 3585/1826/2480 3586/1827/2480
f 3586/1827/2481 3587/1828/2481 3584/1825/2481
f 3583/1824/2482 3588/1829/2482 3589/1830/2482
f 3589/1830/2483 3581/1822/2483 3583/1824/2483
f 3573/612/993 3572/613/993 3590/630/993
f 3590/630/993 2242/629/993 3573/612/993
f 2244/631/995 2247/634/995 3591/633/995
f 3591/633/994 3592/632/994 2244/631/994
f 2248/635/2484 2250/637/2484 3590/630/2484
f 3590/630/996 3593/636/996 2248/635/996
f 3594/638/998 3595/641/998 3596/640/998
f 3596/640/998 3597/639/998 3594/638/998
f 3598/642/999 3599/645/999 3600/644/999
f 3600/644/999 3601/643/999 3598/642/999
f 3602/646/1000 3603/649/1000 3604/648/1000
f 3604/648/1000 3605/647/1000 3602/646/1000
f 3606/1831/2485 3607/1832/2485 3608/1833/2485
f 3608/1833/2486 3609/1834/2486 3606/1831/2486
f 2267/654/2487 3610/657/2487 3611/656/2487
f 3611/656/2488 2268/655/2488 2267/654/2488
f 2271/658/2489 3612/661/2489 3613/660/2489
f 3613/660/2490 2272/659/2490 2271/658/2490
f 3614/1835/2491 3615/1836/2491 3616/1837/2491
f 3616/1837/2492 3617/1838/2492 3614/1835/2492
f 3618/1839/2493 3619/1840/2493 3620/1841/2493
f 3620/1841/2494 3621/1842/2494 3618/1839/2494
f 3622/1843/2495 3623/1844/2495 3624/1845/2495
f 3624/1845/2496 3625/1846/2496 3622/1843/2496
f 3626/1847/2497 3627/1848/2497 3628/1849/2497
f 3628/1849/2498 3629/1850/2498 3626/1847/2498
f 3630/1851/2499 3631/1852/2499 3632/1853/2499
f 3632/1853/2500 3633/1854/2500 3630/1851/2500
f 3634/1855/2501 3635/1856/2501 3636/1857/2501
f 3636/1857/2502 3637/1858/2502 3634/1855/2502
f 3638/1859/2503 3639/1860/2503 3640/1861/2503
f 3640/1861/2504 3641/1862/2504 3638/1859/2504
f 3642/1863/2505 3643/1864/2505 3644/1865/2505
f 3644/1865/2506 3645/1866/2506 3642/1863/2506
f 3635/1856/2507 3646/1867/2507 3647/1868/2507
f 3647/1868/2508 3636/1857/2508 3635/1856/2508
f 3648/1869/2509 3649/1870/2509 3632/1853/2509
f 3632/1853/2510 3631/1852/2510 3648/1869/2510
f 3650/1871/2511 3651/1872/2511 3622/1843/2511
f 3622/1843/2512 3625/1846/2512 3650/1871/2512
f 3552/1800/2513 3652/1873/2513 3653/1874/2513
f 3653/1874/2514 3553/1801/2514 3552/1800/2514
f 3560/1808/2515 3654/1875/2515 3655/1876/2515
f 3655/1876/2516 3561/1809/2516 3560/1808/2516
f 3656/1877/2517 3657/1878/2517 3658/1879/2517
f 3658/1879/2518 3659/1880/2518 3656/1877/2518
f 3612/661/2519 2271/658/2519 2322/709/2519
f 2322/709/2520 3660/708/2520 3612/661/2520
f 3661/1881/2521 3662/1882/2521 3621/1842/2521
f 3621/1842/2522 3663/1883/2522 3661/1881/2522
f 3615/1836/2523 3664/1884/2523 3557/1805/2523
f 3557/1805/2524 3616/1837/2524 3615/1836/2524
f 3665/1885/2525 3666/1886/2525 3667/1887/2525
f 3667/1887/2526 3668/1888/2526 3665/1885/2526
f 2272/659/2527 3613/660/2527 3610/657/2527
f 3610/657/2528 2267/654/2528 2272/659/2528
f 3669/1889/2529 3670/1890/2529 3671/1891/2529
f 3671/1891/2530 3667/1887/2530 3669/1889/2530
f 3670/1890/2531 3647/1868/2531 3672/1892/2531
f 3672/1892/2532 3673/1893/2532 3670/1890/2532
f 3671/1891/2533 3670/1890/2533 3673/1893/2533
f 3673/1893/2534 3674/1894/2534 3671/1891/2534
f 3675/1895/2535 3676/1896/2535 3630/1851/2535
f 3630/1851/2536 3633/1854/2536 3675/1895/2536
f 3634/1855/2537 3637/1858/2537 3651/1872/2537
f 3651/1872/2538 3650/1871/2538 3634/1855/2538
f 3636/1857/2539 3647/1868/2539 3670/1890/2539
f 3670/1890/2540 3669/1889/2540 3636/1857/2540
f 3620/1841/2541 3619/1840/2541 3677/1897/2541
f 3677/1897/2542 3666/1886/2542 3620/1841/2542
f 3678/727/2543 3679/730/2543 3680/729/2543
f 3680/729/2544 3681/728/2544 3678/727/2544
f 3682/731/2545 3683/734/2545 3684/733/2545
f 3684/733/2546 3685/732/2546 3682/731/2546
f 3595/641/1063 3594/638/1063 3686/736/1063
f 3686/736/1063 3687/735/1063 3595/641/1063
f 3599/645/1064 3688/738/1064 3689/737/1064
f 3689/737/1064 3600/644/1064 3599/645/1064
f 3690/1898/2547 3691/1899/2547 3692/1900/2547
f 3692/1900/2548 3693/1901/2548 3690/1898/2548
f 3663/1883/2549 3691/1899/2549 3694/1902/2549
f 3694/1902/2550 3661/1881/2550 3663/1883/2550
f 3695/1903/2551 3696/1904/2551 3697/1905/2551
f 3697/1905/2552 3668/1888/2552 3695/1903/2552
f 3693/1901/2553 3692/1900/2553 3697/1905/2553
f 3697/1905/2554 3698/1906/2554 3693/1901/2554
f 3690/1898/2555 3699/1907/2555 3700/1908/2555
f 3700/1908/2556 3583/1824/2556 3690/1898/2556
f 3701/1909/2557 3702/1910/2557 3703/1911/2557
f 3703/1911/2558 3704/1912/2558 3701/1909/2558
f 3558/1806/2559 3557/1805/2559 3664/1884/2559
f 3664/1884/2560 3705/1913/2560 3558/1806/2560
f 3706/1914/2561 3707/1915/2561 3708/1916/2561
f 3708/1916/2562 3709/1917/2562 3706/1914/2562
f 3616/1837/2563 3710/1918/2563 3711/1919/2563
f 3711/1919/2564 3617/1838/2564 3616/1837/2564
f 3620/1841/2565 3712/1920/2565 3663/1883/2565
f 3663/1883/2566 3621/1842/2566 3620/1841/2566
f 3621/1842/2567 3662/1882/2567 3713/1921/2567
f 3713/1921/2568 3618/1839/2568 3621/1842/2568
f 3710/1918/2569 3616/1837/2569 3557/1805/2569
f 3557/1805/2570 3556/1804/2570 3710/1918/2570
f 3667/1887/2571 3666/1886/2571 3677/1897/2571
f 3677/1897/2572 3669/1889/2572 3667/1887/2572
f 3671/1891/2573 3695/1903/2573 3668/1888/2573
f 3668/1888/2574 3667/1887/2574 3671/1891/2574
f 3674/1894/2575 3714/1922/2575 3695/1903/2575
f 3695/1903/2576 3671/1891/2576 3674/1894/2576
f 3666/1886/2577 3665/1885/2577 3712/1920/2577
f 3712/1920/2578 3620/1841/2578 3666/1886/2578
f 3710/1918/2579 3579/1820/2579 3715/1923/2579
f 3715/1923/2580 3711/1919/2580 3710/1918/2580
f 3716/1924/2581 3717/1925/2581 3578/1819/2581
f 3578/1819/2582 3718/1926/2582 3716/1924/2582
f 3719/1927/2583 3720/1928/2583 3587/1828/2583
f 3587/1828/2584 3721/1929/2584 3719/1927/2584
f 3722/769/2585 3723/772/2585 3724/771/2585
f 3724/771/2586 3725/770/2586 3722/769/2586
f 3699/1907/2587 3690/1898/2587 3693/1901/2587
f 3693/1901/2588 3726/1930/2588 3699/1907/2588
f 3726/1930/2589 3693/1901/2589 3698/1906/2589
f 3698/1906/2590 3727/1931/2590 3726/1930/2590
f 3718/1926/2591 3578/1819/2591 3581/1822/2591
f 3581/1822/2592 3589/1830/2592 3718/1926/2592
f 3718/1926/2593 3586/1827/2593 3585/1826/2593
f 3585/1826/2594 3716/1924/2594 3718/1926/2594
f 3721/1929/2595 3589/1830/2595 3588/1829/2595
f 3588/1829/2596 3719/1927/2596 3721/1929/2596
f 3725/770/995 3591/633/995 2247/634/995
f 2247/634/2597 3722/769/2597 3725/770/2597
f 3726/1930/2598 3703/1911/2598 3702/1910/2598
f 3702/1910/2599 3699/1907/2599 3726/1930/2599
f 3727/1931/2600 3728/1932/2600 3703/1911/2600
f 3703/1911/2601 3726/1930/2601 3727/1931/2601
f 3589/1830/2602 3721/1929/2602 3586/1827/2602
f 3586/1827/2603 3718/1926/2603 3589/1830/2603
f 3579/1820/2604 3710/1918/2604 3556/1804/2604
f 3556/1804/2605 3580/1821/2605 3579/1820/2605
f 3580/1821/2606 3556/1804/2606 3559/1807/2606
f 3559/1807/2607 3582/1823/2607 3580/1821/2607
f 3691/1899/2608 3663/1883/2608 3712/1920/2608
f 3712/1920/2609 3692/1900/2609 3691/1899/2609
f 3691/1899/2610 3690/1898/2610 3583/1824/2610
f 3583/1824/2611 3694/1902/2611 3691/1899/2611
f 3692/1900/2612 3712/1920/2612 3665/1885/2612
f 3665/1885/2613 3697/1905/2613 3692/1900/2613
f 3579/1820/2614 3578/1819/2614 3717/1925/2614
f 3717/1925/2615 3715/1923/2615 3579/1820/2615
f 3729/776/2616 3730/779/2616 3731/778/2616
f 3731/778/2617 3732/777/2617 3729/776/2617
f 3730/779/2618 3733/781/2618 3734/780/2618
f 3734/780/2619 3731/778/2619 3730/779/2619
f 3735/782/2620 3736/785/2620 2397/784/2620
f 2397/784/2621 3737/783/2621 3735/782/2621
f 3738/786/2622 3734/780/2622 3733/781/2622
f 3733/781/2623 3739/787/2623 3738/786/2623
f 3740/788/2624 3741/791/2624 3742/790/2624
f 3742/790/2625 3743/789/2625 3740/788/2625
f 3743/789/2626 3742/790/2626 2406/793/2626
f 2406/793/2627 2405/792/2627 3743/789/2627
f 3744/794/26 3745/795/26 3730/779/26
f 3730/779/26 3729/776/26 3744/794/26
f 3730/779/26 3745/795/26 3746/796/26
f 3746/796/26 3733/781/26 3730/779/26
f 2410/797/2628 2412/799/2628 3736/785/2628
f 3736/785/2628 3747/798/2628 2410/797/2628
f 3748/800/26 3739/787/26 3733/781/26
f 3733/781/26 3746/796/26 3748/800/26
f 3740/788/1000 3743/789/1000 2415/802/1000
f 2415/802/1000 3749/801/1000 3740/788/1000
f 2416/803/2629 2419/806/2629 3750/805/2629
f 3750/805/1147 3751/804/1147 2416/803/1147
f 2420/807/2630 2423/810/2630 3752/809/2630
f 3752/809/2631 3753/808/2631 2420/807/2631
f 3753/808/2632 3750/805/2632 2419/806/2632
f 2419/806/2633 2420/807/2633 3753/808/2633
f 3577/615/2634 3576/616/2634 2424/811/2634
f 2424/811/1153 3593/636/1153 3577/615/1153
f 3703/1911/2635 3728/1932/2635 3754/1933/2635
f 3754/1933/2636 3704/1912/2636 3703/1911/2636
f 3755/99/2637 3756/98/2637 2427/97/2637
f 2427/97/2638 2426/100/2638 3755/99/2638
f 3757/98/2639 3758/99/2639 3759/100/2639
f 3759/100/2640 3760/97/2640 3757/98/2640
f 3761/98/2641 3762/99/2641 3763/100/2641
f 3763/100/2642 3764/97/2642 3761/98/2642
f 3765/98/2643 3766/99/2643 3767/100/2643
f 3767/100/2644 3768/97/2644 3765/98/2644
f 3756/98/2645 3755/99/2645 3769/100/2645
f 3769/100/2646 3770/97/2646 3756/98/2646
f 3771/98/2647 3772/99/2647 3773/100/2647
f 3773/100/2648 3774/97/2648 3771/98/2648
f 3775/812/2649 3776/813/2649 1327/438/2649
f 1327/438/2650 1305/436/2650 3775/812/2650
f 2449/814/1171 2452/817/1171 3777/1934/1171
f 3777/1934/1171 3778/1935/1171 2449/814/1171
f 2453/818/2651 3544/1792/2651 3528/1776/2651
f 3528/1776/2652 2177/564/2652 2453/818/2652
f 2454/819/2653 2455/820/2653 3536/1784/2653
f 3536/1784/2654 3535/1783/2654 2454/819/2654
f 2455/820/2655 2192/579/2655 3537/1785/2655
f 3537/1785/2656 3536/1784/2656 2455/820/2656
f 3672/1892/2657 3647/1868/2657 3646/1867/2657
f 3646/1867/2658 3779/1936/2658 3672/1892/2658
f 3696/1904/2659 3695/1903/2659 3714/1922/2659
f 3714/1922/2660 3780/1937/2660 3696/1904/2660
f 3781/1938/2661 3782/1939/2661 3783/1940/2661
f 3783/1940/2662 3550/1798/2662 3781/1938/2662
f 3784/1941/2663 3785/1942/2663 3783/1940/2663
f 3783/1940/2664 3782/1939/2664 3784/1941/2664
f 3786/1943/2665 3787/1944/2665 3785/1942/2665
f 3785/1942/2666 3784/1941/2666 3786/1943/2666
f 3786/1943/2667 2466/831/2667 2465/830/2667
f 2465/830/2668 3787/1944/2668 3786/1943/2668
f 3783/1940/2669 3521/1769/2669 3524/1772/2669
f 3524/1772/2670 3550/1798/2670 3783/1940/2670
f 3785/1942/2671 3525/1773/2671 3521/1769/2671
f 3521/1769/2672 3783/1940/2672 3785/1942/2672
f 3787/1944/2673 3527/1775/2673 3525/1773/2673
f 3525/1773/2674 3785/1942/2674 3787/1944/2674
f 2465/830/2675 2178/565/2675 3527/1775/2675
f 3527/1775/2676 3787/1944/2676 2465/830/2676
f 3660/708/2677 2322/709/2677 3788/1945/2677
f 3788/1945/2678 3789/1946/2678 3660/708/2678
f 3569/1817/2679 3568/1816/2679 3790/1947/2679
f 3790/1947/2680 3791/1948/2680 3569/1817/2680
f 3792/1949/2681 3708/1916/2681 3707/1915/2681
f 3707/1915/2682 3793/1950/2682 3792/1949/2682
f 3792/1949/2683 3793/1950/2683 3614/1835/2683
f 3614/1835/2684 3617/1838/2684 3792/1949/2684
f 3794/1951/2685 3791/1948/2685 3546/1794/2685
f 3546/1794/2686 3530/1778/2686 3794/1951/2686
f 3523/1771/2687 3645/1866/2687 3551/1799/2687
f 3551/1799/2688 3524/1772/2688 3523/1771/2688
f 3542/1790/2689 3790/1947/2689 3645/1866/2689
f 3645/1866/2690 3523/1771/2690 3542/1790/2690
f 3547/1795/2691 3542/1790/2691 3541/1789/2691
f 3541/1789/2692 3548/1796/2692 3547/1795/2692
f 3543/1791/2693 3534/1782/2693 3548/1796/2693
f 3548/1796/2694 3541/1789/2694 3543/1791/2694
f 3544/1792/2695 3535/1783/2695 3534/1782/2695
f 3534/1782/2696 3543/1791/2696 3544/1792/2696
f 2453/818/2697 2454/819/2697 3535/1783/2697
f 3535/1783/2698 3544/1792/2698 2453/818/2698
f 3795/1952/2699 3796/1953/2699 3797/1954/2699
f 3797/1954/2700 3798/1955/2700 3795/1952/2700
f 3799/1956/2701 3800/1957/2701 2449/814/2701
f 2449/814/2702 3801/1958/2702 3799/1956/2702
f 3802/1959/2703 3803/1960/2703 3804/1961/2703
f 3804/1961/2704 3805/1962/2704 3802/1959/2704
f 3806/98/2705 3807/99/2705 3808/100/2705
f 3808/100/2706 3809/97/2706 3806/98/2706
f 3810/1963/2707 3811/1964/2707 3812/1952/2707
f 3812/1952/2708 3813/1965/2708 3810/1963/2708
f 3814/1966/2709 2497/857/2709 3811/1964/2709
f 3811/1964/2710 3815/1967/2710 3814/1966/2710
f 3816/1968/2711 3817/1969/2711 3818/1970/2711
f 3818/1970/2712 3819/1971/2712 3816/1968/2712
f 3820/1972/2713 3821/1973/2713 3805/1962/2713
f 3805/1962/2714 3804/1961/2714 3820/1972/2714
f 3821/1973/2715 3820/1972/2715 3822/1974/2715
f 3822/1974/2716 3823/1975/2716 3821/1973/2716
f 3824/1976/2717 3825/1977/2717 3826/1978/2717
f 3826/1978/2718 3827/1979/2718 3824/1976/2718
f 3828/1980/2719 3824/1976/2719 3827/1979/2719
f 3827/1979/2720 3829/1981/2720 3828/1980/2720
f 3830/1982/2721 3831/1983/2721 3832/1984/2721
f 3832/1984/2722 3833/1985/2722 3830/1982/2722
f 3834/1986/2723 3835/1987/2723 3831/1983/2723
f 3831/1983/2724 3830/1982/2724 3834/1986/2724
f 3834/1986/2725 3836/1988/2725 3837/1989/2725
f 3837/1989/2726 3835/1987/2726 3834/1986/2726
f 3838/880/2727 3839/883/2727 3840/882/2727
f 3840/882/2728 3841/881/2728 3838/880/2728
f 3842/884/2729 3843/885/2729 3838/880/2729
f 3838/880/2730 3841/881/2730 3842/884/2730
f 3841/881/2731 3840/882/2731 3844/887/2731
f 3844/887/2732 3845/886/2732 3841/881/2732
f 3842/884/2733 3841/881/2733 3845/886/2733
f 3845/886/2734 3846/888/2734 3842/884/2734
f 3829/1981/2735 3827/1979/2735 3847/1990/2735
f 3847/1990/2736 3848/1991/2736 3829/1981/2736
f 3849/891/2737 3850/894/2737 3851/893/2737
f 3851/893/2738 3852/892/2738 3849/891/2738
f 3853/895/2739 3854/896/2739 3851/893/2739
f 3851/893/2740 3850/894/2740 3853/895/2740
f 3851/893/2741 3855/898/2741 3856/897/2741
f 3856/897/2742 3852/892/2742 3851/893/2742
f 3854/896/2743 3857/899/2743 3855/898/2743
f 3855/898/2744 3851/893/2744 3854/896/2744
f 3856/897/2745 3855/898/2745 3858/901/2745
f 3858/901/2746 3859/900/2746 3856/897/2746
f 3855/898/2747 3857/899/2747 3860/902/2747
f 3860/902/2748 3858/901/2748 3855/898/2748
f 3861/1992/2749 3834/1986/2749 3830/1982/2749
f 3830/1982/2750 3862/1993/2750 3861/1992/2750
f 3862/1993/2751 3830/1982/2751 3833/1985/2751
f 3833/1985/2752 3863/1994/2752 3862/1993/2752
f 3836/1988/2753 3834/1986/2753 3861/1992/2753
f 3861/1992/2754 3864/1995/2754 3836/1988/2754
f 3865/1996/2755 3551/1799/2755 3645/1866/2755
f 3645/1866/2756 3644/1865/2756 3865/1996/2756
f 3864/1995/2757 3549/1797/2757 3551/1799/2757
f 3551/1799/2758 3865/1996/2758 3864/1995/2758
f 3865/1996/2759 3641/1862/2759 3640/1861/2759
f 3640/1861/2760 3866/1997/2760 3865/1996/2760
f 3866/1997/2761 3836/1988/2761 3864/1995/2761
f 3864/1995/2762 3865/1996/2762 3866/1997/2762
f 2549/909/2763 3867/1998/2763 3868/1999/2763
f 3868/1999/2764 2550/910/2764 2549/909/2764
f 3869/913/2765 1323/442/2765 1325/440/2765
f 1325/440/2766 3870/914/2766 3869/913/2766
f 3776/813/2767 3870/914/2767 1325/440/2767
f 1325/440/2768 1327/438/2768 3776/813/2768
f 3869/913/2769 3871/2000/2769 1318/443/2769
f 1318/443/2770 1323/442/2770 3869/913/2770
f 2452/817/2771 2550/910/2771 3868/1999/2771
f 3868/1999/1292 3777/1934/1292 2452/817/1292
f 2549/909/1295 2557/917/1295 3872/2001/1295
f 3872/2001/2772 3867/1998/2772 2549/909/2772
f 3873/2002/2773 3805/1962/2773 3821/1973/2773
f 3821/1973/2774 3874/2003/2774 3873/2002/2774
f 3875/2004/2775 3803/1960/2775 3802/1959/2775
f 3802/1959/2776 3876/2005/2776 3875/2004/2776
f 3876/2005/2777 3877/2006/2777 3878/2007/2777
f 3878/2007/2778 3875/2004/2778 3876/2005/2778
f 3805/1962/2779 3873/2002/2779 3879/2008/2779
f 3879/2008/2780 3802/1959/2780 3805/1962/2780
f 3880/2009/2781 3877/2006/2781 3876/2005/2781
f 3876/2005/2782 3881/2010/2782 3880/2009/2782
f 2567/927/2783 2268/655/2783 3611/656/2783
f 3611/656/2784 3882/928/2784 2567/927/2784
f 3883/2011/2785 3532/1780/2785 3539/1787/2785
f 3539/1787/2786 3884/2012/2786 3883/2011/2786
f 3884/2012/2787 3885/2013/2787 3886/2014/2787
f 3886/2014/2788 3883/2011/2788 3884/2012/2788
f 3887/2015/2789 3529/1777/2789 3532/1780/2789
f 3532/1780/2790 3883/2011/2790 3887/2015/2790
f 3888/2016/2791 3540/1788/2791 2191/578/2791
f 2191/578/2792 2575/935/2792 3888/2016/2792
f 3884/2012/2793 3539/1787/2793 3540/1788/2793
f 3540/1788/2794 3888/2016/2794 3884/2012/2794
f 3888/2016/2795 3889/2017/2795 3885/2013/2795
f 3885/2013/2796 3884/2012/2796 3888/2016/2796
f 3883/2011/2797 3886/2014/2797 3890/2018/2797
f 3890/2018/2798 3887/2015/2798 3883/2011/2798
f 3794/1951/2799 3529/1777/2799 3887/2015/2799
f 3887/2015/2800 3891/2019/2800 3794/1951/2800
f 3892/2020/2801 3893/2021/2801 1098/326/2801
f 1098/326/2802 3894/2022/2802 3892/2020/2802
f 3863/1994/2803 3892/2020/2803 3894/2022/2803
f 3894/2022/2804 3862/1993/2804 3863/1994/2804
f 3861/1992/2805 3895/2023/2805 3549/1797/2805
f 3549/1797/2806 3864/1995/2806 3861/1992/2806
f 3894/2022/2807 1098/326/2807 3781/1938/2807
f 3781/1938/2808 3895/2023/2808 3894/2022/2808
f 3549/1797/2809 3895/2023/2809 3781/1938/2809
f 3781/1938/2810 3550/1798/2810 3549/1797/2810
f 3896/943/2811 3897/946/2811 3898/945/2811
f 3898/945/2812 3899/944/2812 3896/943/2812
f 3900/947/2813 3901/948/2813 3897/946/2813
f 3897/946/2814 3896/943/2814 3900/947/2814
f 3902/949/2815 3901/948/2815 3900/947/2815
f 3900/947/2816 3903/950/2816 3902/949/2816
f 3899/944/2817 3898/945/2817 3902/949/2817
f 3902/949/2817 3903/950/2817 3899/944/2817
f 3901/948/2818 3902/949/2818 3898/945/2818
f 3898/945/2819 3897/946/2819 3901/948/2819
f 2591/951/2820 2594/954/2820 3904/953/2820
f 3904/953/2821 3905/952/2821 2591/951/2821
f 3905/952/2822 3904/953/2822 3906/956/2822
f 3906/956/2823 3907/955/2823 3905/952/2823
f 3907/955/2824 3906/956/2824 3908/958/2824
f 3908/958/2825 3909/957/2825 3907/955/2825
f 3909/957/2826 3908/958/2826 3910/960/2826
f 3910/960/2827 3911/959/2827 3909/957/2827
f 3911/959/2828 3910/960/2828 3912/962/2828
f 3912/962/2829 3913/961/2829 3911/959/2829
f 3914/2024/2830 3915/2025/2830 3916/2026/2830
f 3916/2026/2831 3917/2027/2831 3914/2024/2831
f 3916/2026/2832 3918/2028/2832 3919/2029/2832
f 3919/2029/2833 3917/2027/2833 3916/2026/2833
f 3918/2028/2834 3920/2030/2834 3921/2031/2834
f 3921/2031/2835 3919/2029/2835 3918/2028/2835
f 3922/2032/2836 3923/2033/2836 3924/2034/2836
f 3924/2034/2837 3925/2035/2837 3922/2032/2837
f 3923/2033/2838 3926/2036/2838 3927/2037/2838
f 3927/2037/2839 3924/2034/2839 3923/2033/2839
f 3926/2036/2840 3928/2038/2840 3929/2039/2840
f 3929/2039/2841 3927/2037/2841 3926/2036/2841
f 3928/2038/2842 3930/2040/2842 3931/2041/2842
f 3931/2041/2843 3929/2039/2843 3928/2038/2843
f 2621/981/2844 3932/982/2844 3904/953/2844
f 3904/953/2845 2594/954/2845 2621/981/2845
f 2621/981/2846 2624/984/2846 3933/983/2846
f 3933/983/2847 3932/982/2847 2621/981/2847
f 3932/982/2848 3934/985/2848 3906/956/2848
f 3906/956/2849 3904/953/2849 3932/982/2849
f 3932/982/2850 3933/983/2850 3935/986/2850
f 3935/986/2851 3934/985/2851 3932/982/2851
f 3934/985/2852 3936/987/2852 3908/958/2852
f 3908/958/2853 3906/956/2853 3934/985/2853
f 3934/985/2854 3935/986/2854 3937/988/2854
f 3937/988/2855 3936/987/2855 3934/985/2855
f 3936/987/2856 3938/989/2856 3910/960/2856
f 3910/960/2857 3908/958/2857 3936/987/2857
f 3936/987/2858 3937/988/2858 3939/990/2858
f 3939/990/2859 3938/989/2859 3936/987/2859
f 3938/989/2860 3940/991/2860 3912/962/2860
f 3912/962/2861 3910/960/2861 3938/989/2861
f 3938/989/2862 3939/990/2862 3941/992/2862
f 3941/992/2863 3940/991/2863 3938/989/2863
f 3942/2042/2864 3943/2043/2864 3916/2026/2864
f 3916/2026/2865 3915/2025/2865 3942/2042/2865
f 3942/2042/2866 3944/2044/2866 3945/2045/2866
f 3945/2045/2867 3943/2043/2867 3942/2042/2867
f 3943/2043/2868 3946/2046/2868 3918/2028/2868
f 3918/2028/2869 3916/2026/2869 3943/2043/2869
f 3943/2043/2870 3945/2045/2870 3947/2047/2870
f 3947/2047/2871 3946/2046/2871 3943/2043/2871
f 3946/2046/2872 3948/2048/2872 3920/2030/2872
f 3920/2030/2873 3918/2028/2873 3946/2046/2873
f 3946/2046/2874 3947/2047/2874 3949/2049/2874
f 3949/2049/2875 3948/2048/2875 3946/2046/2875
f 3950/2050/2876 3951/2051/2876 3923/2033/2876
f 3923/2033/2877 3922/2032/2877 3950/2050/2877
f 3952/2052/2878 3953/2053/2878 3951/2051/2878
f 3951/2051/2879 3950/2050/2879 3952/2052/2879
f 3951/2051/2880 3954/2054/2880 3926/2036/2880
f 3926/2036/2881 3923/2033/2881 3951/2051/2881
f 3953/2053/2882 3955/2055/2882 3954/2054/2882
f 3954/2054/2883 3951/2051/2883 3953/2053/2883
f 3954/2054/2884 3956/2056/2884 3928/2038/2884
f 3928/2038/2885 3926/2036/2885 3954/2054/2885
f 3955/2055/2886 3957/2057/2886 3956/2056/2886
f 3956/2056/2887 3954/2054/2887 3955/2055/2887
f 3956/2056/2888 3958/2058/2888 3930/2040/2888
f 3930/2040/2889 3928/2038/2889 3956/2056/2889
f 3957/2057/2890 3959/2059/2890 3958/2058/2890
f 3958/2058/2891 3956/2056/2891 3957/2057/2891
f 2624/984/2892 2652/1012/2892 3960/1011/2892
f 3960/1011/2893 3933/983/2893 2624/984/2893
f 3933/983/2894 3960/1011/2894 3961/1013/2894
f 3961/1013/2895 3935/986/2895 3933/983/2895
f 3935/986/2896 3961/1013/2896 3962/1014/2896
f 3962/1014/2897 3937/988/2897 3935/986/2897
f 3937/988/2898 3962/1014/2898 3963/1015/2898
f 3963/1015/2899 3939/990/2899 3937/988/2899
f 3939/990/2900 3963/1015/2900 3964/1016/2900
f 3964/1016/2901 3941/992/2901 3939/990/2901
f 3944/2044/2902 3965/2060/2902 3966/2061/2902
f 3966/2061/2903 3945/2045/2903 3944/2044/2903
f 3945/2045/2904 3966/2061/2904 3967/2062/2904
f 3967/2062/2870 3947/2047/2870 3945/2045/2870
f 3947/2047/2905 3967/2062/2905 3968/2063/2905
f 3968/2063/2906 3949/2049/2906 3947/2047/2906
f 3952/2052/2907 3969/2064/2907 3970/2065/2907
f 3970/2065/2908 3953/2053/2908 3952/2052/2908
f 3970/2065/2909 3971/2066/2909 3955/2055/2909
f 3955/2055/2910 3953/2053/2910 3970/2065/2910
f 3971/2066/2911 3972/2067/2911 3957/2057/2911
f 3957/2057/2912 3955/2055/2912 3971/2066/2912
f 3972/2067/2913 3973/2068/2913 3959/2059/2913
f 3959/2059/2914 3957/2057/2914 3972/2067/2914
f 2666/1026/2915 3974/1027/2915 3960/1011/2915
f 3960/1011/2916 2652/1012/2916 2666/1026/2916
f 3974/1027/2917 3975/1028/2917 3961/1013/2917
f 3961/1013/2918 3960/1011/2918 3974/1027/2918
f 3975/1028/2919 3976/1029/2919 3962/1014/2919
f 3962/1014/2920 3961/1013/2920 3975/1028/2920
f 3976/1029/2921 3977/1030/2921 3963/1015/2921
f 3963/1015/2922 3962/1014/2922 3976/1029/2922
f 3977/1030/2923 3978/1031/2923 3964/1016/2923
f 3964/1016/2924 3963/1015/2924 3977/1030/2924
f 3979/2069/2925 3980/2070/2925 3966/2061/2925
f 3966/2061/2926 3965/2060/2926 3979/2069/2926
f 3980/2070/2927 3981/2071/2927 3967/2062/2927
f 3967/2062/2928 3966/2061/2928 3980/2070/2928
f 3981/2071/2929 3982/2072/2929 3968/2063/2929
f 3968/2063/2930 3967/2062/2930 3981/2071/2930
f 3983/2073/2931 3984/2074/2931 3970/2065/2931
f 3970/2065/2932 3969/2064/2932 3983/2073/2932
f 3984/2074/2933 3985/2075/2933 3971/2066/2933
f 3971/2066/2934 3970/2065/2934 3984/2074/2934
f 3985/2075/2935 3986/2076/2935 3972/2067/2935
f 3972/2067/2936 3971/2066/2936 3985/2075/2936
f 3986/2076/2937 3987/2077/2937 3973/2068/2937
f 3973/2068/2938 3972/2067/2938 3986/2076/2938
f 2681/1041/2939 2591/951/2939 3905/952/2939
f 3905/952/2940 3988/1042/2940 2681/1041/2940
f 3988/1042/2941 3905/952/2941 3907/955/2941
f 3907/955/2942 3989/1043/2942 3988/1042/2942
f 3989/1043/2943 3907/955/2943 3909/957/2943
f 3909/957/2944 3990/1044/2944 3989/1043/2944
f 3990/1044/2945 3909/957/2945 3911/959/2945
f 3911/959/2946 3991/1045/2946 3990/1044/2946
f 3991/1045/2947 3911/959/2947 3913/961/2947
f 3913/961/2948 3992/1046/2948 3991/1045/2948
f 3993/2078/2949 3914/2024/2949 3917/2027/2949
f 3917/2027/2950 3994/2079/2950 3993/2078/2950
f 3917/2027/2951 3919/2029/2951 3995/2080/2951
f 3995/2080/2952 3994/2079/2952 3917/2027/2952
f 3919/2029/2953 3921/2031/2953 3996/2081/2953
f 3996/2081/2954 3995/2080/2954 3919/2029/2954
f 2691/1051/2955 2681/1041/2955 3988/1042/2955
f 3988/1042/2956 3997/1052/2956 2691/1051/2956
f 3997/1052/2957 3988/1042/2957 3989/1043/2957
f 3989/1043/2958 3998/1053/2958 3997/1052/2958
f 3998/1053/2959 3989/1043/2959 3990/1044/2959
f 3990/1044/2960 3999/1054/2960 3998/1053/2960
f 3999/1054/2961 3990/1044/2961 3991/1045/2961
f 3991/1045/2962 4000/1055/2962 3999/1054/2962
f 4000/1055/2963 3991/1045/2963 3992/1046/2963
f 3992/1046/2964 4001/1056/2964 4000/1055/2964
f 4002/2082/2965 3993/2078/2965 3994/2079/2965
f 3994/2079/2966 4003/2083/2966 4002/2082/2966
f 3994/2079/2967 3995/2080/2967 4004/2084/2967
f 4004/2084/2968 4003/2083/2968 3994/2079/2968
f 3995/2080/2969 3996/2081/2969 4005/2085/2969
f 4005/2085/2970 4004/2084/2970 3995/2080/2970
f 2666/1026/2971 2702/1062/2971 4006/1061/2971
f 4006/1061/2972 3974/1027/2972 2666/1026/2972
f 3974/1027/2973 4006/1061/2973 4007/1063/2973
f 4007/1063/2974 3975/1028/2974 3974/1027/2974
f 3975/1028/2975 4007/1063/2975 4008/1064/2975
f 4008/1064/2976 3976/1029/2976 3975/1028/2976
f 3976/1029/2977 4008/1064/2977 4009/1065/2977
f 4009/1065/2978 3977/1030/2978 3976/1029/2978
f 3977/1030/2979 4009/1065/2979 4010/1066/2979
f 4010/1066/2980 3978/1031/2980 3977/1030/2980
f 3979/2069/2981 4011/2086/2981 4012/2087/2981
f 4012/2087/2982 3980/2070/2982 3979/2069/2982
f 4012/2087/2983 4013/2088/2983 3981/2071/2983
f 3981/2071/2984 3980/2070/2984 4012/2087/2984
f 4013/2088/2985 4014/2089/2985 3982/2072/2985
f 3982/2072/2986 3981/2071/2986 4013/2088/2986
f 4015/2090/2987 4016/2091/2987 3984/2074/2987
f 3984/2074/2988 3983/2073/2988 4015/2090/2988
f 4016/2091/2989 4017/2092/2989 3985/2075/2989
f 3985/2075/2990 3984/2074/2990 4016/2091/2990
f 4017/2092/2991 4018/2093/2991 3986/2076/2991
f 3986/2076/2992 3985/2075/2992 4017/2092/2992
f 4018/2093/2993 4019/2094/2993 3987/2077/2993
f 3987/2077/2994 3986/2076/2994 4018/2093/2994
f 4020/1076/2995 4021/1079/2995 2718/1078/2995
f 2718/1078/2996 2717/1077/2996 4020/1076/2996
f 4022/1080/2997 4023/1081/2997 4021/1079/2997
f 4021/1079/2998 4020/1076/2998 4022/1080/2998
f 4024/1082/2999 4023/1081/2999 4022/1080/2999
f 4022/1080/3000 4025/1083/3000 4024/1082/3000
f 4026/1084/3001 4024/1082/3001 4025/1083/3001
f 4025/1083/3002 4027/1085/3002 4026/1084/3002
f 4028/1086/3003 4026/1084/3003 4027/1085/3003
f 4027/1085/3004 4029/1087/3004 4028/1086/3004
f 4030/2095/3005 4031/2096/3005 4032/2097/3005
f 4032/2097/3006 4033/2098/3006 4030/2095/3006
f 4031/2096/3007 4034/2099/3007 4035/2100/3007
f 4035/2100/3008 4032/2097/3008 4031/2096/3008
f 2734/1094/3009 2718/1078/3009 4021/1079/3009
f 4021/1079/3010 4036/1095/3010 2734/1094/3010
f 4036/1095/3011 4021/1079/3011 4023/1081/3011
f 4023/1081/3012 4037/1096/3012 4036/1095/3012
f 4037/1096/3013 4023/1081/3013 4024/1082/3013
f 4024/1082/3014 4038/1097/3014 4037/1096/3014
f 4038/1097/3015 4024/1082/3015 4026/1084/3015
f 4026/1084/3016 4039/1098/3016 4038/1097/3016
f 4040/2101/3017 4041/2102/3017 4018/2093/3017
f 4018/2093/3018 4017/2092/3018 4040/2101/3018
f 4042/2103/3019 4040/2101/3019 4016/2091/3019
f 4016/2091/3020 4015/2090/3020 4042/2103/3020
f 4043/2104/3021 4044/2105/3021 4013/2088/3021
f 4013/2088/3022 4012/2087/3022 4043/2104/3022
f 4007/1063/3023 4045/1105/3023 4046/1104/3023
f 4046/1104/3024 4008/1064/3024 4007/1063/3024
f 4009/1065/3025 4046/1104/3025 4047/1106/3025
f 4047/1106/3026 4010/1066/3026 4009/1065/3026
f 4006/1061/3027 2747/1107/3027 4045/1105/3027
f 4045/1105/3028 4007/1063/3028 4006/1061/3028
f 1255/422/3029 3893/2021/3029 4048/2106/3029
f 4048/2106/3030 1253/420/3030 1255/422/3030
f 4049/2107/3031 4048/2106/3031 3893/2021/3031
f 3893/2021/3032 3892/2020/3032 4049/2107/3032
f 3892/2020/3033 3863/1994/3033 4050/2108/3033
f 4050/2108/3034 4049/2107/3034 3892/2020/3034
f 4051/2109/3035 3847/1990/3035 3827/1979/3035
f 3827/1979/3036 3826/1978/3036 4051/2109/3036
f 4033/2098/3037 4032/2097/3037 3847/1990/3037
f 3847/1990/3038 4051/2109/3038 4033/2098/3038
f 4032/2097/3039 4035/2100/3039 3848/1991/3039
f 3848/1991/3040 3847/1990/3040 4032/2097/3040
f 4052/2110/3041 1247/418/3041 1260/423/3041
f 1260/423/3042 4053/2111/3042 4052/2110/3042
f 4052/2110/3043 4053/2111/3043 4031/2096/3043
f 4031/2096/3044 4030/2095/3044 4052/2110/3044
f 4054/2112/3045 1266/425/3045 1253/420/3045
f 1253/420/3046 4048/2106/3046 4054/2112/3046
f 4031/2096/3047 4053/2111/3047 4054/2112/3047
f 4054/2112/3048 4034/2099/3048 4031/2096/3048
f 4053/2111/3049 1260/423/3049 1266/425/3049
f 1266/425/3050 4054/2112/3050 4053/2111/3050
f 4055/2113/3051 4056/2114/3051 3833/1985/3051
f 3833/1985/3052 3832/1984/3052 4055/2113/3052
f 4057/1117/3053 4058/1119/3053 4059/1118/3053
f 4059/1118/3054 3840/882/3054 4057/1117/3054
f 4056/2114/3055 4050/2108/3055 3863/1994/3055
f 3863/1994/3056 3833/1985/3056 4056/2114/3056
f 4060/1120/3057 4061/1123/3057 4062/1122/3057
f 4062/1122/3058 4063/1121/3058 4060/1120/3058
f 4064/2115/3059 4050/2108/3059 4056/2114/3059
f 4056/2114/3060 4065/2116/3060 4064/2115/3060
f 4065/2116/3061 3829/1981/3061 3848/1991/3061
f 3848/1991/3062 4064/2115/3062 4065/2116/3062
f 4064/2115/3063 3848/1991/3063 4035/2100/3063
f 4035/2100/3064 4066/2117/3064 4064/2115/3064
f 4067/2118/3065 4049/2107/3065 4050/2108/3065
f 4050/2108/3066 4066/2117/3066 4067/2118/3066
f 4066/2117/3067 4035/2100/3067 4034/2099/3067
f 4034/2099/3068 4067/2118/3068 4066/2117/3068
f 4068/1128/3069 4057/1117/3069 4069/1130/3069
f 4069/1130/3070 4070/1129/3070 4068/1128/3070
f 4070/1129/3071 4071/1132/3071 4072/1131/3071
f 4072/1131/3072 4068/1128/3072 4070/1129/3072
f 4073/1133/3073 4058/1119/3073 4057/1117/3073
f 4057/1117/3074 4068/1128/3074 4073/1133/3074
f 4068/1128/3075 4072/1131/3075 4074/1134/3075
f 4074/1134/3076 4073/1133/3076 4068/1128/3076
f 4065/2116/3077 4056/2114/3077 4055/2113/3077
f 4055/2113/3078 4075/2119/3078 4065/2116/3078
f 4075/2119/3079 3828/1980/3079 3829/1981/3079
f 3829/1981/3080 4065/2116/3080 4075/2119/3080
f 4076/1136/3081 4028/1086/3081 4077/1138/3081
f 4077/1138/3082 4078/1137/3082 4076/1136/3082
f 4078/1137/3083 4077/1138/3083 4079/1140/3083
f 4079/1140/3084 4080/1139/3084 4078/1137/3084
f 4081/1141/3085 4082/1142/3085 4061/1123/3085
f 4061/1123/3086 4060/1120/3086 4081/1141/3086
f 4083/1143/3087 4084/1144/3087 3853/895/3087
f 3853/895/3088 3850/894/3088 4083/1143/3088
f 4080/1139/3089 4084/1144/3089 4083/1143/3089
f 4083/1143/3090 4078/1137/3090 4080/1139/3090
f 2734/1094/3091 4036/1095/3091 4085/1146/3091
f 4085/1146/3092 2785/1145/3092 2734/1094/3092
f 4085/1146/3093 4036/1095/3093 4037/1096/3093
f 4037/1096/3094 4086/1147/3094 4085/1146/3094
f 4086/1147/3095 4037/1096/3095 4038/1097/3095
f 4038/1097/3096 4087/1148/3096 4086/1147/3096
f 4038/1097/3097 4039/1098/3097 4088/1149/3097
f 4088/1149/3098 4087/1148/3098 4038/1097/3098
f 4076/1136/3099 4039/1098/3099 4026/1084/3099
f 4026/1084/3100 4028/1086/3100 4076/1136/3100
f 4083/1143/3101 3850/894/3101 3849/891/3101
f 3849/891/3102 4089/1150/3102 4083/1143/3102
f 3849/891/3103 4090/1151/3103 4088/1149/3103
f 4088/1149/3104 4089/1150/3104 3849/891/3104
f 4089/1150/3105 4088/1149/3105 4039/1098/3105
f 4039/1098/3106 4076/1136/3106 4089/1150/3106
f 4078/1137/3107 4083/1143/3107 4089/1150/3107
f 4089/1150/3108 4076/1136/3108 4078/1137/3108
f 4049/2107/3109 4067/2118/3109 4054/2112/3109
f 4054/2112/3110 4048/2106/3110 4049/2107/3110
f 4063/1121/3111 4079/1140/3111 4077/1138/3111
f 4077/1138/3112 4060/1120/3112 4063/1121/3112
f 2717/1077/3113 2793/1153/3113 4091/1152/3113
f 4091/1152/3114 4020/1076/3114 2717/1077/3114
f 2691/1051/3115 3997/1052/3115 4091/1152/3115
f 4091/1152/3116 2793/1153/3116 2691/1051/3116
f 4020/1076/3117 4091/1152/3117 4092/1154/3117
f 4092/1154/3118 4022/1080/3118 4020/1076/3118
f 3997/1052/3119 3998/1053/3119 4092/1154/3119
f 4092/1154/3120 4091/1152/3120 3997/1052/3120
f 4022/1080/3121 4092/1154/3121 4093/1155/3121
f 4093/1155/3122 4025/1083/3122 4022/1080/3122
f 3998/1053/3123 3999/1054/3123 4093/1155/3123
f 4093/1155/3124 4092/1154/3124 3998/1053/3124
f 4025/1083/3125 4093/1155/3125 4094/1156/3125
f 4094/1156/3126 4027/1085/3126 4025/1083/3126
f 3999/1054/3127 4000/1055/3127 4094/1156/3127
f 4094/1156/3128 4093/1155/3128 3999/1054/3128
f 4027/1085/3129 4094/1156/3129 4095/1157/3129
f 4095/1157/3130 4029/1087/3130 4027/1085/3130
f 4000/1055/3131 4001/1056/3131 4095/1157/3131
f 4095/1157/3132 4094/1156/3132 4000/1055/3132
f 4096/2120/3133 4097/2121/3133 4098/2122/3133
f 4098/2122/3134 4099/2123/3134 4096/2120/3134
f 4002/2082/3135 4003/2083/3135 4098/2122/3135
f 4098/2122/3136 4097/2121/3136 4002/2082/3136
f 4100/2124/3137 4101/2125/3137 4030/2095/3137
f 4030/2095/3138 4033/2098/3138 4100/2124/3138
f 4102/2126/3139 4103/2127/3139 4101/2125/3139
f 4101/2125/3140 4100/2124/3140 4102/2126/3140
f 4098/2122/3141 4104/2128/3141 4051/2109/3141
f 4051/2109/3142 4099/2123/3142 4098/2122/3142
f 4003/2083/3143 4004/2084/3143 4104/2128/3143
f 4104/2128/3144 4098/2122/3144 4003/2083/3144
f 4051/2109/3145 4104/2128/3145 4100/2124/3145
f 4100/2124/3146 4033/2098/3146 4051/2109/3146
f 4104/2128/3147 4004/2084/3147 4005/2085/3147
f 4005/2085/3148 4100/2124/3148 4104/2128/3148
f 4052/2110/3149 4105/2129/3149 1248/419/3149
f 1248/419/3150 1247/418/3150 4052/2110/3150
f 4052/2110/3151 4030/2095/3151 4101/2125/3151
f 4101/2125/3152 4105/2129/3152 4052/2110/3152
f 4106/2130/3153 3816/1968/3153 3819/1971/3153
f 3819/1971/3154 4105/2129/3154 4106/2130/3154
f 4106/2130/3155 4105/2129/3155 4101/2125/3155
f 4101/2125/3156 4103/2127/3156 4106/2130/3156
f 3817/1969/3157 3816/1968/3157 3823/1975/3157
f 3823/1975/3158 3822/1974/3158 3817/1969/3158
f 4102/2126/3159 4107/2131/3159 4108/2132/3159
f 4108/2132/3160 4103/2127/3160 4102/2126/3160
f 4109/2133/3161 3823/1975/3161 3816/1968/3161
f 3816/1968/3162 4106/2130/3162 4109/2133/3162
f 3874/2003/3163 4109/2133/3163 4110/2134/3163
f 4110/2134/3164 4111/2135/3164 3874/2003/3164
f 4106/2130/3165 4103/2127/3165 4108/2132/3165
f 4108/2132/3166 4110/2134/3166 4106/2130/3166
f 3881/2010/3167 3876/2005/3167 3802/1959/3167
f 3802/1959/3168 3879/2008/3168 3881/2010/3168
f 4112/2136/3169 3880/2009/3169 3881/2010/3169
f 3881/2010/3170 4113/2137/3170 4112/2136/3170
f 4113/2137/3171 3929/2039/3171 3931/2041/3171
f 3931/2041/3172 4112/2136/3172 4113/2137/3172
f 4107/2131/3173 3925/2035/3173 3924/2034/3173
f 3924/2034/3174 4108/2132/3174 4107/2131/3174
f 3874/2003/3175 4111/2135/3175 4114/2138/3175
f 4114/2138/3176 3873/2002/3176 3874/2003/3176
f 4113/2137/3177 3881/2010/3177 3879/2008/3177
f 3879/2008/3178 4114/2138/3178 4113/2137/3178
f 4114/2138/3179 3927/2037/3179 3929/2039/3179
f 3929/2039/3180 4113/2137/3180 4114/2138/3180
f 4114/2138/3181 4111/2135/3181 4108/2132/3181
f 4108/2132/3182 3924/2034/3182 4114/2138/3182
f 2747/1107/1000 2818/1107/1000 4115/1177/1000
f 4115/1177/1000 4045/1105/1000 2747/1107/1000
f 4045/1105/1000 4115/1177/1000 4116/1104/1000
f 4116/1104/1000 4046/1104/1000 4045/1105/1000
f 3792/1949/3183 3617/1838/3183 3711/1919/3183
f 3711/1919/3184 4117/2139/3184 3792/1949/3184
f 3715/1923/3185 4118/2140/3185 4117/2139/3185
f 4117/2139/3186 3711/1919/3186 3715/1923/3186
f 3792/1949/3187 4117/2139/3187 4119/2141/3187
f 4119/2141/3188 3708/1916/3188 3792/1949/3188
f 3709/1917/3189 4120/2142/3189 3866/1997/3189
f 3866/1997/3190 3640/1861/3190 3709/1917/3190
f 3837/1989/3191 3836/1988/3191 3866/1997/3191
f 3866/1997/3192 4120/2142/3192 3837/1989/3192
f 4121/1182/3193 4122/1183/3193 3843/885/3193
f 3843/885/3194 3842/884/3194 4121/1182/3194
f 4120/2142/3195 3709/1917/3195 3708/1916/3195
f 3708/1916/3196 4119/2141/3196 4120/2142/3196
f 4123/1184/3197 4124/1187/3197 4125/1186/3197
f 4125/1186/3198 4126/1185/3198 4123/1184/3198
f 4126/1185/3199 4125/1186/3199 4127/1189/3199
f 4127/1189/3200 4128/1188/3200 4126/1185/3200
f 4129/1184/3201 4130/1185/3201 4131/1186/3201
f 4131/1186/3202 4132/1187/3202 4129/1184/3202
f 4130/1185/3203 4133/1188/3203 4134/1189/3203
f 4134/1189/3204 4131/1186/3204 4130/1185/3204
f 4135/98/3205 4136/99/3205 4137/100/3205
f 4137/100/3206 4138/97/3206 4135/98/3206
f 4139/98/3207 4140/99/3207 4141/100/3207
f 4141/100/3208 4142/97/3208 4139/98/3208
f 4143/98/3209 4144/99/3209 4145/100/3209
f 4145/100/3210 4146/97/3210 4143/98/3210
f 1296/428/3211 4147/2143/3211 4148/2144/3211
f 4148/2144/3212 1297/429/3212 1296/428/3212
f 1297/429/3213 4148/2144/3213 4149/2145/3213
f 4149/2145/3214 1299/431/3214 1297/429/3214
f 1302/434/3215 3818/1970/3215 4147/2143/3215
f 4147/2143/3216 1296/428/3216 1302/434/3216
f 1303/435/3217 3819/1971/3217 3818/1970/3217
f 3818/1970/3218 1302/434/3218 1303/435/3218
f 1303/435/3219 1248/419/3219 4105/2129/3219
f 4105/2129/3220 3819/1971/3220 1303/435/3220
f 1299/431/3221 4149/2145/3221 2853/1193/3221
f 2853/1193/3222 1232/410/3222 1299/431/3222
f 4150/98/3223 4151/99/3223 2856/100/3223
f 2856/100/3224 2855/97/3224 4150/98/3224
f 4152/1194/3225 4153/1195/3225 3612/661/3225
f 3612/661/3226 3660/708/3226 4152/1194/3226
f 3613/660/3227 4153/1195/3227 4154/1196/3227
f 4154/1196/3228 3610/657/3228 3613/660/3228
f 3611/656/3229 4155/1198/3229 4156/1197/3229
f 4156/1197/3230 3882/928/3230 3611/656/3230
f 4157/2146/3231 4158/2147/3231 3655/1876/3231
f 3655/1876/3232 3654/1875/3232 4157/2146/3232
f 3562/1810/3233 3607/1832/3233 3606/1831/3233
f 3606/1831/3234 3563/1811/3234 3562/1810/3234
f 3794/1951/3235 4159/2148/3235 3569/1817/3235
f 3569/1817/3236 3791/1948/3236 3794/1951/3236
f 3567/1815/3237 3628/1849/3237 3627/1848/3237
f 3627/1848/3238 3564/1812/3238 3567/1815/3238
f 4160/2149/3239 3656/1877/3239 3653/1874/3239
f 3653/1874/3240 4161/2150/3240 4160/2149/3240
f 4162/2151/3241 4163/2152/3241 3660/708/3241
f 3660/708/3242 3789/1946/3242 4162/2151/3242
f 3610/657/3243 4154/1196/3243 4155/1198/3243
f 4155/1198/3244 3611/656/3244 3610/657/3244
f 3891/2019/3245 4164/2153/3245 4159/2148/3245
f 4159/2148/3246 3794/1951/3246 3891/2019/3246
f 3608/1833/3247 4163/2152/3247 4162/2151/3247
f 4162/2151/3248 3609/1834/3248 3608/1833/3248
f 3552/1800/3249 3555/1803/3249 3631/1852/3249
f 3631/1852/3250 3630/1851/3250 3552/1800/3250
f 3560/1808/3251 3563/1811/3251 3634/1855/3251
f 3634/1855/3252 3650/1871/3252 3560/1808/3252
f 3657/1878/3253 4160/2149/3253 4165/2154/3253
f 4165/2154/3254 4166/2155/3254 3657/1878/3254
f 4161/2150/3255 3652/1873/3255 3676/1896/3255
f 3676/1896/3256 4167/2156/3256 4161/2150/3256
f 3565/1813/3257 3564/1812/3257 3639/1860/3257
f 3639/1860/3258 3638/1859/3258 3565/1813/3258
f 3568/1816/3259 3570/1818/3259 3643/1864/3259
f 3643/1864/3260 3642/1863/3260 3568/1816/3260
f 4167/2156/3261 4165/2154/3261 4160/2149/3261
f 4160/2149/3262 4161/2150/3262 4167/2156/3262
f 3606/1831/3263 3609/1834/3263 3646/1867/3263
f 3646/1867/3264 3635/1856/3264 3606/1831/3264
f 3625/1846/3265 3624/1845/3265 4157/2146/3265
f 4157/2146/3266 3654/1875/3266 3625/1846/3266
f 3627/1848/3267 3626/1847/3267 4168/2157/3267
f 4168/2157/3268 3639/1860/3268 3627/1848/3268
f 3635/1856/3269 3634/1855/3269 3563/1811/3269
f 3563/1811/3270 3606/1831/3270 3635/1856/3270
f 3648/1869/3271 3631/1852/3271 3555/1803/3271
f 3555/1803/3272 4169/2158/3272 3648/1869/3272
f 3650/1871/3273 3625/1846/3273 3654/1875/3273
f 3654/1875/3274 3560/1808/3274 3650/1871/3274
f 3652/1873/3275 3552/1800/3275 3630/1851/3275
f 3630/1851/3276 3676/1896/3276 3652/1873/3276
f 3658/1879/3277 3657/1878/3277 4166/2155/3277
f 4166/2155/3278 4170/2159/3278 3658/1879/3278
f 4162/2151/3279 3789/1946/3279 3779/1936/3279
f 3779/1936/3280 3646/1867/3280 4162/2151/3280
f 3638/1859/3281 3641/1862/3281 3644/1865/3281
f 3644/1865/3282 3643/1864/3282 3638/1859/3282
f 3565/1813/3283 3638/1859/3283 3643/1864/3283
f 3643/1864/3284 3570/1818/3284 3565/1813/3284
f 4171/2160/3285 4172/2161/3285 4166/2155/3285
f 4166/2155/3286 4165/2154/3286 4171/2160/3286
f 3793/1950/3287 4173/2162/3287 3675/1895/3287
f 3675/1895/3288 3614/1835/3288 3793/1950/3288
f 4173/2162/3289 3793/1950/3289 3707/1915/3289
f 3707/1915/3290 4171/2160/3290 4173/2162/3290
f 3707/1915/3291 3706/1914/3291 4172/2161/3291
f 4172/2161/3292 4171/2160/3292 3707/1915/3292
f 4174/2163/3293 3640/1861/3293 3639/1860/3293
f 3639/1860/3294 4175/2164/3294 4174/2163/3294
f 4176/1218/3295 4177/1221/3295 4178/1220/3295
f 4178/1220/3295 4179/1219/3295 4176/1218/3295
f 4180/1220/3296 4181/1221/3296 4176/1218/3296
f 4176/1218/3296 4179/1219/3296 4180/1220/3296
f 4182/1220/3297 4183/1221/3297 4184/1218/3297
f 4184/1218/3298 4185/1219/3298 4182/1220/3298
f 4184/1218/3299 4186/1221/3299 4187/1220/3299
f 4187/1220/3299 4185/1219/3299 4184/1218/3299
f 4188/1222/3300 4189/1225/3300 4190/1224/3300
f 4190/1224/3301 4191/1223/3301 4188/1222/3301
f 4192/1226/3302 4188/1222/3302 4191/1223/3302
f 4191/1223/3303 4193/1227/3303 4192/1226/3303
f 4194/1228/3304 4195/1229/3304 4190/1224/3304
f 4190/1224/3305 4189/1225/3305 4194/1228/3305
f 4196/1230/3306 4197/1233/3306 4198/1232/3306
f 4198/1232/3307 4199/1231/3307 4196/1230/3307
f 4200/1234/3308 4201/1235/3308 4195/1229/3308
f 4195/1229/3309 4194/1228/3309 4200/1234/3309
f 4192/1226/3310 4193/1227/3310 4197/1233/3310
f 4197/1233/3311 4196/1230/3311 4192/1226/3311
f 4202/2165/3312 4203/2166/3312 4204/268/3312
f 4204/268/3313 4205/267/3313 4202/2165/3313
f 4206/2167/3314 4207/2168/3314 4208/2169/3314
f 4208/2169/3315 4209/2170/3315 4206/2167/3315
f 4210/1242/3316 4211/1245/3316 4212/1244/3316
f 4212/1244/3317 4213/1243/3317 4210/1242/3317
f 4214/1246/3318 4215/1249/3318 4216/1248/3318
f 4216/1248/3319 4217/1247/3319 4214/1246/3319
f 4218/1250/3320 4219/1253/3320 4220/1252/3320
f 4220/1252/3321 4221/1251/3321 4218/1250/3321
f 4217/1247/3322 4216/1248/3322 4222/1254/3322
f 4222/1254/3323 281/137/3323 4217/1247/3323
f 4223/273/3324 4224/275/3324 4225/2171/3324
f 4225/2171/3325 4226/2172/3325 4223/273/3325
f 4215/1249/3326 4218/1250/3326 4221/1251/3326
f 4221/1251/3327 4216/1248/3327 4215/1249/3327
f 4227/1265/3328 4228/1268/3328 4229/1267/3328
f 4229/1267/3329 4230/1266/3329 4227/1265/3329
f 4231/1269/3330 4232/1272/3330 4233/1271/3330
f 4233/1271/3331 4234/1270/3331 4231/1269/3331
f 4228/1268/3332 4231/1269/3332 4234/1270/3332
f 4234/1270/3333 4229/1267/3333 4228/1268/3333
f 4235/2173/3334 4236/2174/3334 4237/2175/3334
f 4237/2175/3335 4202/2165/3335 4235/2173/3335
f 4202/2165/3336 4237/2175/3336 4238/2176/3336
f 4238/2176/3337 4203/2166/3337 4202/2165/3337
f 4221/1251/3338 4220/1252/3338 4239/1277/3338
f 4239/1277/3339 1387/299/3339 4221/1251/3339
f 4240/1278/3340 4241/1279/3340 4239/1277/3340
f 4239/1277/3341 4220/1252/3341 4240/1278/3341
f 4242/1280/3342 4240/1278/3342 4220/1252/3342
f 4220/1252/3343 4219/1253/3343 4242/1280/3343
f 4243/277/3344 4244/272/3344 4203/2166/3344
f 4203/2166/3345 4238/2176/3345 4243/277/3345
f 278/134/3346 4245/133/3346 4246/132/3346
f 4246/132/3347 4247/131/3347 278/134/3347
f 4248/225/3348 4249/228/3348 4250/1282/3348
f 4250/1282/3348 4251/1281/3348 4248/225/3348
f 4252/2177/3349 4253/2178/3349 4254/2179/3349
f 4254/2179/3350 4255/130/3350 4252/2177/3350
f 4235/2173/3351 4202/2165/3351 4205/267/3351
f 4205/267/3352 1381/499/3352 4235/2173/3352
f 4206/2167/3353 2145/546/3353 4256/2180/3353
f 4256/2180/3354 4207/2168/3354 4206/2167/3354
f 4213/1243/3355 4212/1244/3355 4257/1287/3355
f 4257/1287/3356 2146/230/3356 4213/1243/3356
f 1387/299/3357 4258/1288/3357 4216/1248/3357
f 4216/1248/3358 4221/1251/3358 1387/299/3358
f 4224/275/3359 4259/278/3359 4260/2181/3359
f 4260/2181/3360 4225/2171/3360 4224/275/3360
f 4230/1266/3361 4229/1267/3361 4214/1246/3361
f 4214/1246/3362 4261/1290/3362 4230/1266/3362
f 4229/1267/3363 4234/1270/3363 4215/1249/3363
f 4215/1249/3364 4214/1246/3364 4229/1267/3364
f 4234/1270/3365 4233/1271/3365 4218/1250/3365
f 4218/1250/3366 4215/1249/3366 4234/1270/3366
f 4219/1253/3367 4233/1271/3367 4232/1272/3367
f 4232/1272/3368 4242/1280/3368 4219/1253/3368
f 4262/1291/3369 4263/1294/3369 4264/1293/3369
f 4264/1293/3370 4265/1292/3370 4262/1291/3370
f 4266/1295/3371 4267/1296/3371 4263/1294/3371
f 4263/1294/3372 4262/1291/3372 4266/1295/3372
f 4268/1297/3373 4269/1300/3373 4270/1299/3373
f 4270/1299/3374 4271/1298/3374 4268/1297/3374
f 4269/1300/3375 4268/1297/3375 4272/1302/3375
f 4272/1302/3376 4273/1301/3376 4269/1300/3376
f 4274/228/3377 4275/225/3377 4276/1281/3377
f 4276/1281/3378 4277/1282/3378 4274/228/3378
f 1383/501/3379 1382/500/3379 4252/2177/3379
f 4252/2177/3380 4278/128/3380 1383/501/3380
f 1385/301/3381 4279/286/3381 4222/1254/3381
f 4222/1254/3382 4258/1288/3382 1385/301/3382
f 4280/2182/3383 4281/2183/3383 4282/2184/3383
f 4282/2184/3384 4283/2185/3384 4280/2182/3384
f 4208/2169/3385 4284/2186/3385 4285/2187/3385
f 4285/2187/3386 4255/130/3386 4208/2169/3386
f 281/137/3387 4286/1310/3387 4287/1309/3387
f 4287/1309/3388 4211/1245/3388 281/137/3388
f 4288/2188/3389 4289/2189/3389 4290/2190/3389
f 4290/2190/3390 4291/2191/3390 4288/2188/3390
f 4292/2192/3391 4293/2193/3391 4294/2192/3391
f 4294/2192/3392 4295/2194/3392 4292/2192/3392
f 4294/2192/3393 4293/2193/3393 4296/2195/3393
f 4296/2195/3394 4297/2193/3394 4294/2192/3394
f 4298/1319/3395 4299/1322/3395 4300/1321/3395
f 4300/1321/3396 4301/1320/3396 4298/1319/3396
f 4302/2196/3397 4303/2197/3397 4293/2193/3397
f 4293/2193/3398 4292/2192/3398 4302/2196/3398
f 4304/2198/3399 4305/2199/3399 4306/2200/3399
f 4306/2200/3400 4307/2201/3400 4304/2198/3400
f 4299/1322/3401 4308/1330/3401 4309/1329/3401
f 4309/1329/3402 4300/1321/3402 4299/1322/3402
f 4310/2202/3403 4311/2203/3403 4303/2197/3403
f 4303/2197/3404 4302/2196/3404 4310/2202/3404
f 4312/2204/3405 4313/2205/3405 4314/2206/3405
f 4314/2206/3406 4315/2207/3406 4312/2204/3406
f 4305/2199/3407 4282/2184/3407 4281/2183/3407
f 4281/2183/3407 4306/2200/3407 4305/2199/3407
f 4308/1330/3408 4287/1309/3408 4286/1310/3408
f 4286/1310/3409 4309/1329/3409 4308/1330/3409
f 4310/2202/3410 4285/2187/3410 4284/2186/3410
f 4284/2186/3411 4311/2203/3411 4310/2202/3411
f 4313/2205/3412 4291/2191/3412 4290/2190/3412
f 4290/2190/3413 4314/2206/3413 4313/2205/3413
f 4316/2208/3414 4317/2209/3414 4307/2201/3414
f 4307/2201/3415 4318/2210/3415 4316/2208/3415
f 4304/2198/3416 4317/2209/3416 4319/2211/3416
f 4319/2211/3417 4320/2212/3417 4304/2198/3417
f 4321/2213/3418 4322/2214/3418 4312/2204/3418
f 4312/2204/3419 4323/2215/3419 4321/2213/3419
f 4315/2207/3420 4324/2216/3420 4325/2217/3420
f 4325/2217/3421 4323/2215/3421 4315/2207/3421
f 4318/2210/3422 4307/2201/3422 4306/2200/3422
f 4306/2200/3423 4326/2218/3423 4318/2210/3423
f 4305/2199/3424 4304/2198/3424 4320/2212/3424
f 4320/2212/3425 4327/2219/3425 4305/2199/3425
f 4322/2214/3426 4328/2220/3426 4313/2205/3426
f 4313/2205/3427 4312/2204/3427 4322/2214/3427
f 4314/2206/3428 4329/2221/3428 4324/2216/3428
f 4324/2216/3429 4315/2207/3429 4314/2206/3429
f 4326/2218/3430 4306/2200/3430 4281/2183/3430
f 4281/2183/3431 4330/2222/3431 4326/2218/3431
f 4282/2184/3432 4305/2199/3432 4327/2219/3432
f 4327/2219/3433 4331/2223/3433 4282/2184/3433
f 4328/2220/3434 4332/2224/3434 4291/2191/3434
f 4291/2191/3435 4313/2205/3435 4328/2220/3435
f 4290/2190/3436 4333/2225/3436 4329/2221/3436
f 4329/2221/3437 4314/2206/3437 4290/2190/3437
f 1381/499/3438 4205/267/3438 4253/2178/3438
f 4253/2178/3439 1382/500/3439 1381/499/3439
f 4334/1355/3440 4335/1357/3440 4336/1356/3440
f 4336/1356/3441 4337/89/3441 4334/1355/3441
f 4254/2179/3442 4338/2226/3442 4339/2227/3442
f 4339/2227/3443 4209/2170/3443 4254/2179/3443
f 4340/1360/3444 4341/1363/3444 4342/1362/3444
f 4342/1362/3445 4343/1361/3445 4340/1360/3445
f 4344/1364/3446 4345/1365/3446 4342/1362/3446
f 4342/1362/3447 4341/1363/3447 4344/1364/3447
f 4342/1362/3448 4345/1365/3448 4346/1367/3448
f 4346/1367/3449 4347/1366/3449 4342/1362/3449
f 4343/1361/3450 4342/1362/3450 4347/1366/3450
f 4347/1366/3451 4348/1368/3451 4343/1361/3451
f 4349/1369/3452 4350/1372/3452 4351/1371/3452
f 4351/1371/3453 4352/1370/3453 4349/1369/3453
f 4353/1373/3454 4354/1376/3454 4355/1375/3454
f 4355/1375/3455 4356/1374/3455 4353/1373/3455
f 4357/1377/3456 4358/1380/3456 4359/1379/3456
f 4359/1379/3457 4360/1378/3457 4357/1377/3457
f 4357/1377/3458 4360/1378/3458 4361/1382/3458
f 4361/1382/3459 4362/1381/3459 4357/1377/3459
f 4363/1383/3460 4364/1385/3460 4365/1385/3460
f 4365/1385/3461 4366/1384/3461 4363/1383/3461
f 4367/1386/3462 4368/1386/3462 4369/1387/3462
f 4369/1387/3463 4370/1387/3463 4367/1386/3463
f 4354/1376/3464 4343/1361/3464 4348/1368/3464
f 4348/1368/3465 4355/1375/3465 4354/1376/3465
f 4358/1380/3466 4346/1367/3466 4351/1371/3466
f 4351/1371/3467 4366/1384/3467 4358/1380/3467
f 4359/1379/3468 4358/1380/3468 4366/1384/3468
f 4366/1384/3469 4365/1385/3469 4359/1379/3469
f 4368/1386/3470 4362/1381/3470 4361/1382/3470
f 4361/1382/3471 4369/1387/3471 4368/1386/3471
f 4343/1361/3472 4354/1376/3472 4371/1388/3472
f 4371/1388/3473 4340/1360/3473 4343/1361/3473
f 4345/1365/3474 4344/1364/3474 4372/1389/3474
f 4372/1389/3475 4352/1370/3475 4345/1365/3475
f 4373/1390/3476 4371/1388/3476 4354/1376/3476
f 4354/1376/3477 4353/1373/3477 4373/1390/3477
f 4374/1391/3478 4349/1369/3478 4352/1370/3478
f 4352/1370/3479 4372/1389/3479 4374/1391/3479
f 4347/1366/3480 4346/1367/3480 4358/1380/3480
f 4358/1380/3481 4357/1377/3481 4347/1366/3481
f 4348/1368/3482 4347/1366/3482 4357/1377/3482
f 4357/1377/3483 4362/1381/3483 4348/1368/3483
f 4350/1372/3484 4363/1383/3484 4366/1384/3484
f 4366/1384/3485 4351/1371/3485 4350/1372/3485
f 4356/1374/3486 4355/1375/3486 4368/1386/3486
f 4368/1386/3487 4367/1386/3487 4356/1374/3487
f 4355/1375/3488 4348/1368/3488 4362/1381/3488
f 4362/1381/3489 4368/1386/3489 4355/1375/3489
f 4346/1367/3490 4345/1365/3490 4352/1370/3490
f 4352/1370/3491 4351/1371/3491 4346/1367/3491
f 4375/1392/3492 4376/1395/3492 4377/1394/3492
f 4377/1394/3493 4378/1393/3493 4375/1392/3493
f 4379/1396/3494 4380/1399/3494 4381/1398/3494
f 4381/1398/3494 4382/1397/3494 4379/1396/3494
f 4383/1400/3495 4380/1399/3495 4379/1396/3495
f 4379/1396/3495 4384/1401/3495 4383/1400/3495
f 4385/1402/3496 4386/1405/3496 4387/1404/3496
f 4387/1404/3497 4388/1403/3497 4385/1402/3497
f 4376/1395/3498 4375/1392/3498 4382/1397/3498
f 4382/1397/3499 4381/1398/3499 4376/1395/3499
f 4384/1401/3500 4387/1404/3500 4386/1405/3500
f 4386/1405/3501 4383/1400/3501 4384/1401/3501
f 4389/1406/2040 4390/1409/2040 4391/1408/2040
f 4391/1408/3502 4392/1407/3502 4389/1406/3502
f 4393/1410/2042 4394/1412/2042 4395/1411/2042
f 4395/1411/2041 4391/1408/2041 4393/1410/2041
f 4396/2228/3503 4397/2229/3503 4398/2230/3503
f 4398/2230/3504 4399/2231/3504 4396/2228/3504
f 4400/2232/3505 4396/2228/3505 4399/2231/3505
f 4399/2231/3506 4401/2233/3506 4400/2232/3506
f 4402/2234/3507 4403/2235/3507 4404/2236/3507
f 4404/2236/3508 4405/2237/3508 4402/2234/3508
f 4406/2238/3509 4407/2239/3509 4408/2240/3509
f 4408/2240/3510 4409/2241/3510 4406/2238/3510
f 4410/2242/3511 4411/2243/3511 4412/2244/3511
f 4412/2244/3512 4413/2245/3512 4410/2242/3512
f 4410/2242/3513 4413/2245/3513 4414/2246/3513
f 4414/2246/3514 4415/2247/3514 4410/2242/3514
f 4416/2248/3515 4417/2249/3515 4418/2249/3515
f 4418/2249/3516 4419/2250/3516 4416/2248/3516
f 4420/2251/3517 4421/2251/3517 4422/2252/3517
f 4422/2252/3518 4423/2252/3518 4420/2251/3518
f 4407/2239/3519 4400/2232/3519 4401/2233/3519
f 4401/2233/3520 4408/2240/3520 4407/2239/3520
f 4411/2243/3521 4398/2230/3521 4404/2236/3521
f 4404/2236/3522 4419/2250/3522 4411/2243/3522
f 4412/2244/3523 4411/2243/3523 4419/2250/3523
f 4419/2250/3524 4418/2249/3524 4412/2244/3524
f 4421/2251/3525 4415/2247/3525 4414/2246/3525
f 4414/2246/3526 4422/2252/3526 4421/2251/3526
f 4400/2232/3527 4407/2239/3527 4424/1405/3527
f 4424/1405/3528 4425/1400/3528 4400/2232/3528
f 4397/2229/3529 4426/1398/3529 4427/1395/3529
f 4427/1395/3530 4405/2237/3530 4397/2229/3530
f 4428/1402/3531 4424/1405/3531 4407/2239/3531
f 4407/2239/3532 4406/2238/3532 4428/1402/3532
f 4425/1400/3533 4429/1399/3533 4396/2228/3533
f 4396/2228/3534 4400/2232/3534 4425/1400/3534
f 4426/1398/3535 4397/2229/3535 4396/2228/3535
f 4396/2228/3536 4429/1399/3536 4426/1398/3536
f 4430/1394/3537 4402/2234/3537 4405/2237/3537
f 4405/2237/3538 4427/1395/3538 4430/1394/3538
f 4399/2231/3539 4398/2230/3539 4411/2243/3539
f 4411/2243/3540 4410/2242/3540 4399/2231/3540
f 4401/2233/3541 4399/2231/3541 4410/2242/3541
f 4410/2242/3542 4415/2247/3542 4401/2233/3542
f 4403/2235/3543 4416/2248/3543 4419/2250/3543
f 4419/2250/3544 4404/2236/3544 4403/2235/3544
f 4409/2241/3545 4408/2240/3545 4421/2251/3545
f 4421/2251/3546 4420/2251/3546 4409/2241/3546
f 4408/2240/3547 4401/2233/3547 4415/2247/3547
f 4415/2247/3548 4421/2251/3548 4408/2240/3548
f 4398/2230/3549 4397/2229/3549 4405/2237/3549
f 4405/2237/3550 4404/2236/3550 4398/2230/3550
f 4431/1404/3551 4424/1405/3551 4428/1402/3551
f 4428/1402/3552 4432/1403/3552 4431/1404/3552
f 4433/1396/3553 4429/1399/3553 4425/1400/3553
f 4425/1400/3554 4434/1401/3554 4433/1396/3554
f 4426/1398/3555 4429/1399/3555 4433/1396/3555
f 4433/1396/3556 4435/1397/3556 4426/1398/3556
f 4430/1394/3557 4427/1395/3557 4436/1392/3557
f 4436/1392/3558 4437/1393/3558 4430/1394/3558
f 4424/1405/3559 4431/1404/3559 4434/1401/3559
f 4434/1401/3560 4425/1400/3560 4424/1405/3560
f 4435/1397/3561 4436/1392/3561 4427/1395/3561
f 4427/1395/3562 4426/1398/3562 4435/1397/3562
f 4438/1409/2103 4439/1406/2103 4440/1446/2103
f 4440/1446/2103 4441/1445/2103 4438/1409/2103
f 4442/1447/2105 4443/1449/2105 4444/1448/2105
f 4444/1448/3563 4440/1446/3563 4442/1447/3563
f 4445/1450/2106 4446/1453/2106 4447/1452/2106
f 4447/1452/2106 4448/1451/2106 4445/1450/2106
f 4449/1454/66 4450/1457/66 4451/1456/66
f 4451/1456/66 4452/1455/66 4449/1454/66
f 4453/1458/26 4454/1461/26 4455/1460/26
f 4455/1460/26 4456/1459/26 4453/1458/26
f 4457/1462/3564 4458/1463/3564 4450/1457/3564
f 4450/1457/3565 4449/1454/3565 4457/1462/3565
f 4459/1464/2109 4460/1467/2109 4461/1466/2109
f 4461/1466/2109 4462/1465/2109 4459/1464/2109
f 4463/1468/3566 4464/1470/3566 4455/1460/3566
f 4455/1460/3566 4465/1469/3566 4463/1468/3566
f 4466/1471/3567 4467/1474/3567 4468/1473/3567
f 4468/1473/3567 4469/1472/3567 4466/1471/3567
f 4470/1475/3568 4471/1477/3568 4472/1476/3568
f 4472/1476/3569 4452/1455/3569 4470/1475/3569
f 4473/1478/3570 4474/1480/3570 4453/1458/3570
f 4453/1458/3570 4475/1479/3570 4473/1478/3570
f 4454/1461/3571 4476/1481/3571 4465/1469/3571
f 4465/1469/3572 4455/1460/3572 4454/1461/3572
f 4456/1459/26 4455/1460/26 4464/1470/26
f 4464/1470/26 4477/1482/26 4456/1459/26
f 4478/1483/2109 4479/1484/2109 4459/1464/2109
f 4459/1464/2109 4462/1465/2109 4478/1483/2109
f 4452/1455/3573 4451/1456/3573 4480/1485/3573
f 4480/1485/3574 4470/1475/3574 4452/1455/3574
f 4481/1486/3575 4456/1459/3575 4477/1482/3575
f 4477/1482/3576 4482/1487/3576 4481/1486/3576
f 4452/1455/66 4472/1476/66 4467/1474/66
f 4467/1474/66 4449/1454/66 4452/1455/66
f 4472/1476/3577 4483/1489/3577 4484/1488/3577
f 4484/1488/3578 4467/1474/3578 4472/1476/3578
f 4485/1490/3579 4486/1491/3579 4454/1461/3579
f 4454/1461/3580 4453/1458/3580 4485/1490/3580
f 4468/1473/3581 4467/1474/3581 4484/1488/3581
f 4484/1488/3582 4487/1492/3582 4468/1473/3582
f 4483/1489/3583 4472/1476/3583 4471/1477/3583
f 4471/1477/3584 4488/1493/3584 4483/1489/3584
f 4485/1490/3585 4453/1458/3585 4474/1480/3585
f 4474/1480/3586 4489/1494/3586 4485/1490/3586
f 4476/1481/3587 4454/1461/3587 4486/1491/3587
f 4486/1491/3588 4490/1495/3588 4476/1481/3588
f 4338/2226/3589 4491/2253/3589 4223/273/3589
f 4223/273/3590 4226/2172/3590 4338/2226/3590
f 4217/1247/3591 4492/1497/3591 4261/1290/3591
f 4261/1290/3592 4214/1246/3592 4217/1247/3592
f 4493/1522/3593 4494/1525/3593 4495/1524/3593
f 4495/1524/3594 4496/1523/3594 4493/1522/3594
f 4493/1522/3595 182/113/3595 4497/112/3595
f 4497/112/3596 4494/1525/3596 4493/1522/3596
f 4498/1526/3597 183/114/3597 182/113/3597
f 182/113/3598 4493/1522/3598 4498/1526/3598
f 4499/2254/3599 4500/2255/3599 4501/2256/3599
f 4501/2256/3600 4502/2257/3600 4499/2254/3600
f 4503/2258/3601 4504/2259/3601 4505/2260/3601
f 4505/2260/3602 4506/2261/3602 4503/2258/3602
f 4500/2255/3603 4504/2259/3603 4503/2258/3603
f 4503/2258/3604 4501/2256/3604 4500/2255/3604
f 4501/2256/3605 4503/2258/3605 4507/2262/3605
f 4507/2262/3606 187/118/3606 4501/2256/3606
f 4503/2258/3607 4506/2261/3607 4508/2263/3607
f 4508/2263/3608 4509/2264/3608 4503/2258/3608
f 4503/2258/3609 4509/2264/3609 4510/116/3609
f 4510/116/3610 4507/2262/3610 4503/2258/3610
f 196/126/3611 195/125/3611 194/124/3611
f 194/124/3612 193/123/3612 196/126/3612
f 4511/1540/3613 4512/1542/3613 4498/1526/3613
f 4498/1526/3614 4513/1541/3614 4511/1540/3614
f 4514/1543/3615 4515/1544/3615 4493/1522/3615
f 4493/1522/3616 4496/1523/3616 4514/1543/3616
f 4513/1541/3617 4498/1526/3617 4493/1522/3617
f 4493/1522/3618 4515/1544/3618 4513/1541/3618
f 4518/2265/66 4519/2266/66 4516/2267/66
f 4521/2268/407 4516/2267/407 4519/2266/407
f 4522/1551/2109 4523/1554/2109 4524/1553/2109
f 4524/1553/2109 4525/1552/2109 4522/1551/2109
f 4526/1556/26 4528/1558/26 4529/1557/26
f 4529/1557/26 4527/1555/26 4526/1556/26
f 4531/1559/417 4529/1557/417 4528/1558/417
f 4533/2269/422 4518/2265/422 4517/2270/422
f 4517/2270/422 4534/2271/422 4533/2269/422
f 4536/2272/2219 4537/2273/2219 4538/2274/2219
f 4538/2274/2219 4539/2275/2219 4536/2272/2219
f 4540/2276/2220 4541/2277/2220 4542/2278/2220
f 4539/2275/3619 4544/2279/3619 4545/2280/3619
f 4545/2280/3620 4536/2272/3620 4539/2275/3620
f 4550/1573/2213 4551/1721/2213 4548/1575/2213
f 4549/1574/3621 4556/1581/3621 4557/1580/3621
f 4559/1582/3622 4554/1578/3622 4553/1579/3622
f 4560/1589/3623 4564/1588/3623 4565/1587/3623
f 4565/1587/3624 4561/1584/3624 4560/1589/3624
f 4562/1586/3625 4566/1591/3625 4567/1590/3625
f 4576/2281/3626 4577/2282/3626 4578/2283/3626
f 4579/2284/2228 4580/2285/2228 4581/2286/2228
f 4581/2286/3627 4576/2281/3627 4579/2284/3627
f 4582/1605/2227 4583/1604/2227 4584/1603/2227
f 4584/1603/2227 4585/1634/2227 4582/1605/2227
f 4583/1604/3628 4586/1607/3628 4587/1606/3628
f 4587/1606/2329 4584/1603/2329 4583/1604/2329
f 4586/1607/3629 4588/1611/3629 4589/1608/3629
f 4589/1608/3629 4587/1606/3629 4586/1607/3629
f 4603/1623/3630 4606/1626/3630 4607/1625/3630
f 4607/1625/3631 4604/1622/3631 4603/1623/3631
f 4606/1626/3632 4608/1638/3632 4609/1627/3632
f 4612/2287/2241 4613/2288/2241 4614/2289/2241
f 4614/2289/2241 4615/2290/2241 4612/2287/2241
f 4597/2291/3633 4614/2289/3633 4613/2288/3633
f 4519/2266/3634 4518/2265/3634 4597/2291/3634
f 4597/2291/3634 4596/2292/3634 4519/2266/3634
f 4596/2292/3635 4601/2293/3635 4520/2294/3635
f 4516/2267/3636 4521/2268/3636 4580/2285/3636
f 4580/2285/3637 4579/2284/3637 4516/2267/3637
f 4605/1632/2247 4604/1622/2247 4523/1554/2247
f 4523/1554/2247 4522/1551/2247 4605/1632/2247
f 4524/1553/3638 4527/1555/3638 4586/1607/3638
f 4586/1607/3639 4583/1604/3639 4524/1553/3639
f 4607/1625/3640 4609/1627/3640 4528/1558/3640
f 4528/1558/3640 4526/1556/3640 4607/1625/3640
f 4527/1555/3641 4529/1557/3641 4588/1611/3641
f 4588/1611/3641 4586/1607/3641 4527/1555/3641
f 4609/1627/3642 4611/1723/3642 4530/1560/3642
f 4530/1560/3643 4528/1558/3643 4609/1627/3643
f 4590/1610/3644 4588/1611/3644 4529/1557/3644
f 4533/2269/2343 4532/2295/2343 4615/2290/2343
f 4576/2281/3645 4581/2286/3645 4546/2296/3645
f 4546/2296/2256 4543/2297/2256 4576/2281/2256
f 4558/1583/3646 4553/1579/3646 4584/1603/3646
f 4589/1608/3647 4591/1609/3647 4566/1591/3647
f 4573/2298/2259 4572/2299/2259 4595/2300/2259
f 4542/2278/3648 4573/2298/3648 4594/2301/3648
f 4600/2302/3649 4599/2303/3649 4536/2272/3649
f 4603/1623/2351 4602/1624/2351 4551/1721/2351
f 4550/1573/3650 4557/1580/3650 4606/1626/3650
f 4606/1626/3651 4603/1623/3651 4550/1573/3651
f 4608/1638/2262 4606/1626/2262 4557/1580/2262
f 4571/2304/2356 4570/2305/2356 4613/2288/2356
f 4570/2305/3652 4537/2273/3652 4598/2306/3652
f 4622/2307/3653 4623/2308/3653 4624/2309/3653
f 4625/1701/2109 4626/1642/2109 4627/1643/2109
f 4627/1643/2109 4628/1702/2109 4625/1701/2109
f 4626/1642/3654 4629/1645/3654 4630/1644/3654
f 4630/1644/3654 4627/1643/3654 4626/1642/3654
f 4629/1645/26 4631/1704/26 4632/1706/26
f 4616/2310/2106 4637/2311/2106 4635/2312/2106
f 4636/2313/3655 4621/2314/3655 4617/2315/3655
f 4617/2315/3655 4616/2310/3655 4636/2313/3655
f 4650/1660/3656 4651/1663/3656 4652/1662/3656
f 4651/1663/3657 4658/1665/3657 4659/1664/3657
f 4659/1664/3658 4652/1662/3658 4651/1663/3658
f 4655/1666/3659 4660/1669/3659 4661/1668/3659
f 4661/1668/3660 4656/1667/3660 4655/1666/3660
f 4671/2316/3661 4640/2317/3661 4639/2318/3661
f 4639/2318/3662 4672/2319/3662 4671/2316/3662
f 4675/2320/3663 4644/2321/3663 4643/2322/3663
f 4643/2322/3664 4676/2323/3664 4675/2320/3664
f 4678/2324/2288 4679/2325/2288 4618/2326/2288
f 4618/2326/2288 4680/2327/2288 4678/2324/2288
f 4689/1705/3665 4691/1739/3665 4692/1711/3665
f 4692/1711/3666 4690/1684/3666 4689/1705/3666
f 4693/2328/2381 4619/2329/2381 4694/2330/2381
f 4694/2330/2381 4695/2331/2381 4693/2328/2381
f 4619/2329/3667 4618/2326/3667 4679/2325/3667
f 4679/2325/3668 4694/2330/3668 4619/2329/3668
f 4696/2332/3669 4697/2333/3669 4698/2334/3669
f 4698/2334/3669 4699/2335/3669 4696/2332/3669
f 4703/1688/3670 4706/1693/3670 4707/1690/3670
f 4706/1693/3671 4708/1692/3671 4709/1691/3671
f 4709/1691/3671 4707/1690/3671 4706/1693/3671
f 4708/1692/3672 4710/1695/3672 4711/1694/3672
f 4711/1694/3673 4709/1691/3673 4708/1692/3673
f 4712/2336/2295 4713/2337/2295 4714/2338/2295
f 4713/2337/3674 4698/2334/3674 4697/2333/3674
f 4680/2327/3675 4618/2326/3675 4617/2315/3675
f 4617/2315/3675 4620/2339/3675 4680/2327/3675
f 4681/2340/3676 4680/2327/3676 4620/2339/3676
f 4627/1643/3677 4630/1644/3677 4687/1683/3677
f 4687/1683/3678 4684/1680/3678 4627/1643/3678
f 4631/1704/3679 4629/1645/3679 4707/1690/3679
f 4689/1705/3680 4687/1683/3680 4630/1644/3680
f 4636/2313/2303 4635/2312/2303 4715/2341/2303
f 4637/2311/999 4616/2310/999 4619/2329/999
f 4621/2314/3681 4636/2313/3681 4714/2338/3681
f 4645/2342/3682 4644/2321/3682 4679/2325/3682
f 4678/2324/3683 4682/2343/3683 4648/2344/3683
f 4686/1738/2405 4685/1681/2405 4655/1666/2405
f 4660/1669/3684 4655/1666/3684 4685/1681/3684
f 4690/1684/3685 4692/1711/3685 4668/1710/3685
f 4668/1710/3686 4664/1709/3686 4690/1684/3686
f 4695/2331/2309 4694/2330/2309 4675/2320/2309
f 4675/2320/2308 4674/2345/2308 4695/2331/2308
f 4694/2330/3687 4679/2325/3687 4644/2321/3687
f 4644/2321/3688 4675/2320/3688 4694/2330/3688
f 4699/2335/3689 4698/2334/3689 4639/2318/3689
f 4639/2318/3689 4638/2346/3689 4699/2335/3689
f 4638/2346/3690 4647/2347/3690 4700/2348/3690
f 4700/2348/3691 4699/2335/3691 4638/2346/3691
f 4653/1661/2312 4652/1662/2312 4703/1688/2312
f 4703/1688/2312 4702/1689/2312 4653/1661/2312
f 4706/1693/3692 4703/1688/3692 4652/1662/3692
f 4708/1692/3693 4706/1693/3693 4659/1664/3693
f 4710/1695/3694 4708/1692/3694 4663/1670/3694
f 4713/2337/2318 4712/2336/2318 4673/2349/2318
f 4698/2334/3695 4713/2337/3695 4672/2319/3695
f 4516/2267/66 4517/2270/66 4518/2265/66
f 4519/2266/407 4520/2294/407 4521/2268/407
f 4523/1554/412 4526/1556/412 4527/1555/412
f 4527/1555/412 4524/1553/412 4523/1554/412
f 4528/1558/417 4530/1560/417 4531/1559/417
f 4532/2295/2106 4533/2269/2106 4534/2271/2106
f 4534/2271/2106 4535/2350/2106 4532/2295/2106
f 4542/2278/2220 4543/2297/2220 4540/2276/2220
f 4543/2297/3696 4546/2296/3696 4547/2351/3696
f 4547/2351/2218 4540/2276/2218 4543/2297/2218
f 4548/1575/2213 4549/1574/2213 4550/1573/2213
f 4552/1576/2214 4553/1579/2214 4554/1578/2214
f 4554/1578/2214 4555/1577/2214 4552/1576/2214
f 4557/1580/3697 4550/1573/3697 4549/1574/3697
f 4553/1579/2211 4558/1583/2211 4559/1582/2211
f 4556/1581/2209 4560/1589/2209 4561/1584/2209
f 4561/1584/2209 4557/1580/2209 4556/1581/2209
f 4558/1583/2210 4562/1586/2210 4563/1585/2210
f 4563/1585/2210 4559/1582/2210 4558/1583/2210
f 4567/1590/3698 4563/1585/3698 4562/1586/3698
f 4568/2352/2223 4569/2353/2223 4570/2305/2223
f 4570/2305/2223 4571/2304/2223 4568/2352/2223
f 4572/2299/2225 4573/2298/2225 4574/2354/2225
f 4574/2354/2224 4575/2355/2224 4572/2299/2224
f 4569/2353/3699 4538/2274/3699 4537/2273/3699
f 4537/2273/3700 4570/2305/3700 4569/2353/3700
f 4573/2298/3701 4542/2278/3701 4541/2277/3701
f 4541/2277/3702 4574/2354/3702 4573/2298/3702
f 4578/2283/3626 4579/2284/3626 4576/2281/3626
f 4588/1611/3703 4590/1610/3703 4591/1609/3703
f 4591/1609/3704 4589/1608/3704 4588/1611/3704
f 4592/2356/2233 4593/2357/2233 4594/2301/2233
f 4594/2301/2232 4595/2300/2232 4592/2356/2232
f 4593/2357/3705 4578/2283/3705 4577/2282/3705
f 4577/2282/3706 4594/2301/3706 4593/2357/3706
f 4596/2292/3707 4597/2291/3707 4598/2306/3707
f 4598/2306/3707 4599/2303/3707 4596/2292/3707
f 4599/2303/3708 4600/2302/3708 4601/2293/3708
f 4601/2293/3709 4596/2292/3709 4599/2303/3709
f 4602/1624/2237 4603/1623/2237 4604/1622/2237
f 4604/1622/2237 4605/1632/2237 4602/1624/2237
f 4609/1627/3632 4607/1625/3632 4606/1626/3632
f 4608/1638/3710 4610/1724/3710 4611/1723/3710
f 4611/1723/3711 4609/1627/3711 4608/1638/3711
f 4613/2288/3712 4598/2306/3712 4597/2291/3712
f 4579/2284/3713 4578/2283/3713 4517/2270/3713
f 4517/2270/3713 4516/2267/3713 4579/2284/3713
f 4520/2294/3714 4519/2266/3714 4596/2292/3714
f 4525/1552/2248 4524/1553/2248 4583/1604/2248
f 4583/1604/2248 4582/1605/2248 4525/1552/2248
f 4604/1622/3715 4607/1625/3715 4526/1556/3715
f 4526/1556/3715 4523/1554/3715 4604/1622/3715
f 4529/1557/3644 4531/1559/3644 4590/1610/3644
f 4615/2290/2343 4614/2289/2343 4533/2269/2343
f 4535/2350/2252 4534/2271/2252 4593/2357/2252
f 4593/2357/2252 4592/2356/2252 4535/2350/2252
f 4614/2289/3716 4597/2291/3716 4518/2265/3716
f 4518/2265/3717 4533/2269/3717 4614/2289/3717
f 4534/2271/3718 4517/2270/3718 4578/2283/3718
f 4578/2283/3718 4593/2357/3718 4534/2271/3718
f 4543/2297/2257 4542/2278/2257 4577/2282/2257
f 4577/2282/2257 4576/2281/2257 4543/2297/2257
f 4585/1634/2255 4584/1603/2255 4553/1579/2255
f 4553/1579/2255 4552/1576/2255 4585/1634/2255
f 4584/1603/2254 4587/1606/2254 4558/1583/2254
f 4587/1606/2253 4589/1608/2253 4562/1586/2253
f 4562/1586/2253 4558/1583/2253 4587/1606/2253
f 4566/1591/3719 4562/1586/3719 4589/1608/3719
f 4595/2300/2259 4594/2301/2259 4573/2298/2259
f 4594/2301/3720 4577/2282/3720 4542/2278/3720
f 4599/2303/2265 4598/2306/2265 4537/2273/2265
f 4537/2273/2266 4536/2272/2266 4599/2303/2266
f 4536/2272/3721 4545/2280/3721 4600/2302/3721
f 4551/1721/2351 4550/1573/2351 4603/1623/2351
f 4557/1580/2261 4561/1584/2261 4608/1638/2261
f 4561/1584/3722 4565/1587/3722 4610/1724/3722
f 4610/1724/3723 4608/1638/3723 4561/1584/3723
f 4613/2288/2356 4612/2287/2356 4571/2304/2356
f 4598/2306/3724 4613/2288/3724 4570/2305/3724
f 4616/2310/3725 4617/2315/3725 4618/2326/3725
f 4618/2326/2398 4619/2329/2398 4616/2310/2398
f 4620/2339/66 4617/2315/66 4621/2314/66
f 4621/2314/66 4622/2307/66 4620/2339/66
f 4624/2309/3726 4620/2339/3726 4622/2307/3726
f 4632/1706/26 4630/1644/26 4629/1645/26
f 4631/1704/3727 4633/1707/3727 4634/1729/3727
f 4634/1729/3727 4632/1706/3727 4631/1704/3727
f 4635/2312/2106 4636/2313/2106 4616/2310/2106
f 4638/2346/3728 4639/2318/3728 4640/2317/3728
f 4640/2317/3729 4641/2358/3729 4638/2346/3729
f 4642/2359/2367 4643/2322/2367 4644/2321/2367
f 4644/2321/2367 4645/2342/2367 4642/2359/2367
f 4641/2358/3730 4646/2360/3730 4647/2347/3730
f 4647/2347/3730 4638/2346/3730 4641/2358/3730
f 4645/2342/3731 4648/2344/3731 4649/2361/3731
f 4649/2361/3732 4642/2359/3732 4645/2342/3732
f 4652/1662/2275 4653/1661/2275 4650/1660/2275
f 4654/1731/3733 4655/1666/3733 4656/1667/3733
f 4656/1667/2363 4657/1732/2363 4654/1731/2363
f 4658/1665/3734 4662/1671/3734 4663/1670/3734
f 4663/1670/3735 4659/1664/3735 4658/1665/3735
f 4660/1669/2271 4664/1709/2271 4665/1733/2271
f 4665/1733/3736 4661/1668/3736 4660/1669/3736
f 4662/1671/3737 4666/1673/3737 4667/1672/3737
f 4667/1672/3738 4663/1670/3738 4662/1671/3738
f 4664/1709/3739 4668/1710/3739 4669/1734/3739
f 4669/1734/3740 4665/1733/3740 4664/1709/3740
f 4670/2362/2283 4671/2316/2283 4672/2319/2283
f 4672/2319/2370 4673/2349/2370 4670/2362/2370
f 4674/2345/2372 4675/2320/2372 4676/2323/2372
f 4676/2323/2372 4677/2363/2372 4674/2345/2372
f 4680/2327/3741 4681/2340/3741 4682/2343/3741
f 4682/2343/3742 4678/2324/3742 4680/2327/3742
f 4683/1703/2378 4684/1680/2378 4685/1681/2378
f 4685/1681/2378 4686/1738/2378 4683/1703/2378
f 4684/1680/3743 4687/1683/3743 4688/1682/3743
f 4688/1682/3744 4685/1681/3744 4684/1680/3744
f 4687/1683/2285 4689/1705/2285 4690/1684/2285
f 4690/1684/2285 4688/1682/2285 4687/1683/2285
f 4699/2335/3745 4700/2348/3745 4701/2364/3745
f 4701/2364/3746 4696/2332/3746 4699/2335/3746
f 4702/1689/2290 4703/1688/2290 4704/1687/2290
f 4704/1687/2290 4705/1700/2290 4702/1689/2290
f 4707/1690/3747 4704/1687/3747 4703/1688/3747
f 4714/2338/2295 4715/2341/2295 4712/2336/2295
f 4697/2333/3748 4714/2338/3748 4713/2337/3748
f 4622/2307/3749 4621/2314/3749 4697/2333/3749
f 4697/2333/3749 4696/2332/3749 4622/2307/3749
f 4696/2332/3750 4701/2364/3750 4623/2308/3750
f 4623/2308/3751 4622/2307/3751 4696/2332/3751
f 4620/2339/3752 4624/2309/3752 4681/2340/3752
f 4705/1700/2297 4704/1687/2297 4626/1642/2297
f 4626/1642/2297 4625/1701/2297 4705/1700/2297
f 4628/1702/2298 4627/1643/2298 4684/1680/2298
f 4684/1680/2298 4683/1703/2298 4628/1702/2298
f 4704/1687/3753 4707/1690/3753 4629/1645/3753
f 4629/1645/3754 4626/1642/3754 4704/1687/3754
f 4707/1690/3679 4709/1691/3679 4631/1704/3679
f 4630/1644/3680 4632/1706/3680 4689/1705/3680
f 4709/1691/3755 4711/1694/3755 4633/1707/3755
f 4633/1707/3756 4631/1704/3756 4709/1691/3756
f 4632/1706/3757 4634/1729/3757 4691/1739/3757
f 4691/1739/2358 4689/1705/2358 4632/1706/2358
f 4715/2341/2303 4714/2338/2303 4636/2313/2303
f 4619/2329/999 4693/2328/999 4637/2311/999
f 4714/2338/3758 4697/2333/3758 4621/2314/3758
f 4679/2325/3759 4678/2324/3759 4645/2342/3759
f 4648/2344/3760 4645/2342/3760 4678/2324/3760
f 4655/1666/2405 4654/1731/2405 4686/1738/2405
f 4685/1681/3761 4688/1682/3761 4660/1669/3761
f 4688/1682/3762 4690/1684/3762 4664/1709/3762
f 4664/1709/3763 4660/1669/3763 4688/1682/3763
f 4652/1662/3764 4659/1664/3764 4706/1693/3764
f 4659/1664/3765 4663/1670/3765 4708/1692/3765
f 4663/1670/3766 4667/1672/3766 4710/1695/3766
f 4673/2349/2318 4672/2319/2318 4713/2337/2318
f 4672/2319/3767 4639/2318/3767 4698/2334/3767
f 4716/1745/66 4717/1748/66 4718/1747/66
f 4718/1747/66 4719/1746/66 4716/1745/66
f 4720/1749/66 4721/1751/66 4716/1745/66
f 4716/1745/66 4722/1750/66 4720/1749/66
f 4723/1752/26 4724/1755/26 4725/1754/26
f 4725/1754/26 4726/1753/26 4723/1752/26
f 4725/1754/26 4727/1758/26 4728/1757/26
f 4728/1757/26 4729/1756/26 4725/1754/26
f 4716/1745/3768 4719/1746/3768 4730/1760/3768
f 4730/1760/3769 4731/1759/3769 4716/1745/3769
f 4719/1746/3770 4718/1747/3770 4732/1761/3770
f 4732/1761/3771 4730/1760/3771 4719/1746/3771
f 4733/1758/2109 4734/1757/2109 4735/1762/2109
f 4735/1762/2109 4736/1758/2109 4733/1758/2109
f 4720/1749/3772 4722/1750/3772 4737/1764/3772
f 4737/1764/3773 4738/1763/3773 4720/1749/3773
f 4722/1750/3774 4716/1745/3774 4731/1759/3774
f 4731/1759/3774 4737/1764/3774 4722/1750/3774
f 4739/1755/2109 4733/1758/2109 4736/1758/2109
f 4736/1758/2109 4740/1755/2109 4739/1755/2109
f 4725/1754/3775 4741/1766/3775 4742/1765/3775
f 4742/1765/3776 4726/1753/3776 4725/1754/3776
f 4726/1753/3777 4742/1765/3777 4743/1767/3777
f 4743/1767/3778 4723/1752/3778 4726/1753/3778
f 4727/1758/2109 4736/1758/2109 4735/1762/2109
f 4735/1762/2109 4728/1757/2109 4727/1758/2109
f 4728/1757/3779 4735/1762/3779 4744/1768/3779
f 4744/1768/3780 4729/1756/3780 4728/1757/3780
f 4729/1756/3781 4744/1768/3781 4741/1766/3781
f 4741/1766/3781 4725/1754/3781 4729/1756/3781
f 4724/1755/2109 4740/1755/2109 4736/1758/2109
f 4736/1758/2109 4727/1758/2109 4724/1755/2109
f 4745/2365/3782 4746/2366/3782 4747/2367/3782
f 4747/2367/3782 4748/2368/3782 4745/2365/3782
f 4748/2368/3783 4747/2367/3783 4749/2369/3783
f 4749/2369/3783 4750/2370/3783 4748/2368/3783
f 4751/1450/3784 4752/1451/3784 4753/1452/3784
f 4753/1452/3784 4754/1453/3784 4751/1450/3784
f 4755/2371/26 4756/2372/26 4757/2373/26
f 4757/2373/26 4758/2374/26 4755/2371/26
f 4759/2375/66 4760/2376/66 4761/2377/66
f 4761/2377/66 4762/2378/66 4759/2375/66
f 4763/2379/3785 4755/2371/3785 4758/2374/3785
f 4758/2374/3786 4764/2380/3786 4763/2379/3786
f 4765/1464/3787 4766/1465/3787 4767/1466/3787
f 4767/1466/3788 4768/1467/3788 4765/1464/3788
f 4769/2381/3789 4770/2382/3789 4761/2377/3789
f 4761/2377/3790 4771/2383/3790 4769/2381/3790
f 4772/2384/3791 4773/2385/3791 4774/2386/3791
f 4774/2386/3791 4775/2387/3791 4772/2384/3791
f 4776/2388/3792 4756/2372/3792 4777/2389/3792
f 4777/2389/3793 4778/2390/3793 4776/2388/3793
f 4779/2391/3794 4780/2392/3794 4759/2375/3794
f 4759/2375/3794 4781/2393/3794 4779/2391/3794
f 4762/2378/3795 4761/2377/3795 4770/2382/3795
f 4770/2382/3796 4782/2394/3796 4762/2378/3796
f 4760/2376/66 4783/2395/66 4771/2383/66
f 4771/2383/66 4761/2377/66 4760/2376/66
f 4784/1483/3797 4766/1465/3797 4765/1464/3797
f 4765/1464/3798 4785/1484/3798 4784/1483/3798
f 4756/2372/3799 4776/2388/3799 4786/2396/3799
f 4786/2396/3800 4757/2373/3800 4756/2372/3800
f 4787/2397/3801 4788/2398/3801 4783/2395/3801
f 4783/2395/3802 4760/2376/3802 4787/2397/3802
f 4756/2372/26 4755/2371/26 4775/2387/26
f 4775/2387/26 4777/2389/26 4756/2372/26
f 4777/2389/3803 4775/2387/3803 4789/2399/3803
f 4789/2399/3804 4790/2400/3804 4777/2389/3804
f 4791/2401/3805 4759/2375/3805 4762/2378/3805
f 4762/2378/3806 4792/2402/3806 4791/2401/3806
f 4774/2386/3807 4793/2403/3807 4789/2399/3807
f 4789/2399/3808 4775/2387/3808 4774/2386/3808
f 4790/2400/3809 4794/2404/3809 4778/2390/3809
f 4778/2390/3810 4777/2389/3810 4790/2400/3810
f 4791/2401/3811 4795/2405/3811 4781/2393/3811
f 4781/2393/3812 4759/2375/3812 4791/2401/3812
f 4782/2394/3813 4796/2406/3813 4792/2402/3813
f 4792/2402/3814 4762/2378/3814 4782/2394/3814
f 4797/2407/3815 4798/2408/3815 4799/2409/3815
f 4799/2409/3816 4800/2410/3816 4797/2407/3816
f 4798/2408/3817 4797/2407/3817 4801/2411/3817
f 4801/2411/3818 4802/2412/3818 4798/2408/3818
f 4802/2412/3819 4801/2411/3819 4803/2413/3819
f 4803/2413/3820 4804/2414/3820 4802/2412/3820
f 4804/2414/3821 4803/2413/3821 4805/2415/3821
f 4805/2415/3822 4806/2416/3822 4804/2414/3822
f 4806/2416/3823 4805/2415/3823 4807/2417/3823
f 4807/2417/3824 4808/2418/3824 4806/2416/3824
f 4808/2418/3825 4807/2417/3825 4809/2419/3825
f 4809/2419/3826 4810/2420/3826 4808/2418/3826
f 4810/2420/3827 4809/2419/3827 4811/2421/3827
f 4811/2421/3828 4812/2422/3828 4810/2420/3828
f 2331/718/3829 2297/684/3829 2296/683/3829
f 2296/683/3830 2339/726/3830 2331/718/3830
f 2312/699/3831 2282/669/3831 2339/726/3831
f 2339/726/3832 2296/683/3832 2312/699/3832
f 2283/670/3833 2279/666/3833 2282/669/3833
f 2282/669/3834 2312/699/3834 2283/670/3834
f 2286/673/3835 2373/760/3835 2279/666/3835
f 2279/666/3836 2283/670/3836 2286/673/3836
f 2293/680/3837 2326/713/3837 2365/752/3837
f 2365/752/3838 2310/697/3838 2293/680/3838
f 2292/679/3839 2278/665/3839 2326/713/3839
f 2326/713/3840 2293/680/3840 2292/679/3840
f 2337/724/3841 2275/662/3841 2278/665/3841
f 2278/665/3842 2292/679/3842 2337/724/3842
f 4813/99/3843 4814/100/3843 4815/97/3843
f 4815/97/3844 4816/98/3844 4813/99/3844
f 4817/99/3845 4818/100/3845 4819/97/3845
f 4819/97/3846 4820/98/3846 4817/99/3846
f 4821/99/3847 4822/100/3847 4823/97/3847
f 4823/97/3848 4824/98/3848 4821/99/3848
f 4825/99/3849 4826/100/3849 4827/97/3849
f 4827/97/3850 4828/98/3850 4825/99/3850
f 4829/99/3851 4830/100/3851 4831/97/3851
f 4831/97/3852 4832/98/3852 4829/99/3852
f 4833/99/3853 4834/100/3853 4835/97/3853
f 4835/97/3854 4836/98/3854 4833/99/3854
f 4837/99/3855 4838/100/3855 4839/97/3855
f 4839/97/3855 4840/98/3855 4837/99/3855
f 4841/99/3856 4842/100/3856 4843/97/3856
f 4843/97/3857 4844/98/3857 4841/99/3857
f 4837/99/3858 4845/100/3858 4819/97/3858
f 4819/97/3859 4846/98/3859 4837/99/3859
f 4847/99/3860 4848/100/3860 4849/97/3860
f 4849/97/3860 4850/98/3860 4847/99/3860
f 4851/99/3861 4818/100/3861 4852/97/3861
f 4852/97/3862 4853/98/3862 4851/99/3862
f 4854/99/3863 4855/100/3863 4815/97/3863
f 4815/97/3864 4856/98/3864 4854/99/3864
f 4857/99/3865 4814/100/3865 4858/97/3865
f 4858/97/3866 4859/98/3866 4857/99/3866
f 4860/99/3867 4861/100/3867 4862/97/3867
f 4862/97/3857 4844/98/3857 4860/99/3857
f 4863/99/3868 4861/100/3868 4864/97/3868
f 4864/97/3869 4865/98/3869 4863/99/3869
f 4866/99/3870 4867/100/3870 4868/97/3870
f 4868/97/3871 4840/98/3871 4866/99/3871
f 4869/2407/3872 4870/2410/3872 4871/2409/3872
f 4871/2409/3873 4872/2408/3873 4869/2407/3873
f 4872/2408/3874 4873/2412/3874 4874/2411/3874
f 4874/2411/3875 4869/2407/3875 4872/2408/3875
f 4873/2412/3876 4875/2414/3876 4876/2413/3876
f 4876/2413/3877 4874/2411/3877 4873/2412/3877
f 4875/2414/3878 4877/2416/3878 4878/2415/3878
f 4878/2415/3879 4876/2413/3879 4875/2414/3879
f 4877/2416/3880 4879/2418/3880 4880/2417/3880
f 4880/2417/3881 4878/2415/3881 4877/2416/3881
f 4879/2418/3882 4881/2420/3882 4882/2419/3882
f 4882/2419/3883 4880/2417/3883 4879/2418/3883
f 4881/2420/3884 4883/2422/3884 4884/2421/3884
f 4884/2421/3885 4882/2419/3885 4881/2420/3885
f 3669/1889/3886 3677/1897/3886 3637/1858/3886
f 3637/1858/3887 3636/1857/3887 3669/1889/3887
f 3651/1872/3888 3637/1858/3888 3677/1897/3888
f 3677/1897/3889 3619/1840/3889 3651/1872/3889
f 3622/1843/3890 3651/1872/3890 3619/1840/3890
f 3619/1840/3891 3618/1839/3891 3622/1843/3891
f 3623/1844/3892 3622/1843/3892 3618/1839/3892
f 3618/1839/3893 3713/1921/3893 3623/1844/3893
f 3632/1853/3894 3649/1870/3894 3705/1913/3894
f 3705/1913/3895 3664/1884/3895 3632/1853/3895
f 3633/1854/3896 3632/1853/3896 3664/1884/3896
f 3664/1884/3897 3615/1836/3897 3633/1854/3897
f 3675/1895/3898 3633/1854/3898 3615/1836/3898
f 3615/1836/3899 3614/1835/3899 3675/1895/3899
f 4885/99/3900 4886/98/3900 4887/97/3900
f 4887/97/3901 4888/100/3901 4885/99/3901
f 4889/99/3902 4890/98/3902 4891/97/3902
f 4891/97/3903 4892/100/3903 4889/99/3903
f 4893/99/3904 4894/98/3904 4895/97/3904
f 4895/97/3905 4896/100/3905 4893/99/3905
f 4897/99/3906 4898/98/3906 4899/97/3906
f 4899/97/3907 4900/100/3907 4897/99/3907
f 4901/99/3908 4902/98/3908 4903/97/3908
f 4903/97/3909 4904/100/3909 4901/99/3909
f 4905/99/3910 4906/98/3910 4907/97/3910
f 4907/97/3911 4908/100/3911 4905/99/3911
f 4909/99/3912 4910/98/3912 4911/97/3912
f 4911/97/3912 4912/100/3912 4909/99/3912
f 4913/99/3913 4914/98/3913 4915/97/3913
f 4915/97/3914 4916/100/3914 4913/99/3914
f 4909/99/3915 4917/98/3915 4891/97/3915
f 4891/97/3916 4918/100/3916 4909/99/3916
f 4919/99/3917 4920/98/3917 4921/97/3917
f 4921/97/3917 4922/100/3917 4919/99/3917
f 4923/99/3918 4924/98/3918 4925/97/3918
f 4925/97/3919 4892/100/3919 4923/99/3919
f 4926/99/3920 4927/98/3920 4887/97/3920
f 4887/97/3921 4928/100/3921 4926/99/3921
f 4929/99/3922 4930/98/3922 4931/97/3922
f 4931/97/3923 4888/100/3923 4929/99/3923
f 4932/99/3913 4914/98/3913 4933/97/3913
f 4933/97/3924 4934/100/3924 4932/99/3924
f 4935/99/3925 4936/98/3925 4937/97/3925
f 4937/97/3926 4934/100/3926 4935/99/3926
f 4938/99/3927 4910/98/3927 4939/97/3927
f 4939/97/3928 4940/100/3928 4938/99/3928
f 4941/2423/3929 4942/2424/3929 4943/2425/3929
f 4943/2425/3929 4944/2426/3929 4941/2423/3929
f 4945/2427/3930 4944/2426/3930 4943/2425/3930
f 4943/2425/3931 4946/2428/3931 4945/2427/3931
f 4944/2426/3932 4947/2429/3932 4948/2430/3932
f 4948/2430/3933 4941/2423/3933 4944/2426/3933
f 4949/2431/3934 4943/2425/3934 4942/2424/3934
f 4942/2424/3934 4950/2432/3934 4949/2431/3934
f 4951/2433/3935 4946/2428/3935 4943/2425/3935
f 4943/2425/3935 4949/2431/3935 4951/2433/3935
f 4944/2426/3936 4945/2427/3936 4952/2434/3936
f 4952/2434/3937 4947/2429/3937 4944/2426/3937
f 4953/774/3938 4954/2435/3938 4955/2436/3938
f 4955/2436/3938 4956/747/3938 4953/774/3938
f 4957/2437/3939 4955/2436/3939 4954/2435/3939
f 4954/2435/3939 4958/2438/3939 4957/2437/3939
f 4954/2435/3940 4953/774/3940 2388/775/3940
f 2388/775/3941 4959/2439/3941 4954/2435/3941
f 4960/745/3942 4956/747/3942 4955/2436/3942
f 4955/2436/3942 4961/2440/3942 4960/745/3942
f 4961/2440/3943 4955/2436/3943 4957/2437/3943
f 4957/2437/3943 4962/822/3943 4961/2440/3943
f 4954/2435/3944 4959/2439/3944 4963/2441/3944
f 4963/2441/3945 4958/2438/3945 4954/2435/3945
f 4964/99/66 4965/100/66 4966/97/66
f 4966/97/66 4967/98/66 4964/99/66
f 4968/99/26 4969/100/26 4970/97/26
f 4970/97/26 4971/98/26 4968/99/26
f 4972/99/66 4973/100/66 4974/97/66
f 4974/97/66 4975/98/66 4972/99/66
f 4976/99/26 4977/100/26 4978/97/26
f 4978/97/26 4971/98/26 4976/99/26
f 4979/99/3946 4980/100/3946 4981/97/3946
f 4981/97/3946 4982/98/3946 4979/99/3946
f 4983/99/26 4984/100/26 4985/97/26
f 4985/97/26 4982/98/26 4983/99/26
f 4988/97/66 4989/98/66 4986/99/66
f 4990/99/425 4991/100/425 4970/97/425
f 4970/97/425 4992/98/425 4990/99/425
f 4993/99/425 4991/100/425 4994/97/425
f 4994/97/425 4995/98/425 4993/99/425
f 4996/99/3947 4987/100/3947 4981/97/3947
f 4981/97/3947 4997/98/3947 4996/99/3947
f 4998/2423/3948 4999/2426/3948 5000/2425/3948
f 5000/2425/3948 5001/2424/3948 4998/2423/3948
f 4945/2427/3949 4946/2428/3949 5000/2425/3949
f 5000/2425/3950 4999/2426/3950 4945/2427/3950
f 4999/2426/3951 4998/2423/3951 5002/2430/3951
f 5002/2430/3952 5003/2429/3952 4999/2426/3952
f 5004/2431/3953 5005/2432/3953 5001/2424/3953
f 5001/2424/3953 5000/2425/3953 5004/2431/3953
f 4951/2433/3954 5004/2431/3954 5000/2425/3954
f 5000/2425/3954 4946/2428/3954 4951/2433/3954
f 4999/2426/3955 5003/2429/3955 4952/2434/3955
f 4952/2434/3956 4945/2427/3956 4999/2426/3956
f 5006/1931/3957 5007/1906/3957 5008/2442/3957
f 5008/2442/3957 5009/2443/3957 5006/1931/3957
f 5010/2444/3958 5011/2445/3958 5009/2443/3958
f 5009/2443/3958 5008/2442/3958 5010/2444/3958
f 5009/2443/3959 5012/2446/3959 3728/1932/3959
f 3728/1932/3960 5006/1931/3960 5009/2443/3960
f 5013/1905/3961 5014/2447/3961 5008/2442/3961
f 5008/2442/3961 5007/1906/3961 5013/1905/3961
f 5014/2447/3962 5015/1937/3962 5010/2444/3962
f 5010/2444/3962 5008/2442/3962 5014/2447/3962
f 5009/2443/3963 5011/2445/3963 5016/2448/3963
f 5016/2448/3964 5012/2446/3964 5009/2443/3964
f 5017/99/66 5018/98/66 5019/97/66
f 5019/97/66 5020/100/66 5017/99/66
f 5021/99/66 5018/98/66 5022/97/66
f 5022/97/66 5023/100/66 5021/99/66
f 5024/99/3965 5025/98/3965 5026/97/3965
f 5026/97/3965 5027/100/3965 5024/99/3965
f 5028/99/66 5025/98/66 5029/97/66
f 5029/97/66 5030/100/66 5028/99/66
f 4988/97/26 4987/100/26 4986/99/26
f 5031/99/425 5032/98/425 5019/97/425
f 5019/97/425 5033/100/425 5031/99/425
f 4993/99/425 4995/98/425 5034/97/425
f 5034/97/425 5033/100/425 4993/99/425
f 4996/99/3966 5035/98/3966 5026/97/3966
f 5026/97/3966 4987/100/3966 4996/99/3966
f 2472/837/3967 2471/836/3967 2193/580/3967
f 2866/1202/3968 2317/704/3968 2320/707/3968
f 2867/1203/3969 2314/701/3969 2313/700/3969
f 2367/754/3970 2880/1216/3970 2301/688/3970
f 2274/661/3971 2273/660/3971 2859/1195/3971
f 2227/614/3972 2224/611/3972 2223/610/3972
f 2250/637/3973 2243/630/3973 2242/629/3973
f 2248/635/1153 2424/811/1153 2249/636/1153
f 2253/640/998 5036/2449/998 2254/641/998
f 2304/691/3974 2303/690/3974 2472/837/3974
f 2375/762/3975 2821/1179/3975 2378/765/3975
f 2338/725/3976 2873/1209/3976 2337/724/3976
f 5037/2450/3977 5038/2451/3977 5039/2452/3977
f 5040/2450/3978 5041/2453/3978 5042/2452/3978
f 5043/2454/3979 5044/2455/3979 5039/2452/3979
f 5045/2456/3980 5046/2451/3980 5042/2452/3980
f 5047/2457/3981 5048/2458/3981 5042/2452/3981
f 5049/2457/3982 5050/2453/3982 5039/2452/3982
f 5047/2457/3983 5042/2452/3983 5041/2453/3983
f 5051/2455/3984 5052/2454/3984 5042/2452/3984
f 5046/2451/3985 5040/2450/3985 5042/2452/3985
f 5053/2456/3986 5039/2452/3986 5038/2451/3986
f 5050/2453/3987 5037/2450/3987 5039/2452/3987
f 5054/2458/3988 5049/2457/3988 5039/2452/3988
f 5044/2455/3989 5054/2458/3989 5039/2452/3989
f 5048/2458/3990 5051/2455/3990 5042/2452/3990
f 4959/2439/3991 2388/775/3991 2424/811/3991
f 2380/767/3992 2238/625/3992 2237/624/3992
f 2362/749/3993 2361/748/3993 2364/751/3993
f 2328/715/3994 2327/714/3994 2358/745/3994
f 2397/784/3995 2412/799/3995 2398/785/3995
f 2405/792/1000 2402/789/1000 2415/802/1000
f 4963/2441/3996 4959/2439/3996 2424/811/3996
f 2471/836/3997 2200/587/3997 2199/586/3997
f 2182/569/3998 2475/840/3998 2179/566/3998
f 2568/928/3999 5055/2459/3999 2861/1197/3999
f 2199/586/4000 2193/580/4000 2471/836/4000
f 5056/844/4001 2493/841/4001 2492/853/4001
f 2450/815/425 2449/814/425 2481/846/425
f 5057/2460/4002 2478/843/4002 2477/842/4002
f 5058/2461/4003 2482/847/4003 2449/814/4003
f 2495/855/4004 2497/857/4004 5059/2462/4004
f 2494/854/4005 2496/856/4005 2491/852/4005
f 5060/2463/4006 5058/2461/4006 2449/814/4006
f 5060/2463/425 2449/814/425 5061/2464/425
f 2522/882/4007 5062/2465/4007 2523/883/4007
f 2503/863/4008 2559/919/4008 2504/864/4008
f 2568/928/4009 2567/927/4009 5055/2459/4009
f 2576/936/4010 2575/935/4010 2574/934/4010
f 5063/2466/4011 5055/2459/4011 2567/927/4011
f 5064/2467/4012 5055/2459/4012 5063/2466/4012
f 2458/823/4013 1082/310/4013 1089/317/4013
f 1182/387/4014 2581/941/4014 1089/317/4014
f 2715/1075/4015 2740/1100/4015 2714/1074/4015
f 2713/1073/4016 2739/1099/4016 2712/1072/4016
f 2710/1070/4017 2743/1103/4017 2709/1069/4017
f 2742/1102/4018 2708/1068/4018 2707/1067/4018
f 2744/1104/4019 2704/1064/4019 2705/1065/4019
f 2747/1107/4020 2702/1062/4020 2701/1061/4020
f 2522/882/4021 2757/1117/4021 2770/1130/4021
f 2770/1130/4022 5062/2465/4022 2522/882/4022
f 2750/1110/4023 2766/1126/4023 2764/1124/4023
f 2799/1159/4024 2798/1158/4024 5065/2468/4024
f 2781/1141/4025 2726/1086/4025 2778/1138/4025
f 2778/1138/4026 2760/1120/4026 2781/1141/4026
f 2788/1148/4027 2791/1151/4027 2789/1149/4027
f 2733/1093/4028 2767/1127/4028 2754/1114/4028
f 2751/1111/4029 2799/1159/4029 5065/2468/4029
f 5066/2469/4030 2771/1131/4030 5067/2470/4030
f 5067/2470/4031 2771/1131/4031 2774/1134/4031
f 2771/1131/4032 5068/2471/4032 2772/1132/4032
f 5068/2471/4033 2771/1131/4033 5066/2469/4033
f 2811/1171/4034 2504/864/4034 2559/919/4034
f 2811/1171/4035 2813/1173/4035 2808/1168/4035
f 2809/1169/4036 2813/1173/4036 2812/1172/4036
f 2564/924/4037 2816/1176/4037 2558/918/4037
f 2613/973/4038 2816/1176/4038 2615/975/4038
f 2746/1106/1000 2819/1104/1000 2744/1104/1000
f 5069/2472/4039 2385/772/4039 2384/771/4039
f 2542/902/4040 2541/901/4040 5070/2473/4040
f 2384/771/4041 5071/2474/4041 5069/2472/4041
f 2821/1179/4042 2820/1178/4042 2822/1180/4042
f 5071/2474/4043 5072/2475/4043 5069/2472/4043
f 2824/1182/4044 2528/888/4044 2524/884/4044
f 5072/2475/4045 5073/2476/4045 5069/2472/4045
f 2205/592/4046 2875/1211/4046 2206/593/4046
f 2308/695/4047 2868/1204/4047 2264/651/4047
f 2290/677/4048 2216/603/4048 2302/689/4048
f 2469/834/4049 2468/833/4049 2456/821/4049
f 2472/837/4050 2303/690/4050 2220/607/4050
f 2305/692/4051 2547/907/4051 2300/687/4051
f 2219/606/4052 2218/605/4052 2221/608/4052
f 2337/724/4053 2873/1209/4053 2879/1215/4053
f 2879/1215/1810 2872/1208/1810 2877/1213/1810
f 2878/1214/4054 2871/1207/4054 2876/1212/4054
f 2873/1209/4055 2872/1208/4055 2879/1215/4055
f 2881/1217/4056 2874/1210/4056 2302/689/4056
f 2527/887/4057 2758/1118/4057 2522/882/4057
f 5074/1220/4058 5075/1220/4058 5076/1219/4058
f 2883/1219/4059 2886/1220/4059 2884/1220/4059
f 5077/1220/4060 5078/1220/4060 5079/1219/4060
f 2889/1219/4061 2888/1220/4061 2892/1220/4061
f 5080/2477/4062 5081/2478/4062 5082/2479/4062
f 5083/2480/4063 5082/2479/4063 5081/2478/4063
f 5084/2481/4064 5080/2477/4064 5082/2479/4064
f 5085/2482/4065 5082/2479/4065 5083/2480/4065
f 5084/2481/4066 5082/2479/4066 5086/2483/4066
f 5087/2478/4067 5088/2477/4067 5089/2479/4067
f 5088/2477/4068 5090/2481/4068 5089/2479/4068
f 5091/2480/4069 5087/2478/4069 5089/2479/4069
f 5092/2482/4070 5091/2480/4070 5089/2479/4070
f 5090/2481/4071 5093/2483/4071 5089/2479/4071
f 2798/1158/4072 5094/2484/4072 5065/2468/4072
f 2985/1285/4073 1062/296/4073 2982/1283/4073
f 2983/283/4074 2914/1240/4074 2984/1284/4074
f 3229/1497/2135 2916/1242/2135 2921/1247/2135
f 5095/2485/4075 5096/105/4075 5097/2486/4075
f 3228/1496/4076 2984/1284/4076 3069/1359/4076
f 2952/1271/4077 2924/1250/4077 2927/1253/4077
f 5098/236/4078 2959/226/4078 2962/227/4078
f 2930/1255/4079 2912/1238/4079 2954/229/4079
f 2942/1263/4080 2955/230/4080 2917/1243/4080
f 2910/68/4081 2973/70/4081 2911/1237/4081
f 3007/225/1000 5099/2487/1000 3004/228/1000
f 2970/1279/4082 2968/1277/4082 5100/2488/4082
f 2965/1275/4083 5101/2489/4083 2963/1273/4083
f 5102/121/4084 1073/122/4084 1072/120/4084
f 2963/1273/4085 5101/2489/4085 1063/297/4085
f 5103/2490/4086 5100/2488/4086 2967/299/4086
f 5104/121/4087 5105/122/4087 5106/120/4087
f 3035/1326/4088 3034/1325/4088 3048/1339/4088
f 3043/1334/4089 3042/1333/4089 3052/1343/4089
f 3061/1352/4090 3012/1305/4090 3011/1304/4090
f 3010/1303/4091 3013/1306/4091 3060/1351/4091
f 3020/1313/4092 3063/1354/4092 3021/1314/4092
f 3018/1311/4093 3062/1353/4093 3019/1312/4093
f 3066/1356/4094 5107/102/4094 5108/109/4094
f 2919/1245/4095 2928/137/4095 2921/1247/4095
f 2916/1242/4096 2919/1245/4096 2921/1247/4096
f 2922/1248/4097 2929/1254/4097 2988/1288/4097
f 2914/1240/4098 2913/1239/4098 2984/1284/4098
f 3066/1356/4099 3065/89/4099 5107/102/4099
f 5096/105/4100 5109/93/4100 5097/2486/4100
f 5109/93/4101 5110/96/4101 5097/2486/4101
f 5101/2489/4102 1060/294/4102 1063/297/4102
f 5100/2488/4103 2968/1277/4103 2967/299/4103
f 3096/1385/4104 3095/1385/4104 5111/2491/4104
f 3089/1379/4105 3088/1378/4105 5111/2491/4105
f 3088/1378/4106 3092/1382/4106 5111/2491/4106
f 3099/1387/4107 3098/1387/4107 5111/2491/4107
f 5111/2491/4108 3095/1385/4108 3089/1379/4108
f 5111/2491/4109 3092/1382/4109 3099/1387/4109
f 3120/1407/4110 3124/1411/4110 3121/1408/4110
f 3149/1435/4111 3148/1435/4111 5112/2492/4111
f 3142/1429/4112 3141/1428/4112 5112/2492/4112
f 3141/1428/4113 3145/1432/4113 5112/2492/4113
f 3152/1437/4114 3151/1437/4114 5112/2492/4114
f 5112/2492/4115 3148/1435/4115 3142/1429/4115
f 5112/2492/4116 3145/1432/4116 3152/1437/4116
f 3176/1445/4117 3180/1448/4117 3177/1446/4117
f 5113/2493/2106 3185/1453/2106 3184/1452/2106
f 5114/2494/2106 3183/1451/2106 3182/1450/2106
f 3206/1474/26 3186/1454/26 3203/1471/26
f 3211/1479/66 3191/1459/66 3190/1458/66
f 3068/1358/4118 2937/1259/4118 3069/1359/4118
f 3233/1501/4119 3232/1500/4119 5115/2495/4119
f 3232/1500/4120 3235/1503/4120 5115/2495/4120
f 3236/1500/4121 3233/1501/4121 5115/2495/4121
f 3235/1503/4122 3236/1500/4122 5115/2495/4122
f 3244/1510/4123 3260/1511/4123 5116/2496/4123
f 3244/1510/4124 5116/2496/4124 3245/1511/4124
f 3260/1511/4125 3249/1515/4125 5116/2496/4125
f 3245/1511/4126 5116/2496/4126 3249/1515/4126
f 3268/1526/4127 3269/114/4127 5117/2497/4127
f 3289/1542/4128 3268/1526/4128 5117/2497/4128
f 3281/1538/4129 3276/1533/4129 3275/1532/4129
f 3272/1529/4130 3271/1528/4130 3278/1535/4130
f 5118/122/4131 5119/121/4131 5120/120/4131
f 5121/122/4132 5122/120/4132 5123/121/4132
f 3263/1523/4133 3290/1543/4133 3264/1524/4133
f 5124/2498/4134 3278/1535/4134 5125/2499/4134
f 3316/1567/4135 3319/1570/4135 5126/2500/4135
f 3313/1565/4136 3321/1720/4136 5127/2501/4136
f 5128/2502/4137 3330/1578/4137 3329/1577/4137
f 3324/1575/4138 3327/1574/4138 5129/2503/4138
f 5128/2502/4139 3334/1582/4139 3330/1578/4139
f 3327/1574/4140 3333/1581/4140 5129/2503/4140
f 5128/2502/4141 3342/1590/4141 3338/1585/4141
f 3337/1589/4142 3341/1588/4142 5129/2503/4142
f 5126/2500/4143 3350/1598/4143 3349/1597/4143
f 3344/1592/4144 3347/1595/4144 5127/2501/4144
f 5126/2500/4145 3319/1570/4145 3350/1598/4145
f 3418/1652/4146 3421/1655/4146 5130/2504/4146
f 5131/2505/4147 3416/1650/4147 3415/1649/4147
f 5130/2504/4148 3424/1658/4148 3418/1652/4148
f 3415/1649/4149 3423/1657/4149 5131/2505/4149
f 5132/2506/4150 3436/1668/4150 3432/1667/4150
f 5132/2506/4151 3440/1733/4151 3436/1668/4151
f 3435/1665/4152 3439/1671/4152 5133/2507/4152
f 5132/2506/4153 3444/1734/4153 3440/1733/4153
f 3439/1671/4154 3443/1673/4154 5133/2507/4154
f 5130/2504/4155 3452/1736/4155 3451/1735/4155
f 3446/1676/4156 3449/1675/4156 5131/2505/4156
f 5130/2504/4157 3421/1655/4157 3452/1736/4157
f 5127/2501/4158 3314/1566/4158 3313/1565/4158
f 5126/2500/4159 3322/1571/4159 3316/1567/4159
f 5128/2502/4160 3338/1585/4160 3334/1582/4160
f 3333/1581/4161 3337/1589/4161 5129/2503/4161
f 3347/1595/4162 3314/1566/4162 5127/2501/4162
f 5132/2506/4163 3432/1667/4163 3431/1732/4163
f 3426/1660/4164 3429/1663/4164 5133/2507/4164
f 3429/1663/4165 3435/1665/4165 5133/2507/4165
f 3449/1675/4166 3416/1650/4166 5131/2505/4166
f 3278/1535/4167 5134/2508/4167 5125/2499/4167
f 3269/114/4168 5135/115/4168 5136/2509/4168
f 3269/114/4169 5136/2509/4169 5117/2497/4169
f 3278/1535/4170 3271/1528/4170 5134/2508/4170
f 3498/1751/26 3492/1745/26 3495/1748/26
f 3502/1755/66 3501/1754/66 3505/1758/66
f 3790/1947/4171 3542/1790/4171 3791/1948/4171
f 4160/2149/4172 3657/1878/4172 3656/1877/4172
f 4161/2150/4173 3653/1874/4173 3652/1873/4173
f 3709/1917/4174 3640/1861/4174 4174/2163/4174
f 3612/661/4175 4153/1195/4175 3613/660/4175
f 3575/614/4176 3571/610/4176 3574/611/4176
f 2250/637/4177 2242/629/4177 3590/630/4177
f 2248/635/1153 3593/636/1153 2424/811/1153
f 3596/640/998 3595/641/998 5137/2449/998
f 3645/1866/4178 3790/1947/4178 3642/1863/4178
f 3715/1923/4179 3717/1925/4179 4118/2140/4179
f 3676/1896/4180 3675/1895/4180 4167/2156/4180
f 5138/2450/4181 5139/2452/4181 5140/2451/4181
f 5141/2450/4182 5142/2452/4182 5143/2453/4182
f 5144/2454/4183 5139/2452/4183 5145/2455/4183
f 5146/2456/4184 5142/2452/4184 5147/2451/4184
f 5148/2457/4185 5142/2452/4185 5149/2458/4185
f 5150/2457/4186 5139/2452/4186 5151/2453/4186
f 5148/2457/4187 5143/2453/4187 5142/2452/4187
f 5152/2455/4188 5142/2452/4188 5153/2454/4188
f 5147/2451/4189 5142/2452/4189 5141/2450/4189
f 5154/2456/4190 5140/2451/4190 5139/2452/4190
f 5151/2453/4191 5139/2452/4191 5138/2450/4191
f 5155/2458/4192 5139/2452/4192 5150/2457/4192
f 5145/2455/4193 5139/2452/4193 5155/2458/4193
f 5149/2458/4194 5142/2452/4194 5152/2455/4194
f 5012/2446/4195 3754/1933/4195 3728/1932/4195
f 3721/1929/4196 3587/1828/4196 3586/1827/4196
f 3699/1907/4197 3702/1910/4197 3700/1908/4197
f 3668/1888/4198 3697/1905/4198 3665/1885/4198
f 2397/784/4199 3736/785/4199 2412/799/4199
f 2405/792/1000 2415/802/1000 3743/789/1000
f 5016/2448/4200 3754/1933/4200 5012/2446/4200
f 3791/1948/4201 3547/1795/4201 3546/1794/4201
f 3530/1778/4202 3529/1777/4202 3794/1951/4202
f 3882/928/4203 4156/1197/4203 5156/2459/4203
f 3547/1795/4204 3791/1948/4204 3542/1790/4204
f 5157/1953/4205 3813/1965/4205 3812/1952/4205
f 3778/1935/425 3801/1958/425 2449/814/425
f 5158/2510/4206 3798/1955/4206 3797/1954/4206
f 5159/2511/4207 2449/814/4207 3800/1957/4207
f 3814/1966/4208 5059/2462/4208 2497/857/4208
f 3811/1964/4209 3810/1963/4209 3815/1967/4209
f 5160/2512/4210 2449/814/4210 5159/2511/4210
f 5160/2512/425 5061/2464/425 2449/814/425
f 3840/882/4211 3839/883/4211 5161/2465/4211
f 3821/1973/4212 3823/1975/4212 3874/2003/4212
f 3882/928/4213 5156/2459/4213 2567/927/4213
f 3889/2017/4214 3888/2016/4214 2575/935/4214
f 5063/2466/4215 2567/927/4215 5156/2459/4215
f 5162/2467/4216 5063/2466/4216 5156/2459/4216
f 1255/422/4217 1098/326/4217 3893/2021/4217
f 4019/2094/4218 4018/2093/4218 4041/2102/4218
f 4017/2092/4219 4016/2091/4219 4040/2101/4219
f 4014/2089/4220 4013/2088/4220 4044/2105/4220
f 4043/2104/4221 4012/2087/4221 4011/2086/4221
f 4046/1104/4222 4009/1065/4222 4008/1064/4222
f 2747/1107/4223 4006/1061/4223 2702/1062/4223
f 3840/882/4224 4069/1130/4224 4057/1117/4224
f 4069/1130/4225 3840/882/4225 5161/2465/4225
f 4050/2108/4226 4064/2115/4226 4066/2117/4226
f 4099/2123/4227 5163/2513/4227 4096/2120/4227
f 4081/1141/4228 4077/1138/4228 4028/1086/4228
f 4077/1138/4229 4081/1141/4229 4060/1120/4229
f 4087/1148/4230 4088/1149/4230 4090/1151/4230
f 4034/2099/4231 4054/2112/4231 4067/2118/4231
f 4051/2109/4232 5163/2513/4232 4099/2123/4232
f 5164/2469/4233 5165/2470/4233 4072/1131/4233
f 5165/2470/4234 4074/1134/4234 4072/1131/4234
f 4072/1131/4235 4071/1132/4235 5166/2471/4235
f 5166/2471/4236 5164/2469/4236 4072/1131/4236
f 4109/2133/4237 3874/2003/4237 3823/1975/4237
f 4109/2133/4238 4106/2130/4238 4110/2134/4238
f 4108/2132/4239 4111/2135/4239 4110/2134/4239
f 3879/2008/4240 3873/2002/4240 4114/2138/4240
f 3924/2034/4241 3927/2037/4241 4114/2138/4241
f 4047/1106/1000 4046/1104/1000 4116/1104/1000
f 5167/2472/4242 3724/771/4242 3723/772/4242
f 3860/902/4243 5168/2473/4243 3858/901/4243
f 3724/771/4244 5167/2472/4244 5169/2474/4244
f 4118/2140/4245 4119/2141/4245 4117/2139/4245
f 5169/2474/4246 5167/2472/4246 5170/2475/4246
f 4121/1182/4247 3842/884/4247 3846/888/4247
f 5170/2475/4248 5167/2472/4248 5171/2476/4248
f 3555/1803/4249 3554/1802/4249 4169/2158/4249
f 3646/1867/4250 3609/1834/4250 4162/2151/4250
f 3627/1848/4251 3639/1860/4251 3564/1812/4251
f 3788/1945/4252 3779/1936/4252 3789/1946/4252
f 3790/1947/4253 3568/1816/4253 3642/1863/4253
f 3644/1865/4254 3641/1862/4254 3865/1996/4254
f 3565/1813/4255 3570/1818/4255 3566/1814/4255
f 3675/1895/4256 4173/2162/4256 4167/2156/4256
f 4173/2162/3290 4171/2160/3290 4165/2154/3290
f 4172/2161/4257 4170/2159/4257 4166/2155/4257
f 4167/2156/4258 4173/2162/4258 4165/2154/4258
f 4175/2164/4259 3639/1860/4259 4168/2157/4259
f 3844/887/4260 3840/882/4260 4059/1118/4260
f 5172/1220/4261 5173/1219/4261 5174/1220/4261
f 4179/1219/4262 4178/1220/4262 4180/1220/4262
f 5175/1220/4263 5176/1219/4263 5177/1220/4263
f 4185/1219/4264 4187/1220/4264 4182/1220/4264
f 5178/2477/4265 5179/2479/4265 5180/2478/4265
f 5181/2480/4266 5180/2478/4266 5179/2479/4266
f 5182/2481/4267 5179/2479/4267 5178/2477/4267
f 5183/2482/4268 5181/2480/4268 5179/2479/4268
f 5182/2481/4269 5184/2483/4269 5179/2479/4269
f 5185/2478/4270 5186/2479/4270 5187/2477/4270
f 5187/2477/4271 5186/2479/4271 5188/2481/4271
f 5189/2480/4272 5186/2479/4272 5185/2478/4272
f 5190/2482/4273 5186/2479/4273 5189/2480/4273
f 5188/2481/4274 5186/2479/4274 5191/2483/4274
f 4096/2120/4275 5163/2513/4275 5192/2514/4275
f 4253/2178/4276 4252/2177/4276 1382/500/4276
f 4255/130/4277 4254/2179/4277 4208/2169/4277
f 4492/1497/3591 4217/1247/3591 4210/1242/3591
f 5193/2485/4278 5194/2486/4278 5195/105/4278
f 4491/2253/4279 4338/2226/4279 4254/2179/4279
f 4233/1271/4280 4219/1253/4280 4218/1250/4280
f 5196/2515/4281 2145/546/4281 4206/2167/4281
f 5197/1263/4282 4213/1243/4282 2146/230/4282
f 4204/268/4283 4203/2166/4283 4244/272/4283
f 4241/1279/4284 5198/2488/4284 4239/1277/4284
f 4236/2174/4285 4235/2173/4285 5199/2516/4285
f 1393/121/4286 1392/120/4286 1394/122/4286
f 4235/2173/4287 1381/499/4287 5199/2516/4287
f 5200/2490/4288 1387/299/4288 5198/2488/4288
f 1396/122/4289 1395/120/4289 1397/121/4289
f 5201/121/4290 5202/120/4290 5203/122/4290
f 4307/2201/4291 4317/2209/4291 4304/2198/4291
f 4315/2207/4292 4323/2215/4292 4312/2204/4292
f 4331/2223/4293 4283/2185/4293 4282/2184/4293
f 4280/2182/4294 4330/2222/4294 4281/2183/4294
f 4290/2190/4295 4289/2189/4295 4333/2225/4295
f 4288/2188/4296 4291/2191/4296 4332/2224/4296
f 4336/1356/4297 5204/109/4297 5205/102/4297
f 4211/1245/4298 4217/1247/4298 281/137/4298
f 4210/1242/4299 4217/1247/4299 4211/1245/4299
f 4216/1248/4300 4258/1288/4300 4222/1254/4300
f 4208/2169/4301 4254/2179/4301 4209/2170/4301
f 4336/1356/4302 5205/102/4302 4337/89/4302
f 5195/105/4303 5194/2486/4303 5206/93/4303
f 5206/93/4304 5194/2486/4304 5207/96/4304
f 5199/2516/4305 1381/499/4305 1380/498/4305
f 5198/2488/4306 1387/299/4306 4239/1277/4306
f 4364/1385/4307 5208/2491/4307 4365/1385/4307
f 4359/1379/4308 5208/2491/4308 4360/1378/4308
f 4360/1378/4309 5208/2491/4309 4361/1382/4309
f 4369/1387/4310 5208/2491/4310 4370/1387/4310
f 5208/2491/4311 4359/1379/4311 4365/1385/4311
f 5208/2491/4312 4369/1387/4312 4361/1382/4312
f 4392/1407/4313 4391/1408/4313 4395/1411/4313
f 4417/2249/4314 5209/2517/4314 4418/2249/4314
f 4412/2244/4315 5209/2517/4315 4413/2245/4315
f 4413/2245/4316 5209/2517/4316 4414/2246/4316
f 4422/2252/4317 5209/2517/4317 4423/2252/4317
f 5209/2517/4318 4412/2244/4318 4418/2249/4318
f 5209/2517/4319 4422/2252/4319 4414/2246/4319
f 4441/1445/4117 4440/1446/4117 4444/1448/4117
f 5210/2493/2106 4447/1452/2106 4446/1453/2106
f 5211/2494/2106 4445/1450/2106 4448/1451/2106
f 4467/1474/66 4466/1471/66 4449/1454/66
f 4475/1479/26 4453/1458/26 4456/1459/26
f 4339/2227/4320 4338/2226/4320 4226/2172/4320
f 4498/1526/4321 5212/2497/4321 183/114/4321
f 4512/1542/4322 5212/2497/4322 4498/1526/4322
f 4508/2263/4323 4506/2261/4323 4505/2260/4323
f 4501/2256/4324 187/118/4324 4502/2257/4324
f 5213/122/4325 5214/120/4325 5215/121/4325
f 191/122/4326 190/121/4326 5216/120/4326
f 4496/1523/4327 4495/1524/4327 4514/1543/4327
f 186/117/4328 5217/2518/4328 187/118/4328
f 4540/2276/4329 5218/2519/4329 4541/2277/4329
f 5218/2519/4330 4540/2276/4330 4547/2351/4330
f 4539/2275/4331 5219/2520/4331 4544/2279/4331
f 5220/2502/4137 4555/1577/4137 4554/1578/4137
f 4548/1575/4138 5221/2503/4138 4549/1574/4138
f 5220/2502/4332 4554/1578/4332 4559/1582/4332
f 4549/1574/4333 5221/2503/4333 4556/1581/4333
f 5220/2502/4334 4559/1582/4334 4563/1585/4334
f 4556/1581/4335 5221/2503/4335 4560/1589/4335
f 5220/2502/4336 4563/1585/4336 4567/1590/4336
f 4560/1589/4337 5221/2503/4337 4564/1588/4337
f 5218/2519/4143 4575/2355/4143 4574/2354/4143
f 4568/2352/4144 5219/2520/4144 4569/2353/4144
f 5223/2521/4338 4641/2358/4338 4640/2317/4338
f 5222/2522/4339 4642/2359/4339 4649/2361/4339
f 4641/2358/4340 5223/2521/4340 4646/2360/4340
f 4650/1660/4164 5225/2507/4164 4651/1663/4164
f 4651/1663/4341 5225/2507/4341 4658/1665/4341
f 5224/2506/4342 4665/1733/4342 4669/1734/4342
f 5222/2522/4155 4677/2363/4155 4676/2323/4155
f 4670/2362/4156 5223/2521/4156 4671/2316/4156
f 5222/2522/4343 4676/2323/4343 4643/2322/4343
f 4671/2316/4344 5223/2521/4344 4640/2317/4344
f 5219/2520/4345 4539/2275/4345 4538/2274/4345
f 5218/2519/4346 4574/2354/4346 4541/2277/4346
f 4569/2353/4347 5219/2520/4347 4538/2274/4347
f 4642/2359/4348 5222/2522/4348 4643/2322/4348
f 5224/2506/4163 4657/1732/4163 4656/1667/4163
f 5224/2506/4349 4656/1667/4349 4661/1668/4349
f 5224/2506/4350 4661/1668/4350 4665/1733/4350
f 4658/1665/4351 5225/2507/4351 4662/1671/4351
f 4662/1671/4352 5225/2507/4352 4666/1673/4352
f 187/118/4353 5217/2518/4353 5226/2523/4353
f 183/114/4354 5227/2509/4354 184/115/4354
f 183/114/4355 5212/2497/4355 5227/2509/4355
f 187/118/4356 5226/2523/4356 4502/2257/4356
f 4721/1751/66 4717/1748/66 4716/1745/66
f 4724/1755/26 4727/1758/26 4725/1754/26
f 4746/2366/66 4749/2369/66 4747/2367/66
f 4750/2370/26 4745/2365/26 4748/2368/26
f 5228/2493/3784 4754/1453/3784 4753/1452/3784
f 5229/2494/4357 4752/1451/4357 4751/1450/4357
f 4775/2387/26 4755/2371/26 4772/2384/26
f 4780/2392/66 4760/2376/66 4759/2375/66
f 2463/828/4358 2466/831/4358 1079/307/4358
f 1079/307/4359 1078/306/4359 2463/828/4359
f 2458/823/4360 2460/825/4360 1083/311/4360
f 1083/311/4361 1082/310/4361 2458/823/4361
f 2460/825/4362 2461/826/4362 1086/314/4362
f 1086/314/4363 1083/311/4363 2460/825/4363
f 2461/826/4364 2463/828/4364 1078/306/4364
f 1078/306/4365 1086/314/4365 2461/826/4365
f 2466/831/4366 3786/1943/4366 1090/318/4366
f 1090/318/4367 1079/307/4367 2466/831/4367
f 3782/1939/4368 3781/1938/4368 1093/321/4368
f 1093/321/4369 1092/320/4369 3782/1939/4369
f 3784/1941/4370 3782/1939/4370 1092/320/4370
f 1092/320/4371 1096/324/4371 3784/1941/4371
f 3786/1943/4372 3784/1941/4372 1096/324/4372
f 1096/324/4373 1090/318/4373 3786/1943/4373
f 3781/1938/4374 1098/326/4374 1093/321/4374
f 5230/2524/4375 5231/2525/4375 5232/2526/4375
f 5233/2527/4376 5234/2528/4376 5232/2526/4376
f 5234/2528/4377 5235/2529/4377 5232/2526/4377
f 5235/2529/4378 5230/2524/4378 5232/2526/4378
f 5236/2530/4379 5237/2531/4379 5233/2527/4379
f 5233/2527/4380 5232/2526/4380 5236/2530/4380
f 5238/2532/4381 5232/2526/4381 5231/2525/4381
f 5239/2533/4382 5232/2526/4382 5240/2534/4382
f 5240/2534/4383 5232/2526/4383 5241/2535/4383
f 5241/2535/4384 5232/2526/4384 5238/2532/4384
f 5242/2536/4385 5232/2526/4385 5239/2533/4385
f 5239/2533/4386 5243/2537/4386 5242/2536/4386
f 5244/2538/4387 5232/2526/4387 5242/2536/4387
f 5232/2526/4388 5245/2539/4388 5236/2530/4388
f 5246/2540/4389 1319/448/4389 1318/443/4389
f 1318/443/4390 3871/2000/4390 5246/2540/4390
f 5247/2541/2109 5248/2542/2109 3872/2001/2109
f 3872/2001/2109 2557/917/2109 5247/2541/2109
f 5249/2543/2109 5247/2541/2109 2557/917/2109
f 2557/917/2109 2556/916/2109 5249/2543/2109
f 1315/446/4391 5250/2544/4391 2555/915/4391
f 2555/915/762 1312/443/762 1315/446/762
f 5251/2545/4392 1219/400/4392 1221/402/4392
f 1221/402/4393 5252/2546/4393 5251/2545/4393
f 5251/2545/4394 5253/2547/4394 1217/398/4394
f 1217/398/4395 1219/400/4395 5251/2545/4395
f 1217/398/4396 5253/2547/4396 5254/2548/4396
f 5254/2548/4397 1215/396/4397 1217/398/4397
f 1215/396/4398 5254/2548/4398 5255/2549/4398
f 5255/2549/4399 1212/393/4399 1215/396/4399
f 5255/2549/4400 5256/2550/4400 1236/414/4400
f 1236/414/4401 1212/393/4401 5255/2549/4401
f 5256/2550/4402 5257/2549/4402 1282/393/4402
f 1282/393/4403 1236/414/4403 5256/2550/4403
f 1283/396/4404 1282/393/4404 5257/2549/4404
f 5257/2549/4405 5258/2548/4405 1283/396/4405
f 1286/398/4406 1283/396/4406 5258/2548/4406
f 5258/2548/4407 5259/2547/4407 1286/398/4407
f 5259/2547/4408 5260/2545/4408 1289/400/4408
f 1289/400/4409 1286/398/4409 5259/2547/4409
f 5260/2545/4410 5261/2546/4410 1291/402/4410
f 1291/402/4411 1289/400/4411 5260/2545/4411
f 5232/2526/4412 5244/2538/4412 5262/2001/4412
f 5262/2001/4413 5263/917/4413 5232/2526/4413
f 5232/2526/4413 5263/917/4413 5264/916/4413
f 5264/916/4414 5245/2539/4414 5232/2526/4414
f 2447/812/4415 5252/2546/4415 1221/402/4415
f 1221/402/4416 1304/436/4416 2447/812/4416
f 5261/2546/4417 3775/812/4417 1305/436/4417
f 1305/436/749 1291/402/749 5261/2546/749
f 1330/450/4418 1329/453/4418 1328/452/4418
f 1329/453/4419 1330/450/4419 1333/455/4419
f 1331/451/4420 1328/452/4420 1334/2551/4420
f 1334/2551/4421 1335/2552/4421 1331/451/4421
f 1335/2552/4422 1334/2551/4422 1336/457/4422
f 1336/457/4423 1337/458/4423 1335/2552/4423
f 1355/474/4424 1354/475/4424 1352/472/4424
f 1360/480/4425 1361/481/4425 1363/483/4425
f 1362/482/4426 1366/2553/4426 1365/485/4426
f 1363/483/4427 1366/2553/4427 1362/482/4427
f 1332/454/4428 1333/455/4428 1368/487/4428
f 1367/486/4429 1368/487/4429 1370/489/4429
f 1372/490/4430 1371/492/4430 1369/488/4430
f 1374/491/4431 1373/2554/4431 1371/492/4431
f 1375/493/4432 1374/491/4432 1377/495/4432
f 1373/2554/4433 1374/491/4433 1375/493/4433
f 5236/2530/4434 5245/2539/4434 5237/2531/4434
f 5243/2537/4435 5244/2538/4435 5242/2536/4435
f 5265/221/425 2140/222/425 2139/223/425
f 2139/223/425 5266/224/425 5265/221/425
f 5196/2515/4436 5267/2555/4436 5268/2556/4436
f 5268/2556/4437 5269/2557/4437 5196/2515/4437
f 5269/2557/4438 5268/2556/4438 2147/547/4438
f 2147/547/4439 2062/505/4439 5269/2557/4439
f 5270/1261/4440 5271/1264/4440 5197/1263/4440
f 5197/1263/4441 5272/1262/4441 5270/1261/4441
f 2148/232/4442 5270/1261/4442 5272/1262/4442
f 5272/1262/4443 2064/146/4443 2148/232/4443
f 2062/505/4444 2145/546/4444 5196/2515/4444
f 5196/2515/4445 5269/2557/4445 2062/505/4445
f 2064/146/4446 5272/1262/4446 5197/1263/4446
f 5197/1263/4447 2146/230/4447 2064/146/4447
f 5273/226/4448 2143/227/4448 2142/228/4448
f 2142/228/4449 2141/225/4449 5273/226/4449
f 2151/236/4450 2143/227/4450 5273/226/4450
f 4275/225/1000 4274/228/1000 5274/2487/1000
f 5275/2558/1000 5276/2559/1000 5277/2560/1000
f 5277/2560/1000 5278/2561/1000 5275/2558/1000
f 5275/2558/1000 5278/2561/1000 5279/2562/1000
f 5279/2562/1000 5280/2563/1000 5275/2558/1000
f 5281/2564/4451 5282/2565/4451 4718/1747/4451
f 4723/1752/4452 5283/2566/4452 5284/2567/4452
f 5285/2568/2109 5286/2568/2109 5284/2567/2109
f 4718/1747/4453 5282/2565/4453 4732/1761/4453
f 5284/2567/2109 5286/2568/2109 5287/2568/2109
f 4743/1767/4454 5283/2566/4454 4723/1752/4454
f 5281/2564/4455 4718/1747/4455 5288/2569/4455
f 4723/1752/4456 5284/2567/4456 5287/2568/4456
f 5289/2558/1000 5290/2561/1000 5291/2560/1000
f 5291/2560/1000 5292/2559/1000 5289/2558/1000
f 5289/2558/1000 5293/2563/1000 5294/2562/1000
f 5294/2562/1000 5290/2561/1000 5289/2558/1000
f 5295/2564/4452 3494/1747/4452 5296/2565/4452
f 3499/1752/4451 5297/2567/4451 5298/2566/4451
f 5299/2568/2109 5297/2567/2109 5300/2568/2109
f 3494/1747/4457 3508/1761/4457 5296/2565/4457
f 5297/2567/2109 5301/2568/2109 5300/2568/2109
f 3519/1767/4458 3499/1752/4458 5298/2566/4458
f 5295/2564/4456 5302/2569/4456 3494/1747/4456
f 3499/1752/4455 5301/2568/4455 5297/2567/4455
f 5303/1450/4459 5304/1451/4459 5305/1452/4459
f 5305/1452/4459 5306/1453/4459 5303/1450/4459
f 5307/2371/26 5308/2372/26 5309/2373/26
f 5309/2373/26 5310/2374/26 5307/2371/26
f 5311/2375/66 5312/2376/66 5313/2377/66
f 5313/2377/66 5314/2378/66 5311/2375/66
f 5315/2379/4460 5307/2371/4460 5310/2374/4460
f 5310/2374/4461 5316/2380/4461 5315/2379/4461
f 5317/1464/4462 5318/1465/4462 5319/1466/4462
f 5319/1466/4463 5320/1467/4463 5317/1464/4463
f 5321/2381/4464 5322/2382/4464 5313/2377/4464
f 5313/2377/4464 5323/2383/4464 5321/2381/4464
f 5324/2384/4465 5325/2385/4465 5326/2386/4465
f 5326/2386/4465 5327/2387/4465 5324/2384/4465
f 5328/2388/4466 5308/2372/4466 5329/2389/4466
f 5329/2389/4466 5330/2390/4466 5328/2388/4466
f 5331/2391/4467 5332/2392/4467 5311/2375/4467
f 5311/2375/4467 5333/2393/4467 5331/2391/4467
f 5314/2378/4468 5313/2377/4468 5322/2382/4468
f 5322/2382/4469 5334/2394/4469 5314/2378/4469
f 5312/2376/66 5335/2395/66 5323/2383/66
f 5323/2383/66 5313/2377/66 5312/2376/66
f 5336/1483/4470 5318/1465/4470 5317/1464/4470
f 5317/1464/4471 5337/1484/4471 5336/1483/4471
f 5308/2372/4472 5328/2388/4472 5338/2396/4472
f 5338/2396/4473 5309/2373/4473 5308/2372/4473
f 5339/2397/4474 5340/2398/4474 5335/2395/4474
f 5335/2395/4475 5312/2376/4475 5339/2397/4475
f 5308/2372/26 5307/2371/26 5327/2387/26
f 5327/2387/26 5329/2389/26 5308/2372/26
f 5329/2389/4476 5327/2387/4476 5341/2399/4476
f 5341/2399/4477 5342/2400/4477 5329/2389/4477
f 5343/2401/4478 5311/2375/4478 5314/2378/4478
f 5314/2378/4479 5344/2402/4479 5343/2401/4479
f 5326/2386/4480 5345/2403/4480 5341/2399/4480
f 5341/2399/4481 5327/2387/4481 5326/2386/4481
f 5342/2400/4482 5346/2404/4482 5330/2390/4482
f 5330/2390/4483 5329/2389/4483 5342/2400/4483
f 5343/2401/4484 5347/2405/4484 5333/2393/4484
f 5333/2393/4485 5311/2375/4485 5343/2401/4485
f 5334/2394/4486 5348/2406/4486 5344/2402/4486
f 5344/2402/4487 5314/2378/4487 5334/2394/4487
f 5349/2493/4488 5306/1453/4488 5305/1452/4488
f 5350/2494/4488 5304/1451/4488 5303/1450/4488
f 5327/2387/26 5307/2371/26 5324/2384/26
f 5332/2392/66 5312/2376/66 5311/2375/66
f 3266/112/4489 5135/115/4489 3269/114/4489
f 3269/114/4490 3267/113/4490 3266/112/4490
f 3282/1539/4491 5391/2570/4491 3278/1535/4491
f 3278/1535/4492 5124/2498/4492 3282/1539/4492
f 5124/2498/4493 3278/1535/4493 5392/1535/4493
f 3283/126/131 3286/125/131 3285/124/131
g FFG02QGSUW3QAA6NMZ4CSOY21_mat_1-Eject_Seat.jpg
usemtl mat_1-Eject_Seat.jpg
f 197/2571/66 198/2572/66 199/2573/66
f 199/2573/66 200/2574/66 197/2571/66
f 201/2575/26 202/2572/26 203/2571/26
f 203/2571/26 204/2574/26 201/2575/26
f 205/2576/2109 206/2577/2109 207/2578/2109
f 208/2579/4494 209/2580/4494 210/2581/4494
f 210/2581/4494 211/2582/4494 208/2579/4494
f 210/2581/4495 209/2580/4495 212/2583/4495
f 212/2583/4496 213/2584/4496 210/2581/4496
f 214/2585/4497 215/2586/4497 216/2587/4497
f 217/2588/1000 218/2589/1000 219/2590/1000
f 219/2590/1000 220/2591/1000 217/2588/1000
f 201/2575/2106 221/2592/2106 222/2593/2106
f 222/2593/2106 202/2572/2106 201/2575/2106
f 202/2572/4498 222/2593/4498 223/2594/4498
f 223/2594/4498 224/2595/4498 202/2572/4498
f 207/2578/4499 206/2577/4499 208/2579/4499
f 208/2579/4499 211/2582/4499 207/2578/4499
f 209/2580/4500 225/2596/4500 212/2583/4500
f 226/2597/4501 225/2596/4501 209/2580/4501
f 209/2580/4502 208/2579/4502 226/2597/4502
f 206/2577/4503 227/2598/4503 226/2597/4503
f 226/2597/4504 208/2579/4504 206/2577/4504
f 228/2599/4496 229/2600/4496 215/2586/4496
f 215/2586/4496 214/2585/4496 228/2599/4496
f 230/2601/4494 229/2600/4494 228/2599/4494
f 228/2599/4494 231/2602/4494 230/2601/4494
f 232/2603/4499 233/2604/4499 230/2601/4499
f 230/2601/4499 231/2602/4499 232/2603/4499
f 234/2605/4505 228/2599/4505 214/2585/4505
f 231/2602/4506 228/2599/4506 234/2605/4506
f 234/2605/4507 235/2606/4507 231/2602/4507
f 236/2607/4508 232/2603/4508 231/2602/4508
f 231/2602/4509 235/2606/4509 236/2607/4509
f 225/2596/4510 234/2605/4510 214/2585/4510
f 214/2585/4510 212/2583/4510 225/2596/4510
f 235/2606/4511 234/2605/4511 225/2596/4511
f 225/2596/4494 226/2597/4494 235/2606/4494
f 227/2598/4512 236/2607/4512 235/2606/4512
f 235/2606/4512 226/2597/4512 227/2598/4512
f 223/2594/425 237/2608/425 205/2576/425
f 205/2576/425 224/2595/425 223/2594/425
f 237/2608/2109 233/2604/2109 232/2603/2109
f 237/2608/2109 232/2603/2109 236/2607/2109
f 205/2576/2109 237/2608/2109 236/2607/2109
f 236/2607/2109 227/2598/2109 205/2576/2109
f 205/2576/2109 227/2598/2109 206/2577/2109
f 212/2583/4497 214/2585/4497 216/2587/4497
f 216/2587/4497 238/2609/4497 212/2583/4497
f 212/2583/4497 238/2609/4497 213/2584/4497
f 238/2609/4513 216/2587/4513 239/2610/4513
f 239/2610/4513 240/2611/4513 238/2609/4513
f 241/2612/4514 242/2613/4514 243/2614/4514
f 243/2614/4515 244/2615/4515 241/2612/4515
f 244/2615/4516 243/2614/4516 245/2616/4516
f 245/2616/4516 246/2617/4516 244/2615/4516
f 246/2617/4517 245/2616/4517 247/2618/4517
f 247/2618/4517 248/2619/4517 246/2617/4517
f 249/2620/4518 245/2616/4518 243/2614/4518
f 243/2614/4519 250/2621/4519 249/2620/4519
f 251/2616/4520 252/2620/4520 253/2621/4520
f 253/2621/4520 254/2614/4520 251/2616/4520
f 250/2621/4521 253/2621/4521 252/2620/4521
f 252/2620/4522 249/2620/4522 250/2621/4522
f 255/2622/66 256/2623/66 257/2624/66
f 257/2624/66 258/2625/66 259/2626/66
f 255/2622/66 257/2624/66 259/2626/66
f 255/2622/66 259/2626/66 260/2627/66
f 261/2622/26 262/2627/26 263/2626/26
f 261/2622/26 263/2626/26 264/2625/26
f 261/2622/26 264/2625/26 265/2624/26
f 261/2622/26 265/2624/26 266/2623/26
f 267/2628/66 256/2623/66 255/2622/66
f 255/2622/66 268/2629/66 267/2628/66
f 261/2622/26 266/2623/26 269/2628/26
f 269/2628/26 270/2629/26 261/2622/26
g FFG02QGSUW3QAA6NMZ4CSOY21_mat_2-Glass_Cockpit.jpg
usemtl mat_2-Glass_Cockpit.jpg
f 1398/2630/4523 1399/2631/4523 1400/2632/4523
f 1400/2632/4524 1401/2633/4524 1398/2630/4524
f 1402/2634/4525 1403/2635/4525 1404/2636/4525
f 1404/2636/4526 1405/2637/4526 1402/2634/4526
f 1406/2638/4527 1407/2639/4527 1408/2640/4527
f 1408/2640/4528 1409/2641/4528 1406/2638/4528
f 1410/2642/4529 1411/2643/4529 1412/2644/4529
f 1412/2644/4530 1413/2645/4530 1410/2642/4530
f 1414/2646/4531 1415/2647/4531 1416/2648/4531
f 1416/2648/4532 1417/2649/4532 1414/2646/4532
f 1418/2650/4533 1419/2651/4533 1420/2652/4533
f 1420/2652/4534 1421/2653/4534 1418/2650/4534
f 1419/2651/4535 1418/2650/4535 1422/2654/4535
f 1422/2654/4536 1423/2655/4536 1419/2651/4536
f 1405/2637/4537 1404/2636/4537 1424/2656/4537
f 1424/2656/4538 1425/2657/4538 1405/2637/4538
f 1426/2658/4539 1427/2659/4539 1428/2660/4539
f 1428/2660/4540 1429/2661/4540 1426/2658/4540
f 1427/2659/4541 1426/2658/4541 1399/2631/4541
f 1399/2631/4542 1398/2630/4542 1427/2659/4542
f 1430/2662/4543 1431/2663/4543 1432/2664/4543
f 1432/2664/4544 1433/2665/4544 1430/2662/4544
f 1434/2666/4545 1435/2667/4545 1415/2647/4545
f 1415/2647/4546 1414/2646/4546 1434/2666/4546
f 1401/2633/4547 1400/2632/4547 1431/2663/4547
f 1431/2663/4548 1430/2662/4548 1401/2633/4548
f 1436/2668/4549 1437/2669/4549 1438/2670/4549
f 1438/2670/4550 1439/2671/4550 1436/2668/4550
f 1440/2672/4551 1441/2673/4551 1437/2669/4551
f 1437/2669/4552 1436/2668/4552 1440/2672/4552
f 1442/2674/4553 1443/2675/4553 1441/2673/4553
f 1441/2673/4554 1440/2672/4554 1442/2674/4554
f 1421/2653/4555 1420/2652/4555 1403/2635/4555
f 1403/2635/4556 1402/2634/4556 1421/2653/4556
f 1407/2639/4557 1406/2638/4557 1443/2675/4557
f 1443/2675/4558 1442/2674/4558 1407/2639/4558
f 1411/2643/4559 1410/2642/4559 1444/2676/4559
f 1444/2676/4560 1445/2677/4560 1411/2643/4560
f 1413/2645/4561 1412/2644/4561 1435/2667/4561
f 1435/2667/4562 1434/2666/4562 1413/2645/4562
f 1410/2642/4563 1413/2645/4563 1446/2678/4563
f 1446/2678/4564 1447/2679/4564 1410/2642/4564
f 1413/2645/4565 1434/2666/4565 1448/2680/4565
f 1448/2680/4566 1446/2678/4566 1413/2645/4566
f 1434/2666/4567 1414/2646/4567 1449/2681/4567
f 1449/2681/4568 1448/2680/4568 1434/2666/4568
f 1414/2646/4569 1417/2649/4569 1450/2682/4569
f 1450/2682/4570 1449/2681/4570 1414/2646/4570
f 1410/2642/4571 1447/2679/4571 1451/2683/4571
f 1451/2683/4572 1444/2676/4572 1410/2642/4572
f 1426/2658/4573 1407/2639/4573 1442/2674/4573
f 1442/2674/4574 1399/2631/4574 1426/2658/4574
f 1399/2631/4575 1442/2674/4575 1440/2672/4575
f 1440/2672/4576 1400/2632/4576 1399/2631/4576
f 1400/2632/4577 1440/2672/4577 1436/2668/4577
f 1436/2668/4578 1431/2663/4578 1400/2632/4578
f 1431/2663/4579 1436/2668/4579 1439/2671/4579
f 1439/2671/4580 1432/2664/4580 1431/2663/4580
f 1429/2661/4581 1408/2640/4581 1407/2639/4581
f 1407/2639/4582 1426/2658/4582 1429/2661/4582
f 1411/2643/4583 1418/2650/4583 1421/2653/4583
f 1421/2653/4584 1412/2644/4584 1411/2643/4584
f 1398/2630/4585 1420/2652/4585 1419/2651/4585
f 1419/2651/4586 1427/2659/4586 1398/2630/4586
f 1412/2644/4587 1421/2653/4587 1402/2634/4587
f 1402/2634/4588 1435/2667/4588 1412/2644/4588
f 1401/2633/4589 1403/2635/4589 1420/2652/4589
f 1420/2652/4590 1398/2630/4590 1401/2633/4590
f 1435/2667/4591 1402/2634/4591 1405/2637/4591
f 1405/2637/4592 1415/2647/4592 1435/2667/4592
f 1430/2662/4593 1404/2636/4593 1403/2635/4593
f 1403/2635/4594 1401/2633/4594 1430/2662/4594
f 1415/2647/4595 1405/2637/4595 1425/2657/4595
f 1425/2657/4596 1416/2648/4596 1415/2647/4596
f 1433/2665/4597 1424/2656/4597 1404/2636/4597
f 1404/2636/4598 1430/2662/4598 1433/2665/4598
f 1445/2677/4599 1422/2654/4599 1418/2650/4599
f 1418/2650/4600 1411/2643/4600 1445/2677/4600
f 1427/2659/4601 1419/2651/4601 1423/2655/4601
f 1423/2655/4602 1428/2660/4602 1427/2659/4602
f 1443/2675/4603 1406/2638/4603 1452/2684/4603
f 1452/2684/4604 1453/2685/4604 1443/2675/4604
f 1441/2673/4605 1443/2675/4605 1453/2685/4605
f 1453/2685/4606 1454/2686/4606 1441/2673/4606
f 1437/2669/4607 1441/2673/4607 1454/2686/4607
f 1454/2686/4608 1455/2687/4608 1437/2669/4608
f 1438/2670/4609 1437/2669/4609 1455/2687/4609
f 1455/2687/4610 1456/2688/4610 1438/2670/4610
f 1406/2638/4611 1409/2641/4611 1457/2689/4611
f 1457/2689/4612 1452/2684/4612 1406/2638/4612
f 1458/2630/4613 1459/2633/4613 1460/2632/4613
f 1460/2632/4614 1461/2631/4614 1458/2630/4614
f 1462/2634/4615 1463/2637/4615 1464/2636/4615
f 1464/2636/4616 1465/2635/4616 1462/2634/4616
f 1466/2638/4617 1467/2641/4617 1468/2640/4617
f 1468/2640/4618 1469/2639/4618 1466/2638/4618
f 1470/2642/4619 1471/2645/4619 1472/2644/4619
f 1472/2644/4620 1473/2643/4620 1470/2642/4620
f 1474/2646/4621 1417/2649/4621 1416/2648/4621
f 1416/2648/4622 1475/2647/4622 1474/2646/4622
f 1476/2650/4623 1477/2653/4623 1478/2652/4623
f 1478/2652/4624 1479/2651/4624 1476/2650/4624
f 1479/2651/4625 1480/2655/4625 1481/2654/4625
f 1481/2654/4626 1476/2650/4626 1479/2651/4626
f 1463/2637/4627 1425/2657/4627 1424/2656/4627
f 1424/2656/4628 1464/2636/4628 1463/2637/4628
f 1482/2658/4629 1483/2661/4629 1484/2660/4629
f 1484/2660/4630 1485/2659/4630 1482/2658/4630
f 1485/2659/4631 1458/2630/4631 1461/2631/4631
f 1461/2631/4632 1482/2658/4632 1485/2659/4632
f 1486/2662/4633 1487/2690/4633 1488/2691/4633
f 1488/2691/4634 1489/2663/4634 1486/2662/4634
f 1490/2666/4635 1474/2646/4635 1475/2647/4635
f 1475/2647/4636 1491/2667/4636 1490/2666/4636
f 1459/2633/4637 1486/2662/4637 1489/2663/4637
f 1489/2663/4638 1460/2632/4638 1459/2633/4638
f 1492/2668/4639 1493/2692/4639 1494/2693/4639
f 1494/2693/4640 1495/2669/4640 1492/2668/4640
f 1496/2672/4641 1492/2668/4641 1495/2669/4641
f 1495/2669/4642 1497/2673/4642 1496/2672/4642
f 1498/2674/4643 1496/2672/4643 1497/2673/4643
f 1497/2673/4644 1499/2675/4644 1498/2674/4644
f 1477/2653/4645 1462/2634/4645 1465/2635/4645
f 1465/2635/4646 1478/2652/4646 1477/2653/4646
f 1469/2639/4647 1498/2674/4647 1499/2675/4647
f 1499/2675/4648 1466/2638/4648 1469/2639/4648
f 1473/2643/4649 1500/2677/4649 1501/2676/4649
f 1501/2676/4650 1470/2642/4650 1473/2643/4650
f 1471/2645/4651 1490/2666/4651 1491/2667/4651
f 1491/2667/4652 1472/2644/4652 1471/2645/4652
f 1470/2642/4653 1502/2679/4653 1503/2678/4653
f 1503/2678/4654 1471/2645/4654 1470/2642/4654
f 1471/2645/4655 1503/2678/4655 1504/2680/4655
f 1504/2680/4656 1490/2666/4656 1471/2645/4656
f 1490/2666/4657 1504/2680/4657 1505/2681/4657
f 1505/2681/4658 1474/2646/4658 1490/2666/4658
f 1474/2646/4659 1505/2681/4659 1450/2682/4659
f 1450/2682/4660 1417/2649/4660 1474/2646/4660
f 1470/2642/4661 1501/2676/4661 1506/2683/4661
f 1506/2683/4662 1502/2679/4662 1470/2642/4662
f 1482/2658/4663 1461/2631/4663 1498/2674/4663
f 1498/2674/4664 1469/2639/4664 1482/2658/4664
f 1461/2631/4665 1460/2632/4665 1496/2672/4665
f 1496/2672/4666 1498/2674/4666 1461/2631/4666
f 1460/2632/4667 1489/2663/4667 1492/2668/4667
f 1492/2668/4668 1496/2672/4668 1460/2632/4668
f 1489/2663/4669 1488/2691/4669 1493/2692/4669
f 1493/2692/4670 1492/2668/4670 1489/2663/4670
f 1483/2661/4671 1482/2658/4671 1469/2639/4671
f 1469/2639/4672 1468/2640/4672 1483/2661/4672
f 1473/2643/4673 1472/2644/4673 1477/2653/4673
f 1477/2653/4674 1476/2650/4674 1473/2643/4674
f 1458/2630/4675 1485/2659/4675 1479/2651/4675
f 1479/2651/4676 1478/2652/4676 1458/2630/4676
f 1472/2644/4677 1491/2667/4677 1462/2634/4677
f 1462/2634/4678 1477/2653/4678 1472/2644/4678
f 1459/2633/4679 1458/2630/4679 1478/2652/4679
f 1478/2652/4680 1465/2635/4680 1459/2633/4680
f 1491/2667/4681 1475/2647/4681 1463/2637/4681
f 1463/2637/4682 1462/2634/4682 1491/2667/4682
f 1486/2662/4683 1459/2633/4683 1465/2635/4683
f 1465/2635/4684 1464/2636/4684 1486/2662/4684
f 1475/2647/4685 1416/2648/4685 1425/2657/4685
f 1425/2657/4686 1463/2637/4686 1475/2647/4686
f 1487/2690/4687 1486/2662/4687 1464/2636/4687
f 1464/2636/4688 1424/2656/4688 1487/2690/4688
f 1500/2677/4689 1473/2643/4689 1476/2650/4689
f 1476/2650/4690 1481/2654/4690 1500/2677/4690
f 1485/2659/4691 1484/2660/4691 1480/2655/4691
f 1480/2655/4692 1479/2651/4692 1485/2659/4692
f 1499/2675/4693 1507/2685/4693 1508/2684/4693
f 1508/2684/4694 1466/2638/4694 1499/2675/4694
f 1497/2673/4695 1509/2686/4695 1507/2685/4695
f 1507/2685/4696 1499/2675/4696 1497/2673/4696
f 1495/2669/4697 1510/2694/4697 1509/2686/4697
f 1509/2686/4698 1497/2673/4698 1495/2669/4698
f 1494/2693/4699 1511/2695/4699 1510/2694/4699
f 1510/2694/4700 1495/2669/4700 1494/2693/4700
f 1466/2638/4701 1508/2684/4701 1512/2689/4701
f 1512/2689/4702 1467/2641/4702 1466/2638/4702
f 5351/2696/4703 5352/2697/4703 5353/2698/4703
f 5353/2698/4704 5354/2699/4704 5351/2696/4704
f 5353/2698/4705 5352/2697/4705 5355/2700/4705
f 5355/2700/4706 5356/2701/4706 5353/2698/4706
f 5356/2701/4707 5355/2700/4707 5357/2702/4707
f 5357/2702/4708 5358/2703/4708 5356/2701/4708
f 5359/2704/4709 5360/2705/4709 5358/2703/4709
f 5358/2703/4710 5357/2702/4710 5359/2704/4710
f 5361/2706/4711 5362/2707/4711 5363/2708/4711
f 5363/2708/4712 5364/2709/4712 5361/2706/4712
f 5365/2710/4713 5366/2711/4713 5362/2707/4713
f 5362/2707/4714 5361/2706/4714 5365/2710/4714
f 5367/2712/4715 5368/2713/4715 5366/2711/4715
f 5366/2711/4716 5365/2710/4716 5367/2712/4716
f 5364/2709/4717 5363/2708/4717 5369/2714/4717
f 5369/2714/4718 5370/2715/4718 5364/2709/4718
f 5362/2707/4719 5352/2697/4719 5351/2696/4719
f 5351/2696/4720 5363/2708/4720 5362/2707/4720
f 5366/2711/4721 5355/2700/4721 5352/2697/4721
f 5352/2697/4722 5362/2707/4722 5366/2711/4722
f 5368/2713/4723 5357/2702/4723 5355/2700/4723
f 5355/2700/4724 5366/2711/4724 5368/2713/4724
f 5371/2716/4725 5359/2704/4725 5357/2702/4725
f 5357/2702/4726 5368/2713/4726 5371/2716/4726
f 5363/2708/4727 5351/2696/4727 5372/2717/4727
f 5372/2717/4728 5369/2714/4728 5363/2708/4728
f 5373/2696/4729 5374/2699/4729 5375/2698/4729
f 5375/2698/4730 5376/2697/4730 5373/2696/4730
f 5375/2698/4731 5377/2701/4731 5378/2700/4731
f 5378/2700/4732 5376/2697/4732 5375/2698/4732
f 5377/2701/4733 5379/2703/4733 5380/2702/4733
f 5380/2702/4734 5378/2700/4734 5377/2701/4734
f 5359/2704/4735 5380/2702/4735 5379/2703/4735
f 5379/2703/4736 5360/2705/4736 5359/2704/4736
f 5381/2706/4737 5382/2709/4737 5383/2708/4737
f 5383/2708/4738 5384/2707/4738 5381/2706/4738
f 5385/2710/4739 5381/2706/4739 5384/2707/4739
f 5384/2707/4740 5386/2711/4740 5385/2710/4740
f 5367/2712/4741 5385/2710/4741 5386/2711/4741
f 5386/2711/4742 5387/2713/4742 5367/2712/4742
f 5382/2709/4743 5388/2715/4743 5389/2714/4743
f 5389/2714/4744 5383/2708/4744 5382/2709/4744
f 5384/2707/4745 5383/2708/4745 5373/2696/4745
f 5373/2696/4746 5376/2697/4746 5384/2707/4746
f 5386/2711/4747 5384/2707/4747 5376/2697/4747
f 5376/2697/4748 5378/2700/4748 5386/2711/4748
f 5387/2713/4749 5386/2711/4749 5378/2700/4749
f 5378/2700/4750 5380/2702/4750 5387/2713/4750
f 5371/2716/4751 5387/2713/4751 5380/2702/4751
f 5380/2702/4752 5359/2704/4752 5371/2716/4752
f 5383/2708/4753 5389/2714/4753 5390/2717/4753
f 5390/2717/4754 5373/2696/4754 5383/2708/4754
f 5372/2717/4755 5351/2696/4755 5354/2699/4755
f 5367/2712/4756 5371/2716/4756 5368/2713/4756
f 5390/2717/4757 5374/2699/4757 5373/2696/4757
f 5367/2712/4758 5387/2713/4758 5371/2716/4758
g FFG02QGSUW3QAA6NMZ4CSOY21_mat_3-Pilot_usa.jpg
usemtl mat_3-Pilot_usa.jpg
f 1513/2718/4759 1514/2719/4759 1515/2720/4759
f 1515/2720/4760 1516/2721/4760 1513/2718/4760
f 1517/2722/4761 1518/2723/4761 1519/2724/4761
f 1519/2724/4762 1520/2725/4762 1517/2722/4762
f 1521/2726/4763 1522/2727/4763 1523/2728/4763
f 1523/2728/4764 1524/2729/4764 1521/2726/4764
f 1525/2730/4765 1517/2722/4765 1520/2725/4765
f 1520/2725/4766 1526/2731/4766 1525/2730/4766
f 1525/2730/4767 1526/2731/4767 1522/2727/4767
f 1522/2727/4768 1521/2726/4768 1525/2730/4768
f 1525/2730/4769 1521/2726/4769 1524/2729/4769
f 1524/2729/4770 1517/2722/4770 1525/2730/4770
f 1527/2732/4771 1528/2733/4771 1523/2728/4771
f 1523/2728/4772 1522/2727/4772 1527/2732/4772
f 1529/2734/4773 1527/2732/4773 1522/2727/4773
f 1522/2727/4774 1526/2731/4774 1529/2734/4774
f 1530/2735/4775 1529/2734/4775 1526/2731/4775
f 1526/2731/4776 1520/2725/4776 1530/2735/4776
f 1531/2736/2106 1530/2735/2106 1520/2725/2106
f 1520/2725/2106 1519/2724/2106 1531/2736/2106
f 1532/2737/4777 1533/2738/4777 1513/2718/4777
f 1513/2718/4778 1516/2721/4778 1532/2737/4778
f 1533/2738/4779 1534/2739/4779 1529/2734/4779
f 1529/2734/4780 1513/2718/4780 1533/2738/4780
f 1535/2740/4781 1536/2741/4781 1537/2742/4781
f 1537/2742/4782 1527/2732/4782 1535/2740/4782
f 1538/2743/4783 1535/2740/4783 1527/2732/4783
f 1527/2732/4784 1529/2734/4784 1538/2743/4784
f 1539/2744/4785 1540/2745/4785 1533/2738/4785
f 1533/2738/4786 1532/2737/4786 1539/2744/4786
f 1540/2745/4787 1541/2746/4787 1534/2739/4787
f 1534/2739/4788 1533/2738/4788 1540/2745/4788
f 1542/2747/4789 1543/2748/4789 1536/2741/4789
f 1536/2741/4790 1535/2740/4790 1542/2747/4790
f 1544/2749/4791 1542/2747/4791 1535/2740/4791
f 1535/2740/4792 1538/2743/4792 1544/2749/4792
f 1545/2750/4793 1546/2751/4793 1540/2745/4793
f 1540/2745/4794 1539/2744/4794 1545/2750/4794
f 1546/2751/4795 1547/2752/4795 1541/2746/4795
f 1541/2746/4796 1540/2745/4796 1546/2751/4796
f 1548/2753/4797 1549/2754/4797 1543/2748/4797
f 1543/2748/4798 1542/2747/4798 1548/2753/4798
f 1550/2755/4799 1548/2753/4799 1542/2747/4799
f 1542/2747/4800 1544/2749/4800 1550/2755/4800
f 1551/2756/4801 1552/2757/4801 1546/2751/4801
f 1546/2751/4802 1545/2750/4802 1551/2756/4802
f 1552/2757/4803 1553/2758/4803 1547/2752/4803
f 1547/2752/4804 1546/2751/4804 1552/2757/4804
f 1554/2759/4805 1555/2760/4805 1549/2754/4805
f 1549/2754/4806 1548/2753/4806 1554/2759/4806
f 1556/2761/4807 1554/2759/4807 1548/2753/4807
f 1548/2753/4808 1550/2755/4808 1556/2761/4808
f 1557/2762/4809 1558/2763/4809 1552/2757/4809
f 1552/2757/4810 1559/2764/4810 1557/2762/4810
f 1558/2763/4811 1560/2765/4811 1553/2758/4811
f 1553/2758/4812 1552/2757/4812 1558/2763/4812
f 1561/2766/4813 1562/2767/4813 1554/2759/4813
f 1554/2759/4814 1556/2761/4814 1561/2766/4814
f 1563/2768/4815 1564/2769/4815 1565/2770/4815
f 1565/2770/4816 1566/2771/4816 1563/2768/4816
f 1564/2769/4817 1567/2772/4817 1568/2773/4817
f 1568/2773/4818 1565/2770/4818 1564/2769/4818
f 1569/2774/4819 1570/2775/4819 1571/2776/4819
f 1571/2776/4820 1572/2777/4820 1569/2774/4820
f 1573/2778/4821 1574/2779/4821 1564/2769/4821
f 1564/2769/4822 1563/2768/4822 1573/2778/4822
f 1574/2779/4823 1575/2780/4823 1567/2772/4823
f 1567/2772/4824 1564/2769/4824 1574/2779/4824
f 1576/2781/4825 1577/2782/4825 1570/2775/4825
f 1570/2775/4826 1569/2774/4826 1576/2781/4826
f 1578/2783/4827 1579/2784/4827 1574/2779/4827
f 1574/2779/4828 1573/2778/4828 1578/2783/4828
f 1580/2785/4829 1581/2786/4829 1582/2787/4829
f 1582/2787/4830 1583/2788/4830 1580/2785/4830
f 1584/2789/4831 1585/2790/4831 1577/2782/4831
f 1577/2782/4832 1576/2781/4832 1584/2789/4832
f 1586/2791/4833 1587/2792/4833 1588/2793/4833
f 1588/2793/4834 1589/2794/4834 1586/2791/4834
f 1590/2795/4835 1591/2796/4835 1579/2784/4835
f 1579/2784/4836 1578/2783/4836 1590/2795/4836
f 1589/2794/4837 1588/2793/4837 1592/2797/4837
f 1592/2797/4838 1593/2798/4838 1589/2794/4838
f 1591/2796/4839 1594/2799/4839 1595/2800/4839
f 1595/2800/4840 1579/2784/4840 1591/2796/4840
f 1596/2801/4841 1597/2802/4841 1598/2803/4841
f 1598/2803/4842 1599/2804/4842 1596/2801/4842
f 1538/2743/4843 1529/2734/4843 1534/2739/4843
f 1534/2739/4844 1541/2746/4844 1544/2749/4844
f 1544/2749/4845 1538/2743/4845 1534/2739/4845
f 1541/2746/4846 1547/2752/4846 1550/2755/4846
f 1550/2755/4847 1544/2749/4847 1541/2746/4847
f 1547/2752/4848 1553/2758/4848 1556/2761/4848
f 1556/2761/4849 1550/2755/4849 1547/2752/4849
f 1561/2766/4850 1556/2761/4850 1600/2805/4850
f 1601/2806/4851 1602/2807/4851 1603/2808/4851
f 1603/2808/4852 1604/2809/4852 1601/2806/4852
f 1567/2772/4853 1575/2780/4853 1605/2810/4853
f 1605/2810/4854 1606/2811/4854 1567/2772/4854
f 1607/2812/4855 1608/2813/4855 1609/2814/4855
f 1609/2814/4856 1610/2815/4856 1607/2812/4856
f 1589/2794/4857 1611/2816/4857 1612/2817/4857
f 1612/2817/4858 1586/2791/4858 1589/2794/4858
f 1529/2734/4859 1530/2735/4859 1514/2719/4859
f 1514/2719/4860 1513/2718/4860 1529/2734/4860
f 1530/2735/2106 1531/2736/2106 1515/2720/2106
f 1515/2720/2106 1514/2719/2106 1530/2735/2106
f 1528/2733/4861 1527/2732/4861 1537/2742/4861
f 1537/2742/4862 1613/2818/4862 1528/2733/4862
f 1605/2810/4863 1575/2780/4863 1614/2819/4863
f 1584/2789/4864 1614/2819/4864 1611/2816/4864
f 1611/2816/4865 1593/2798/4865 1584/2789/4865
f 1615/2820/4866 1583/2788/4866 1616/2821/4866
f 1616/2821/4867 1617/2822/4867 1615/2820/4867
f 1618/2823/4868 1619/2824/4868 1620/2825/4868
f 1620/2825/4869 1621/2826/4869 1618/2823/4869
f 1622/2827/4870 1618/2823/4870 1621/2826/4870
f 1621/2826/4871 1623/2828/4871 1622/2827/4871
f 1582/2787/4872 1622/2827/4872 1623/2828/4872
f 1623/2828/4873 1624/2829/4873 1582/2787/4873
f 1624/2829/4874 1625/2830/4874 1582/2787/4874
f 1583/2788/4875 1582/2787/4875 1625/2830/4875
f 1625/2830/4876 1616/2821/4876 1583/2788/4876
f 1626/2831/4877 1580/2785/4877 1583/2788/4877
f 1583/2788/4878 1615/2820/4878 1626/2831/4878
f 1627/2832/4879 1628/2833/4879 1619/2824/4879
f 1619/2824/4880 1618/2823/4880 1627/2832/4880
f 1629/2834/4881 1627/2832/4881 1618/2823/4881
f 1618/2823/4882 1622/2827/4882 1629/2834/4882
f 1581/2786/4883 1629/2834/4883 1622/2827/4883
f 1622/2827/4884 1582/2787/4884 1581/2786/4884
f 1630/2835/4885 1631/2836/4885 1580/2785/4885
f 1580/2785/4886 1626/2831/4886 1630/2835/4886
f 1632/2837/4887 1633/2838/4887 1628/2833/4887
f 1628/2833/4888 1627/2832/4888 1632/2837/4888
f 1631/2836/4889 1634/2839/4889 1581/2786/4889
f 1581/2786/4890 1580/2785/4890 1631/2836/4890
f 1635/2840/4891 1632/2837/4891 1627/2832/4891
f 1627/2832/4892 1629/2834/4892 1635/2840/4892
f 1636/2841/4893 1637/2842/4893 1638/2843/4893
f 1638/2843/4894 1639/2844/4894 1636/2841/4894
f 1634/2839/4895 1635/2840/4895 1629/2834/4895
f 1629/2834/4896 1581/2786/4896 1634/2839/4896
f 1640/2845/4897 1641/2846/4897 1631/2836/4897
f 1631/2836/4898 1630/2835/4898 1640/2845/4898
f 1642/2847/4899 1643/2848/4899 1633/2838/4899
f 1633/2838/4900 1632/2837/4900 1642/2847/4900
f 1641/2846/4901 1644/2849/4901 1634/2839/4901
f 1634/2839/4902 1631/2836/4902 1641/2846/4902
f 1645/2850/4903 1642/2847/4903 1632/2837/4903
f 1632/2837/4904 1635/2840/4904 1645/2850/4904
f 1608/2813/4905 1646/2851/4905 1647/2852/4905
f 1647/2852/4906 1609/2814/4906 1608/2813/4906
f 1644/2849/4907 1645/2850/4907 1635/2840/4907
f 1635/2840/4908 1634/2839/4908 1644/2849/4908
f 1641/2846/4909 1640/2845/4909 1648/2853/4909
f 1640/2845/4910 1649/2854/4910 1648/2853/4910
f 1650/2855/4911 1641/2846/4911 1648/2853/4911
f 1649/2854/4912 1651/2856/4912 1648/2853/4912
f 1646/2851/4913 1636/2841/4913 1639/2844/4913
f 1639/2844/4914 1647/2852/4914 1646/2851/4914
f 1651/2856/4915 1650/2855/4915 1648/2853/4915
f 1551/2756/4916 1559/2764/4916 1552/2757/4916
f 1652/2857/4917 1653/2858/4917 1654/2851/4917
f 1654/2851/4918 1655/2841/4918 1652/2857/4918
f 1656/2859/4919 1657/2860/4919 1653/2858/4919
f 1653/2858/4920 1652/2857/4920 1656/2859/4920
f 1658/2861/4921 1659/2862/4921 1657/2860/4921
f 1657/2860/4922 1656/2859/4922 1658/2861/4922
f 1660/2863/4923 1661/2864/4923 1656/2859/4923
f 1656/2859/4924 1652/2857/4924 1660/2863/4924
f 1656/2859/4925 1661/2864/4925 1658/2861/4925
f 1662/2865/4926 1663/2866/4926 1653/2858/4926
f 1653/2858/4927 1657/2860/4927 1662/2865/4927
f 1657/2860/4928 1659/2862/4928 1662/2865/4928
f 1662/2865/4929 1659/2862/4929 1664/2867/4929
f 1664/2867/4930 1665/2868/4930 1662/2865/4930
f 1665/2868/4931 1666/2869/4931 1663/2866/4931
f 1663/2866/4932 1662/2865/4932 1665/2868/4932
f 1667/2870/4933 1668/2871/4933 1669/2872/4933
f 1551/2756/4934 1670/2757/4934 1559/2764/4934
f 1663/2866/4935 1671/2813/4935 1654/2851/4935
f 1654/2851/4936 1653/2858/4936 1663/2866/4936
f 1666/2869/4937 1672/2873/4937 1671/2813/4937
f 1671/2813/4938 1663/2866/4938 1666/2869/4938
f 1671/2813/4939 1672/2873/4939 1673/2812/4939
f 1655/2841/4940 1674/2874/4940 1675/2801/4940
f 1676/2875/4941 1673/2812/4941 1672/2873/4941
f 1672/2873/4942 1677/2876/4942 1676/2875/4942
f 1655/2841/4943 1678/2842/4943 1674/2874/4943
f 1655/2841/4944 1675/2801/4944 1652/2857/4944
f 1672/2873/4945 1666/2869/4945 1677/2876/4945
f 1679/2802/4946 1660/2863/4946 1652/2857/4946
f 1652/2857/4947 1675/2801/4947 1679/2802/4947
f 1680/2877/4948 1681/2804/4948 1675/2801/4948
f 1675/2801/4949 1674/2874/4949 1680/2877/4949
f 1682/2878/4950 1683/2879/4950 1676/2875/4950
f 1676/2875/4951 1677/2876/4951 1682/2878/4951
f 1681/2804/4952 1684/2803/4952 1679/2802/4952
f 1679/2802/4953 1675/2801/4953 1681/2804/4953
f 1668/2871/4954 1685/2880/4954 1686/2881/4954
f 1686/2881/4955 1687/2882/4955 1668/2871/4955
f 1688/2883/4956 1689/2884/4956 1681/2804/4956
f 1681/2804/4957 1680/2877/4957 1688/2883/4957
f 1690/2885/4958 1691/2886/4958 1683/2879/4958
f 1683/2879/4959 1682/2878/4959 1690/2885/4959
f 1689/2884/4960 1692/2887/4960 1684/2803/4960
f 1684/2803/4961 1681/2804/4961 1689/2884/4961
f 1685/2880/4962 1693/2888/4962 1571/2776/4962
f 1571/2776/4963 1686/2881/4963 1685/2880/4963
f 1689/2884/4964 1688/2883/4964 1692/2887/4964
f 1694/2852/4965 1695/2844/4965 1655/2841/4965
f 1655/2841/4966 1654/2851/4966 1694/2852/4966
f 1696/2814/4967 1694/2852/4967 1654/2851/4967
f 1654/2851/4968 1671/2813/4968 1696/2814/4968
f 1695/2844/4969 1697/2843/4969 1678/2842/4969
f 1678/2842/4970 1655/2841/4970 1695/2844/4970
f 1698/2815/4971 1696/2814/4971 1671/2813/4971
f 1671/2813/4972 1673/2812/4972 1698/2815/4972
f 1611/2816/4973 1589/2794/4973 1593/2798/4973
f 1584/2789/4974 1593/2798/4974 1592/2797/4974
f 1592/2797/4975 1585/2790/4975 1584/2789/4975
f 1584/2789/4976 1576/2781/4976 1605/2810/4976
f 1605/2810/4977 1614/2819/4977 1584/2789/4977
f 1699/2889/4978 1569/2774/4978 1603/2808/4978
f 1700/2890/4979 1594/2799/4979 1591/2796/4979
f 1591/2796/4980 1590/2795/4980 1700/2890/4980
f 1701/2891/4981 1702/2892/4981 1703/2893/4981
f 1703/2893/4982 1704/2894/4982 1701/2891/4982
f 1604/2809/4983 1603/2808/4983 1569/2774/4983
f 1569/2774/4984 1572/2777/4984 1604/2809/4984
f 1571/2776/4985 1705/2895/4985 1604/2809/4985
f 1604/2809/4986 1572/2777/4986 1571/2776/4986
f 1606/2811/4987 1706/2896/4987 1568/2773/4987
f 1568/2773/4988 1567/2772/4988 1606/2811/4988
f 1699/2889/4989 1606/2811/4989 1605/2810/4989
f 1707/2897/4990 1701/2891/4990 1704/2894/4990
f 1704/2894/4991 1708/2898/4991 1707/2897/4991
f 1601/2806/4992 1604/2809/4992 1705/2895/4992
f 1705/2895/4993 1706/2896/4993 1601/2806/4993
f 1602/2807/4994 1601/2806/4994 1706/2896/4994
f 1706/2896/4995 1606/2811/4995 1602/2807/4995
f 1603/2808/4996 1602/2807/4996 1606/2811/4996
f 1606/2811/4997 1699/2889/4997 1603/2808/4997
f 1709/2891/4998 1710/2897/4998 1711/2899/4998
f 1711/2899/4999 1712/2892/4999 1709/2891/4999
f 1713/2900/5000 1714/2893/5000 1712/2892/5000
f 1712/2892/5001 1711/2899/5001 1713/2900/5001
f 1714/2893/5002 1715/2894/5002 1709/2891/5002
f 1709/2891/5003 1712/2892/5003 1714/2893/5003
f 1716/2898/5004 1713/2900/5004 1711/2899/5004
f 1711/2899/5005 1710/2897/5005 1716/2898/5005
f 1715/2894/5006 1716/2898/5006 1710/2897/5006
f 1710/2897/5007 1709/2891/5007 1715/2894/5007
f 1717/2721/5008 1718/2720/5008 1719/2719/5008
f 1719/2719/5009 1720/2718/5009 1717/2721/5009
f 1721/2725/5010 1722/2724/5010 1723/2723/5010
f 1723/2723/5011 1724/2722/5011 1721/2725/5011
f 1725/2729/5012 1726/2728/5012 1727/2727/5012
f 1727/2727/5013 1728/2726/5013 1725/2729/5013
f 1729/2731/5014 1721/2725/5014 1724/2722/5014
f 1724/2722/5015 1730/2730/5015 1729/2731/5015
f 1728/2726/5016 1727/2727/5016 1729/2731/5016
f 1729/2731/5017 1730/2730/5017 1728/2726/5017
f 1724/2722/5018 1725/2729/5018 1728/2726/5018
f 1728/2726/5019 1730/2730/5019 1724/2722/5019
f 1727/2727/5020 1726/2728/5020 1731/2733/5020
f 1731/2733/5021 1732/2732/5021 1727/2727/5021
f 1729/2731/5022 1727/2727/5022 1732/2732/5022
f 1732/2732/5023 1733/2734/5023 1729/2731/5023
f 1721/2725/5024 1729/2731/5024 1733/2734/5024
f 1733/2734/5025 1734/2735/5025 1721/2725/5025
f 1722/2724/2106 1721/2725/2106 1734/2735/2106
f 1734/2735/2106 1735/2736/2106 1722/2724/2106
f 1717/2721/5026 1720/2718/5026 1736/2738/5026
f 1736/2738/5027 1737/2737/5027 1717/2721/5027
f 1720/2718/5028 1733/2734/5028 1738/2739/5028
f 1738/2739/5029 1736/2738/5029 1720/2718/5029
f 1732/2732/5030 1739/2742/5030 1740/2741/5030
f 1740/2741/5031 1741/2740/5031 1732/2732/5031
f 1733/2734/5032 1732/2732/5032 1741/2740/5032
f 1741/2740/5033 1742/2743/5033 1733/2734/5033
f 1737/2737/5034 1736/2738/5034 1743/2745/5034
f 1743/2745/5035 1744/2744/5035 1737/2737/5035
f 1736/2738/5036 1738/2739/5036 1745/2746/5036
f 1745/2746/5037 1743/2745/5037 1736/2738/5037
f 1741/2740/5038 1740/2741/5038 1746/2748/5038
f 1746/2748/5039 1747/2747/5039 1741/2740/5039
f 1742/2743/5040 1741/2740/5040 1747/2747/5040
f 1747/2747/5041 1748/2749/5041 1742/2743/5041
f 1744/2744/5042 1743/2745/5042 1749/2751/5042
f 1749/2751/5043 1750/2750/5043 1744/2744/5043
f 1743/2745/5044 1745/2746/5044 1751/2752/5044
f 1751/2752/5045 1749/2751/5045 1743/2745/5045
f 1747/2747/5046 1746/2748/5046 1752/2754/5046
f 1752/2754/5047 1753/2753/5047 1747/2747/5047
f 1748/2749/5048 1747/2747/5048 1753/2753/5048
f 1753/2753/5049 1754/2755/5049 1748/2749/5049
f 1750/2750/5050 1749/2751/5050 1670/2757/5050
f 1670/2757/5051 1551/2756/5051 1750/2750/5051
f 1749/2751/5052 1751/2752/5052 1755/2758/5052
f 1755/2758/5053 1670/2757/5053 1749/2751/5053
f 1753/2753/5054 1752/2754/5054 1555/2760/5054
f 1555/2760/5055 1554/2759/5055 1753/2753/5055
f 1754/2755/5056 1753/2753/5056 1554/2759/5056
f 1554/2759/5057 1756/2761/5057 1754/2755/5057
f 1559/2764/5058 1670/2757/5058 1757/2763/5058
f 1757/2763/5059 1557/2762/5059 1559/2764/5059
f 1670/2757/5060 1755/2758/5060 1758/2765/5060
f 1758/2765/5061 1757/2763/5061 1670/2757/5061
f 1756/2761/5062 1554/2759/5062 1562/2767/5062
f 1562/2767/5063 1759/2805/5063 1756/2761/5063
f 1566/2771/5064 1760/2901/5064 1761/2902/5064
f 1761/2902/5065 1563/2768/5065 1566/2771/5065
f 1760/2901/5066 1762/2903/5066 1763/2904/5066
f 1763/2904/5067 1761/2902/5067 1760/2901/5067
f 1668/2871/5068 1667/2870/5068 1693/2888/5068
f 1693/2888/5069 1685/2880/5069 1668/2871/5069
f 1563/2768/5070 1761/2902/5070 1764/2905/5070
f 1764/2905/5071 1573/2778/5071 1563/2768/5071
f 1761/2902/5072 1763/2904/5072 1765/2906/5072
f 1765/2906/5073 1764/2905/5073 1761/2902/5073
f 1687/2882/5074 1570/2775/5074 1577/2782/5074
f 1577/2782/5075 1766/2907/5075 1687/2882/5075
f 1573/2778/5076 1764/2905/5076 1767/2908/5076
f 1767/2908/5077 1578/2783/5077 1573/2778/5077
f 1768/2788/5078 1769/2787/5078 1770/2786/5078
f 1770/2786/5079 1771/2785/5079 1768/2788/5079
f 1766/2907/5080 1577/2782/5080 1585/2790/5080
f 1585/2790/5081 1772/2909/5081 1766/2907/5081
f 1773/2910/5082 1588/2793/5082 1587/2792/5082
f 1587/2792/5083 1774/2911/5083 1773/2910/5083
f 1578/2783/5084 1767/2908/5084 1775/2912/5084
f 1775/2912/5085 1590/2795/5085 1578/2783/5085
f 1776/2913/5086 1592/2797/5086 1588/2793/5086
f 1588/2793/5087 1773/2910/5087 1776/2913/5087
f 1767/2908/5088 1777/2914/5088 1778/2915/5088
f 1778/2915/5089 1775/2912/5089 1767/2908/5089
f 1779/2876/5090 1780/2875/5090 1781/2879/5090
f 1781/2879/5091 1782/2878/5091 1779/2876/5091
f 1738/2739/5092 1733/2734/5092 1742/2743/5092
f 1742/2743/5093 1748/2749/5093 1745/2746/5093
f 1745/2746/5094 1738/2739/5094 1742/2743/5094
f 1748/2749/5095 1754/2755/5095 1751/2752/5095
f 1751/2752/5096 1745/2746/5096 1748/2749/5096
f 1754/2755/5097 1756/2761/5097 1755/2758/5097
f 1755/2758/5098 1751/2752/5098 1754/2755/5098
f 1756/2761/5099 1759/2805/5099 1758/2765/5099
f 1758/2765/5100 1755/2758/5100 1756/2761/5100
f 1783/2899/5101 1702/2892/5101 1701/2891/5101
f 1701/2891/5102 1707/2897/5102 1783/2899/5102
f 1667/2870/5103 1669/2872/5103 1784/2916/5103
f 1784/2916/5104 1785/2917/5104 1667/2870/5104
f 1786/2887/5105 1787/2883/5105 1788/2884/5105
f 1774/2911/5106 1789/2918/5106 1790/2919/5106
f 1790/2919/5107 1773/2910/5107 1774/2911/5107
f 1720/2718/5108 1719/2719/5108 1734/2735/5108
f 1734/2735/5109 1733/2734/5109 1720/2718/5109
f 1719/2719/2106 1718/2720/2106 1735/2736/2106
f 1735/2736/2106 1734/2735/2106 1719/2719/2106
f 1791/2818/5110 1739/2742/5110 1732/2732/5110
f 1732/2732/5111 1731/2733/5111 1791/2818/5111
f 1792/2920/5112 1784/2916/5112 1669/2872/5112
f 1776/2913/5113 1790/2919/5113 1792/2920/5113
f 1792/2920/5114 1772/2909/5114 1776/2913/5114
f 1793/2822/5115 1794/2821/5115 1768/2788/5115
f 1768/2788/5116 1795/2820/5116 1793/2822/5116
f 1796/2826/5117 1797/2825/5117 1798/2824/5117
f 1798/2824/5118 1799/2823/5118 1796/2826/5118
f 1800/2828/5119 1796/2826/5119 1799/2823/5119
f 1799/2823/5120 1801/2827/5120 1800/2828/5120
f 1802/2829/5121 1800/2828/5121 1801/2827/5121
f 1801/2827/5122 1769/2787/5122 1802/2829/5122
f 1769/2787/5123 1803/2830/5123 1802/2829/5123
f 1794/2821/5124 1803/2830/5124 1769/2787/5124
f 1769/2787/5125 1768/2788/5125 1794/2821/5125
f 1795/2820/5126 1768/2788/5126 1771/2785/5126
f 1771/2785/5127 1804/2831/5127 1795/2820/5127
f 1799/2823/5128 1798/2824/5128 1805/2833/5128
f 1805/2833/5129 1806/2832/5129 1799/2823/5129
f 1801/2827/5130 1799/2823/5130 1806/2832/5130
f 1806/2832/5131 1807/2834/5131 1801/2827/5131
f 1769/2787/5132 1801/2827/5132 1807/2834/5132
f 1807/2834/5133 1770/2786/5133 1769/2787/5133
f 1804/2831/5134 1771/2785/5134 1808/2836/5134
f 1808/2836/5135 1809/2835/5135 1804/2831/5135
f 1806/2832/5136 1805/2833/5136 1810/2838/5136
f 1810/2838/5137 1811/2837/5137 1806/2832/5137
f 1771/2785/5138 1770/2786/5138 1812/2839/5138
f 1812/2839/5139 1808/2836/5139 1771/2785/5139
f 1807/2834/5140 1806/2832/5140 1811/2837/5140
f 1811/2837/5141 1813/2840/5141 1807/2834/5141
f 1599/2804/5142 1598/2803/5142 1786/2887/5142
f 1786/2887/5143 1788/2884/5143 1599/2804/5143
f 1770/2786/5144 1807/2834/5144 1813/2840/5144
f 1813/2840/5145 1812/2839/5145 1770/2786/5145
f 1809/2835/5146 1808/2836/5146 1814/2846/5146
f 1814/2846/5147 1815/2845/5147 1809/2835/5147
f 1811/2837/5148 1810/2838/5148 1816/2848/5148
f 1816/2848/5149 1817/2847/5149 1811/2837/5149
f 1808/2836/5150 1812/2839/5150 1818/2849/5150
f 1818/2849/5151 1814/2846/5151 1808/2836/5151
f 1813/2840/5152 1811/2837/5152 1817/2847/5152
f 1817/2847/5153 1819/2850/5153 1813/2840/5153
f 1782/2878/5154 1781/2879/5154 1820/2886/5154
f 1820/2886/5155 1821/2885/5155 1782/2878/5155
f 1812/2839/5156 1813/2840/5156 1819/2850/5156
f 1819/2850/5157 1818/2849/5157 1812/2839/5157
f 1822/2853/5158 1815/2845/5158 1814/2846/5158
f 1822/2853/5159 1823/2854/5159 1815/2845/5159
f 1822/2853/5160 1814/2846/5160 1824/2855/5160
f 1822/2853/5161 1825/2856/5161 1823/2854/5161
f 1826/2877/5162 1599/2804/5162 1788/2884/5162
f 1788/2884/5163 1787/2883/5163 1826/2877/5163
f 1822/2853/5164 1824/2855/5164 1825/2856/5164
f 1686/2881/5165 1571/2776/5165 1570/2775/5165
f 1570/2775/5166 1687/2882/5166 1686/2881/5166
f 1702/2892/5167 1783/2899/5167 1827/2900/5167
f 1827/2900/5168 1703/2893/5168 1702/2892/5168
f 1785/2917/5169 1828/2921/5169 1693/2888/5169
f 1693/2888/5170 1667/2870/5170 1785/2917/5170
f 1783/2899/5171 1707/2897/5171 1708/2898/5171
f 1708/2898/5172 1827/2900/5172 1783/2899/5172
f 1569/2774/5173 1699/2889/5173 1605/2810/5173
f 1605/2810/5174 1576/2781/5174 1569/2774/5174
f 1600/2805/5175 1556/2761/5175 1553/2758/5175
f 1553/2758/5176 1560/2765/5176 1600/2805/5176
f 1590/2795/5177 1775/2912/5177 1778/2915/5177
f 1778/2915/5178 1700/2890/5178 1590/2795/5178
f 1669/2872/5179 1668/2871/5179 1687/2882/5179
f 1687/2882/5180 1766/2907/5180 1669/2872/5180
f 1792/2920/5181 1669/2872/5181 1766/2907/5181
f 1766/2907/5182 1772/2909/5182 1792/2920/5182
f 1585/2790/5183 1592/2797/5183 1776/2913/5183
f 1776/2913/5184 1772/2909/5184 1585/2790/5184
f 1776/2913/5185 1773/2910/5185 1790/2919/5185
f 1636/2841/5186 1646/2851/5186 1829/2858/5186
f 1829/2858/5187 1830/2857/5187 1636/2841/5187
f 1830/2857/5188 1829/2858/5188 1831/2860/5188
f 1831/2860/5189 1832/2859/5189 1830/2857/5189
f 1832/2859/5190 1831/2860/5190 1833/2862/5190
f 1833/2862/5191 1834/2861/5191 1832/2859/5191
f 1830/2857/5192 1832/2859/5192 1835/2864/5192
f 1835/2864/5193 1836/2863/5193 1830/2857/5193
f 1834/2861/5194 1835/2864/5194 1832/2859/5194
f 1831/2860/5195 1829/2858/5195 1837/2866/5195
f 1837/2866/5196 1838/2865/5196 1831/2860/5196
f 1838/2865/5197 1833/2862/5197 1831/2860/5197
f 1839/2868/5198 1840/2867/5198 1833/2862/5198
f 1833/2862/5199 1838/2865/5199 1839/2868/5199
f 1838/2865/5200 1837/2866/5200 1841/2869/5200
f 1841/2869/5201 1839/2868/5201 1838/2865/5201
f 1829/2858/5202 1646/2851/5202 1608/2813/5202
f 1608/2813/5203 1837/2866/5203 1829/2858/5203
f 1837/2866/5204 1608/2813/5204 1842/2873/5204
f 1842/2873/5205 1841/2869/5205 1837/2866/5205
f 1607/2812/5206 1842/2873/5206 1608/2813/5206
f 1596/2801/5207 1843/2874/5207 1636/2841/5207
f 1779/2876/5208 1842/2873/5208 1607/2812/5208
f 1607/2812/5209 1780/2875/5209 1779/2876/5209
f 1843/2874/5210 1637/2842/5210 1636/2841/5210
f 1830/2857/5211 1596/2801/5211 1636/2841/5211
f 1779/2876/5212 1841/2869/5212 1842/2873/5212
f 1596/2801/5213 1830/2857/5213 1836/2863/5213
f 1836/2863/5214 1597/2802/5214 1596/2801/5214
f 1843/2874/5215 1596/2801/5215 1599/2804/5215
f 1599/2804/5216 1826/2877/5216 1843/2874/5216
f 1844/2922/5217 1845/2923/5217 1846/2924/5217
f 1847/2925/5218 1848/2926/5218 1849/2927/5218
f 1849/2927/5219 1850/2928/5219 1847/2925/5219
f 1851/2929/5220 1852/2930/5220 1853/2931/5220
f 1854/2932/5221 1844/2922/5221 1855/2933/5221
f 1856/2934/5222 1846/2924/5222 1857/2935/5222
f 1857/2935/5223 1858/2936/5223 1856/2934/5223
f 1859/2937/5224 1860/2938/5224 1861/2939/5224
f 1858/2936/5225 1862/2940/5225 1863/2941/5225
f 1863/2941/5226 1856/2934/5226 1858/2936/5226
f 1845/2923/5227 1864/2942/5227 1859/2937/5227
f 1859/2937/5228 1861/2939/5228 1845/2923/5228
f 1865/2943/5229 1866/2944/5229 1863/2941/5229
f 1863/2941/5230 1867/2945/5230 1865/2943/5230
f 1868/2946/5231 1869/2947/5231 1870/2948/5231
f 1870/2948/5231 1871/2949/5231 1868/2946/5231
f 1848/2926/5232 1847/2925/5232 1854/2932/5232
f 1855/2933/5233 1844/2922/5233 1846/2924/5233
f 1846/2924/5234 1856/2934/5234 1855/2933/5234
f 1845/2923/5235 1872/2950/5235 1873/2951/5235
f 1850/2928/5236 1874/2952/5236 1875/2953/5236
f 1875/2953/5237 1876/2954/5237 1850/2928/5237
f 1855/2933/5238 1856/2934/5238 1863/2941/5238
f 1863/2941/5239 1866/2944/5239 1855/2933/5239
f 1877/2955/5240 1878/2956/5240 1862/2940/5240
f 1862/2940/5241 1858/2936/5241 1877/2955/5241
f 1879/2957/5242 1847/2925/5242 1850/2928/5242
f 1850/2928/5243 1876/2954/5243 1879/2957/5243
f 1862/2940/5244 1880/2958/5244 1867/2945/5244
f 1867/2945/5245 1863/2941/5245 1862/2940/5245
f 1844/2922/5246 1854/2932/5246 1864/2942/5246
f 1864/2942/5247 1845/2923/5247 1844/2922/5247
f 1845/2923/5248 1861/2939/5248 1860/2938/5248
f 1860/2938/5248 1872/2950/5248 1845/2923/5248
f 1859/2937/5249 1864/2942/5249 1847/2925/5249
f 1881/2959/5250 1870/2948/5250 1869/2947/5250
f 1869/2947/5250 1882/2960/5250 1881/2959/5250
f 1866/2944/5251 1865/2943/5251 1883/2961/5251
f 1883/2961/5252 1884/2962/5252 1866/2944/5252
f 1885/2963/5253 1886/2964/5253 1877/2955/5253
f 1885/2963/5254 1877/2955/5254 1858/2936/5254
f 1885/2963/5255 1858/2936/5255 1857/2935/5255
f 1887/2965/5256 1888/2966/5256 1889/2967/5256
f 1889/2967/5257 1890/2968/5257 1887/2965/5257
f 1849/2927/5258 1884/2962/5258 1874/2952/5258
f 1874/2952/5259 1850/2928/5259 1849/2927/5259
f 1847/2925/5260 1879/2957/5260 1859/2937/5260
f 1855/2933/5261 1866/2944/5261 1884/2962/5261
f 1884/2962/5262 1849/2927/5262 1855/2933/5262
f 1883/2961/5263 1875/2953/5263 1874/2952/5263
f 1854/2932/5264 1855/2933/5264 1849/2927/5264
f 1849/2927/5265 1848/2926/5265 1854/2932/5265
f 1882/2960/5266 1853/2931/5266 1891/2969/5266
f 1891/2969/5266 1881/2959/5266 1882/2960/5266
f 1883/2961/5267 1874/2952/5267 1884/2962/5267
f 1892/2970/5268 1885/2963/5268 1873/2951/5268
f 1873/2951/5269 1872/2950/5269 1892/2970/5269
f 1851/2929/5270 1853/2931/5270 1882/2960/5270
f 1882/2960/5271 1893/2971/5271 1851/2929/5271
f 1857/2935/5272 1873/2951/5272 1885/2963/5272
f 1894/2972/5273 1852/2930/5273 1851/2929/5273
f 1851/2929/5274 1888/2966/5274 1894/2972/5274
f 1892/2970/5275 1872/2950/5275 1895/2973/5275
f 1894/2972/5276 1888/2966/5276 1887/2965/5276
f 1887/2965/5277 1896/2974/5277 1894/2972/5277
f 1852/2930/5278 1897/2975/5278 1853/2931/5278
f 1889/2967/5279 1895/2973/5279 1890/2968/5279
f 1885/2963/5280 1892/2970/5280 1898/2976/5280
f 1898/2976/5281 1886/2964/5281 1885/2963/5281
f 1888/2966/5282 1851/2929/5282 1893/2971/5282
f 1893/2971/5283 1889/2967/5283 1888/2966/5283
f 1898/2976/5284 1899/2977/5284 1900/2978/5284
f 1900/2978/5285 1886/2964/5285 1898/2976/5285
f 1860/2938/5286 1859/2937/5286 1901/2979/5286
f 1901/2979/5287 1872/2950/5287 1860/2938/5287
f 1869/2947/5288 1899/2977/5288 1893/2971/5288
f 1893/2971/5289 1882/2960/5289 1869/2947/5289
f 1896/2974/5290 1901/2979/5290 1859/2937/5290
f 1890/2968/5291 1896/2974/5291 1887/2965/5291
f 1898/2976/5292 1892/2970/5292 1895/2973/5292
f 1895/2973/5293 1889/2967/5293 1898/2976/5293
f 1859/2937/5294 1879/2957/5294 1896/2974/5294
f 1876/2954/5295 1897/2975/5295 1852/2930/5295
f 1852/2930/5296 1894/2972/5296 1876/2954/5296
f 1893/2971/5297 1899/2977/5297 1898/2976/5297
f 1898/2976/5298 1889/2967/5298 1893/2971/5298
f 1886/2964/5299 1900/2978/5299 1878/2956/5299
f 1878/2956/5300 1877/2955/5300 1886/2964/5300
f 1876/2954/5301 1894/2972/5301 1896/2974/5301
f 1896/2974/5302 1879/2957/5302 1876/2954/5302
f 1899/2977/5303 1869/2947/5303 1868/2946/5303
f 1868/2946/5304 1900/2978/5304 1899/2977/5304
f 1872/2950/5305 1901/2979/5305 1890/2968/5305
f 1890/2968/5306 1895/2973/5306 1872/2950/5306
f 1873/2951/5307 1857/2935/5307 1846/2924/5307
f 1846/2924/5308 1845/2923/5308 1873/2951/5308
f 1853/2931/5309 1897/2975/5309 1891/2969/5309
f 1854/2932/5310 1847/2925/5310 1864/2942/5310
f 1890/2968/5311 1901/2979/5311 1896/2974/5311
f 1902/2980/5312 1903/2981/5312 1904/2982/5312
f 1905/2983/5313 1906/2984/5313 1907/2985/5313
f 1905/2983/5314 1907/2985/5314 1908/2986/5314
f 1905/2983/5315 1908/2986/5315 1909/2987/5315
f 1910/2988/5316 1911/2989/5316 1904/2982/5316
f 1904/2982/5317 1903/2981/5317 1910/2988/5317
f 1902/2980/5318 1912/2990/5318 1913/2987/5318
f 1914/2991/5319 1915/2988/5319 1916/2992/5319
f 1917/2983/5320 1913/2987/5320 1908/2986/5320
f 1917/2983/5321 1908/2986/5321 1907/2985/5321
f 1917/2983/5322 1907/2985/5322 1918/2984/5322
f 1919/2990/5323 1920/2989/5323 1921/2982/5323
f 1911/2989/5324 1912/2990/5324 1904/2982/5324
f 1922/2993/5325 1909/2987/5325 1908/2986/5325
f 1908/2986/5326 1923/2994/5326 1922/2993/5326
f 1924/2981/5327 1925/2980/5327 1921/2982/5327
f 1926/2991/5328 1917/2983/5328 1918/2984/5328
f 1922/2993/5329 1923/2994/5329 1927/2995/5329
f 1927/2995/5330 1928/2996/5330 1922/2993/5330
f 1923/2994/5331 1908/2986/5331 1913/2987/5331
f 1913/2987/5332 1929/2993/5332 1923/2994/5332
f 1906/2984/5333 1905/2983/5333 1914/2991/5333
f 1928/2996/5334 1930/2997/5334 1919/2990/5334
f 1919/2990/5335 1922/2993/5335 1928/2996/5335
f 1931/2998/5336 1932/2999/5336 1933/3000/5336
f 1933/3000/5337 1920/2989/5337 1931/2998/5337
f 1902/2980/5338 1917/2983/5338 1903/2981/5338
f 1912/2990/5339 1911/2989/5339 1934/2998/5339
f 1934/2998/5340 1935/2997/5340 1912/2990/5340
f 1935/2997/5341 1936/2996/5341 1929/2993/5341
f 1929/2993/5342 1912/2990/5342 1935/2997/5342
f 1930/2997/5343 1937/3001/5343 1932/2999/5343
f 1932/2999/5344 1931/2998/5344 1930/2997/5344
f 1915/2988/5345 1924/2981/5345 1921/2982/5345
f 1921/2982/5346 1920/2989/5346 1915/2988/5346
f 1920/2989/5347 1919/2990/5347 1930/2997/5347
f 1930/2997/5348 1931/2998/5348 1920/2989/5348
f 1934/2998/5349 1932/2999/5349 1937/3001/5349
f 1937/3001/5350 1935/2997/5350 1934/2998/5350
f 1911/2989/5351 1933/3000/5351 1932/2999/5351
f 1932/2999/5352 1934/2998/5352 1911/2989/5352
f 1938/2992/5353 1910/2988/5353 1926/2991/5353
f 1909/2987/5354 1919/2990/5354 1925/2980/5354
f 1924/2981/5355 1905/2983/5355 1925/2980/5355
f 1926/2991/5356 1910/2988/5356 1917/2983/5356
f 1925/2980/5357 1919/2990/5357 1921/2982/5357
f 1928/2996/5358 1927/2995/5358 1937/3001/5358
f 1937/3001/5359 1930/2997/5359 1928/2996/5359
f 1913/2987/5360 1917/2983/5360 1902/2980/5360
f 1935/2997/5361 1937/3001/5361 1927/2995/5361
f 1927/2995/5362 1936/2996/5362 1935/2997/5362
f 1904/2982/5363 1912/2990/5363 1902/2980/5363
f 1936/2996/5364 1927/2995/5364 1923/2994/5364
f 1923/2994/5365 1929/2993/5365 1936/2996/5365
f 1925/2980/5366 1905/2983/5366 1909/2987/5366
f 1905/2983/5367 1915/2988/5367 1914/2991/5367
f 1909/2987/5368 1922/2993/5368 1919/2990/5368
f 1913/2987/5369 1912/2990/5369 1929/2993/5369
f 1939/3002/5370 1940/3003/5370 1941/3004/5370
f 1941/3004/5371 1942/3005/5371 1939/3002/5371
f 1943/3006/5372 1944/3007/5372 1945/3008/5372
f 1945/3008/5373 1946/3009/5373 1943/3006/5373
f 1947/3010/5374 1948/3011/5374 1949/3012/5374
f 1949/3012/5375 1950/3013/5375 1947/3010/5375
f 1951/3014/5376 1950/3013/5376 1944/3007/5376
f 1944/3007/5377 1943/3006/5377 1951/3014/5377
f 1952/3015/5378 1947/3010/5378 1950/3013/5378
f 1950/3013/5379 1951/3014/5379 1952/3015/5379
f 1953/3016/5380 1954/3017/5380 1955/3018/5380
f 1955/3018/5381 1956/3019/5381 1953/3016/5381
f 1957/3020/5382 1958/3021/5382 1959/3022/5382
f 1959/3022/5383 1960/3023/5383 1957/3020/5383
f 1961/3003/5384 1962/3002/5384 1963/3005/5384
f 1963/3005/5385 1964/3004/5385 1961/3003/5385
f 1965/3017/5386 1966/3016/5386 1967/3019/5386
f 1967/3019/5387 1968/3018/5387 1965/3017/5387
f 1969/3024/5388 1970/3025/5388 1971/3026/5388
f 1971/3026/5389 1972/3027/5389 1969/3024/5389
f 1950/3013/5390 1949/3012/5390 1973/3028/5390
f 1973/3028/5391 1944/3007/5391 1950/3013/5391
f 1974/3029/5392 1975/3030/5392 1976/3031/5392
f 1977/3032/5393 1976/3031/5393 1975/3030/5393
f 1975/3030/5394 1978/3033/5394 1977/3032/5394
f 1948/3011/5395 1979/3034/5395 1980/3035/5395
f 1980/3035/5396 1949/3012/5396 1948/3011/5396
f 1981/3036/5397 1982/3037/5397 1983/3038/5397
f 1984/3039/5398 1951/3014/5398 1943/3006/5398
f 1943/3006/5399 1970/3025/5399 1984/3039/5399
f 1985/3040/5400 1952/3015/5400 1951/3014/5400
f 1951/3014/5401 1984/3039/5401 1985/3040/5401
f 1986/3041/5402 1984/3039/5402 1970/3025/5402
f 1970/3025/5403 1969/3024/5403 1986/3041/5403
f 1987/3029/5404 1988/3030/5404 1989/3042/5404
f 1981/3036/5405 1990/3043/5405 1982/3037/5405
f 1990/3043/5406 1981/3036/5406 1991/3044/5406
f 1991/3044/5407 1992/3045/5407 1990/3043/5407
f 1989/3042/5408 1993/3037/5408 1987/3029/5408
f 1994/3046/5409 1974/3029/5409 1976/3031/5409
f 1995/3036/5410 1993/3037/5410 1996/3043/5410
f 1946/3009/5411 1945/3008/5411 1997/3047/5411
f 1997/3047/5412 1998/3048/5412 1946/3009/5412
f 1994/3046/5413 1976/3031/5413 1981/3036/5413
f 1981/3036/5414 1983/3038/5414 1994/3046/5414
f 1970/3025/5415 1943/3006/5415 1946/3009/5415
f 1946/3009/5416 1971/3026/5416 1970/3025/5416
f 1973/3028/5417 1999/3049/5417 1959/3022/5417
f 1959/3022/5418 1958/3021/5418 1973/3028/5418
f 2000/3046/5419 2001/3038/5419 1995/3036/5419
f 1995/3036/5420 2002/3031/5420 2000/3046/5420
f 2003/3050/5421 1985/3040/5421 1984/3039/5421
f 1984/3039/5422 1986/3041/5422 2003/3050/5422
f 1972/3027/5423 1971/3026/5423 2004/3051/5423
f 2004/3051/5424 2005/3052/5424 1972/3027/5424
f 1971/3026/5425 1946/3009/5425 1998/3048/5425
f 1998/3048/5426 2004/3051/5426 1971/3026/5426
f 1944/3007/5427 1973/3028/5427 1958/3021/5427
f 1958/3021/5428 1945/3008/5428 1944/3007/5428
f 1945/3008/5429 1958/3021/5429 1957/3020/5429
f 1957/3020/5430 1997/3047/5430 1945/3008/5430
f 1949/3012/5431 1980/3035/5431 1999/3049/5431
f 1999/3049/5432 1973/3028/5432 1949/3012/5432
f 1974/3029/5433 1994/3046/5433 1983/3038/5433
f 1983/3038/5434 1982/3037/5434 1974/3029/5434
f 2002/3031/5435 1987/3029/5435 2000/3046/5435
f 2006/3042/5436 1974/3029/5436 1982/3037/5436
f 2001/3038/5437 1993/3037/5437 1995/3036/5437
f 1993/3037/5438 2001/3038/5438 2000/3046/5438
f 2000/3046/5439 1987/3029/5439 1993/3037/5439
f 2006/3042/5440 1975/3030/5440 1974/3029/5440
f 2002/3031/5441 1988/3030/5441 1987/3029/5441
f 2006/3042/5442 1982/3037/5442 1990/3043/5442
f 1989/3042/5443 1996/3043/5443 1993/3037/5443
f 1905/2983/5444 1924/2981/5444 1915/2988/5444
f 1910/2988/5445 1903/2981/5445 1917/2983/5445
f 2007/3053/5446 2008/3054/5446 2009/3055/5446
f 2009/3055/5447 2010/3056/5447 2007/3053/5447
f 2008/3054/5448 2011/3057/5448 2012/3058/5448
f 2012/3058/5449 2009/3055/5449 2008/3054/5449
f 2013/3059/5450 2007/3053/5450 2010/3056/5450
f 2010/3056/5451 2014/3060/5451 2013/3059/5451
f 2010/3056/5452 2009/3055/5452 2015/3061/5452
f 2015/3061/5453 2016/3062/5453 2010/3056/5453
f 2009/3055/5454 2012/3058/5454 2017/3063/5454
f 2017/3063/5455 2015/3061/5455 2009/3055/5455
f 2010/3056/5456 2016/3062/5456 2018/3064/5456
f 2018/3064/5457 2014/3060/5457 2010/3056/5457
f 2016/3062/5458 2015/3061/5458 2019/3065/5458
f 2019/3065/5459 2020/3066/5459 2016/3062/5459
f 2015/3061/5460 2017/3063/5460 2021/3067/5460
f 2021/3067/5461 2019/3065/5461 2015/3061/5461
f 2018/3064/5462 2016/3062/5462 2020/3066/5462
f 2020/3066/5463 2022/3068/5463 2018/3064/5463
f 2020/3066/5464 2019/3065/5464 2023/3069/5464
f 2023/3069/5465 2024/3070/5465 2020/3066/5465
f 2019/3065/5466 2021/3067/5466 2025/3071/5466
f 2025/3071/5467 2023/3069/5467 2019/3065/5467
f 2022/3068/5468 2020/3066/5468 2024/3070/5468
f 2024/3070/5469 2026/3072/5469 2022/3068/5469
f 2012/3058/5470 2011/3057/5470 2027/3073/5470
f 2027/3073/5471 2028/3074/5471 2012/3058/5471
f 2017/3063/5472 2012/3058/5472 2028/3074/5472
f 2028/3074/5473 2029/3075/5473 2017/3063/5473
f 2021/3067/5474 2017/3063/5474 2029/3075/5474
f 2029/3075/5475 2030/3076/5475 2021/3067/5475
f 2031/3077/5476 2025/3071/5476 2021/3067/5476
f 2031/3077/5477 2021/3067/5477 2030/3076/5477
f 2031/3077/5478 2030/3076/5478 2032/3078/5478
f 2033/3079/5479 2034/3080/5479 2035/3081/5479
f 2035/3081/5480 2036/3082/5480 2033/3079/5480
f 2037/3083/5481 2038/3084/5481 2034/3080/5481
f 2034/3080/5482 2033/3079/5482 2037/3083/5482
f 2036/3082/5483 2035/3081/5483 2039/3085/5483
f 2039/3085/5484 2040/3086/5484 2036/3082/5484
f 2041/3087/5485 2033/3079/5485 2036/3082/5485
f 2036/3082/5486 2042/3088/5486 2041/3087/5486
f 2043/3089/5487 2037/3083/5487 2033/3079/5487
f 2033/3079/5488 2041/3087/5488 2043/3089/5488
f 2044/3090/5489 2042/3088/5489 2036/3082/5489
f 2036/3082/5490 2040/3086/5490 2044/3090/5490
f 2045/3091/5491 2041/3087/5491 2042/3088/5491
f 2042/3088/5492 2046/3092/5492 2045/3091/5492
f 2047/3093/5493 2043/3089/5493 2041/3087/5493
f 2041/3087/5494 2045/3091/5494 2047/3093/5494
f 2046/3092/5495 2042/3088/5495 2044/3090/5495
f 2044/3090/5496 2048/3094/5496 2046/3092/5496
f 2049/3095/5497 2045/3091/5497 2046/3092/5497
f 2046/3092/5498 2050/3096/5498 2049/3095/5498
f 2051/3097/5499 2047/3093/5499 2045/3091/5499
f 2045/3091/5500 2049/3095/5500 2051/3097/5500
f 2050/3096/5501 2046/3092/5501 2048/3094/5501
f 2048/3094/5502 2052/3098/5502 2050/3096/5502
f 2053/3099/5503 2038/3084/5503 2037/3083/5503
f 2037/3083/5504 2054/3100/5504 2053/3099/5504
f 2054/3100/5505 2037/3083/5505 2043/3089/5505
f 2043/3089/5506 2055/3101/5506 2054/3100/5506
f 2055/3101/5507 2043/3089/5507 2047/3093/5507
f 2047/3093/5508 2056/3102/5508 2055/3101/5508
f 2057/3103/5509 2058/3104/5509 2056/3102/5509
f 2057/3103/5510 2056/3102/5510 2047/3093/5510
f 2057/3103/5511 2047/3093/5511 2051/3097/5511
g fishbed_pylons.002_fishbed_pylons.001
v 0.317487 -0.131997 0.389623
v 0.353231 -0.113113 0.389623
v 0.317487 -0.131997 0.382273
v 0.353231 -0.113113 0.382273
v 0.602166 -0.121058 0.389623
v 0.602166 -0.113113 0.389623
v 0.602166 -0.121058 0.382273
v 0.602166 -0.113113 0.382273
v 0.596005 -0.134247 0.382273
v 0.596005 -0.134247 0.389623
v 0.273788 -0.150876 0.382273
v 0.273788 -0.150876 0.389623
v 0.596005 -0.150876 0.382273
v 0.596005 -0.150876 0.389623
v 0.273788 -0.144763 0.382273
v 0.284300 -0.133949 0.382273
v 0.284304 -0.134247 0.382273
v 0.276867 -0.137240 0.382273
v 0.284300 -0.133949 0.389623
v 0.273788 -0.144763 0.389623
v 0.284304 -0.134247 0.389623
v 0.276867 -0.137240 0.389623
v 0.513131 -0.130985 0.498690
v 0.548875 -0.109023 0.498690
v 0.513131 -0.130985 0.491341
v 0.548875 -0.109023 0.491341
v 0.797810 -0.118263 0.498690
v 0.797810 -0.109023 0.498690
v 0.797810 -0.118263 0.491341
v 0.797810 -0.109023 0.491341
v 0.791649 -0.133603 0.491341
v 0.791649 -0.133603 0.498690
v 0.469432 -0.152942 0.491341
v 0.469432 -0.152942 0.498690
v 0.791649 -0.152942 0.491341
v 0.791649 -0.152942 0.498690
v 0.469432 -0.145833 0.491341
v 0.479943 -0.133257 0.491341
v 0.479948 -0.133603 0.491341
v 0.472511 -0.137084 0.491341
v 0.479943 -0.133257 0.498690
v 0.469432 -0.145833 0.498690
v 0.479948 -0.133603 0.498690
v 0.472511 -0.137084 0.498690
v 0.273788 -0.155206 0.382273
v 0.273788 -0.155206 0.389623
v 0.596005 -0.155206 0.382273
v 0.596005 -0.155206 0.389623
v 0.417360 -0.150876 0.382273
v 0.336810 -0.150876 0.382273
v 0.336810 -0.150876 0.389623
v 0.417360 -0.150876 0.389623
v 0.417360 -0.155206 0.382273
v 0.336810 -0.155206 0.382273
v 0.336810 -0.155206 0.389623
v 0.417360 -0.155206 0.389623
v 0.417360 -0.150876 0.371103
v 0.354439 -0.150876 0.371103
v 0.354439 -0.150876 0.400793
v 0.417360 -0.150876 0.400793
v 0.417360 -0.155206 0.371103
v 0.354439 -0.155206 0.371103
v 0.354439 -0.155206 0.400793
v 0.417360 -0.155206 0.400793
v 0.317487 -0.131997 -0.397251
v 0.353231 -0.113113 -0.397251
v 0.317487 -0.131997 -0.389902
v 0.353231 -0.113113 -0.389902
v 0.602166 -0.121058 -0.397251
v 0.602166 -0.113113 -0.397251
v 0.602166 -0.121058 -0.389902
v 0.602166 -0.113113 -0.389902
v 0.596005 -0.134247 -0.389902
v 0.596005 -0.134247 -0.397251
v 0.273788 -0.150876 -0.389902
v 0.273788 -0.150876 -0.397251
v 0.596005 -0.150876 -0.389902
v 0.596005 -0.150876 -0.397251
v 0.273788 -0.144763 -0.389902
v 0.284300 -0.133949 -0.389902
v 0.284304 -0.134247 -0.389902
v 0.276867 -0.137240 -0.389902
v 0.284300 -0.133949 -0.397251
v 0.273788 -0.144763 -0.397251
v 0.284304 -0.134247 -0.397251
v 0.276867 -0.137240 -0.397251
v 0.513131 -0.130986 -0.506318
v 0.548875 -0.109023 -0.506318
v 0.513131 -0.130986 -0.498969
v 0.548875 -0.109023 -0.498969
v 0.797810 -0.118263 -0.506318
v 0.797810 -0.109023 -0.506318
v 0.797810 -0.118263 -0.498969
v 0.797810 -0.109023 -0.498969
v 0.791649 -0.133603 -0.498969
v 0.791649 -0.133603 -0.506318
v 0.469432 -0.152942 -0.498969
v 0.469432 -0.152942 -0.506318
v 0.791649 -0.152942 -0.498969
v 0.791649 -0.152942 -0.506318
v 0.469432 -0.145833 -0.498969
v 0.479943 -0.133257 -0.498969
v 0.479948 -0.133603 -0.498969
v 0.472511 -0.137084 -0.498969
v 0.479943 -0.133257 -0.506318
v 0.469432 -0.145833 -0.506318
v 0.479948 -0.133603 -0.506318
v 0.472511 -0.137084 -0.506318
v 0.273788 -0.155206 -0.389902
v 0.273788 -0.155206 -0.397251
v 0.596005 -0.155206 -0.389902
v 0.596005 -0.155206 -0.397251
v 0.417360 -0.150876 -0.389902
v 0.336810 -0.150876 -0.389902
v 0.336810 -0.150876 -0.397251
v 0.417360 -0.150876 -0.397251
v 0.417360 -0.155206 -0.389902
v 0.336810 -0.155206 -0.389902
v 0.336810 -0.155206 -0.397251
v 0.417360 -0.155206 -0.397251
v 0.417360 -0.150876 -0.378731
v 0.354439 -0.150876 -0.378731
v 0.354439 -0.150876 -0.408422
v 0.417360 -0.150876 -0.408422
v 0.417360 -0.155206 -0.378731
v 0.354439 -0.155206 -0.378731
v 0.354439 -0.155206 -0.408422
v 0.417360 -0.155206 -0.408422
vn -0.4671 0.8842 -0.0000
vn -0.0000 -0.0000 -1.0000
vn 1.0000 -0.0000 -0.0000
vn -0.0000 -0.0000 1.0000
vn -0.0000 1.0000 -0.0000
vn -1.0000 -0.0000 -0.0000
vn 0.9060 -0.4232 -0.0000
vn -0.9255 0.3787 -0.0000
vn -0.4048 0.9144 -0.0000
vn -0.0587 0.9983 -0.0000
vn -0.5235 0.8520 -0.0000
vn 0.9279 -0.3727 -0.0000
vn -0.0000 -1.0000 -0.0000
vn -0.0000 0.0003 1.0000
vn -0.9433 0.3319 -0.0000
vn -0.4578 0.8891 -0.0000
vn -0.0683 0.9977 -0.0000
vn -0.5353 -0.0000 -0.8447
vn -0.5353 -0.0000 0.8447
vn 0.0001 -0.0000 1.0000
vn 0.0001 0.0003 -1.0000
vt 0.375000 0.000000
vt 0.625000 0.000000
vt 0.625000 0.250000
vt 0.375000 0.250000
vt 0.625000 0.500000
vt 0.375000 0.500000
vt 0.625000 0.750000
vt 0.375000 0.750000
vt 0.625000 1.000000
vt 0.375000 1.000000
vt 0.875000 0.500000
vt 0.875000 0.750000
vt 0.375000 0.991841
vt 0.375000 0.954682
vt 0.375000 0.871349
vt 0.375000 0.258159
vt 0.375000 0.378651
vt 0.375000 0.295318
vt 0.125000 0.500000
vt 0.125000 0.750000
vt 0.253651 0.500000
vt 0.253651 0.750000
vt 0.170318 0.750000
vt 0.170318 0.500000
s 0
g fishbed_pylons.002_metal.002
usemtl metal.002
f 5393/3105/5512 5394/3106/5512 5396/3107/5512 5395/3108/5512
f 5395/3108/5513 5396/3107/5513 5400/3109/5513 5399/3110/5513
f 5399/3110/5514 5400/3109/5514 5398/3111/5514 5397/3112/5514
f 5397/3112/5515 5398/3111/5515 5394/3113/5515 5393/3114/5515
f 5400/3109/5516 5396/3115/5516 5394/3116/5516 5398/3111/5516
f 5402/3112/5515 5413/3117/5515 5412/3114/5515 5404/3114/5515 5443/3118/5515 5444/3119/5515 5406/3112/5515
f 5412/3105/5517 5407/3108/5517 5403/3108/5517 5404/3105/5517
f 5407/3108/5513 5409/3120/5513 5401/3110/5513 5405/3110/5513 5441/3121/5513 5442/3122/5513 5403/3108/5513
f 5399/3110/5518 5397/3112/5518 5402/3112/5518 5401/3110/5518
f 5443/3118/5515 5404/3114/5515 5438/3114/5515 5447/3118/5515
f 5397/3112/5515 5393/3114/5515 5411/3114/5515 5413/3117/5515 5402/3112/5515
f 5395/3108/5513 5399/3110/5513 5401/3110/5513 5409/3120/5513 5408/3108/5513
f 5401/3110/5514 5402/3112/5514 5406/3112/5514 5405/3110/5514
f 5407/3108/5513 5410/3108/5513 5409/3120/5513
f 5410/3108/5513 5408/3108/5513 5409/3120/5513
f 5411/3105/5515 5414/3105/5515 5413/3105/5515
f 5414/3105/5515 5412/3105/5515 5413/3105/5515
f 5407/3108/5519 5412/3105/5519 5414/3105/5519 5410/3108/5519
f 5410/3108/5520 5414/3105/5520 5411/3105/5520 5408/3108/5520
f 5393/3105/5521 5395/3108/5521 5408/3108/5521 5411/3105/5521
f 5415/3105/5522 5416/3106/5522 5418/3107/5522 5417/3108/5522
f 5417/3108/5513 5418/3107/5513 5422/3109/5513 5421/3110/5513
f 5421/3110/5514 5422/3109/5514 5420/3111/5514 5419/3112/5514
f 5419/3112/5515 5420/3111/5515 5416/3113/5515 5415/3114/5515
f 5422/3109/5516 5418/3115/5516 5416/3116/5516 5420/3111/5516
f 5424/3112/5515 5435/3117/5515 5434/3114/5515 5426/3114/5515 5428/3112/5515
f 5434/3105/5517 5429/3108/5517 5425/3108/5517 5426/3105/5517
f 5429/3108/5513 5431/3120/5513 5423/3110/5513 5427/3110/5513 5425/3108/5513
f 5421/3110/5523 5419/3112/5523 5424/3112/5523 5423/3110/5523
f 5425/3123/5524 5427/3110/5524 5428/3112/5524 5426/3124/5524
f 5419/3112/5515 5415/3114/5515 5433/3114/5515 5435/3117/5515 5424/3112/5515
f 5417/3108/5513 5421/3110/5513 5423/3110/5513 5431/3120/5513 5430/3108/5513
f 5423/3110/5514 5424/3112/5514 5428/3112/5514 5427/3110/5514
f 5429/3108/5513 5432/3108/5513 5431/3120/5513
f 5432/3108/5513 5430/3108/5513 5431/3120/5513
f 5433/3105/5525 5436/3105/5525 5435/3105/5525
f 5436/3105/5515 5434/3105/5515 5435/3105/5515
f 5429/3108/5526 5434/3105/5526 5436/3105/5526 5432/3108/5526
f 5432/3108/5527 5436/3105/5527 5433/3105/5527 5430/3108/5527
f 5415/3105/5528 5417/3108/5528 5430/3108/5528 5433/3105/5528
f 5445/3125/5524 5439/3110/5524 5440/3112/5524 5448/3126/5524
f 5441/3121/5513 5405/3110/5513 5439/3110/5513 5445/3121/5513
f 5405/3110/5514 5406/3112/5514 5440/3112/5514 5439/3110/5514
f 5404/3105/5517 5403/3108/5517 5437/3108/5517 5438/3105/5517
f 5403/3108/5513 5442/3122/5513 5446/3122/5513 5437/3108/5513
f 5447/3127/5524 5448/3126/5524 5456/3126/5524 5455/3127/5524
f 5437/3123/5524 5446/3128/5524 5447/3127/5524 5438/3124/5524
f 5446/3128/5524 5445/3125/5524 5448/3126/5524 5447/3127/5524
f 5406/3112/5515 5444/3119/5515 5448/3119/5515 5440/3112/5515
f 5441/3121/5514 5445/3121/5514 5453/3121/5514 5449/3121/5514
f 5450/3122/5513 5449/3121/5513 5453/3121/5513 5454/3122/5513
f 5452/3119/5515 5451/3118/5515 5455/3118/5515 5456/3119/5515
f 5445/3125/5524 5446/3128/5524 5454/3128/5524 5453/3125/5524
f 5444/3119/5516 5443/3118/5516 5451/3118/5516 5452/3119/5516
f 5448/3119/5514 5444/3119/5514 5452/3119/5514 5456/3119/5514
f 5442/3122/5516 5441/3121/5516 5449/3121/5516 5450/3122/5516
f 5446/3122/5529 5442/3122/5529 5450/3122/5529 5454/3122/5529
f 5443/3118/5530 5447/3118/5530 5455/3118/5530 5451/3118/5530
f 5457/3105/5512 5459/3108/5512 5460/3107/5512 5458/3106/5512
f 5459/3108/5515 5463/3110/5515 5464/3109/5515 5460/3107/5515
f 5463/3110/5514 5461/3112/5514 5462/3111/5514 5464/3109/5514
f 5461/3112/5513 5457/3114/5513 5458/3113/5513 5462/3111/5513
f 5464/3109/5516 5462/3111/5516 5458/3116/5516 5460/3115/5516
f 5466/3112/5513 5470/3112/5513 5508/3119/5513 5507/3118/5513 5468/3114/5513 5476/3114/5513 5477/3117/5513
f 5476/3105/5517 5468/3105/5517 5467/3108/5517 5471/3108/5517
f 5471/3108/5515 5467/3108/5515 5506/3122/5515 5505/3121/5515 5469/3110/5515 5465/3110/5515 5473/3120/5515
f 5463/3110/5518 5465/3110/5518 5466/3112/5518 5461/3112/5518
f 5507/3118/5513 5511/3118/5513 5502/3114/5513 5468/3114/5513
f 5461/3112/5513 5466/3112/5513 5477/3117/5513 5475/3114/5513 5457/3114/5513
f 5459/3108/5515 5472/3108/5515 5473/3120/5515 5465/3110/5515 5463/3110/5515
f 5465/3110/5514 5469/3110/5514 5470/3112/5514 5466/3112/5514
f 5471/3108/5515 5473/3120/5515 5474/3108/5515
f 5474/3108/5531 5473/3120/5531 5472/3108/5531
f 5475/3105/5513 5477/3105/5513 5478/3105/5513
f 5478/3105/5513 5477/3105/5513 5476/3105/5513
f 5471/3108/5519 5474/3108/5519 5478/3105/5519 5476/3105/5519
f 5474/3108/5520 5472/3108/5520 5475/3105/5520 5478/3105/5520
f 5457/3105/5521 5475/3105/5521 5472/3108/5521 5459/3108/5521
f 5479/3105/5522 5481/3108/5522 5482/3107/5522 5480/3106/5522
f 5481/3108/5515 5485/3110/5515 5486/3109/5515 5482/3107/5515
f 5485/3110/5514 5483/3112/5514 5484/3111/5514 5486/3109/5514
f 5483/3112/5513 5479/3114/5513 5480/3113/5513 5484/3111/5513
f 5486/3109/5516 5484/3111/5516 5480/3116/5516 5482/3115/5516
f 5488/3112/5513 5492/3112/5513 5490/3114/5513 5498/3114/5513 5499/3117/5513
f 5498/3105/5517 5490/3105/5517 5489/3108/5517 5493/3108/5517
f 5493/3108/5515 5489/3108/5515 5491/3110/5515 5487/3110/5515 5495/3120/5515
f 5485/3110/5523 5487/3110/5523 5488/3112/5523 5483/3112/5523
f 5489/3123/5524 5490/3124/5524 5492/3112/5524 5491/3110/5524
f 5483/3112/5513 5488/3112/5513 5499/3117/5513 5497/3114/5513 5479/3114/5513
f 5481/3108/5515 5494/3108/5515 5495/3120/5515 5487/3110/5515 5485/3110/5515
f 5487/3110/5514 5491/3110/5514 5492/3112/5514 5488/3112/5514
f 5493/3108/5515 5495/3120/5515 5496/3108/5515
f 5496/3108/5515 5495/3120/5515 5494/3108/5515
f 5497/3105/5532 5499/3105/5532 5500/3105/5532
f 5500/3105/5513 5499/3105/5513 5498/3105/5513
f 5493/3108/5526 5496/3108/5526 5500/3105/5526 5498/3105/5526
f 5496/3108/5527 5494/3108/5527 5497/3105/5527 5500/3105/5527
f 5479/3105/5528 5497/3105/5528 5494/3108/5528 5481/3108/5528
f 5509/3125/5524 5512/3126/5524 5504/3112/5524 5503/3110/5524
f 5505/3121/5515 5509/3121/5515 5503/3110/5515 5469/3110/5515
f 5469/3110/5514 5503/3110/5514 5504/3112/5514 5470/3112/5514
f 5468/3105/5517 5502/3105/5517 5501/3108/5517 5467/3108/5517
f 5467/3108/5515 5501/3108/5515 5510/3122/5515 5506/3122/5515
f 5511/3127/5524 5519/3127/5524 5520/3126/5524 5512/3126/5524
f 5501/3123/5524 5502/3124/5524 5511/3127/5524 5510/3128/5524
f 5510/3128/5524 5511/3127/5524 5512/3126/5524 5509/3125/5524
f 5470/3112/5513 5504/3112/5513 5512/3119/5513 5508/3119/5513
f 5505/3121/5514 5513/3121/5514 5517/3121/5514 5509/3121/5514
f 5514/3122/5515 5518/3122/5515 5517/3121/5515 5513/3121/5515
f 5516/3119/5513 5520/3119/5513 5519/3118/5513 5515/3118/5513
f 5509/3125/5524 5517/3125/5524 5518/3128/5524 5510/3128/5524
f 5508/3119/5516 5516/3119/5516 5515/3118/5516 5507/3118/5516
f 5512/3119/5514 5520/3119/5514 5516/3119/5514 5508/3119/5514
f 5506/3122/5516 5514/3122/5516 5513/3121/5516 5505/3121/5516
f 5510/3122/5530 5518/3122/5530 5514/3122/5530 5506/3122/5530
f 5507/3118/5529 5515/3118/5529 5519/3118/5529 5511/3118/5529
