Using pre-set license
Built from '2022.3/staging' branch; Version is '2022.3.43f1 (85497d293fa1) revision 8735101'; Using compiler version '192829333'; Build Type 'Release'
OS: 'Windows 11  (10.0.22631) 64bit Professional' Language: 'en' Physical Memory: 16221 MB
BatchMode: 1, IsHumanControllingUs: 0, StartBugReporterOnCrash: 0, Is64bit: 1, IsPro: 1

COMMAND LINE ARGUMENTS:
E:\Program Files\Unity Editor\2022.3.43f1\Editor\Unity.exe
-adb2
-batchMode
-noUpm
-name
AssetImportWorker0
-projectPath
E:/Unity Project/Syncara-Sky
-logFile
Logs/AssetImportWorker0.log
-srvPort
54926
Successfully changed project path to: E:/Unity Project/Syncara-Sky
E:/Unity Project/Syncara-Sky
[UnityMemory] Configuration Parameters - Can be set up in boot.config
    "memorysetup-bucket-allocator-granularity=16"
    "memorysetup-bucket-allocator-bucket-count=8"
    "memorysetup-bucket-allocator-block-size=33554432"
    "memorysetup-bucket-allocator-block-count=8"
    "memorysetup-main-allocator-block-size=16777216"
    "memorysetup-thread-allocator-block-size=16777216"
    "memorysetup-gfx-main-allocator-block-size=16777216"
    "memorysetup-gfx-thread-allocator-block-size=16777216"
    "memorysetup-cache-allocator-block-size=4194304"
    "memorysetup-typetree-allocator-block-size=2097152"
    "memorysetup-profiler-bucket-allocator-granularity=16"
    "memorysetup-profiler-bucket-allocator-bucket-count=8"
    "memorysetup-profiler-bucket-allocator-block-size=33554432"
    "memorysetup-profiler-bucket-allocator-block-count=8"
    "memorysetup-profiler-allocator-block-size=16777216"
    "memorysetup-profiler-editor-allocator-block-size=1048576"
    "memorysetup-temp-allocator-size-main=16777216"
    "memorysetup-job-temp-allocator-block-size=2097152"
    "memorysetup-job-temp-allocator-block-size-background=1048576"
    "memorysetup-job-temp-allocator-reduction-small-platforms=262144"
    "memorysetup-allocator-temp-initial-block-size-main=262144"
    "memorysetup-allocator-temp-initial-block-size-worker=262144"
    "memorysetup-temp-allocator-size-background-worker=32768"
    "memorysetup-temp-allocator-size-job-worker=262144"
    "memorysetup-temp-allocator-size-preload-manager=33554432"
    "memorysetup-temp-allocator-size-nav-mesh-worker=65536"
    "memorysetup-temp-allocator-size-audio-worker=65536"
    "memorysetup-temp-allocator-size-cloud-worker=32768"
    "memorysetup-temp-allocator-size-gi-baking-worker=262144"
    "memorysetup-temp-allocator-size-gfx=262144"
Player connection [4940]  Target information:

Player connection [4940]  * "[IP] 192.168.1.8 [Port] 0 [Flags] 2 [Guid] 505290888 [EditorId] 505290888 [Version] 1048832 [Id] WindowsEditor(7,Dyma) [Debug] 1 [PackageName] WindowsEditor [ProjectName] Editor" 

Player connection [4940] Host joined multi-casting on [225.0.0.222:54997]...
Player connection [4940] Host joined alternative multi-casting on [225.0.0.222:34997]...
[PhysX] Initialized MultithreadedTaskDispatcher with 8 workers.
Refreshing native plugins compatible for Editor in 125.72 ms, found 3 plugins.
Preloading 0 native plugins for Editor in 0.00 ms.
Initialize engine version: 2022.3.43f1 (85497d293fa1)
[Subsystems] Discovering subsystems at path E:/Program Files/Unity Editor/2022.3.43f1/Editor/Data/Resources/UnitySubsystems
[Subsystems] Discovering subsystems at path E:/Unity Project/Syncara-Sky/Assets
GfxDevice: creating device client; threaded=0; jobified=0
Direct3D:
    Version:  Direct3D 11.0 [level 11.1]
    Renderer: NVIDIA GeForce GTX 1050 Ti (ID=0x1c82)
    Vendor:   NVIDIA
    VRAM:     4004 MB
    Driver:   32.0.15.8129
Initialize mono
Mono path[0] = 'E:/Program Files/Unity Editor/2022.3.43f1/Editor/Data/Managed'
Mono path[1] = 'E:/Program Files/Unity Editor/2022.3.43f1/Editor/Data/MonoBleedingEdge/lib/mono/unityjit-win32'
Mono config path = 'E:/Program Files/Unity Editor/2022.3.43f1/Editor/Data/MonoBleedingEdge/etc'
Using monoOptions --debugger-agent=transport=dt_socket,embedding=1,server=y,suspend=n,address=127.0.0.1:56184
Begin MonoManager ReloadAssembly
Registering precompiled unity dll's ...
Register platform support module: E:/Program Files/Unity Editor/2022.3.43f1/Editor/Data/PlaybackEngines/WebGLSupport/UnityEditor.WebGL.Extensions.dll
Register platform support module: E:/Program Files/Unity Editor/2022.3.43f1/Editor/Data/PlaybackEngines/WindowsStandaloneSupport/UnityEditor.WindowsStandalone.Extensions.dll
Registered in 0.074313 seconds.
- Loaded All Assemblies, in  0.981 seconds
Native extension for WindowsStandalone target not found
Native extension for WebGL target not found
Mono: successfully reloaded assembly
- Finished resetting the current domain, in  0.472 seconds
Domain Reload Profiling: 1454ms
	BeginReloadAssembly (512ms)
		ExecutionOrderSort (0ms)
		DisableScriptedObjects (0ms)
		BackupInstance (0ms)
		ReleaseScriptingObjects (0ms)
		CreateAndSetChildDomain (1ms)
	RebuildCommonClasses (56ms)
	RebuildNativeTypeToScriptingClass (46ms)
	initialDomainReloadingComplete (132ms)
	LoadAllAssembliesAndSetupDomain (235ms)
		LoadAssemblies (511ms)
		RebuildTransferFunctionScriptingTraits (0ms)
		AnalyzeDomain (233ms)
			TypeCache.Refresh (232ms)
				TypeCache.ScanAssembly (219ms)
			ScanForSourceGeneratedMonoScriptInfo (0ms)
			ResolveRequiredComponents (0ms)
	FinalizeReload (472ms)
		ReleaseScriptCaches (0ms)
		RebuildScriptCaches (0ms)
		SetupLoadedEditorAssemblies (416ms)
			LogAssemblyErrors (0ms)
			InitializePlatformSupportModulesInManaged (8ms)
			SetLoadedEditorAssemblies (7ms)
			RefreshPlugins (0ms)
			BeforeProcessingInitializeOnLoad (2ms)
			ProcessInitializeOnLoadAttributes (297ms)
			ProcessInitializeOnLoadMethodAttributes (101ms)
			AfterProcessingInitializeOnLoad (0ms)
			EditorAssembliesLoaded (0ms)
		ExecutionOrderSort2 (0ms)
		AwakeInstancesAfterBackupRestoration (0ms)
========================================================================
Worker process is ready to serve import requests
Caller must complete domain reload
Begin MonoManager ReloadAssembly
- Loaded All Assemblies, in  1.913 seconds
Native extension for WindowsStandalone target not found
Native extension for WebGL target not found
Mono: successfully reloaded assembly
- Finished resetting the current domain, in  0.728 seconds
Domain Reload Profiling: 2641ms
	BeginReloadAssembly (365ms)
		ExecutionOrderSort (0ms)
		DisableScriptedObjects (4ms)
		BackupInstance (0ms)
		ReleaseScriptingObjects (0ms)
		CreateAndSetChildDomain (22ms)
	RebuildCommonClasses (46ms)
	RebuildNativeTypeToScriptingClass (12ms)
	initialDomainReloadingComplete (125ms)
	LoadAllAssembliesAndSetupDomain (1365ms)
		LoadAssemblies (1490ms)
		RebuildTransferFunctionScriptingTraits (0ms)
		AnalyzeDomain (174ms)
			TypeCache.Refresh (156ms)
				TypeCache.ScanAssembly (142ms)
			ScanForSourceGeneratedMonoScriptInfo (13ms)
			ResolveRequiredComponents (4ms)
	FinalizeReload (729ms)
		ReleaseScriptCaches (0ms)
		RebuildScriptCaches (0ms)
		SetupLoadedEditorAssemblies (597ms)
			LogAssemblyErrors (0ms)
			InitializePlatformSupportModulesInManaged (5ms)
			SetLoadedEditorAssemblies (3ms)
			RefreshPlugins (0ms)
			BeforeProcessingInitializeOnLoad (49ms)
			ProcessInitializeOnLoadAttributes (517ms)
			ProcessInitializeOnLoadMethodAttributes (21ms)
			AfterProcessingInitializeOnLoad (2ms)
			EditorAssembliesLoaded (0ms)
		ExecutionOrderSort2 (0ms)
		AwakeInstancesAfterBackupRestoration (6ms)
Launched and connected shader compiler UnityShaderCompiler.exe after 0.10 seconds
Refreshing native plugins compatible for Editor in 93.58 ms, found 3 plugins.
Preloading 0 native plugins for Editor in 0.00 ms.
Unloading 3148 Unused Serialized files (Serialized files now loaded: 0)
Unloading 18 unused Assets / (27.2 KB). Loaded Objects now: 3618.
Memory consumption went from 123.3 MB to 123.3 MB.
Total: 2.244700 ms (FindLiveObjects: 0.153900 ms CreateObjectMapping: 0.070000 ms MarkObjects: 1.983900 ms  DeleteObjects: 0.035800 ms)

AssetImportParameters requested are different than current active one (requested -> active):
  custom:container-demuxer-ogg: 62fdf1f143b41e24485cea50d1cbac27 -> 
  custom:video-codec-MediaFoundation-h265: 746d11721c4dcdbdad8f713fa42b33f4 -> 
  custom:video-decoder-ogg-theora: a1e56fd34408186e4bbccfd4996cb3dc -> 
  custom:framework-win-MediaFoundation: 216162199b28c13a410421893ffa2e32 -> 
  custom:CustomObjectIndexerAttribute: 9a22284fe3817be447336de3de66b15e -> 
  custom:container-demuxer-webm: 4f35f7cbe854078d1ac9338744f61a02 -> 
  custom:container-muxer-webm: aa71ff27fc2769a1b78a27578f13a17b -> 
  custom:video-decoder-webm-vp8: 9c59270c3fd7afecdb556c50c9e8de78 -> 
  custom:SearchIndexIgnoredProperties: e643bd26f0fe6173181afceb89e7c659 -> 
  custom:AudioImporter_EditorPlatform: d09bf68614088b80899f8185d706f6e7 -> 
  custom:video-encoder-webm-vp8: eb34c28f22e8b96e1ab97ce403110664 -> 
  custom:audio-decoder-ogg-vorbis: bf7c407c2cedff20999df2af8eb42d56 -> 
  custom:audio-encoder-webm-vorbis: bf7c407c2cedff20999df2af8eb42d56 -> 
========================================================================
Received Import Request.
  Time since last request: 3499.564486 seconds.
  path: Assets/Scripts/Player/HomingMissile.cs
  artifactKey: Guid(cb7c99f9d79de5a4d8e2e84ed647f321) Importer(815301076,1909f56bfc062723c751e8b465ee728b)
Start importing Assets/Scripts/Player/HomingMissile.cs using Guid(cb7c99f9d79de5a4d8e2e84ed647f321) Importer(815301076,1909f56bfc062723c751e8b465ee728b) [PhysX] Initialized MultithreadedTaskDispatcher with 8 workers.
 -> (artifact id: 'a8316d03cf2bf6e9636c753d80eb1d40') in 0.035181 seconds
Number of updated asset objects reloaded before import = 0
Number of asset objects unloaded after import = 0
========================================================================
Received Import Request.
  Time since last request: 62.186108 seconds.
  path: Assets/Scripts/Player/NewHomingMissile.cs
  artifactKey: Guid(91fbc1255b6b78f4994cf771032ff534) Importer(815301076,1909f56bfc062723c751e8b465ee728b)
Start importing Assets/Scripts/Player/NewHomingMissile.cs using Guid(91fbc1255b6b78f4994cf771032ff534) Importer(815301076,1909f56bfc062723c751e8b465ee728b) [PhysX] Initialized MultithreadedTaskDispatcher with 8 workers.
 -> (artifact id: '0e1b45b1d8f5eced75fd8d632afb692b') in 0.000553 seconds
Number of updated asset objects reloaded before import = 0
Number of asset objects unloaded after import = 0
========================================================================
Received Prepare
Caller must complete domain reload
Begin MonoManager ReloadAssembly
- Loaded All Assemblies, in  0.912 seconds
Native extension for WindowsStandalone target not found
Native extension for WebGL target not found
Mono: successfully reloaded assembly
- Finished resetting the current domain, in 25.898 seconds
Domain Reload Profiling: 26810ms
	BeginReloadAssembly (170ms)
		ExecutionOrderSort (0ms)
		DisableScriptedObjects (4ms)
		BackupInstance (0ms)
		ReleaseScriptingObjects (0ms)
		CreateAndSetChildDomain (33ms)
	RebuildCommonClasses (38ms)
	RebuildNativeTypeToScriptingClass (14ms)
	initialDomainReloadingComplete (32ms)
	LoadAllAssembliesAndSetupDomain (657ms)
		LoadAssemblies (732ms)
		RebuildTransferFunctionScriptingTraits (0ms)
		AnalyzeDomain (28ms)
			TypeCache.Refresh (15ms)
				TypeCache.ScanAssembly (0ms)
			ScanForSourceGeneratedMonoScriptInfo (7ms)
			ResolveRequiredComponents (5ms)
	FinalizeReload (25898ms)
		ReleaseScriptCaches (0ms)
		RebuildScriptCaches (0ms)
		SetupLoadedEditorAssemblies (435ms)
			LogAssemblyErrors (0ms)
			InitializePlatformSupportModulesInManaged (31ms)
			SetLoadedEditorAssemblies (3ms)
			RefreshPlugins (0ms)
			BeforeProcessingInitializeOnLoad (48ms)
			ProcessInitializeOnLoadAttributes (330ms)
			ProcessInitializeOnLoadMethodAttributes (21ms)
			AfterProcessingInitializeOnLoad (1ms)
			EditorAssembliesLoaded (0ms)
		ExecutionOrderSort2 (0ms)
		AwakeInstancesAfterBackupRestoration (8ms)
Refreshing native plugins compatible for Editor in 135.45 ms, found 3 plugins.
Preloading 0 native plugins for Editor in 0.00 ms.
Unloading 3128 Unused Serialized files (Serialized files now loaded: 0)
Unloading 14 unused Assets / (28.6 KB). Loaded Objects now: 3622.
Memory consumption went from 119.2 MB to 119.2 MB.
Total: 2.340500 ms (FindLiveObjects: 0.257100 ms CreateObjectMapping: 0.081100 ms MarkObjects: 1.968700 ms  DeleteObjects: 0.032800 ms)

Prepare: number of updated asset objects reloaded= 0
AssetImportParameters requested are different than current active one (requested -> active):
  custom:container-demuxer-ogg: 62fdf1f143b41e24485cea50d1cbac27 -> 
  custom:video-codec-MediaFoundation-h265: 746d11721c4dcdbdad8f713fa42b33f4 -> 
  custom:video-decoder-ogg-theora: a1e56fd34408186e4bbccfd4996cb3dc -> 
  custom:framework-win-MediaFoundation: 216162199b28c13a410421893ffa2e32 -> 
  custom:CustomObjectIndexerAttribute: 9a22284fe3817be447336de3de66b15e -> 
  custom:container-demuxer-webm: 4f35f7cbe854078d1ac9338744f61a02 -> 
  custom:container-muxer-webm: aa71ff27fc2769a1b78a27578f13a17b -> 
  custom:video-decoder-webm-vp8: 9c59270c3fd7afecdb556c50c9e8de78 -> 
  custom:SearchIndexIgnoredProperties: e643bd26f0fe6173181afceb89e7c659 -> 
  custom:AudioImporter_EditorPlatform: d09bf68614088b80899f8185d706f6e7 -> 
  custom:video-encoder-webm-vp8: eb34c28f22e8b96e1ab97ce403110664 -> 
  custom:audio-decoder-ogg-vorbis: bf7c407c2cedff20999df2af8eb42d56 -> 
  custom:audio-encoder-webm-vorbis: bf7c407c2cedff20999df2af8eb42d56 -> 
  custom:scripting/monoscript/fileName/NewHomingMissile.cs: cc59ed9ced7c591217f1ac5b08641049 -> 
  custom:scripting/precompiled-assembly-types:Assembly-CSharp: 3dfabc4c0f8ebf9918290c1616328ed2 -> 1e9f807abdb6529675e0bede89060605
========================================================================
Received Import Request.
  Time since last request: 77.307923 seconds.
  path: Assets/Scripts/Player/NewHomingMissile.cs
  artifactKey: Guid(91fbc1255b6b78f4994cf771032ff534) Importer(815301076,1909f56bfc062723c751e8b465ee728b)
Start importing Assets/Scripts/Player/NewHomingMissile.cs using Guid(91fbc1255b6b78f4994cf771032ff534) Importer(815301076,1909f56bfc062723c751e8b465ee728b) [PhysX] Initialized MultithreadedTaskDispatcher with 8 workers.
 -> (artifact id: 'c3edbdb6484e7d89e0e0635cbb36e36c') in 0.002525 seconds
Number of updated asset objects reloaded before import = 0
Number of asset objects unloaded after import = 0
========================================================================
Received Prepare
Caller must complete domain reload
Begin MonoManager ReloadAssembly
- Loaded All Assemblies, in  1.031 seconds
Native extension for WindowsStandalone target not found
Native extension for WebGL target not found
Mono: successfully reloaded assembly
- Finished resetting the current domain, in 22.557 seconds
Domain Reload Profiling: 23589ms
	BeginReloadAssembly (171ms)
		ExecutionOrderSort (0ms)
		DisableScriptedObjects (4ms)
		BackupInstance (0ms)
		ReleaseScriptingObjects (0ms)
		CreateAndSetChildDomain (32ms)
	RebuildCommonClasses (33ms)
	RebuildNativeTypeToScriptingClass (13ms)
	initialDomainReloadingComplete (26ms)
	LoadAllAssembliesAndSetupDomain (787ms)
		LoadAssemblies (861ms)
		RebuildTransferFunctionScriptingTraits (0ms)
		AnalyzeDomain (35ms)
			TypeCache.Refresh (13ms)
				TypeCache.ScanAssembly (2ms)
			ScanForSourceGeneratedMonoScriptInfo (16ms)
			ResolveRequiredComponents (5ms)
	FinalizeReload (22558ms)
		ReleaseScriptCaches (0ms)
		RebuildScriptCaches (0ms)
		SetupLoadedEditorAssemblies (563ms)
			LogAssemblyErrors (0ms)
			InitializePlatformSupportModulesInManaged (8ms)
			SetLoadedEditorAssemblies (4ms)
			RefreshPlugins (0ms)
			BeforeProcessingInitializeOnLoad (66ms)
			ProcessInitializeOnLoadAttributes (458ms)
			ProcessInitializeOnLoadMethodAttributes (26ms)
			AfterProcessingInitializeOnLoad (2ms)
			EditorAssembliesLoaded (0ms)
		ExecutionOrderSort2 (0ms)
		AwakeInstancesAfterBackupRestoration (9ms)
Refreshing native plugins compatible for Editor in 3.70 ms, found 3 plugins.
Preloading 0 native plugins for Editor in 0.00 ms.
Unloading 3128 Unused Serialized files (Serialized files now loaded: 0)
Unloading 14 unused Assets / (28.5 KB). Loaded Objects now: 3625.
Memory consumption went from 119.2 MB to 119.2 MB.
Total: 2.990900 ms (FindLiveObjects: 0.371100 ms CreateObjectMapping: 0.153800 ms MarkObjects: 2.407300 ms  DeleteObjects: 0.057700 ms)

Prepare: number of updated asset objects reloaded= 0
AssetImportParameters requested are different than current active one (requested -> active):
  custom:container-demuxer-ogg: 62fdf1f143b41e24485cea50d1cbac27 -> 
  custom:video-codec-MediaFoundation-h265: 746d11721c4dcdbdad8f713fa42b33f4 -> 
  custom:video-decoder-ogg-theora: a1e56fd34408186e4bbccfd4996cb3dc -> 
  custom:framework-win-MediaFoundation: 216162199b28c13a410421893ffa2e32 -> 
  custom:CustomObjectIndexerAttribute: 9a22284fe3817be447336de3de66b15e -> 
  custom:container-demuxer-webm: 4f35f7cbe854078d1ac9338744f61a02 -> 
  custom:container-muxer-webm: aa71ff27fc2769a1b78a27578f13a17b -> 
  custom:video-decoder-webm-vp8: 9c59270c3fd7afecdb556c50c9e8de78 -> 
  custom:SearchIndexIgnoredProperties: e643bd26f0fe6173181afceb89e7c659 -> 
  custom:AudioImporter_EditorPlatform: d09bf68614088b80899f8185d706f6e7 -> 
  custom:video-encoder-webm-vp8: eb34c28f22e8b96e1ab97ce403110664 -> 
  custom:audio-decoder-ogg-vorbis: bf7c407c2cedff20999df2af8eb42d56 -> 
  custom:audio-encoder-webm-vorbis: bf7c407c2cedff20999df2af8eb42d56 -> 
  custom:scripting/monoscript/fileName/NewHomingMissile.cs: 97a81145d08cda4d1874bedadf2efec1 -> 
  custom:scripting/precompiled-assembly-types:Assembly-CSharp: 481c37afecec5ad9f335c7a177d31ded -> 1e9f807abdb6529675e0bede89060605
========================================================================
Received Prepare
Caller must complete domain reload
Begin MonoManager ReloadAssembly
- Loaded All Assemblies, in  0.721 seconds
Native extension for WindowsStandalone target not found
Native extension for WebGL target not found
Mono: successfully reloaded assembly
- Finished resetting the current domain, in 22.740 seconds
Domain Reload Profiling: 23462ms
	BeginReloadAssembly (141ms)
		ExecutionOrderSort (0ms)
		DisableScriptedObjects (5ms)
		BackupInstance (0ms)
		ReleaseScriptingObjects (0ms)
		CreateAndSetChildDomain (27ms)
	RebuildCommonClasses (31ms)
	RebuildNativeTypeToScriptingClass (11ms)
	initialDomainReloadingComplete (20ms)
	LoadAllAssembliesAndSetupDomain (519ms)
		LoadAssemblies (581ms)
		RebuildTransferFunctionScriptingTraits (0ms)
		AnalyzeDomain (20ms)
			TypeCache.Refresh (8ms)
				TypeCache.ScanAssembly (0ms)
			ScanForSourceGeneratedMonoScriptInfo (6ms)
			ResolveRequiredComponents (4ms)
	FinalizeReload (22741ms)
		ReleaseScriptCaches (0ms)
		RebuildScriptCaches (0ms)
		SetupLoadedEditorAssemblies (468ms)
			LogAssemblyErrors (0ms)
			InitializePlatformSupportModulesInManaged (8ms)
			SetLoadedEditorAssemblies (4ms)
			RefreshPlugins (0ms)
			BeforeProcessingInitializeOnLoad (55ms)
			ProcessInitializeOnLoadAttributes (379ms)
			ProcessInitializeOnLoadMethodAttributes (20ms)
			AfterProcessingInitializeOnLoad (2ms)
			EditorAssembliesLoaded (0ms)
		ExecutionOrderSort2 (0ms)
		AwakeInstancesAfterBackupRestoration (8ms)
Refreshing native plugins compatible for Editor in 4.62 ms, found 3 plugins.
Preloading 0 native plugins for Editor in 0.00 ms.
Unloading 3129 Unused Serialized files (Serialized files now loaded: 0)
Unloading 14 unused Assets / (28.5 KB). Loaded Objects now: 3628.
Memory consumption went from 119.5 MB to 119.4 MB.
Total: 2.137200 ms (FindLiveObjects: 0.181600 ms CreateObjectMapping: 0.074900 ms MarkObjects: 1.847300 ms  DeleteObjects: 0.032600 ms)

Prepare: number of updated asset objects reloaded= 0
AssetImportParameters requested are different than current active one (requested -> active):
  custom:container-demuxer-ogg: 62fdf1f143b41e24485cea50d1cbac27 -> 
  custom:video-codec-MediaFoundation-h265: 746d11721c4dcdbdad8f713fa42b33f4 -> 
  custom:video-decoder-ogg-theora: a1e56fd34408186e4bbccfd4996cb3dc -> 
  custom:framework-win-MediaFoundation: 216162199b28c13a410421893ffa2e32 -> 
  custom:CustomObjectIndexerAttribute: 9a22284fe3817be447336de3de66b15e -> 
  custom:container-demuxer-webm: 4f35f7cbe854078d1ac9338744f61a02 -> 
  custom:container-muxer-webm: aa71ff27fc2769a1b78a27578f13a17b -> 
  custom:video-decoder-webm-vp8: 9c59270c3fd7afecdb556c50c9e8de78 -> 
  custom:SearchIndexIgnoredProperties: e643bd26f0fe6173181afceb89e7c659 -> 
  custom:AudioImporter_EditorPlatform: d09bf68614088b80899f8185d706f6e7 -> 
  custom:video-encoder-webm-vp8: eb34c28f22e8b96e1ab97ce403110664 -> 
  custom:audio-decoder-ogg-vorbis: bf7c407c2cedff20999df2af8eb42d56 -> 
  custom:audio-encoder-webm-vorbis: bf7c407c2cedff20999df2af8eb42d56 -> 
  custom:scripting/monoscript/fileName/NewHomingMissile.cs: 97a81145d08cda4d1874bedadf2efec1 -> 
  custom:scripting/precompiled-assembly-types:Assembly-CSharp: 481c37afecec5ad9f335c7a177d31ded -> 1e9f807abdb6529675e0bede89060605
========================================================================
Received Prepare
Caller must complete domain reload
Begin MonoManager ReloadAssembly
- Loaded All Assemblies, in  0.365 seconds
Native extension for WindowsStandalone target not found
Native extension for WebGL target not found
Mono: successfully reloaded assembly
- Finished resetting the current domain, in  0.803 seconds
Domain Reload Profiling: 1168ms
	BeginReloadAssembly (137ms)
		ExecutionOrderSort (0ms)
		DisableScriptedObjects (3ms)
		BackupInstance (0ms)
		ReleaseScriptingObjects (0ms)
		CreateAndSetChildDomain (23ms)
	RebuildCommonClasses (34ms)
	RebuildNativeTypeToScriptingClass (11ms)
	initialDomainReloadingComplete (19ms)
	LoadAllAssembliesAndSetupDomain (163ms)
		LoadAssemblies (234ms)
		RebuildTransferFunctionScriptingTraits (0ms)
		AnalyzeDomain (12ms)
			TypeCache.Refresh (6ms)
				TypeCache.ScanAssembly (0ms)
			ScanForSourceGeneratedMonoScriptInfo (0ms)
			ResolveRequiredComponents (5ms)
	FinalizeReload (803ms)
		ReleaseScriptCaches (0ms)
		RebuildScriptCaches (0ms)
		SetupLoadedEditorAssemblies (400ms)
			LogAssemblyErrors (0ms)
			InitializePlatformSupportModulesInManaged (5ms)
			SetLoadedEditorAssemblies (3ms)
			RefreshPlugins (0ms)
			BeforeProcessingInitializeOnLoad (46ms)
			ProcessInitializeOnLoadAttributes (317ms)
			ProcessInitializeOnLoadMethodAttributes (26ms)
			AfterProcessingInitializeOnLoad (3ms)
			EditorAssembliesLoaded (0ms)
		ExecutionOrderSort2 (0ms)
		AwakeInstancesAfterBackupRestoration (7ms)
Refreshing native plugins compatible for Editor in 3.34 ms, found 3 plugins.
Preloading 0 native plugins for Editor in 0.00 ms.
Unloading 3129 Unused Serialized files (Serialized files now loaded: 0)
Unloading 14 unused Assets / (28.5 KB). Loaded Objects now: 3631.
Memory consumption went from 119.5 MB to 119.4 MB.
Total: 3.807600 ms (FindLiveObjects: 0.284300 ms CreateObjectMapping: 0.142200 ms MarkObjects: 3.334300 ms  DeleteObjects: 0.045200 ms)

Prepare: number of updated asset objects reloaded= 0
AssetImportParameters requested are different than current active one (requested -> active):
  custom:container-demuxer-ogg: 62fdf1f143b41e24485cea50d1cbac27 -> 
  custom:video-codec-MediaFoundation-h265: 746d11721c4dcdbdad8f713fa42b33f4 -> 
  custom:video-decoder-ogg-theora: a1e56fd34408186e4bbccfd4996cb3dc -> 
  custom:framework-win-MediaFoundation: 216162199b28c13a410421893ffa2e32 -> 
  custom:CustomObjectIndexerAttribute: 9a22284fe3817be447336de3de66b15e -> 
  custom:container-demuxer-webm: 4f35f7cbe854078d1ac9338744f61a02 -> 
  custom:container-muxer-webm: aa71ff27fc2769a1b78a27578f13a17b -> 
  custom:video-decoder-webm-vp8: 9c59270c3fd7afecdb556c50c9e8de78 -> 
  custom:SearchIndexIgnoredProperties: e643bd26f0fe6173181afceb89e7c659 -> 
  custom:AudioImporter_EditorPlatform: d09bf68614088b80899f8185d706f6e7 -> 
  custom:video-encoder-webm-vp8: eb34c28f22e8b96e1ab97ce403110664 -> 
  custom:audio-decoder-ogg-vorbis: bf7c407c2cedff20999df2af8eb42d56 -> 
  custom:audio-encoder-webm-vorbis: bf7c407c2cedff20999df2af8eb42d56 -> 
  custom:scripting/monoscript/fileName/NewHomingMissile.cs: 97a81145d08cda4d1874bedadf2efec1 -> 
  custom:scripting/precompiled-assembly-types:Assembly-CSharp: 481c37afecec5ad9f335c7a177d31ded -> 1e9f807abdb6529675e0bede89060605
========================================================================
Received Prepare
Caller must complete domain reload
Begin MonoManager ReloadAssembly
- Loaded All Assemblies, in  0.388 seconds
Native extension for WindowsStandalone target not found
Native extension for WebGL target not found
Mono: successfully reloaded assembly
- Finished resetting the current domain, in  0.880 seconds
Domain Reload Profiling: 1268ms
	BeginReloadAssembly (133ms)
		ExecutionOrderSort (0ms)
		DisableScriptedObjects (5ms)
		BackupInstance (0ms)
		ReleaseScriptingObjects (0ms)
		CreateAndSetChildDomain (24ms)
	RebuildCommonClasses (29ms)
	RebuildNativeTypeToScriptingClass (8ms)
	initialDomainReloadingComplete (20ms)
	LoadAllAssembliesAndSetupDomain (197ms)
		LoadAssemblies (257ms)
		RebuildTransferFunctionScriptingTraits (0ms)
		AnalyzeDomain (21ms)
			TypeCache.Refresh (7ms)
				TypeCache.ScanAssembly (0ms)
			ScanForSourceGeneratedMonoScriptInfo (8ms)
			ResolveRequiredComponents (5ms)
	FinalizeReload (880ms)
		ReleaseScriptCaches (0ms)
		RebuildScriptCaches (0ms)
		SetupLoadedEditorAssemblies (449ms)
			LogAssemblyErrors (0ms)
			InitializePlatformSupportModulesInManaged (9ms)
			SetLoadedEditorAssemblies (4ms)
			RefreshPlugins (0ms)
			BeforeProcessingInitializeOnLoad (57ms)
			ProcessInitializeOnLoadAttributes (355ms)
			ProcessInitializeOnLoadMethodAttributes (22ms)
			AfterProcessingInitializeOnLoad (1ms)
			EditorAssembliesLoaded (0ms)
		ExecutionOrderSort2 (0ms)
		AwakeInstancesAfterBackupRestoration (9ms)
Refreshing native plugins compatible for Editor in 2.36 ms, found 3 plugins.
Preloading 0 native plugins for Editor in 0.00 ms.
Unloading 3129 Unused Serialized files (Serialized files now loaded: 0)
Unloading 14 unused Assets / (28.5 KB). Loaded Objects now: 3634.
Memory consumption went from 119.5 MB to 119.4 MB.
Total: 2.052800 ms (FindLiveObjects: 0.190500 ms CreateObjectMapping: 0.122200 ms MarkObjects: 1.707900 ms  DeleteObjects: 0.031500 ms)

Prepare: number of updated asset objects reloaded= 0
AssetImportParameters requested are different than current active one (requested -> active):
  custom:container-demuxer-ogg: 62fdf1f143b41e24485cea50d1cbac27 -> 
  custom:video-codec-MediaFoundation-h265: 746d11721c4dcdbdad8f713fa42b33f4 -> 
  custom:video-decoder-ogg-theora: a1e56fd34408186e4bbccfd4996cb3dc -> 
  custom:framework-win-MediaFoundation: 216162199b28c13a410421893ffa2e32 -> 
  custom:CustomObjectIndexerAttribute: 9a22284fe3817be447336de3de66b15e -> 
  custom:container-demuxer-webm: 4f35f7cbe854078d1ac9338744f61a02 -> 
  custom:container-muxer-webm: aa71ff27fc2769a1b78a27578f13a17b -> 
  custom:video-decoder-webm-vp8: 9c59270c3fd7afecdb556c50c9e8de78 -> 
  custom:SearchIndexIgnoredProperties: e643bd26f0fe6173181afceb89e7c659 -> 
  custom:AudioImporter_EditorPlatform: d09bf68614088b80899f8185d706f6e7 -> 
  custom:video-encoder-webm-vp8: eb34c28f22e8b96e1ab97ce403110664 -> 
  custom:audio-decoder-ogg-vorbis: bf7c407c2cedff20999df2af8eb42d56 -> 
  custom:audio-encoder-webm-vorbis: bf7c407c2cedff20999df2af8eb42d56 -> 
  custom:scripting/monoscript/fileName/NewHomingMissile.cs: 97a81145d08cda4d1874bedadf2efec1 -> 
  custom:scripting/precompiled-assembly-types:Assembly-CSharp: 481c37afecec5ad9f335c7a177d31ded -> 1e9f807abdb6529675e0bede89060605
========================================================================
Received Prepare
Caller must complete domain reload
Begin MonoManager ReloadAssembly
- Loaded All Assemblies, in  0.425 seconds
Native extension for WindowsStandalone target not found
Native extension for WebGL target not found
Mono: successfully reloaded assembly
- Finished resetting the current domain, in  0.931 seconds
Domain Reload Profiling: 1357ms
	BeginReloadAssembly (168ms)
		ExecutionOrderSort (0ms)
		DisableScriptedObjects (3ms)
		BackupInstance (0ms)
		ReleaseScriptingObjects (0ms)
		CreateAndSetChildDomain (27ms)
	RebuildCommonClasses (48ms)
	RebuildNativeTypeToScriptingClass (14ms)
	initialDomainReloadingComplete (21ms)
	LoadAllAssembliesAndSetupDomain (173ms)
		LoadAssemblies (275ms)
		RebuildTransferFunctionScriptingTraits (0ms)
		AnalyzeDomain (13ms)
			TypeCache.Refresh (6ms)
				TypeCache.ScanAssembly (0ms)
			ScanForSourceGeneratedMonoScriptInfo (0ms)
			ResolveRequiredComponents (6ms)
	FinalizeReload (932ms)
		ReleaseScriptCaches (0ms)
		RebuildScriptCaches (0ms)
		SetupLoadedEditorAssemblies (479ms)
			LogAssemblyErrors (0ms)
			InitializePlatformSupportModulesInManaged (6ms)
			SetLoadedEditorAssemblies (7ms)
			RefreshPlugins (0ms)
			BeforeProcessingInitializeOnLoad (52ms)
			ProcessInitializeOnLoadAttributes (388ms)
			ProcessInitializeOnLoadMethodAttributes (23ms)
			AfterProcessingInitializeOnLoad (2ms)
			EditorAssembliesLoaded (0ms)
		ExecutionOrderSort2 (0ms)
		AwakeInstancesAfterBackupRestoration (6ms)
Refreshing native plugins compatible for Editor in 3.57 ms, found 3 plugins.
Preloading 0 native plugins for Editor in 0.00 ms.
Unloading 3129 Unused Serialized files (Serialized files now loaded: 0)
Unloading 14 unused Assets / (28.6 KB). Loaded Objects now: 3637.
Memory consumption went from 119.5 MB to 119.4 MB.
Total: 2.240100 ms (FindLiveObjects: 0.154700 ms CreateObjectMapping: 0.063900 ms MarkObjects: 1.971500 ms  DeleteObjects: 0.048900 ms)

Prepare: number of updated asset objects reloaded= 0
AssetImportParameters requested are different than current active one (requested -> active):
  custom:container-demuxer-ogg: 62fdf1f143b41e24485cea50d1cbac27 -> 
  custom:video-codec-MediaFoundation-h265: 746d11721c4dcdbdad8f713fa42b33f4 -> 
  custom:video-decoder-ogg-theora: a1e56fd34408186e4bbccfd4996cb3dc -> 
  custom:framework-win-MediaFoundation: 216162199b28c13a410421893ffa2e32 -> 
  custom:CustomObjectIndexerAttribute: 9a22284fe3817be447336de3de66b15e -> 
  custom:container-demuxer-webm: 4f35f7cbe854078d1ac9338744f61a02 -> 
  custom:container-muxer-webm: aa71ff27fc2769a1b78a27578f13a17b -> 
  custom:video-decoder-webm-vp8: 9c59270c3fd7afecdb556c50c9e8de78 -> 
  custom:SearchIndexIgnoredProperties: e643bd26f0fe6173181afceb89e7c659 -> 
  custom:AudioImporter_EditorPlatform: d09bf68614088b80899f8185d706f6e7 -> 
  custom:video-encoder-webm-vp8: eb34c28f22e8b96e1ab97ce403110664 -> 
  custom:audio-decoder-ogg-vorbis: bf7c407c2cedff20999df2af8eb42d56 -> 
  custom:audio-encoder-webm-vorbis: bf7c407c2cedff20999df2af8eb42d56 -> 
  custom:scripting/monoscript/fileName/NewHomingMissile.cs: 97a81145d08cda4d1874bedadf2efec1 -> 
  custom:scripting/precompiled-assembly-types:Assembly-CSharp: 481c37afecec5ad9f335c7a177d31ded -> 1e9f807abdb6529675e0bede89060605
========================================================================
Received Import Request.
  Time since last request: 722.773014 seconds.
  path: Assets/Prefabs/Mig21.prefab
  artifactKey: Guid(4f92e5782b1ca6f4dbb7835ef760bd9e) Importer(815301076,1909f56bfc062723c751e8b465ee728b)
Start importing Assets/Prefabs/Mig21.prefab using Guid(4f92e5782b1ca6f4dbb7835ef760bd9e) Importer(815301076,1909f56bfc062723c751e8b465ee728b) [PhysX] Initialized MultithreadedTaskDispatcher with 8 workers.
 -> (artifact id: 'd91f9b398a418afbd94e0648db4f24f8') in 0.004344 seconds
Number of updated asset objects reloaded before import = 0
Number of asset objects unloaded after import = 0
========================================================================
Received Import Request.
  Time since last request: 0.003116 seconds.
  path: Assets/Prefabs/R73.prefab
  artifactKey: Guid(2b0faee24f85505458815d2de54c3a58) Importer(815301076,1909f56bfc062723c751e8b465ee728b)
Start importing Assets/Prefabs/R73.prefab using Guid(2b0faee24f85505458815d2de54c3a58) Importer(815301076,1909f56bfc062723c751e8b465ee728b) [PhysX] Initialized MultithreadedTaskDispatcher with 8 workers.
 -> (artifact id: 'c33701c5831b84479fa287792054626a') in 0.000523 seconds
Number of updated asset objects reloaded before import = 0
Number of asset objects unloaded after import = 0
========================================================================
Received Import Request.
  Time since last request: 0.000036 seconds.
  path: Assets/Prefabs/Su30SM.prefab
  artifactKey: Guid(39a034aa202e50c40b5a5e7a6a9439f3) Importer(815301076,1909f56bfc062723c751e8b465ee728b)
Start importing Assets/Prefabs/Su30SM.prefab using Guid(39a034aa202e50c40b5a5e7a6a9439f3) Importer(815301076,1909f56bfc062723c751e8b465ee728b) [PhysX] Initialized MultithreadedTaskDispatcher with 8 workers.
 -> (artifact id: 'b516dc64f6eb55ba79b47fb7bf579096') in 0.000425 seconds
Number of updated asset objects reloaded before import = 0
Number of asset objects unloaded after import = 0
========================================================================
Received Import Request.
  Time since last request: 6.892377 seconds.
  path: Assets/Prefabs/Mig21.prefab
  artifactKey: Guid(4f92e5782b1ca6f4dbb7835ef760bd9e) Importer(815301076,1909f56bfc062723c751e8b465ee728b)
Start importing Assets/Prefabs/Mig21.prefab using Guid(4f92e5782b1ca6f4dbb7835ef760bd9e) Importer(815301076,1909f56bfc062723c751e8b465ee728b) [PhysX] Initialized MultithreadedTaskDispatcher with 8 workers.
 -> (artifact id: 'd91f9b398a418afbd94e0648db4f24f8') in 0.000668 seconds
Number of updated asset objects reloaded before import = 0
Number of asset objects unloaded after import = 0
========================================================================
Received Import Request.
  Time since last request: 0.000041 seconds.
  path: Assets/Prefabs/Su30SM.prefab
  artifactKey: Guid(39a034aa202e50c40b5a5e7a6a9439f3) Importer(815301076,1909f56bfc062723c751e8b465ee728b)
Start importing Assets/Prefabs/Su30SM.prefab using Guid(39a034aa202e50c40b5a5e7a6a9439f3) Importer(815301076,1909f56bfc062723c751e8b465ee728b) [PhysX] Initialized MultithreadedTaskDispatcher with 8 workers.
 -> (artifact id: 'b516dc64f6eb55ba79b47fb7bf579096') in 0.000459 seconds
Number of updated asset objects reloaded before import = 0
Number of asset objects unloaded after import = 0
========================================================================
Received Prepare
Caller must complete domain reload
Begin MonoManager ReloadAssembly
- Loaded All Assemblies, in  0.379 seconds
Native extension for WindowsStandalone target not found
Native extension for WebGL target not found
Mono: successfully reloaded assembly
- Finished resetting the current domain, in  0.821 seconds
Domain Reload Profiling: 1200ms
	BeginReloadAssembly (146ms)
		ExecutionOrderSort (0ms)
		DisableScriptedObjects (5ms)
		BackupInstance (0ms)
		ReleaseScriptingObjects (0ms)
		CreateAndSetChildDomain (26ms)
	RebuildCommonClasses (31ms)
	RebuildNativeTypeToScriptingClass (10ms)
	initialDomainReloadingComplete (22ms)
	LoadAllAssembliesAndSetupDomain (170ms)
		LoadAssemblies (247ms)
		RebuildTransferFunctionScriptingTraits (0ms)
		AnalyzeDomain (13ms)
			TypeCache.Refresh (6ms)
				TypeCache.ScanAssembly (0ms)
			ScanForSourceGeneratedMonoScriptInfo (0ms)
			ResolveRequiredComponents (5ms)
	FinalizeReload (822ms)
		ReleaseScriptCaches (0ms)
		RebuildScriptCaches (0ms)
		SetupLoadedEditorAssemblies (416ms)
			LogAssemblyErrors (0ms)
			InitializePlatformSupportModulesInManaged (5ms)
			SetLoadedEditorAssemblies (5ms)
			RefreshPlugins (0ms)
			BeforeProcessingInitializeOnLoad (50ms)
			ProcessInitializeOnLoadAttributes (335ms)
			ProcessInitializeOnLoadMethodAttributes (21ms)
			AfterProcessingInitializeOnLoad (1ms)
			EditorAssembliesLoaded (0ms)
		ExecutionOrderSort2 (0ms)
		AwakeInstancesAfterBackupRestoration (6ms)
Refreshing native plugins compatible for Editor in 2.80 ms, found 3 plugins.
Preloading 0 native plugins for Editor in 0.00 ms.
Unloading 3128 Unused Serialized files (Serialized files now loaded: 0)
Unloading 14 unused Assets / (28.6 KB). Loaded Objects now: 3640.
Memory consumption went from 119.2 MB to 119.2 MB.
Total: 2.118600 ms (FindLiveObjects: 0.163000 ms CreateObjectMapping: 0.066700 ms MarkObjects: 1.848600 ms  DeleteObjects: 0.039200 ms)

Prepare: number of updated asset objects reloaded= 0
AssetImportParameters requested are different than current active one (requested -> active):
  custom:container-demuxer-ogg: 62fdf1f143b41e24485cea50d1cbac27 -> 
  custom:video-codec-MediaFoundation-h265: 746d11721c4dcdbdad8f713fa42b33f4 -> 
  custom:video-decoder-ogg-theora: a1e56fd34408186e4bbccfd4996cb3dc -> 
  custom:framework-win-MediaFoundation: 216162199b28c13a410421893ffa2e32 -> 
  custom:CustomObjectIndexerAttribute: 9a22284fe3817be447336de3de66b15e -> 
  custom:container-demuxer-webm: 4f35f7cbe854078d1ac9338744f61a02 -> 
  custom:container-muxer-webm: aa71ff27fc2769a1b78a27578f13a17b -> 
  custom:video-decoder-webm-vp8: 9c59270c3fd7afecdb556c50c9e8de78 -> 
  custom:SearchIndexIgnoredProperties: e643bd26f0fe6173181afceb89e7c659 -> 
  custom:AudioImporter_EditorPlatform: d09bf68614088b80899f8185d706f6e7 -> 
  custom:video-encoder-webm-vp8: eb34c28f22e8b96e1ab97ce403110664 -> 
  custom:audio-decoder-ogg-vorbis: bf7c407c2cedff20999df2af8eb42d56 -> 
  custom:audio-encoder-webm-vorbis: bf7c407c2cedff20999df2af8eb42d56 -> 
  custom:scripting/monoscript/fileName/NewHomingMissile.cs: 97a81145d08cda4d1874bedadf2efec1 -> 
  custom:scripting/precompiled-assembly-types:Assembly-CSharp: 481c37afecec5ad9f335c7a177d31ded -> 1e9f807abdb6529675e0bede89060605
========================================================================
Received Import Request.
  Time since last request: 15.983999 seconds.
  path: Assets/Prefabs/Su30SM.prefab
  artifactKey: Guid(39a034aa202e50c40b5a5e7a6a9439f3) Importer(815301076,1909f56bfc062723c751e8b465ee728b)
Start importing Assets/Prefabs/Su30SM.prefab using Guid(39a034aa202e50c40b5a5e7a6a9439f3) Importer(815301076,1909f56bfc062723c751e8b465ee728b) [PhysX] Initialized MultithreadedTaskDispatcher with 8 workers.
 -> (artifact id: 'b516dc64f6eb55ba79b47fb7bf579096') in 0.002053 seconds
Number of updated asset objects reloaded before import = 0
Number of asset objects unloaded after import = 0
========================================================================
Received Import Request.
  Time since last request: 0.000022 seconds.
  path: Assets/Prefabs/Rocket.prefab
  artifactKey: Guid(4a230b035b777eb42a97a15c06acb6b8) Importer(815301076,1909f56bfc062723c751e8b465ee728b)
Start importing Assets/Prefabs/Rocket.prefab using Guid(4a230b035b777eb42a97a15c06acb6b8) Importer(815301076,1909f56bfc062723c751e8b465ee728b) [PhysX] Initialized MultithreadedTaskDispatcher with 8 workers.
 -> (artifact id: '0519d5831716a3e2e70c5d3c78b8e4e4') in 0.000339 seconds
Number of updated asset objects reloaded before import = 0
Number of asset objects unloaded after import = 0
========================================================================
Received Import Request.
  Time since last request: 0.000023 seconds.
  path: Assets/Prefabs/Mig21.prefab
  artifactKey: Guid(4f92e5782b1ca6f4dbb7835ef760bd9e) Importer(815301076,1909f56bfc062723c751e8b465ee728b)
Start importing Assets/Prefabs/Mig21.prefab using Guid(4f92e5782b1ca6f4dbb7835ef760bd9e) Importer(815301076,1909f56bfc062723c751e8b465ee728b) [PhysX] Initialized MultithreadedTaskDispatcher with 8 workers.
 -> (artifact id: 'd91f9b398a418afbd94e0648db4f24f8') in 0.000274 seconds
Number of updated asset objects reloaded before import = 0
Number of asset objects unloaded after import = 0
========================================================================
Received Import Request.
  Time since last request: 0.000016 seconds.
  path: Assets/Prefabs/R73.prefab
  artifactKey: Guid(2b0faee24f85505458815d2de54c3a58) Importer(815301076,1909f56bfc062723c751e8b465ee728b)
Start importing Assets/Prefabs/R73.prefab using Guid(2b0faee24f85505458815d2de54c3a58) Importer(815301076,1909f56bfc062723c751e8b465ee728b) [PhysX] Initialized MultithreadedTaskDispatcher with 8 workers.
 -> (artifact id: '8ca897cf82c935138d42cc669e55db77') in 0.000465 seconds
Number of updated asset objects reloaded before import = 0
Number of asset objects unloaded after import = 0
========================================================================
Received Import Request.
  Time since last request: 9.232787 seconds.
  path: Assets/Prefabs/Mig21.prefab
  artifactKey: Guid(4f92e5782b1ca6f4dbb7835ef760bd9e) Importer(815301076,1909f56bfc062723c751e8b465ee728b)
Start importing Assets/Prefabs/Mig21.prefab using Guid(4f92e5782b1ca6f4dbb7835ef760bd9e) Importer(815301076,1909f56bfc062723c751e8b465ee728b) [PhysX] Initialized MultithreadedTaskDispatcher with 8 workers.
 -> (artifact id: 'd91f9b398a418afbd94e0648db4f24f8') in 0.000383 seconds
Number of updated asset objects reloaded before import = 0
Number of asset objects unloaded after import = 0
========================================================================
Received Import Request.
  Time since last request: 0.000014 seconds.
  path: Assets/Prefabs/Rocket.prefab
  artifactKey: Guid(4a230b035b777eb42a97a15c06acb6b8) Importer(815301076,1909f56bfc062723c751e8b465ee728b)
Start importing Assets/Prefabs/Rocket.prefab using Guid(4a230b035b777eb42a97a15c06acb6b8) Importer(815301076,1909f56bfc062723c751e8b465ee728b) [PhysX] Initialized MultithreadedTaskDispatcher with 8 workers.
 -> (artifact id: '0519d5831716a3e2e70c5d3c78b8e4e4') in 0.000284 seconds
Number of updated asset objects reloaded before import = 0
Number of asset objects unloaded after import = 0
========================================================================
Received Import Request.
  Time since last request: 0.000025 seconds.
  path: Assets/Prefabs/Su30SM.prefab
  artifactKey: Guid(39a034aa202e50c40b5a5e7a6a9439f3) Importer(815301076,1909f56bfc062723c751e8b465ee728b)
Start importing Assets/Prefabs/Su30SM.prefab using Guid(39a034aa202e50c40b5a5e7a6a9439f3) Importer(815301076,1909f56bfc062723c751e8b465ee728b) [PhysX] Initialized MultithreadedTaskDispatcher with 8 workers.
 -> (artifact id: 'b516dc64f6eb55ba79b47fb7bf579096') in 0.000387 seconds
Number of updated asset objects reloaded before import = 0
Number of asset objects unloaded after import = 0
========================================================================
Received Prepare
Caller must complete domain reload
Begin MonoManager ReloadAssembly
- Loaded All Assemblies, in  0.759 seconds
Native extension for WindowsStandalone target not found
Native extension for WebGL target not found
Mono: successfully reloaded assembly
- Finished resetting the current domain, in  0.906 seconds
Domain Reload Profiling: 1664ms
	BeginReloadAssembly (208ms)
		ExecutionOrderSort (0ms)
		DisableScriptedObjects (5ms)
		BackupInstance (0ms)
		ReleaseScriptingObjects (0ms)
		CreateAndSetChildDomain (49ms)
	RebuildCommonClasses (42ms)
	RebuildNativeTypeToScriptingClass (15ms)
	initialDomainReloadingComplete (38ms)
	LoadAllAssembliesAndSetupDomain (454ms)
		LoadAssemblies (558ms)
		RebuildTransferFunctionScriptingTraits (0ms)
		AnalyzeDomain (36ms)
			TypeCache.Refresh (14ms)
				TypeCache.ScanAssembly (1ms)
			ScanForSourceGeneratedMonoScriptInfo (12ms)
			ResolveRequiredComponents (7ms)
	FinalizeReload (906ms)
		ReleaseScriptCaches (0ms)
		RebuildScriptCaches (0ms)
		SetupLoadedEditorAssemblies (431ms)
			LogAssemblyErrors (0ms)
			InitializePlatformSupportModulesInManaged (7ms)
			SetLoadedEditorAssemblies (3ms)
			RefreshPlugins (0ms)
			BeforeProcessingInitializeOnLoad (56ms)
			ProcessInitializeOnLoadAttributes (343ms)
			ProcessInitializeOnLoadMethodAttributes (20ms)
			AfterProcessingInitializeOnLoad (2ms)
			EditorAssembliesLoaded (0ms)
		ExecutionOrderSort2 (0ms)
		AwakeInstancesAfterBackupRestoration (6ms)
Refreshing native plugins compatible for Editor in 2.34 ms, found 3 plugins.
Preloading 0 native plugins for Editor in 0.00 ms.
Unloading 3128 Unused Serialized files (Serialized files now loaded: 0)
Unloading 14 unused Assets / (28.5 KB). Loaded Objects now: 3643.
Memory consumption went from 119.2 MB to 119.2 MB.
Total: 2.739500 ms (FindLiveObjects: 0.163400 ms CreateObjectMapping: 0.062900 ms MarkObjects: 2.473500 ms  DeleteObjects: 0.038800 ms)

Prepare: number of updated asset objects reloaded= 0
AssetImportParameters requested are different than current active one (requested -> active):
  custom:container-demuxer-ogg: 62fdf1f143b41e24485cea50d1cbac27 -> 
  custom:video-codec-MediaFoundation-h265: 746d11721c4dcdbdad8f713fa42b33f4 -> 
  custom:video-decoder-ogg-theora: a1e56fd34408186e4bbccfd4996cb3dc -> 
  custom:framework-win-MediaFoundation: 216162199b28c13a410421893ffa2e32 -> 
  custom:CustomObjectIndexerAttribute: 9a22284fe3817be447336de3de66b15e -> 
  custom:container-demuxer-webm: 4f35f7cbe854078d1ac9338744f61a02 -> 
  custom:container-muxer-webm: aa71ff27fc2769a1b78a27578f13a17b -> 
  custom:video-decoder-webm-vp8: 9c59270c3fd7afecdb556c50c9e8de78 -> 
  custom:SearchIndexIgnoredProperties: e643bd26f0fe6173181afceb89e7c659 -> 
  custom:AudioImporter_EditorPlatform: d09bf68614088b80899f8185d706f6e7 -> 
  custom:video-encoder-webm-vp8: eb34c28f22e8b96e1ab97ce403110664 -> 
  custom:audio-decoder-ogg-vorbis: bf7c407c2cedff20999df2af8eb42d56 -> 
  custom:audio-encoder-webm-vorbis: bf7c407c2cedff20999df2af8eb42d56 -> 
  custom:scripting/monoscript/fileName/NewHomingMissile.cs: 97a81145d08cda4d1874bedadf2efec1 -> 
  custom:scripting/precompiled-assembly-types:Assembly-CSharp: 481c37afecec5ad9f335c7a177d31ded -> 1e9f807abdb6529675e0bede89060605
========================================================================
Received Prepare
Caller must complete domain reload
Begin MonoManager ReloadAssembly
- Loaded All Assemblies, in  0.371 seconds
Native extension for WindowsStandalone target not found
Native extension for WebGL target not found
Mono: successfully reloaded assembly
- Finished resetting the current domain, in  0.798 seconds
Domain Reload Profiling: 1169ms
	BeginReloadAssembly (144ms)
		ExecutionOrderSort (0ms)
		DisableScriptedObjects (6ms)
		BackupInstance (0ms)
		ReleaseScriptingObjects (0ms)
		CreateAndSetChildDomain (27ms)
	RebuildCommonClasses (28ms)
	RebuildNativeTypeToScriptingClass (10ms)
	initialDomainReloadingComplete (21ms)
	LoadAllAssembliesAndSetupDomain (167ms)
		LoadAssemblies (239ms)
		RebuildTransferFunctionScriptingTraits (0ms)
		AnalyzeDomain (12ms)
			TypeCache.Refresh (5ms)
				TypeCache.ScanAssembly (0ms)
			ScanForSourceGeneratedMonoScriptInfo (0ms)
			ResolveRequiredComponents (6ms)
	FinalizeReload (798ms)
		ReleaseScriptCaches (0ms)
		RebuildScriptCaches (0ms)
		SetupLoadedEditorAssemblies (406ms)
			LogAssemblyErrors (0ms)
			InitializePlatformSupportModulesInManaged (6ms)
			SetLoadedEditorAssemblies (4ms)
			RefreshPlugins (0ms)
			BeforeProcessingInitializeOnLoad (45ms)
			ProcessInitializeOnLoadAttributes (328ms)
			ProcessInitializeOnLoadMethodAttributes (22ms)
			AfterProcessingInitializeOnLoad (2ms)
			EditorAssembliesLoaded (0ms)
		ExecutionOrderSort2 (0ms)
		AwakeInstancesAfterBackupRestoration (7ms)
Refreshing native plugins compatible for Editor in 2.16 ms, found 3 plugins.
Preloading 0 native plugins for Editor in 0.00 ms.
Unloading 3129 Unused Serialized files (Serialized files now loaded: 0)
Unloading 14 unused Assets / (28.6 KB). Loaded Objects now: 3646.
Memory consumption went from 119.5 MB to 119.4 MB.
Total: 2.539300 ms (FindLiveObjects: 0.158600 ms CreateObjectMapping: 0.073400 ms MarkObjects: 2.268300 ms  DeleteObjects: 0.038200 ms)

Prepare: number of updated asset objects reloaded= 0
AssetImportParameters requested are different than current active one (requested -> active):
  custom:container-demuxer-ogg: 62fdf1f143b41e24485cea50d1cbac27 -> 
  custom:video-codec-MediaFoundation-h265: 746d11721c4dcdbdad8f713fa42b33f4 -> 
  custom:video-decoder-ogg-theora: a1e56fd34408186e4bbccfd4996cb3dc -> 
  custom:framework-win-MediaFoundation: 216162199b28c13a410421893ffa2e32 -> 
  custom:CustomObjectIndexerAttribute: 9a22284fe3817be447336de3de66b15e -> 
  custom:container-demuxer-webm: 4f35f7cbe854078d1ac9338744f61a02 -> 
  custom:container-muxer-webm: aa71ff27fc2769a1b78a27578f13a17b -> 
  custom:video-decoder-webm-vp8: 9c59270c3fd7afecdb556c50c9e8de78 -> 
  custom:SearchIndexIgnoredProperties: e643bd26f0fe6173181afceb89e7c659 -> 
  custom:AudioImporter_EditorPlatform: d09bf68614088b80899f8185d706f6e7 -> 
  custom:video-encoder-webm-vp8: eb34c28f22e8b96e1ab97ce403110664 -> 
  custom:audio-decoder-ogg-vorbis: bf7c407c2cedff20999df2af8eb42d56 -> 
  custom:audio-encoder-webm-vorbis: bf7c407c2cedff20999df2af8eb42d56 -> 
  custom:scripting/monoscript/fileName/NewHomingMissile.cs: 97a81145d08cda4d1874bedadf2efec1 -> 
  custom:scripting/precompiled-assembly-types:Assembly-CSharp: 481c37afecec5ad9f335c7a177d31ded -> 1e9f807abdb6529675e0bede89060605
========================================================================
Received Import Request.
  Time since last request: 104.940862 seconds.
  path: Assets/Prefabs/Su30SM.prefab
  artifactKey: Guid(39a034aa202e50c40b5a5e7a6a9439f3) Importer(815301076,1909f56bfc062723c751e8b465ee728b)
Start importing Assets/Prefabs/Su30SM.prefab using Guid(39a034aa202e50c40b5a5e7a6a9439f3) Importer(815301076,1909f56bfc062723c751e8b465ee728b) [PhysX] Initialized MultithreadedTaskDispatcher with 8 workers.
 -> (artifact id: 'b516dc64f6eb55ba79b47fb7bf579096') in 0.003310 seconds
Number of updated asset objects reloaded before import = 0
Number of asset objects unloaded after import = 0
========================================================================
Received Import Request.
  Time since last request: 0.000021 seconds.
  path: Assets/Prefabs/R73.prefab
  artifactKey: Guid(2b0faee24f85505458815d2de54c3a58) Importer(815301076,1909f56bfc062723c751e8b465ee728b)
Start importing Assets/Prefabs/R73.prefab using Guid(2b0faee24f85505458815d2de54c3a58) Importer(815301076,1909f56bfc062723c751e8b465ee728b) [PhysX] Initialized MultithreadedTaskDispatcher with 8 workers.
 -> (artifact id: '80ce7e037c0903fa34be8f7b54aa6522') in 0.000360 seconds
Number of updated asset objects reloaded before import = 0
Number of asset objects unloaded after import = 0
========================================================================
Received Prepare
Caller must complete domain reload
Begin MonoManager ReloadAssembly
- Loaded All Assemblies, in  0.659 seconds
Native extension for WindowsStandalone target not found
Native extension for WebGL target not found
Mono: successfully reloaded assembly
- Finished resetting the current domain, in 24.299 seconds
Domain Reload Profiling: 24958ms
	BeginReloadAssembly (140ms)
		ExecutionOrderSort (0ms)
		DisableScriptedObjects (4ms)
		BackupInstance (0ms)
		ReleaseScriptingObjects (0ms)
		CreateAndSetChildDomain (26ms)
	RebuildCommonClasses (33ms)
	RebuildNativeTypeToScriptingClass (10ms)
	initialDomainReloadingComplete (20ms)
	LoadAllAssembliesAndSetupDomain (456ms)
		LoadAssemblies (529ms)
		RebuildTransferFunctionScriptingTraits (0ms)
		AnalyzeDomain (11ms)
			TypeCache.Refresh (5ms)
				TypeCache.ScanAssembly (0ms)
			ScanForSourceGeneratedMonoScriptInfo (0ms)
			ResolveRequiredComponents (4ms)
	FinalizeReload (24299ms)
		ReleaseScriptCaches (0ms)
		RebuildScriptCaches (0ms)
		SetupLoadedEditorAssemblies (439ms)
			LogAssemblyErrors (0ms)
			InitializePlatformSupportModulesInManaged (5ms)
			SetLoadedEditorAssemblies (3ms)
			RefreshPlugins (0ms)
			BeforeProcessingInitializeOnLoad (48ms)
			ProcessInitializeOnLoadAttributes (361ms)
			ProcessInitializeOnLoadMethodAttributes (20ms)
			AfterProcessingInitializeOnLoad (2ms)
			EditorAssembliesLoaded (0ms)
		ExecutionOrderSort2 (0ms)
		AwakeInstancesAfterBackupRestoration (7ms)
Refreshing native plugins compatible for Editor in 2.22 ms, found 3 plugins.
Preloading 0 native plugins for Editor in 0.00 ms.
Unloading 3128 Unused Serialized files (Serialized files now loaded: 0)
Unloading 14 unused Assets / (28.6 KB). Loaded Objects now: 3649.
Memory consumption went from 119.2 MB to 119.2 MB.
Total: 2.491800 ms (FindLiveObjects: 0.197300 ms CreateObjectMapping: 0.092100 ms MarkObjects: 2.152000 ms  DeleteObjects: 0.048800 ms)

Prepare: number of updated asset objects reloaded= 0
AssetImportParameters requested are different than current active one (requested -> active):
  custom:container-demuxer-ogg: 62fdf1f143b41e24485cea50d1cbac27 -> 
  custom:video-codec-MediaFoundation-h265: 746d11721c4dcdbdad8f713fa42b33f4 -> 
  custom:video-decoder-ogg-theora: a1e56fd34408186e4bbccfd4996cb3dc -> 
  custom:framework-win-MediaFoundation: 216162199b28c13a410421893ffa2e32 -> 
  custom:CustomObjectIndexerAttribute: 9a22284fe3817be447336de3de66b15e -> 
  custom:container-demuxer-webm: 4f35f7cbe854078d1ac9338744f61a02 -> 
  custom:container-muxer-webm: aa71ff27fc2769a1b78a27578f13a17b -> 
  custom:video-decoder-webm-vp8: 9c59270c3fd7afecdb556c50c9e8de78 -> 
  custom:SearchIndexIgnoredProperties: e643bd26f0fe6173181afceb89e7c659 -> 
  custom:AudioImporter_EditorPlatform: d09bf68614088b80899f8185d706f6e7 -> 
  custom:video-encoder-webm-vp8: eb34c28f22e8b96e1ab97ce403110664 -> 
  custom:audio-decoder-ogg-vorbis: bf7c407c2cedff20999df2af8eb42d56 -> 
  custom:audio-encoder-webm-vorbis: bf7c407c2cedff20999df2af8eb42d56 -> 
  custom:scripting/monoscript/fileName/NewHomingMissile.cs: 97a81145d08cda4d1874bedadf2efec1 -> 
  custom:scripting/precompiled-assembly-types:Assembly-CSharp: 481c37afecec5ad9f335c7a177d31ded -> 1e9f807abdb6529675e0bede89060605
========================================================================
Received Prepare
Caller must complete domain reload
Begin MonoManager ReloadAssembly
- Loaded All Assemblies, in  0.416 seconds
Native extension for WindowsStandalone target not found
Native extension for WebGL target not found
Mono: successfully reloaded assembly
- Finished resetting the current domain, in  0.850 seconds
Domain Reload Profiling: 1266ms
	BeginReloadAssembly (154ms)
		ExecutionOrderSort (0ms)
		DisableScriptedObjects (4ms)
		BackupInstance (0ms)
		ReleaseScriptingObjects (0ms)
		CreateAndSetChildDomain (26ms)
	RebuildCommonClasses (33ms)
	RebuildNativeTypeToScriptingClass (11ms)
	initialDomainReloadingComplete (23ms)
	LoadAllAssembliesAndSetupDomain (194ms)
		LoadAssemblies (265ms)
		RebuildTransferFunctionScriptingTraits (0ms)
		AnalyzeDomain (22ms)
			TypeCache.Refresh (9ms)
				TypeCache.ScanAssembly (1ms)
			ScanForSourceGeneratedMonoScriptInfo (6ms)
			ResolveRequiredComponents (5ms)
	FinalizeReload (850ms)
		ReleaseScriptCaches (0ms)
		RebuildScriptCaches (0ms)
		SetupLoadedEditorAssemblies (423ms)
			LogAssemblyErrors (0ms)
			InitializePlatformSupportModulesInManaged (6ms)
			SetLoadedEditorAssemblies (3ms)
			RefreshPlugins (0ms)
			BeforeProcessingInitializeOnLoad (51ms)
			ProcessInitializeOnLoadAttributes (339ms)
			ProcessInitializeOnLoadMethodAttributes (21ms)
			AfterProcessingInitializeOnLoad (1ms)
			EditorAssembliesLoaded (0ms)
		ExecutionOrderSort2 (0ms)
		AwakeInstancesAfterBackupRestoration (6ms)
Refreshing native plugins compatible for Editor in 2.27 ms, found 3 plugins.
Preloading 0 native plugins for Editor in 0.00 ms.
Unloading 3129 Unused Serialized files (Serialized files now loaded: 0)
Unloading 14 unused Assets / (28.6 KB). Loaded Objects now: 3652.
Memory consumption went from 119.5 MB to 119.5 MB.
Total: 2.487000 ms (FindLiveObjects: 0.198700 ms CreateObjectMapping: 0.191500 ms MarkObjects: 2.058800 ms  DeleteObjects: 0.037100 ms)

Prepare: number of updated asset objects reloaded= 0
AssetImportParameters requested are different than current active one (requested -> active):
  custom:container-demuxer-ogg: 62fdf1f143b41e24485cea50d1cbac27 -> 
  custom:video-codec-MediaFoundation-h265: 746d11721c4dcdbdad8f713fa42b33f4 -> 
  custom:video-decoder-ogg-theora: a1e56fd34408186e4bbccfd4996cb3dc -> 
  custom:framework-win-MediaFoundation: 216162199b28c13a410421893ffa2e32 -> 
  custom:CustomObjectIndexerAttribute: 9a22284fe3817be447336de3de66b15e -> 
  custom:container-demuxer-webm: 4f35f7cbe854078d1ac9338744f61a02 -> 
  custom:container-muxer-webm: aa71ff27fc2769a1b78a27578f13a17b -> 
  custom:video-decoder-webm-vp8: 9c59270c3fd7afecdb556c50c9e8de78 -> 
  custom:SearchIndexIgnoredProperties: e643bd26f0fe6173181afceb89e7c659 -> 
  custom:AudioImporter_EditorPlatform: d09bf68614088b80899f8185d706f6e7 -> 
  custom:video-encoder-webm-vp8: eb34c28f22e8b96e1ab97ce403110664 -> 
  custom:audio-decoder-ogg-vorbis: bf7c407c2cedff20999df2af8eb42d56 -> 
  custom:audio-encoder-webm-vorbis: bf7c407c2cedff20999df2af8eb42d56 -> 
  custom:scripting/monoscript/fileName/NewHomingMissile.cs: 97a81145d08cda4d1874bedadf2efec1 -> 
  custom:scripting/precompiled-assembly-types:Assembly-CSharp: 481c37afecec5ad9f335c7a177d31ded -> 1e9f807abdb6529675e0bede89060605
========================================================================
Received Import Request.
  Time since last request: 69.664826 seconds.
  path: Assets/Prefabs/Rocket.prefab
  artifactKey: Guid(4a230b035b777eb42a97a15c06acb6b8) Importer(815301076,1909f56bfc062723c751e8b465ee728b)
Start importing Assets/Prefabs/Rocket.prefab using Guid(4a230b035b777eb42a97a15c06acb6b8) Importer(815301076,1909f56bfc062723c751e8b465ee728b) [PhysX] Initialized MultithreadedTaskDispatcher with 8 workers.
 -> (artifact id: '0519d5831716a3e2e70c5d3c78b8e4e4') in 0.004023 seconds
Number of updated asset objects reloaded before import = 0
Number of asset objects unloaded after import = 0
========================================================================
Received Import Request.
  Time since last request: 1.993373 seconds.
  path: Assets/Prefabs/Mig21.prefab
  artifactKey: Guid(4f92e5782b1ca6f4dbb7835ef760bd9e) Importer(815301076,1909f56bfc062723c751e8b465ee728b)
Start importing Assets/Prefabs/Mig21.prefab using Guid(4f92e5782b1ca6f4dbb7835ef760bd9e) Importer(815301076,1909f56bfc062723c751e8b465ee728b) [PhysX] Initialized MultithreadedTaskDispatcher with 8 workers.
 -> (artifact id: 'd91f9b398a418afbd94e0648db4f24f8') in 0.000418 seconds
Number of updated asset objects reloaded before import = 0
Number of asset objects unloaded after import = 0
========================================================================
Received Import Request.
  Time since last request: 0.000013 seconds.
  path: Assets/Prefabs/Su30SM.prefab
  artifactKey: Guid(39a034aa202e50c40b5a5e7a6a9439f3) Importer(815301076,1909f56bfc062723c751e8b465ee728b)
Start importing Assets/Prefabs/Su30SM.prefab using Guid(39a034aa202e50c40b5a5e7a6a9439f3) Importer(815301076,1909f56bfc062723c751e8b465ee728b) [PhysX] Initialized MultithreadedTaskDispatcher with 8 workers.
 -> (artifact id: 'b516dc64f6eb55ba79b47fb7bf579096') in 0.000324 seconds
Number of updated asset objects reloaded before import = 0
Number of asset objects unloaded after import = 0
========================================================================
Received Import Request.
  Time since last request: 2.263211 seconds.
  path: Assets/Prefabs/Mig21.prefab
  artifactKey: Guid(4f92e5782b1ca6f4dbb7835ef760bd9e) Importer(815301076,1909f56bfc062723c751e8b465ee728b)
Start importing Assets/Prefabs/Mig21.prefab using Guid(4f92e5782b1ca6f4dbb7835ef760bd9e) Importer(815301076,1909f56bfc062723c751e8b465ee728b) [PhysX] Initialized MultithreadedTaskDispatcher with 8 workers.
 -> (artifact id: 'd91f9b398a418afbd94e0648db4f24f8') in 0.000515 seconds
Number of updated asset objects reloaded before import = 0
Number of asset objects unloaded after import = 0
========================================================================
Received Import Request.
  Time since last request: 0.000018 seconds.
  path: Assets/Prefabs/Su30SM.prefab
  artifactKey: Guid(39a034aa202e50c40b5a5e7a6a9439f3) Importer(815301076,1909f56bfc062723c751e8b465ee728b)
Start importing Assets/Prefabs/Su30SM.prefab using Guid(39a034aa202e50c40b5a5e7a6a9439f3) Importer(815301076,1909f56bfc062723c751e8b465ee728b) [PhysX] Initialized MultithreadedTaskDispatcher with 8 workers.
 -> (artifact id: 'b516dc64f6eb55ba79b47fb7bf579096') in 0.000337 seconds
Number of updated asset objects reloaded before import = 0
Number of asset objects unloaded after import = 0
========================================================================
Received Import Request.
  Time since last request: 0.128801 seconds.
  path: Assets/Prefabs/Mig21.prefab
  artifactKey: Guid(4f92e5782b1ca6f4dbb7835ef760bd9e) Importer(815301076,1909f56bfc062723c751e8b465ee728b)
Start importing Assets/Prefabs/Mig21.prefab using Guid(4f92e5782b1ca6f4dbb7835ef760bd9e) Importer(815301076,1909f56bfc062723c751e8b465ee728b) [PhysX] Initialized MultithreadedTaskDispatcher with 8 workers.
 -> (artifact id: 'd91f9b398a418afbd94e0648db4f24f8') in 0.000544 seconds
Number of updated asset objects reloaded before import = 0
Number of asset objects unloaded after import = 0
========================================================================
Received Import Request.
  Time since last request: 0.000014 seconds.
  path: Assets/Prefabs/Su30SM.prefab
  artifactKey: Guid(39a034aa202e50c40b5a5e7a6a9439f3) Importer(815301076,1909f56bfc062723c751e8b465ee728b)
Start importing Assets/Prefabs/Su30SM.prefab using Guid(39a034aa202e50c40b5a5e7a6a9439f3) Importer(815301076,1909f56bfc062723c751e8b465ee728b) [PhysX] Initialized MultithreadedTaskDispatcher with 8 workers.
 -> (artifact id: 'b516dc64f6eb55ba79b47fb7bf579096') in 0.000312 seconds
Number of updated asset objects reloaded before import = 0
Number of asset objects unloaded after import = 0
========================================================================
Received Import Request.
  Time since last request: 0.189964 seconds.
  path: Assets/Prefabs/Mig21.prefab
  artifactKey: Guid(4f92e5782b1ca6f4dbb7835ef760bd9e) Importer(815301076,1909f56bfc062723c751e8b465ee728b)
Start importing Assets/Prefabs/Mig21.prefab using Guid(4f92e5782b1ca6f4dbb7835ef760bd9e) Importer(815301076,1909f56bfc062723c751e8b465ee728b) [PhysX] Initialized MultithreadedTaskDispatcher with 8 workers.
 -> (artifact id: 'd91f9b398a418afbd94e0648db4f24f8') in 0.000963 seconds
Number of updated asset objects reloaded before import = 0
Number of asset objects unloaded after import = 0
========================================================================
Received Import Request.
  Time since last request: 0.000016 seconds.
  path: Assets/Prefabs/Su30SM.prefab
  artifactKey: Guid(39a034aa202e50c40b5a5e7a6a9439f3) Importer(815301076,1909f56bfc062723c751e8b465ee728b)
Start importing Assets/Prefabs/Su30SM.prefab using Guid(39a034aa202e50c40b5a5e7a6a9439f3) Importer(815301076,1909f56bfc062723c751e8b465ee728b) [PhysX] Initialized MultithreadedTaskDispatcher with 8 workers.
 -> (artifact id: 'b516dc64f6eb55ba79b47fb7bf579096') in 0.000374 seconds
Number of updated asset objects reloaded before import = 0
Number of asset objects unloaded after import = 0
========================================================================
Received Import Request.
  Time since last request: 0.203670 seconds.
  path: Assets/Prefabs/Mig21.prefab
  artifactKey: Guid(4f92e5782b1ca6f4dbb7835ef760bd9e) Importer(815301076,1909f56bfc062723c751e8b465ee728b)
Start importing Assets/Prefabs/Mig21.prefab using Guid(4f92e5782b1ca6f4dbb7835ef760bd9e) Importer(815301076,1909f56bfc062723c751e8b465ee728b) [PhysX] Initialized MultithreadedTaskDispatcher with 8 workers.
 -> (artifact id: 'd91f9b398a418afbd94e0648db4f24f8') in 0.000748 seconds
Number of updated asset objects reloaded before import = 0
Number of asset objects unloaded after import = 0
========================================================================
Received Import Request.
  Time since last request: 0.000017 seconds.
  path: Assets/Prefabs/Su30SM.prefab
  artifactKey: Guid(39a034aa202e50c40b5a5e7a6a9439f3) Importer(815301076,1909f56bfc062723c751e8b465ee728b)
Start importing Assets/Prefabs/Su30SM.prefab using Guid(39a034aa202e50c40b5a5e7a6a9439f3) Importer(815301076,1909f56bfc062723c751e8b465ee728b) [PhysX] Initialized MultithreadedTaskDispatcher with 8 workers.
 -> (artifact id: 'b516dc64f6eb55ba79b47fb7bf579096') in 0.000460 seconds
Number of updated asset objects reloaded before import = 0
Number of asset objects unloaded after import = 0
========================================================================
Received Import Request.
  Time since last request: 0.203561 seconds.
  path: Assets/Prefabs/Mig21.prefab
  artifactKey: Guid(4f92e5782b1ca6f4dbb7835ef760bd9e) Importer(815301076,1909f56bfc062723c751e8b465ee728b)
Start importing Assets/Prefabs/Mig21.prefab using Guid(4f92e5782b1ca6f4dbb7835ef760bd9e) Importer(815301076,1909f56bfc062723c751e8b465ee728b) [PhysX] Initialized MultithreadedTaskDispatcher with 8 workers.
 -> (artifact id: 'd91f9b398a418afbd94e0648db4f24f8') in 0.000458 seconds
Number of updated asset objects reloaded before import = 0
Number of asset objects unloaded after import = 0
========================================================================
Received Import Request.
  Time since last request: 0.000025 seconds.
  path: Assets/Prefabs/Su30SM.prefab
  artifactKey: Guid(39a034aa202e50c40b5a5e7a6a9439f3) Importer(815301076,1909f56bfc062723c751e8b465ee728b)
Start importing Assets/Prefabs/Su30SM.prefab using Guid(39a034aa202e50c40b5a5e7a6a9439f3) Importer(815301076,1909f56bfc062723c751e8b465ee728b) [PhysX] Initialized MultithreadedTaskDispatcher with 8 workers.
 -> (artifact id: 'b516dc64f6eb55ba79b47fb7bf579096') in 0.000418 seconds
Number of updated asset objects reloaded before import = 0
Number of asset objects unloaded after import = 0
========================================================================
Received Import Request.
  Time since last request: 0.241998 seconds.
  path: Assets/Prefabs/Mig21.prefab
  artifactKey: Guid(4f92e5782b1ca6f4dbb7835ef760bd9e) Importer(815301076,1909f56bfc062723c751e8b465ee728b)
Start importing Assets/Prefabs/Mig21.prefab using Guid(4f92e5782b1ca6f4dbb7835ef760bd9e) Importer(815301076,1909f56bfc062723c751e8b465ee728b) [PhysX] Initialized MultithreadedTaskDispatcher with 8 workers.
 -> (artifact id: 'd91f9b398a418afbd94e0648db4f24f8') in 0.000810 seconds
Number of updated asset objects reloaded before import = 0
Number of asset objects unloaded after import = 0
========================================================================
Received Import Request.
  Time since last request: 0.000016 seconds.
  path: Assets/Prefabs/Su30SM.prefab
  artifactKey: Guid(39a034aa202e50c40b5a5e7a6a9439f3) Importer(815301076,1909f56bfc062723c751e8b465ee728b)
Start importing Assets/Prefabs/Su30SM.prefab using Guid(39a034aa202e50c40b5a5e7a6a9439f3) Importer(815301076,1909f56bfc062723c751e8b465ee728b) [PhysX] Initialized MultithreadedTaskDispatcher with 8 workers.
 -> (artifact id: 'b516dc64f6eb55ba79b47fb7bf579096') in 0.000367 seconds
Number of updated asset objects reloaded before import = 0
Number of asset objects unloaded after import = 0
========================================================================
Received Import Request.
  Time since last request: 0.000014 seconds.
  path: Assets/Prefabs/Rocket.prefab
  artifactKey: Guid(4a230b035b777eb42a97a15c06acb6b8) Importer(815301076,1909f56bfc062723c751e8b465ee728b)
Start importing Assets/Prefabs/Rocket.prefab using Guid(4a230b035b777eb42a97a15c06acb6b8) Importer(815301076,1909f56bfc062723c751e8b465ee728b) [PhysX] Initialized MultithreadedTaskDispatcher with 8 workers.
 -> (artifact id: '0519d5831716a3e2e70c5d3c78b8e4e4') in 0.000274 seconds
Number of updated asset objects reloaded before import = 0
Number of asset objects unloaded after import = 0
========================================================================
Received Import Request.
  Time since last request: 0.188528 seconds.
  path: Assets/Prefabs/Mig21.prefab
  artifactKey: Guid(4f92e5782b1ca6f4dbb7835ef760bd9e) Importer(815301076,1909f56bfc062723c751e8b465ee728b)
Start importing Assets/Prefabs/Mig21.prefab using Guid(4f92e5782b1ca6f4dbb7835ef760bd9e) Importer(815301076,1909f56bfc062723c751e8b465ee728b) [PhysX] Initialized MultithreadedTaskDispatcher with 8 workers.
 -> (artifact id: 'd91f9b398a418afbd94e0648db4f24f8') in 0.000566 seconds
Number of updated asset objects reloaded before import = 0
Number of asset objects unloaded after import = 0
========================================================================
Received Import Request.
  Time since last request: 0.000034 seconds.
  path: Assets/Prefabs/Su30SM.prefab
  artifactKey: Guid(39a034aa202e50c40b5a5e7a6a9439f3) Importer(815301076,1909f56bfc062723c751e8b465ee728b)
Start importing Assets/Prefabs/Su30SM.prefab using Guid(39a034aa202e50c40b5a5e7a6a9439f3) Importer(815301076,1909f56bfc062723c751e8b465ee728b) [PhysX] Initialized MultithreadedTaskDispatcher with 8 workers.
 -> (artifact id: 'b516dc64f6eb55ba79b47fb7bf579096') in 0.000512 seconds
Number of updated asset objects reloaded before import = 0
Number of asset objects unloaded after import = 0
========================================================================
Received Import Request.
  Time since last request: 0.442926 seconds.
  path: Assets/Prefabs/Mig21.prefab
  artifactKey: Guid(4f92e5782b1ca6f4dbb7835ef760bd9e) Importer(815301076,1909f56bfc062723c751e8b465ee728b)
Start importing Assets/Prefabs/Mig21.prefab using Guid(4f92e5782b1ca6f4dbb7835ef760bd9e) Importer(815301076,1909f56bfc062723c751e8b465ee728b) [PhysX] Initialized MultithreadedTaskDispatcher with 8 workers.
 -> (artifact id: 'd91f9b398a418afbd94e0648db4f24f8') in 0.000465 seconds
Number of updated asset objects reloaded before import = 0
Number of asset objects unloaded after import = 0
========================================================================
Received Import Request.
  Time since last request: 0.000014 seconds.
  path: Assets/Prefabs/Su30SM.prefab
  artifactKey: Guid(39a034aa202e50c40b5a5e7a6a9439f3) Importer(815301076,1909f56bfc062723c751e8b465ee728b)
Start importing Assets/Prefabs/Su30SM.prefab using Guid(39a034aa202e50c40b5a5e7a6a9439f3) Importer(815301076,1909f56bfc062723c751e8b465ee728b) [PhysX] Initialized MultithreadedTaskDispatcher with 8 workers.
 -> (artifact id: 'b516dc64f6eb55ba79b47fb7bf579096') in 0.000356 seconds
Number of updated asset objects reloaded before import = 0
Number of asset objects unloaded after import = 0
========================================================================
Received Import Request.
  Time since last request: 0.231282 seconds.
  path: Assets/Prefabs/Mig21.prefab
  artifactKey: Guid(4f92e5782b1ca6f4dbb7835ef760bd9e) Importer(815301076,1909f56bfc062723c751e8b465ee728b)
Start importing Assets/Prefabs/Mig21.prefab using Guid(4f92e5782b1ca6f4dbb7835ef760bd9e) Importer(815301076,1909f56bfc062723c751e8b465ee728b) [PhysX] Initialized MultithreadedTaskDispatcher with 8 workers.
 -> (artifact id: 'd91f9b398a418afbd94e0648db4f24f8') in 0.000423 seconds
Number of updated asset objects reloaded before import = 0
Number of asset objects unloaded after import = 0
========================================================================
Received Import Request.
  Time since last request: 0.000031 seconds.
  path: Assets/Prefabs/Su30SM.prefab
  artifactKey: Guid(39a034aa202e50c40b5a5e7a6a9439f3) Importer(815301076,1909f56bfc062723c751e8b465ee728b)
Start importing Assets/Prefabs/Su30SM.prefab using Guid(39a034aa202e50c40b5a5e7a6a9439f3) Importer(815301076,1909f56bfc062723c751e8b465ee728b) [PhysX] Initialized MultithreadedTaskDispatcher with 8 workers.
 -> (artifact id: 'b516dc64f6eb55ba79b47fb7bf579096') in 0.000423 seconds
Number of updated asset objects reloaded before import = 0
Number of asset objects unloaded after import = 0
========================================================================
Received Import Request.
  Time since last request: 0.195810 seconds.
  path: Assets/Prefabs/Mig21.prefab
  artifactKey: Guid(4f92e5782b1ca6f4dbb7835ef760bd9e) Importer(815301076,1909f56bfc062723c751e8b465ee728b)
Start importing Assets/Prefabs/Mig21.prefab using Guid(4f92e5782b1ca6f4dbb7835ef760bd9e) Importer(815301076,1909f56bfc062723c751e8b465ee728b) [PhysX] Initialized MultithreadedTaskDispatcher with 8 workers.
 -> (artifact id: 'd91f9b398a418afbd94e0648db4f24f8') in 0.000417 seconds
Number of updated asset objects reloaded before import = 0
Number of asset objects unloaded after import = 0
========================================================================
Received Import Request.
  Time since last request: 0.000014 seconds.
  path: Assets/Prefabs/Su30SM.prefab
  artifactKey: Guid(39a034aa202e50c40b5a5e7a6a9439f3) Importer(815301076,1909f56bfc062723c751e8b465ee728b)
Start importing Assets/Prefabs/Su30SM.prefab using Guid(39a034aa202e50c40b5a5e7a6a9439f3) Importer(815301076,1909f56bfc062723c751e8b465ee728b) [PhysX] Initialized MultithreadedTaskDispatcher with 8 workers.
 -> (artifact id: 'b516dc64f6eb55ba79b47fb7bf579096') in 0.000340 seconds
Number of updated asset objects reloaded before import = 0
Number of asset objects unloaded after import = 0
========================================================================
Received Import Request.
  Time since last request: 0.155199 seconds.
  path: Assets/Prefabs/Mig21.prefab
  artifactKey: Guid(4f92e5782b1ca6f4dbb7835ef760bd9e) Importer(815301076,1909f56bfc062723c751e8b465ee728b)
Start importing Assets/Prefabs/Mig21.prefab using Guid(4f92e5782b1ca6f4dbb7835ef760bd9e) Importer(815301076,1909f56bfc062723c751e8b465ee728b) [PhysX] Initialized MultithreadedTaskDispatcher with 8 workers.
 -> (artifact id: 'd91f9b398a418afbd94e0648db4f24f8') in 0.000451 seconds
Number of updated asset objects reloaded before import = 0
Number of asset objects unloaded after import = 0
========================================================================
Received Import Request.
  Time since last request: 0.000019 seconds.
  path: Assets/Prefabs/Su30SM.prefab
  artifactKey: Guid(39a034aa202e50c40b5a5e7a6a9439f3) Importer(815301076,1909f56bfc062723c751e8b465ee728b)
Start importing Assets/Prefabs/Su30SM.prefab using Guid(39a034aa202e50c40b5a5e7a6a9439f3) Importer(815301076,1909f56bfc062723c751e8b465ee728b) [PhysX] Initialized MultithreadedTaskDispatcher with 8 workers.
 -> (artifact id: 'b516dc64f6eb55ba79b47fb7bf579096') in 0.000583 seconds
Number of updated asset objects reloaded before import = 0
Number of asset objects unloaded after import = 0
========================================================================
Received Import Request.
  Time since last request: 0.337742 seconds.
  path: Assets/Prefabs/Mig21.prefab
  artifactKey: Guid(4f92e5782b1ca6f4dbb7835ef760bd9e) Importer(815301076,1909f56bfc062723c751e8b465ee728b)
Start importing Assets/Prefabs/Mig21.prefab using Guid(4f92e5782b1ca6f4dbb7835ef760bd9e) Importer(815301076,1909f56bfc062723c751e8b465ee728b) [PhysX] Initialized MultithreadedTaskDispatcher with 8 workers.
 -> (artifact id: 'd91f9b398a418afbd94e0648db4f24f8') in 0.000547 seconds
Number of updated asset objects reloaded before import = 0
Number of asset objects unloaded after import = 0
========================================================================
Received Import Request.
  Time since last request: 0.000016 seconds.
  path: Assets/Prefabs/Su30SM.prefab
  artifactKey: Guid(39a034aa202e50c40b5a5e7a6a9439f3) Importer(815301076,1909f56bfc062723c751e8b465ee728b)
Start importing Assets/Prefabs/Su30SM.prefab using Guid(39a034aa202e50c40b5a5e7a6a9439f3) Importer(815301076,1909f56bfc062723c751e8b465ee728b) [PhysX] Initialized MultithreadedTaskDispatcher with 8 workers.
 -> (artifact id: 'b516dc64f6eb55ba79b47fb7bf579096') in 0.000342 seconds
Number of updated asset objects reloaded before import = 0
Number of asset objects unloaded after import = 0
========================================================================
Received Import Request.
  Time since last request: 0.297113 seconds.
  path: Assets/Prefabs/Mig21.prefab
  artifactKey: Guid(4f92e5782b1ca6f4dbb7835ef760bd9e) Importer(815301076,1909f56bfc062723c751e8b465ee728b)
Start importing Assets/Prefabs/Mig21.prefab using Guid(4f92e5782b1ca6f4dbb7835ef760bd9e) Importer(815301076,1909f56bfc062723c751e8b465ee728b) [PhysX] Initialized MultithreadedTaskDispatcher with 8 workers.
 -> (artifact id: 'd91f9b398a418afbd94e0648db4f24f8') in 0.000515 seconds
Number of updated asset objects reloaded before import = 0
Number of asset objects unloaded after import = 0
========================================================================
Received Import Request.
  Time since last request: 0.000018 seconds.
  path: Assets/Prefabs/Su30SM.prefab
  artifactKey: Guid(39a034aa202e50c40b5a5e7a6a9439f3) Importer(815301076,1909f56bfc062723c751e8b465ee728b)
Start importing Assets/Prefabs/Su30SM.prefab using Guid(39a034aa202e50c40b5a5e7a6a9439f3) Importer(815301076,1909f56bfc062723c751e8b465ee728b) [PhysX] Initialized MultithreadedTaskDispatcher with 8 workers.
 -> (artifact id: 'b516dc64f6eb55ba79b47fb7bf579096') in 0.000478 seconds
Number of updated asset objects reloaded before import = 0
Number of asset objects unloaded after import = 0
========================================================================
Received Import Request.
  Time since last request: 0.238328 seconds.
  path: Assets/Prefabs/Mig21.prefab
  artifactKey: Guid(4f92e5782b1ca6f4dbb7835ef760bd9e) Importer(815301076,1909f56bfc062723c751e8b465ee728b)
Start importing Assets/Prefabs/Mig21.prefab using Guid(4f92e5782b1ca6f4dbb7835ef760bd9e) Importer(815301076,1909f56bfc062723c751e8b465ee728b) [PhysX] Initialized MultithreadedTaskDispatcher with 8 workers.
 -> (artifact id: 'd91f9b398a418afbd94e0648db4f24f8') in 0.000461 seconds
Number of updated asset objects reloaded before import = 0
Number of asset objects unloaded after import = 0
========================================================================
Received Import Request.
  Time since last request: 0.000016 seconds.
  path: Assets/Prefabs/Su30SM.prefab
  artifactKey: Guid(39a034aa202e50c40b5a5e7a6a9439f3) Importer(815301076,1909f56bfc062723c751e8b465ee728b)
Start importing Assets/Prefabs/Su30SM.prefab using Guid(39a034aa202e50c40b5a5e7a6a9439f3) Importer(815301076,1909f56bfc062723c751e8b465ee728b) [PhysX] Initialized MultithreadedTaskDispatcher with 8 workers.
 -> (artifact id: 'b516dc64f6eb55ba79b47fb7bf579096') in 0.000406 seconds
Number of updated asset objects reloaded before import = 0
Number of asset objects unloaded after import = 0
========================================================================
Received Import Request.
  Time since last request: 9.403427 seconds.
  path: Assets/Prefabs/Mig21.prefab
  artifactKey: Guid(4f92e5782b1ca6f4dbb7835ef760bd9e) Importer(815301076,1909f56bfc062723c751e8b465ee728b)
Start importing Assets/Prefabs/Mig21.prefab using Guid(4f92e5782b1ca6f4dbb7835ef760bd9e) Importer(815301076,1909f56bfc062723c751e8b465ee728b) [PhysX] Initialized MultithreadedTaskDispatcher with 8 workers.
 -> (artifact id: 'd91f9b398a418afbd94e0648db4f24f8') in 0.000748 seconds
Number of updated asset objects reloaded before import = 0
Number of asset objects unloaded after import = 0
========================================================================
Received Import Request.
  Time since last request: 0.000019 seconds.
  path: Assets/Prefabs/Su30SM.prefab
  artifactKey: Guid(39a034aa202e50c40b5a5e7a6a9439f3) Importer(815301076,1909f56bfc062723c751e8b465ee728b)
Start importing Assets/Prefabs/Su30SM.prefab using Guid(39a034aa202e50c40b5a5e7a6a9439f3) Importer(815301076,1909f56bfc062723c751e8b465ee728b) [PhysX] Initialized MultithreadedTaskDispatcher with 8 workers.
 -> (artifact id: 'b516dc64f6eb55ba79b47fb7bf579096') in 0.000760 seconds
Number of updated asset objects reloaded before import = 0
Number of asset objects unloaded after import = 0
========================================================================
Received Import Request.
  Time since last request: 0.389436 seconds.
  path: Assets/Prefabs/Mig21.prefab
  artifactKey: Guid(4f92e5782b1ca6f4dbb7835ef760bd9e) Importer(815301076,1909f56bfc062723c751e8b465ee728b)
Start importing Assets/Prefabs/Mig21.prefab using Guid(4f92e5782b1ca6f4dbb7835ef760bd9e) Importer(815301076,1909f56bfc062723c751e8b465ee728b) [PhysX] Initialized MultithreadedTaskDispatcher with 8 workers.
 -> (artifact id: 'd91f9b398a418afbd94e0648db4f24f8') in 0.000621 seconds
Number of updated asset objects reloaded before import = 0
Number of asset objects unloaded after import = 0
========================================================================
Received Import Request.
  Time since last request: 0.000013 seconds.
  path: Assets/Prefabs/Su30SM.prefab
  artifactKey: Guid(39a034aa202e50c40b5a5e7a6a9439f3) Importer(815301076,1909f56bfc062723c751e8b465ee728b)
Start importing Assets/Prefabs/Su30SM.prefab using Guid(39a034aa202e50c40b5a5e7a6a9439f3) Importer(815301076,1909f56bfc062723c751e8b465ee728b) [PhysX] Initialized MultithreadedTaskDispatcher with 8 workers.
 -> (artifact id: 'b516dc64f6eb55ba79b47fb7bf579096') in 0.000327 seconds
Number of updated asset objects reloaded before import = 0
Number of asset objects unloaded after import = 0
========================================================================
Received Import Request.
  Time since last request: 0.197035 seconds.
  path: Assets/Prefabs/Mig21.prefab
  artifactKey: Guid(4f92e5782b1ca6f4dbb7835ef760bd9e) Importer(815301076,1909f56bfc062723c751e8b465ee728b)
Start importing Assets/Prefabs/Mig21.prefab using Guid(4f92e5782b1ca6f4dbb7835ef760bd9e) Importer(815301076,1909f56bfc062723c751e8b465ee728b) [PhysX] Initialized MultithreadedTaskDispatcher with 8 workers.
 -> (artifact id: 'd91f9b398a418afbd94e0648db4f24f8') in 0.000454 seconds
Number of updated asset objects reloaded before import = 0
Number of asset objects unloaded after import = 0
========================================================================
Received Import Request.
  Time since last request: 0.000014 seconds.
  path: Assets/Prefabs/Su30SM.prefab
  artifactKey: Guid(39a034aa202e50c40b5a5e7a6a9439f3) Importer(815301076,1909f56bfc062723c751e8b465ee728b)
Start importing Assets/Prefabs/Su30SM.prefab using Guid(39a034aa202e50c40b5a5e7a6a9439f3) Importer(815301076,1909f56bfc062723c751e8b465ee728b) [PhysX] Initialized MultithreadedTaskDispatcher with 8 workers.
 -> (artifact id: 'b516dc64f6eb55ba79b47fb7bf579096') in 0.000344 seconds
Number of updated asset objects reloaded before import = 0
Number of asset objects unloaded after import = 0
========================================================================
Received Import Request.
  Time since last request: 0.399990 seconds.
  path: Assets/Prefabs/Mig21.prefab
  artifactKey: Guid(4f92e5782b1ca6f4dbb7835ef760bd9e) Importer(815301076,1909f56bfc062723c751e8b465ee728b)
Start importing Assets/Prefabs/Mig21.prefab using Guid(4f92e5782b1ca6f4dbb7835ef760bd9e) Importer(815301076,1909f56bfc062723c751e8b465ee728b) [PhysX] Initialized MultithreadedTaskDispatcher with 8 workers.
 -> (artifact id: 'd91f9b398a418afbd94e0648db4f24f8') in 0.000477 seconds
Number of updated asset objects reloaded before import = 0
Number of asset objects unloaded after import = 0
========================================================================
Received Import Request.
  Time since last request: 0.000014 seconds.
  path: Assets/Prefabs/Su30SM.prefab
  artifactKey: Guid(39a034aa202e50c40b5a5e7a6a9439f3) Importer(815301076,1909f56bfc062723c751e8b465ee728b)
Start importing Assets/Prefabs/Su30SM.prefab using Guid(39a034aa202e50c40b5a5e7a6a9439f3) Importer(815301076,1909f56bfc062723c751e8b465ee728b) [PhysX] Initialized MultithreadedTaskDispatcher with 8 workers.
 -> (artifact id: 'b516dc64f6eb55ba79b47fb7bf579096') in 0.000355 seconds
Number of updated asset objects reloaded before import = 0
Number of asset objects unloaded after import = 0
========================================================================
Received Prepare
Caller must complete domain reload
Begin MonoManager ReloadAssembly
- Loaded All Assemblies, in  0.359 seconds
Native extension for WindowsStandalone target not found
Native extension for WebGL target not found
Mono: successfully reloaded assembly
- Finished resetting the current domain, in  0.803 seconds
Domain Reload Profiling: 1162ms
	BeginReloadAssembly (135ms)
		ExecutionOrderSort (0ms)
		DisableScriptedObjects (4ms)
		BackupInstance (0ms)
		ReleaseScriptingObjects (0ms)
		CreateAndSetChildDomain (26ms)
	RebuildCommonClasses (28ms)
	RebuildNativeTypeToScriptingClass (11ms)
	initialDomainReloadingComplete (23ms)
	LoadAllAssembliesAndSetupDomain (162ms)
		LoadAssemblies (231ms)
		RebuildTransferFunctionScriptingTraits (0ms)
		AnalyzeDomain (12ms)
			TypeCache.Refresh (5ms)
				TypeCache.ScanAssembly (0ms)
			ScanForSourceGeneratedMonoScriptInfo (0ms)
			ResolveRequiredComponents (4ms)
	FinalizeReload (803ms)
		ReleaseScriptCaches (0ms)
		RebuildScriptCaches (0ms)
		SetupLoadedEditorAssemblies (412ms)
			LogAssemblyErrors (0ms)
			InitializePlatformSupportModulesInManaged (5ms)
			SetLoadedEditorAssemblies (4ms)
			RefreshPlugins (0ms)
			BeforeProcessingInitializeOnLoad (46ms)
			ProcessInitializeOnLoadAttributes (332ms)
			ProcessInitializeOnLoadMethodAttributes (22ms)
			AfterProcessingInitializeOnLoad (2ms)
			EditorAssembliesLoaded (0ms)
		ExecutionOrderSort2 (0ms)
		AwakeInstancesAfterBackupRestoration (7ms)
Refreshing native plugins compatible for Editor in 2.50 ms, found 3 plugins.
Preloading 0 native plugins for Editor in 0.00 ms.
Unloading 3128 Unused Serialized files (Serialized files now loaded: 0)
Unloading 14 unused Assets / (28.6 KB). Loaded Objects now: 3655.
Memory consumption went from 119.2 MB to 119.2 MB.
Total: 3.744400 ms (FindLiveObjects: 0.252900 ms CreateObjectMapping: 0.151400 ms MarkObjects: 3.300300 ms  DeleteObjects: 0.038600 ms)

Prepare: number of updated asset objects reloaded= 0
AssetImportParameters requested are different than current active one (requested -> active):
  custom:container-demuxer-ogg: 62fdf1f143b41e24485cea50d1cbac27 -> 
  custom:video-codec-MediaFoundation-h265: 746d11721c4dcdbdad8f713fa42b33f4 -> 
  custom:video-decoder-ogg-theora: a1e56fd34408186e4bbccfd4996cb3dc -> 
  custom:framework-win-MediaFoundation: 216162199b28c13a410421893ffa2e32 -> 
  custom:CustomObjectIndexerAttribute: 9a22284fe3817be447336de3de66b15e -> 
  custom:container-demuxer-webm: 4f35f7cbe854078d1ac9338744f61a02 -> 
  custom:container-muxer-webm: aa71ff27fc2769a1b78a27578f13a17b -> 
  custom:video-decoder-webm-vp8: 9c59270c3fd7afecdb556c50c9e8de78 -> 
  custom:SearchIndexIgnoredProperties: e643bd26f0fe6173181afceb89e7c659 -> 
  custom:AudioImporter_EditorPlatform: d09bf68614088b80899f8185d706f6e7 -> 
  custom:video-encoder-webm-vp8: eb34c28f22e8b96e1ab97ce403110664 -> 
  custom:audio-decoder-ogg-vorbis: bf7c407c2cedff20999df2af8eb42d56 -> 
  custom:audio-encoder-webm-vorbis: bf7c407c2cedff20999df2af8eb42d56 -> 
  custom:scripting/monoscript/fileName/NewHomingMissile.cs: 97a81145d08cda4d1874bedadf2efec1 -> 
  custom:scripting/precompiled-assembly-types:Assembly-CSharp: 481c37afecec5ad9f335c7a177d31ded -> 1e9f807abdb6529675e0bede89060605
========================================================================
Received Import Request.
  Time since last request: 6.265251 seconds.
  path: Assets/Prefabs/Su30SM.prefab
  artifactKey: Guid(39a034aa202e50c40b5a5e7a6a9439f3) Importer(815301076,1909f56bfc062723c751e8b465ee728b)
Start importing Assets/Prefabs/Su30SM.prefab using Guid(39a034aa202e50c40b5a5e7a6a9439f3) Importer(815301076,1909f56bfc062723c751e8b465ee728b) [PhysX] Initialized MultithreadedTaskDispatcher with 8 workers.
 -> (artifact id: 'b516dc64f6eb55ba79b47fb7bf579096') in 0.002086 seconds
Number of updated asset objects reloaded before import = 0
Number of asset objects unloaded after import = 0
========================================================================
Received Import Request.
  Time since last request: 0.000029 seconds.
  path: Assets/Prefabs/Rocket.prefab
  artifactKey: Guid(4a230b035b777eb42a97a15c06acb6b8) Importer(815301076,1909f56bfc062723c751e8b465ee728b)
Start importing Assets/Prefabs/Rocket.prefab using Guid(4a230b035b777eb42a97a15c06acb6b8) Importer(815301076,1909f56bfc062723c751e8b465ee728b) [PhysX] Initialized MultithreadedTaskDispatcher with 8 workers.
 -> (artifact id: '0519d5831716a3e2e70c5d3c78b8e4e4') in 0.000456 seconds
Number of updated asset objects reloaded before import = 0
Number of asset objects unloaded after import = 0
========================================================================
Received Import Request.
  Time since last request: 0.000020 seconds.
  path: Assets/Prefabs/Mig21.prefab
  artifactKey: Guid(4f92e5782b1ca6f4dbb7835ef760bd9e) Importer(815301076,1909f56bfc062723c751e8b465ee728b)
Start importing Assets/Prefabs/Mig21.prefab using Guid(4f92e5782b1ca6f4dbb7835ef760bd9e) Importer(815301076,1909f56bfc062723c751e8b465ee728b) [PhysX] Initialized MultithreadedTaskDispatcher with 8 workers.
 -> (artifact id: 'd91f9b398a418afbd94e0648db4f24f8') in 0.000325 seconds
Number of updated asset objects reloaded before import = 0
Number of asset objects unloaded after import = 0
========================================================================
Received Import Request.
  Time since last request: 0.000017 seconds.
  path: Assets/Prefabs/R73.prefab
  artifactKey: Guid(2b0faee24f85505458815d2de54c3a58) Importer(815301076,1909f56bfc062723c751e8b465ee728b)
Start importing Assets/Prefabs/R73.prefab using Guid(2b0faee24f85505458815d2de54c3a58) Importer(815301076,1909f56bfc062723c751e8b465ee728b) [PhysX] Initialized MultithreadedTaskDispatcher with 8 workers.
 -> (artifact id: 'a62721a59ebd09190e5c3cdfba573104') in 0.000343 seconds
Number of updated asset objects reloaded before import = 0
Number of asset objects unloaded after import = 0
========================================================================
Received Import Request.
  Time since last request: 12.661120 seconds.
  path: Assets/Prefabs/Mig21.prefab
  artifactKey: Guid(4f92e5782b1ca6f4dbb7835ef760bd9e) Importer(815301076,1909f56bfc062723c751e8b465ee728b)
Start importing Assets/Prefabs/Mig21.prefab using Guid(4f92e5782b1ca6f4dbb7835ef760bd9e) Importer(815301076,1909f56bfc062723c751e8b465ee728b) [PhysX] Initialized MultithreadedTaskDispatcher with 8 workers.
 -> (artifact id: 'd91f9b398a418afbd94e0648db4f24f8') in 0.000490 seconds
Number of updated asset objects reloaded before import = 0
Number of asset objects unloaded after import = 0
========================================================================
Received Import Request.
  Time since last request: 0.000014 seconds.
  path: Assets/Prefabs/Su30SM.prefab
  artifactKey: Guid(39a034aa202e50c40b5a5e7a6a9439f3) Importer(815301076,1909f56bfc062723c751e8b465ee728b)
Start importing Assets/Prefabs/Su30SM.prefab using Guid(39a034aa202e50c40b5a5e7a6a9439f3) Importer(815301076,1909f56bfc062723c751e8b465ee728b) [PhysX] Initialized MultithreadedTaskDispatcher with 8 workers.
 -> (artifact id: 'b516dc64f6eb55ba79b47fb7bf579096') in 0.000379 seconds
Number of updated asset objects reloaded before import = 0
Number of asset objects unloaded after import = 0
========================================================================
Received Import Request.
  Time since last request: 0.000017 seconds.
  path: Assets/Prefabs/Rocket.prefab
  artifactKey: Guid(4a230b035b777eb42a97a15c06acb6b8) Importer(815301076,1909f56bfc062723c751e8b465ee728b)
Start importing Assets/Prefabs/Rocket.prefab using Guid(4a230b035b777eb42a97a15c06acb6b8) Importer(815301076,1909f56bfc062723c751e8b465ee728b) [PhysX] Initialized MultithreadedTaskDispatcher with 8 workers.
 -> (artifact id: '0519d5831716a3e2e70c5d3c78b8e4e4') in 0.000378 seconds
Number of updated asset objects reloaded before import = 0
Number of asset objects unloaded after import = 0
========================================================================
Received Import Request.
  Time since last request: 0.569970 seconds.
  path: Assets/Prefabs/Mig21.prefab
  artifactKey: Guid(4f92e5782b1ca6f4dbb7835ef760bd9e) Importer(815301076,1909f56bfc062723c751e8b465ee728b)
Start importing Assets/Prefabs/Mig21.prefab using Guid(4f92e5782b1ca6f4dbb7835ef760bd9e) Importer(815301076,1909f56bfc062723c751e8b465ee728b) [PhysX] Initialized MultithreadedTaskDispatcher with 8 workers.
 -> (artifact id: 'd91f9b398a418afbd94e0648db4f24f8') in 0.000487 seconds
Number of updated asset objects reloaded before import = 0
Number of asset objects unloaded after import = 0
========================================================================
Received Import Request.
  Time since last request: 0.000017 seconds.
  path: Assets/Prefabs/Su30SM.prefab
  artifactKey: Guid(39a034aa202e50c40b5a5e7a6a9439f3) Importer(815301076,1909f56bfc062723c751e8b465ee728b)
Start importing Assets/Prefabs/Su30SM.prefab using Guid(39a034aa202e50c40b5a5e7a6a9439f3) Importer(815301076,1909f56bfc062723c751e8b465ee728b) [PhysX] Initialized MultithreadedTaskDispatcher with 8 workers.
 -> (artifact id: 'b516dc64f6eb55ba79b47fb7bf579096') in 0.000394 seconds
Number of updated asset objects reloaded before import = 0
Number of asset objects unloaded after import = 0
========================================================================
Received Import Request.
  Time since last request: 0.177759 seconds.
  path: Assets/Prefabs/Mig21.prefab
  artifactKey: Guid(4f92e5782b1ca6f4dbb7835ef760bd9e) Importer(815301076,1909f56bfc062723c751e8b465ee728b)
Start importing Assets/Prefabs/Mig21.prefab using Guid(4f92e5782b1ca6f4dbb7835ef760bd9e) Importer(815301076,1909f56bfc062723c751e8b465ee728b) [PhysX] Initialized MultithreadedTaskDispatcher with 8 workers.
 -> (artifact id: 'd91f9b398a418afbd94e0648db4f24f8') in 0.000446 seconds
Number of updated asset objects reloaded before import = 0
Number of asset objects unloaded after import = 0
========================================================================
Received Import Request.
  Time since last request: 0.000018 seconds.
  path: Assets/Prefabs/Su30SM.prefab
  artifactKey: Guid(39a034aa202e50c40b5a5e7a6a9439f3) Importer(815301076,1909f56bfc062723c751e8b465ee728b)
Start importing Assets/Prefabs/Su30SM.prefab using Guid(39a034aa202e50c40b5a5e7a6a9439f3) Importer(815301076,1909f56bfc062723c751e8b465ee728b) [PhysX] Initialized MultithreadedTaskDispatcher with 8 workers.
 -> (artifact id: 'b516dc64f6eb55ba79b47fb7bf579096') in 0.000533 seconds
Number of updated asset objects reloaded before import = 0
Number of asset objects unloaded after import = 0
========================================================================
Received Prepare
Caller must complete domain reload
Begin MonoManager ReloadAssembly
- Loaded All Assemblies, in  0.393 seconds
Native extension for WindowsStandalone target not found
Native extension for WebGL target not found
Mono: successfully reloaded assembly
- Finished resetting the current domain, in  0.804 seconds
Domain Reload Profiling: 1198ms
	BeginReloadAssembly (155ms)
		ExecutionOrderSort (0ms)
		DisableScriptedObjects (5ms)
		BackupInstance (0ms)
		ReleaseScriptingObjects (0ms)
		CreateAndSetChildDomain (27ms)
	RebuildCommonClasses (34ms)
	RebuildNativeTypeToScriptingClass (9ms)
	initialDomainReloadingComplete (25ms)
	LoadAllAssembliesAndSetupDomain (170ms)
		LoadAssemblies (253ms)
		RebuildTransferFunctionScriptingTraits (0ms)
		AnalyzeDomain (14ms)
			TypeCache.Refresh (5ms)
				TypeCache.ScanAssembly (0ms)
			ScanForSourceGeneratedMonoScriptInfo (0ms)
			ResolveRequiredComponents (7ms)
	FinalizeReload (805ms)
		ReleaseScriptCaches (0ms)
		RebuildScriptCaches (0ms)
		SetupLoadedEditorAssemblies (430ms)
			LogAssemblyErrors (0ms)
			InitializePlatformSupportModulesInManaged (6ms)
			SetLoadedEditorAssemblies (3ms)
			RefreshPlugins (0ms)
			BeforeProcessingInitializeOnLoad (46ms)
			ProcessInitializeOnLoadAttributes (351ms)
			ProcessInitializeOnLoadMethodAttributes (21ms)
			AfterProcessingInitializeOnLoad (1ms)
			EditorAssembliesLoaded (0ms)
		ExecutionOrderSort2 (0ms)
		AwakeInstancesAfterBackupRestoration (8ms)
Refreshing native plugins compatible for Editor in 4.34 ms, found 3 plugins.
Preloading 0 native plugins for Editor in 0.00 ms.
Unloading 3128 Unused Serialized files (Serialized files now loaded: 0)
Unloading 14 unused Assets / (28.6 KB). Loaded Objects now: 3658.
Memory consumption went from 119.2 MB to 119.2 MB.
Total: 2.476200 ms (FindLiveObjects: 0.176900 ms CreateObjectMapping: 0.081900 ms MarkObjects: 2.177700 ms  DeleteObjects: 0.038700 ms)

Prepare: number of updated asset objects reloaded= 0
AssetImportParameters requested are different than current active one (requested -> active):
  custom:container-demuxer-ogg: 62fdf1f143b41e24485cea50d1cbac27 -> 
  custom:video-codec-MediaFoundation-h265: 746d11721c4dcdbdad8f713fa42b33f4 -> 
  custom:video-decoder-ogg-theora: a1e56fd34408186e4bbccfd4996cb3dc -> 
  custom:framework-win-MediaFoundation: 216162199b28c13a410421893ffa2e32 -> 
  custom:CustomObjectIndexerAttribute: 9a22284fe3817be447336de3de66b15e -> 
  custom:container-demuxer-webm: 4f35f7cbe854078d1ac9338744f61a02 -> 
  custom:container-muxer-webm: aa71ff27fc2769a1b78a27578f13a17b -> 
  custom:video-decoder-webm-vp8: 9c59270c3fd7afecdb556c50c9e8de78 -> 
  custom:SearchIndexIgnoredProperties: e643bd26f0fe6173181afceb89e7c659 -> 
  custom:AudioImporter_EditorPlatform: d09bf68614088b80899f8185d706f6e7 -> 
  custom:video-encoder-webm-vp8: eb34c28f22e8b96e1ab97ce403110664 -> 
  custom:audio-decoder-ogg-vorbis: bf7c407c2cedff20999df2af8eb42d56 -> 
  custom:audio-encoder-webm-vorbis: bf7c407c2cedff20999df2af8eb42d56 -> 
  custom:scripting/monoscript/fileName/NewHomingMissile.cs: 97a81145d08cda4d1874bedadf2efec1 -> 
  custom:scripting/precompiled-assembly-types:Assembly-CSharp: 481c37afecec5ad9f335c7a177d31ded -> 1e9f807abdb6529675e0bede89060605
========================================================================
Received Prepare
Caller must complete domain reload
Begin MonoManager ReloadAssembly
- Loaded All Assemblies, in  0.443 seconds
Native extension for WindowsStandalone target not found
Native extension for WebGL target not found
Mono: successfully reloaded assembly
- Finished resetting the current domain, in  1.014 seconds
Domain Reload Profiling: 1457ms
	BeginReloadAssembly (158ms)
		ExecutionOrderSort (0ms)
		DisableScriptedObjects (4ms)
		BackupInstance (0ms)
		ReleaseScriptingObjects (0ms)
		CreateAndSetChildDomain (26ms)
	RebuildCommonClasses (32ms)
	RebuildNativeTypeToScriptingClass (10ms)
	initialDomainReloadingComplete (20ms)
	LoadAllAssembliesAndSetupDomain (223ms)
		LoadAssemblies (278ms)
		RebuildTransferFunctionScriptingTraits (0ms)
		AnalyzeDomain (33ms)
			TypeCache.Refresh (12ms)
				TypeCache.ScanAssembly (0ms)
			ScanForSourceGeneratedMonoScriptInfo (11ms)
			ResolveRequiredComponents (9ms)
	FinalizeReload (1014ms)
		ReleaseScriptCaches (0ms)
		RebuildScriptCaches (0ms)
		SetupLoadedEditorAssemblies (428ms)
			LogAssemblyErrors (0ms)
			InitializePlatformSupportModulesInManaged (5ms)
			SetLoadedEditorAssemblies (2ms)
			RefreshPlugins (0ms)
			BeforeProcessingInitializeOnLoad (60ms)
			ProcessInitializeOnLoadAttributes (340ms)
			ProcessInitializeOnLoadMethodAttributes (18ms)
			AfterProcessingInitializeOnLoad (2ms)
			EditorAssembliesLoaded (0ms)
		ExecutionOrderSort2 (0ms)
		AwakeInstancesAfterBackupRestoration (5ms)
Refreshing native plugins compatible for Editor in 2.34 ms, found 3 plugins.
Preloading 0 native plugins for Editor in 0.00 ms.
Unloading 3129 Unused Serialized files (Serialized files now loaded: 0)
Unloading 14 unused Assets / (28.6 KB). Loaded Objects now: 3661.
Memory consumption went from 119.5 MB to 119.5 MB.
Total: 2.612700 ms (FindLiveObjects: 0.198300 ms CreateObjectMapping: 0.067000 ms MarkObjects: 2.308000 ms  DeleteObjects: 0.038400 ms)

Prepare: number of updated asset objects reloaded= 0
AssetImportParameters requested are different than current active one (requested -> active):
  custom:container-demuxer-ogg: 62fdf1f143b41e24485cea50d1cbac27 -> 
  custom:video-codec-MediaFoundation-h265: 746d11721c4dcdbdad8f713fa42b33f4 -> 
  custom:video-decoder-ogg-theora: a1e56fd34408186e4bbccfd4996cb3dc -> 
  custom:framework-win-MediaFoundation: 216162199b28c13a410421893ffa2e32 -> 
  custom:CustomObjectIndexerAttribute: 9a22284fe3817be447336de3de66b15e -> 
  custom:container-demuxer-webm: 4f35f7cbe854078d1ac9338744f61a02 -> 
  custom:container-muxer-webm: aa71ff27fc2769a1b78a27578f13a17b -> 
  custom:video-decoder-webm-vp8: 9c59270c3fd7afecdb556c50c9e8de78 -> 
  custom:SearchIndexIgnoredProperties: e643bd26f0fe6173181afceb89e7c659 -> 
  custom:AudioImporter_EditorPlatform: d09bf68614088b80899f8185d706f6e7 -> 
  custom:video-encoder-webm-vp8: eb34c28f22e8b96e1ab97ce403110664 -> 
  custom:audio-decoder-ogg-vorbis: bf7c407c2cedff20999df2af8eb42d56 -> 
  custom:audio-encoder-webm-vorbis: bf7c407c2cedff20999df2af8eb42d56 -> 
  custom:scripting/monoscript/fileName/NewHomingMissile.cs: 97a81145d08cda4d1874bedadf2efec1 -> 
  custom:scripting/precompiled-assembly-types:Assembly-CSharp: 481c37afecec5ad9f335c7a177d31ded -> 1e9f807abdb6529675e0bede89060605
========================================================================
Received Import Request.
  Time since last request: 274.265239 seconds.
  path: Assets/Prefabs/Mig21.prefab
  artifactKey: Guid(4f92e5782b1ca6f4dbb7835ef760bd9e) Importer(815301076,1909f56bfc062723c751e8b465ee728b)
Start importing Assets/Prefabs/Mig21.prefab using Guid(4f92e5782b1ca6f4dbb7835ef760bd9e) Importer(815301076,1909f56bfc062723c751e8b465ee728b) [PhysX] Initialized MultithreadedTaskDispatcher with 8 workers.
 -> (artifact id: 'd91f9b398a418afbd94e0648db4f24f8') in 0.003738 seconds
Number of updated asset objects reloaded before import = 0
Number of asset objects unloaded after import = 0
========================================================================
Received Import Request.
  Time since last request: 0.000021 seconds.
  path: Assets/Prefabs/Rocket.prefab
  artifactKey: Guid(4a230b035b777eb42a97a15c06acb6b8) Importer(815301076,1909f56bfc062723c751e8b465ee728b)
Start importing Assets/Prefabs/Rocket.prefab using Guid(4a230b035b777eb42a97a15c06acb6b8) Importer(815301076,1909f56bfc062723c751e8b465ee728b) [PhysX] Initialized MultithreadedTaskDispatcher with 8 workers.
 -> (artifact id: '0519d5831716a3e2e70c5d3c78b8e4e4') in 0.000422 seconds
Number of updated asset objects reloaded before import = 0
Number of asset objects unloaded after import = 0
========================================================================
Received Import Request.
  Time since last request: 18.582686 seconds.
  path: Assets/Prefabs/Mig21.prefab
  artifactKey: Guid(4f92e5782b1ca6f4dbb7835ef760bd9e) Importer(815301076,1909f56bfc062723c751e8b465ee728b)
Start importing Assets/Prefabs/Mig21.prefab using Guid(4f92e5782b1ca6f4dbb7835ef760bd9e) Importer(815301076,1909f56bfc062723c751e8b465ee728b) [PhysX] Initialized MultithreadedTaskDispatcher with 8 workers.
 -> (artifact id: 'd91f9b398a418afbd94e0648db4f24f8') in 0.000695 seconds
Number of updated asset objects reloaded before import = 0
Number of asset objects unloaded after import = 0
========================================================================
Received Import Request.
  Time since last request: 0.000020 seconds.
  path: Assets/Prefabs/Su30SM.prefab
  artifactKey: Guid(39a034aa202e50c40b5a5e7a6a9439f3) Importer(815301076,1909f56bfc062723c751e8b465ee728b)
Start importing Assets/Prefabs/Su30SM.prefab using Guid(39a034aa202e50c40b5a5e7a6a9439f3) Importer(815301076,1909f56bfc062723c751e8b465ee728b) [PhysX] Initialized MultithreadedTaskDispatcher with 8 workers.
 -> (artifact id: 'b516dc64f6eb55ba79b47fb7bf579096') in 0.000674 seconds
Number of updated asset objects reloaded before import = 0
Number of asset objects unloaded after import = 0
========================================================================
Received Prepare
Caller must complete domain reload
Begin MonoManager ReloadAssembly
- Loaded All Assemblies, in  0.375 seconds
Native extension for WindowsStandalone target not found
Native extension for WebGL target not found
Mono: successfully reloaded assembly
- Finished resetting the current domain, in  0.830 seconds
Domain Reload Profiling: 1205ms
	BeginReloadAssembly (142ms)
		ExecutionOrderSort (0ms)
		DisableScriptedObjects (3ms)
		BackupInstance (0ms)
		ReleaseScriptingObjects (0ms)
		CreateAndSetChildDomain (30ms)
	RebuildCommonClasses (30ms)
	RebuildNativeTypeToScriptingClass (10ms)
	initialDomainReloadingComplete (23ms)
	LoadAllAssembliesAndSetupDomain (170ms)
		LoadAssemblies (240ms)
		RebuildTransferFunctionScriptingTraits (0ms)
		AnalyzeDomain (13ms)
			TypeCache.Refresh (6ms)
				TypeCache.ScanAssembly (0ms)
			ScanForSourceGeneratedMonoScriptInfo (0ms)
			ResolveRequiredComponents (6ms)
	FinalizeReload (830ms)
		ReleaseScriptCaches (0ms)
		RebuildScriptCaches (0ms)
		SetupLoadedEditorAssemblies (428ms)
			LogAssemblyErrors (0ms)
			InitializePlatformSupportModulesInManaged (6ms)
			SetLoadedEditorAssemblies (3ms)
			RefreshPlugins (0ms)
			BeforeProcessingInitializeOnLoad (49ms)
			ProcessInitializeOnLoadAttributes (346ms)
			ProcessInitializeOnLoadMethodAttributes (22ms)
			AfterProcessingInitializeOnLoad (2ms)
			EditorAssembliesLoaded (0ms)
		ExecutionOrderSort2 (0ms)
		AwakeInstancesAfterBackupRestoration (8ms)
Refreshing native plugins compatible for Editor in 2.25 ms, found 3 plugins.
Preloading 0 native plugins for Editor in 0.00 ms.
Unloading 3128 Unused Serialized files (Serialized files now loaded: 0)
Unloading 14 unused Assets / (28.6 KB). Loaded Objects now: 3664.
Memory consumption went from 119.2 MB to 119.2 MB.
Total: 4.188700 ms (FindLiveObjects: 0.396800 ms CreateObjectMapping: 0.231100 ms MarkObjects: 3.488200 ms  DeleteObjects: 0.071500 ms)

Prepare: number of updated asset objects reloaded= 0
AssetImportParameters requested are different than current active one (requested -> active):
  custom:container-demuxer-ogg: 62fdf1f143b41e24485cea50d1cbac27 -> 
  custom:video-codec-MediaFoundation-h265: 746d11721c4dcdbdad8f713fa42b33f4 -> 
  custom:video-decoder-ogg-theora: a1e56fd34408186e4bbccfd4996cb3dc -> 
  custom:framework-win-MediaFoundation: 216162199b28c13a410421893ffa2e32 -> 
  custom:CustomObjectIndexerAttribute: 9a22284fe3817be447336de3de66b15e -> 
  custom:container-demuxer-webm: 4f35f7cbe854078d1ac9338744f61a02 -> 
  custom:container-muxer-webm: aa71ff27fc2769a1b78a27578f13a17b -> 
  custom:video-decoder-webm-vp8: 9c59270c3fd7afecdb556c50c9e8de78 -> 
  custom:SearchIndexIgnoredProperties: e643bd26f0fe6173181afceb89e7c659 -> 
  custom:AudioImporter_EditorPlatform: d09bf68614088b80899f8185d706f6e7 -> 
  custom:video-encoder-webm-vp8: eb34c28f22e8b96e1ab97ce403110664 -> 
  custom:audio-decoder-ogg-vorbis: bf7c407c2cedff20999df2af8eb42d56 -> 
  custom:audio-encoder-webm-vorbis: bf7c407c2cedff20999df2af8eb42d56 -> 
  custom:scripting/monoscript/fileName/NewHomingMissile.cs: 97a81145d08cda4d1874bedadf2efec1 -> 
  custom:scripting/precompiled-assembly-types:Assembly-CSharp: 481c37afecec5ad9f335c7a177d31ded -> 1e9f807abdb6529675e0bede89060605
========================================================================
Received Import Request.
  Time since last request: 21.582438 seconds.
  path: Assets/Prefabs/Mig21.prefab
  artifactKey: Guid(4f92e5782b1ca6f4dbb7835ef760bd9e) Importer(815301076,1909f56bfc062723c751e8b465ee728b)
Start importing Assets/Prefabs/Mig21.prefab using Guid(4f92e5782b1ca6f4dbb7835ef760bd9e) Importer(815301076,1909f56bfc062723c751e8b465ee728b) [PhysX] Initialized MultithreadedTaskDispatcher with 8 workers.
 -> (artifact id: 'd91f9b398a418afbd94e0648db4f24f8') in 0.003114 seconds
Number of updated asset objects reloaded before import = 0
Number of asset objects unloaded after import = 0
========================================================================
Received Prepare
Caller must complete domain reload
Begin MonoManager ReloadAssembly
- Loaded All Assemblies, in  0.396 seconds
Native extension for WindowsStandalone target not found
Native extension for WebGL target not found
Mono: successfully reloaded assembly
- Finished resetting the current domain, in  0.782 seconds
Domain Reload Profiling: 1177ms
	BeginReloadAssembly (151ms)
		ExecutionOrderSort (0ms)
		DisableScriptedObjects (4ms)
		BackupInstance (0ms)
		ReleaseScriptingObjects (0ms)
		CreateAndSetChildDomain (27ms)
	RebuildCommonClasses (30ms)
	RebuildNativeTypeToScriptingClass (11ms)
	initialDomainReloadingComplete (21ms)
	LoadAllAssembliesAndSetupDomain (182ms)
		LoadAssemblies (264ms)
		RebuildTransferFunctionScriptingTraits (0ms)
		AnalyzeDomain (11ms)
			TypeCache.Refresh (5ms)
				TypeCache.ScanAssembly (0ms)
			ScanForSourceGeneratedMonoScriptInfo (0ms)
			ResolveRequiredComponents (5ms)
	FinalizeReload (782ms)
		ReleaseScriptCaches (0ms)
		RebuildScriptCaches (0ms)
		SetupLoadedEditorAssemblies (418ms)
			LogAssemblyErrors (0ms)
			InitializePlatformSupportModulesInManaged (6ms)
			SetLoadedEditorAssemblies (4ms)
			RefreshPlugins (0ms)
			BeforeProcessingInitializeOnLoad (49ms)
			ProcessInitializeOnLoadAttributes (334ms)
			ProcessInitializeOnLoadMethodAttributes (22ms)
			AfterProcessingInitializeOnLoad (2ms)
			EditorAssembliesLoaded (0ms)
		ExecutionOrderSort2 (0ms)
		AwakeInstancesAfterBackupRestoration (7ms)
Refreshing native plugins compatible for Editor in 3.37 ms, found 3 plugins.
Preloading 0 native plugins for Editor in 0.00 ms.
Unloading 3128 Unused Serialized files (Serialized files now loaded: 0)
Unloading 14 unused Assets / (28.6 KB). Loaded Objects now: 3667.
Memory consumption went from 119.2 MB to 119.2 MB.
Total: 2.676700 ms (FindLiveObjects: 0.216400 ms CreateObjectMapping: 0.092300 ms MarkObjects: 2.329300 ms  DeleteObjects: 0.037500 ms)

Prepare: number of updated asset objects reloaded= 0
AssetImportParameters requested are different than current active one (requested -> active):
  custom:container-demuxer-ogg: 62fdf1f143b41e24485cea50d1cbac27 -> 
  custom:video-codec-MediaFoundation-h265: 746d11721c4dcdbdad8f713fa42b33f4 -> 
  custom:video-decoder-ogg-theora: a1e56fd34408186e4bbccfd4996cb3dc -> 
  custom:framework-win-MediaFoundation: 216162199b28c13a410421893ffa2e32 -> 
  custom:CustomObjectIndexerAttribute: 9a22284fe3817be447336de3de66b15e -> 
  custom:container-demuxer-webm: 4f35f7cbe854078d1ac9338744f61a02 -> 
  custom:container-muxer-webm: aa71ff27fc2769a1b78a27578f13a17b -> 
  custom:video-decoder-webm-vp8: 9c59270c3fd7afecdb556c50c9e8de78 -> 
  custom:SearchIndexIgnoredProperties: e643bd26f0fe6173181afceb89e7c659 -> 
  custom:AudioImporter_EditorPlatform: d09bf68614088b80899f8185d706f6e7 -> 
  custom:video-encoder-webm-vp8: eb34c28f22e8b96e1ab97ce403110664 -> 
  custom:audio-decoder-ogg-vorbis: bf7c407c2cedff20999df2af8eb42d56 -> 
  custom:audio-encoder-webm-vorbis: bf7c407c2cedff20999df2af8eb42d56 -> 
  custom:scripting/monoscript/fileName/NewHomingMissile.cs: 97a81145d08cda4d1874bedadf2efec1 -> 
  custom:scripting/precompiled-assembly-types:Assembly-CSharp: 481c37afecec5ad9f335c7a177d31ded -> 1e9f807abdb6529675e0bede89060605
========================================================================
Received Import Request.
  Time since last request: 7.016420 seconds.
  path: Assets/Prefabs/Su30SM.prefab
  artifactKey: Guid(39a034aa202e50c40b5a5e7a6a9439f3) Importer(815301076,1909f56bfc062723c751e8b465ee728b)
Start importing Assets/Prefabs/Su30SM.prefab using Guid(39a034aa202e50c40b5a5e7a6a9439f3) Importer(815301076,1909f56bfc062723c751e8b465ee728b) [PhysX] Initialized MultithreadedTaskDispatcher with 8 workers.
 -> (artifact id: 'b516dc64f6eb55ba79b47fb7bf579096') in 0.002463 seconds
Number of updated asset objects reloaded before import = 0
Number of asset objects unloaded after import = 0
========================================================================
Received Import Request.
  Time since last request: 0.000028 seconds.
  path: Assets/Prefabs/Mig21.prefab
  artifactKey: Guid(4f92e5782b1ca6f4dbb7835ef760bd9e) Importer(815301076,1909f56bfc062723c751e8b465ee728b)
Start importing Assets/Prefabs/Mig21.prefab using Guid(4f92e5782b1ca6f4dbb7835ef760bd9e) Importer(815301076,1909f56bfc062723c751e8b465ee728b) [PhysX] Initialized MultithreadedTaskDispatcher with 8 workers.
 -> (artifact id: 'd91f9b398a418afbd94e0648db4f24f8') in 0.000553 seconds
Number of updated asset objects reloaded before import = 0
Number of asset objects unloaded after import = 0
========================================================================
Received Import Request.
  Time since last request: 0.000035 seconds.
  path: Assets/Prefabs/R73.prefab
  artifactKey: Guid(2b0faee24f85505458815d2de54c3a58) Importer(815301076,1909f56bfc062723c751e8b465ee728b)
Start importing Assets/Prefabs/R73.prefab using Guid(2b0faee24f85505458815d2de54c3a58) Importer(815301076,1909f56bfc062723c751e8b465ee728b) [PhysX] Initialized MultithreadedTaskDispatcher with 8 workers.
 -> (artifact id: '068a47a40d01c7f24d7084d18d0dd6b5') in 0.000416 seconds
Number of updated asset objects reloaded before import = 0
Number of asset objects unloaded after import = 0
========================================================================
Received Prepare
Caller must complete domain reload
Begin MonoManager ReloadAssembly
- Loaded All Assemblies, in  0.419 seconds
Native extension for WindowsStandalone target not found
Native extension for WebGL target not found
Mono: successfully reloaded assembly
- Finished resetting the current domain, in  0.847 seconds
Domain Reload Profiling: 1267ms
	BeginReloadAssembly (163ms)
		ExecutionOrderSort (0ms)
		DisableScriptedObjects (3ms)
		BackupInstance (0ms)
		ReleaseScriptingObjects (0ms)
		CreateAndSetChildDomain (25ms)
	RebuildCommonClasses (37ms)
	RebuildNativeTypeToScriptingClass (12ms)
	initialDomainReloadingComplete (22ms)
	LoadAllAssembliesAndSetupDomain (185ms)
		LoadAssemblies (281ms)
		RebuildTransferFunctionScriptingTraits (0ms)
		AnalyzeDomain (13ms)
			TypeCache.Refresh (6ms)
				TypeCache.ScanAssembly (0ms)
			ScanForSourceGeneratedMonoScriptInfo (0ms)
			ResolveRequiredComponents (6ms)
	FinalizeReload (848ms)
		ReleaseScriptCaches (0ms)
		RebuildScriptCaches (0ms)
		SetupLoadedEditorAssemblies (428ms)
			LogAssemblyErrors (0ms)
			InitializePlatformSupportModulesInManaged (5ms)
			SetLoadedEditorAssemblies (4ms)
			RefreshPlugins (0ms)
			BeforeProcessingInitializeOnLoad (51ms)
			ProcessInitializeOnLoadAttributes (341ms)
			ProcessInitializeOnLoadMethodAttributes (25ms)
			AfterProcessingInitializeOnLoad (2ms)
			EditorAssembliesLoaded (0ms)
		ExecutionOrderSort2 (0ms)
		AwakeInstancesAfterBackupRestoration (8ms)
Refreshing native plugins compatible for Editor in 2.02 ms, found 3 plugins.
Preloading 0 native plugins for Editor in 0.00 ms.
Unloading 3128 Unused Serialized files (Serialized files now loaded: 0)
Unloading 14 unused Assets / (28.6 KB). Loaded Objects now: 3670.
Memory consumption went from 119.2 MB to 119.2 MB.
Total: 2.497700 ms (FindLiveObjects: 0.243800 ms CreateObjectMapping: 0.166400 ms MarkObjects: 2.050600 ms  DeleteObjects: 0.035900 ms)

Prepare: number of updated asset objects reloaded= 0
AssetImportParameters requested are different than current active one (requested -> active):
  custom:container-demuxer-ogg: 62fdf1f143b41e24485cea50d1cbac27 -> 
  custom:video-codec-MediaFoundation-h265: 746d11721c4dcdbdad8f713fa42b33f4 -> 
  custom:video-decoder-ogg-theora: a1e56fd34408186e4bbccfd4996cb3dc -> 
  custom:framework-win-MediaFoundation: 216162199b28c13a410421893ffa2e32 -> 
  custom:CustomObjectIndexerAttribute: 9a22284fe3817be447336de3de66b15e -> 
  custom:container-demuxer-webm: 4f35f7cbe854078d1ac9338744f61a02 -> 
  custom:container-muxer-webm: aa71ff27fc2769a1b78a27578f13a17b -> 
  custom:video-decoder-webm-vp8: 9c59270c3fd7afecdb556c50c9e8de78 -> 
  custom:SearchIndexIgnoredProperties: e643bd26f0fe6173181afceb89e7c659 -> 
  custom:AudioImporter_EditorPlatform: d09bf68614088b80899f8185d706f6e7 -> 
  custom:video-encoder-webm-vp8: eb34c28f22e8b96e1ab97ce403110664 -> 
  custom:audio-decoder-ogg-vorbis: bf7c407c2cedff20999df2af8eb42d56 -> 
  custom:audio-encoder-webm-vorbis: bf7c407c2cedff20999df2af8eb42d56 -> 
  custom:scripting/monoscript/fileName/NewHomingMissile.cs: 97a81145d08cda4d1874bedadf2efec1 -> 
  custom:scripting/precompiled-assembly-types:Assembly-CSharp: 481c37afecec5ad9f335c7a177d31ded -> 1e9f807abdb6529675e0bede89060605
========================================================================
Received Import Request.
  Time since last request: 71.537503 seconds.
  path: Assets/Prefabs/Su30SM.prefab
  artifactKey: Guid(39a034aa202e50c40b5a5e7a6a9439f3) Importer(815301076,1909f56bfc062723c751e8b465ee728b)
Start importing Assets/Prefabs/Su30SM.prefab using Guid(39a034aa202e50c40b5a5e7a6a9439f3) Importer(815301076,1909f56bfc062723c751e8b465ee728b) [PhysX] Initialized MultithreadedTaskDispatcher with 8 workers.
 -> (artifact id: 'b516dc64f6eb55ba79b47fb7bf579096') in 0.003495 seconds
Number of updated asset objects reloaded before import = 0
Number of asset objects unloaded after import = 0
========================================================================
Received Import Request.
  Time since last request: 0.000028 seconds.
  path: Assets/Prefabs/Rocket.prefab
  artifactKey: Guid(4a230b035b777eb42a97a15c06acb6b8) Importer(815301076,1909f56bfc062723c751e8b465ee728b)
Start importing Assets/Prefabs/Rocket.prefab using Guid(4a230b035b777eb42a97a15c06acb6b8) Importer(815301076,1909f56bfc062723c751e8b465ee728b) [PhysX] Initialized MultithreadedTaskDispatcher with 8 workers.
 -> (artifact id: '0519d5831716a3e2e70c5d3c78b8e4e4') in 0.000651 seconds
Number of updated asset objects reloaded before import = 0
Number of asset objects unloaded after import = 0
========================================================================
Received Import Request.
  Time since last request: 0.000025 seconds.
  path: Assets/Prefabs/Mig21.prefab
  artifactKey: Guid(4f92e5782b1ca6f4dbb7835ef760bd9e) Importer(815301076,1909f56bfc062723c751e8b465ee728b)
Start importing Assets/Prefabs/Mig21.prefab using Guid(4f92e5782b1ca6f4dbb7835ef760bd9e) Importer(815301076,1909f56bfc062723c751e8b465ee728b) [PhysX] Initialized MultithreadedTaskDispatcher with 8 workers.
 -> (artifact id: 'd91f9b398a418afbd94e0648db4f24f8') in 0.000386 seconds
Number of updated asset objects reloaded before import = 0
Number of asset objects unloaded after import = 0
========================================================================
Received Import Request.
  Time since last request: 0.000023 seconds.
  path: Assets/Prefabs/R73.prefab
  artifactKey: Guid(2b0faee24f85505458815d2de54c3a58) Importer(815301076,1909f56bfc062723c751e8b465ee728b)
Start importing Assets/Prefabs/R73.prefab using Guid(2b0faee24f85505458815d2de54c3a58) Importer(815301076,1909f56bfc062723c751e8b465ee728b) [PhysX] Initialized MultithreadedTaskDispatcher with 8 workers.
 -> (artifact id: '4857b8d8092276d087b64824d228923f') in 0.000292 seconds
Number of updated asset objects reloaded before import = 0
Number of asset objects unloaded after import = 0
========================================================================
Received Import Request.
  Time since last request: 85.934216 seconds.
  path: Assets/Prefabs/Mig21.prefab
  artifactKey: Guid(4f92e5782b1ca6f4dbb7835ef760bd9e) Importer(815301076,1909f56bfc062723c751e8b465ee728b)
Start importing Assets/Prefabs/Mig21.prefab using Guid(4f92e5782b1ca6f4dbb7835ef760bd9e) Importer(815301076,1909f56bfc062723c751e8b465ee728b) [PhysX] Initialized MultithreadedTaskDispatcher with 8 workers.
 -> (artifact id: 'd91f9b398a418afbd94e0648db4f24f8') in 0.000530 seconds
Number of updated asset objects reloaded before import = 0
Number of asset objects unloaded after import = 0
========================================================================
Received Import Request.
  Time since last request: 0.000019 seconds.
  path: Assets/Prefabs/Su30SM.prefab
  artifactKey: Guid(39a034aa202e50c40b5a5e7a6a9439f3) Importer(815301076,1909f56bfc062723c751e8b465ee728b)
Start importing Assets/Prefabs/Su30SM.prefab using Guid(39a034aa202e50c40b5a5e7a6a9439f3) Importer(815301076,1909f56bfc062723c751e8b465ee728b) [PhysX] Initialized MultithreadedTaskDispatcher with 8 workers.
 -> (artifact id: 'b516dc64f6eb55ba79b47fb7bf579096') in 0.000535 seconds
Number of updated asset objects reloaded before import = 0
Number of asset objects unloaded after import = 0
========================================================================
Received Import Request.
  Time since last request: 0.000104 seconds.
  path: Assets/Prefabs/Rocket.prefab
  artifactKey: Guid(4a230b035b777eb42a97a15c06acb6b8) Importer(815301076,1909f56bfc062723c751e8b465ee728b)
Start importing Assets/Prefabs/Rocket.prefab using Guid(4a230b035b777eb42a97a15c06acb6b8) Importer(815301076,1909f56bfc062723c751e8b465ee728b) [PhysX] Initialized MultithreadedTaskDispatcher with 8 workers.
 -> (artifact id: '0519d5831716a3e2e70c5d3c78b8e4e4') in 0.000583 seconds
Number of updated asset objects reloaded before import = 0
Number of asset objects unloaded after import = 0
========================================================================
Received Prepare
Caller must complete domain reload
Begin MonoManager ReloadAssembly
- Loaded All Assemblies, in  0.390 seconds
Native extension for WindowsStandalone target not found
Native extension for WebGL target not found
Mono: successfully reloaded assembly
- Finished resetting the current domain, in  0.836 seconds
Domain Reload Profiling: 1226ms
	BeginReloadAssembly (144ms)
		ExecutionOrderSort (0ms)
		DisableScriptedObjects (5ms)
		BackupInstance (0ms)
		ReleaseScriptingObjects (0ms)
		CreateAndSetChildDomain (27ms)
	RebuildCommonClasses (34ms)
	RebuildNativeTypeToScriptingClass (11ms)
	initialDomainReloadingComplete (22ms)
	LoadAllAssembliesAndSetupDomain (178ms)
		LoadAssemblies (251ms)
		RebuildTransferFunctionScriptingTraits (0ms)
		AnalyzeDomain (13ms)
			TypeCache.Refresh (5ms)
				TypeCache.ScanAssembly (0ms)
			ScanForSourceGeneratedMonoScriptInfo (0ms)
			ResolveRequiredComponents (6ms)
	FinalizeReload (836ms)
		ReleaseScriptCaches (0ms)
		RebuildScriptCaches (0ms)
		SetupLoadedEditorAssemblies (443ms)
			LogAssemblyErrors (0ms)
			InitializePlatformSupportModulesInManaged (6ms)
			SetLoadedEditorAssemblies (4ms)
			RefreshPlugins (0ms)
			BeforeProcessingInitializeOnLoad (50ms)
			ProcessInitializeOnLoadAttributes (356ms)
			ProcessInitializeOnLoadMethodAttributes (24ms)
			AfterProcessingInitializeOnLoad (2ms)
			EditorAssembliesLoaded (0ms)
		ExecutionOrderSort2 (0ms)
		AwakeInstancesAfterBackupRestoration (7ms)
Refreshing native plugins compatible for Editor in 2.81 ms, found 3 plugins.
Preloading 0 native plugins for Editor in 0.00 ms.
Unloading 3128 Unused Serialized files (Serialized files now loaded: 0)
Unloading 14 unused Assets / (28.6 KB). Loaded Objects now: 3673.
Memory consumption went from 119.2 MB to 119.2 MB.
Total: 3.412300 ms (FindLiveObjects: 0.175900 ms CreateObjectMapping: 0.086500 ms MarkObjects: 3.093900 ms  DeleteObjects: 0.054500 ms)

Prepare: number of updated asset objects reloaded= 0
AssetImportParameters requested are different than current active one (requested -> active):
  custom:container-demuxer-ogg: 62fdf1f143b41e24485cea50d1cbac27 -> 
  custom:video-codec-MediaFoundation-h265: 746d11721c4dcdbdad8f713fa42b33f4 -> 
  custom:video-decoder-ogg-theora: a1e56fd34408186e4bbccfd4996cb3dc -> 
  custom:framework-win-MediaFoundation: 216162199b28c13a410421893ffa2e32 -> 
  custom:CustomObjectIndexerAttribute: 9a22284fe3817be447336de3de66b15e -> 
  custom:container-demuxer-webm: 4f35f7cbe854078d1ac9338744f61a02 -> 
  custom:container-muxer-webm: aa71ff27fc2769a1b78a27578f13a17b -> 
  custom:video-decoder-webm-vp8: 9c59270c3fd7afecdb556c50c9e8de78 -> 
  custom:SearchIndexIgnoredProperties: e643bd26f0fe6173181afceb89e7c659 -> 
  custom:AudioImporter_EditorPlatform: d09bf68614088b80899f8185d706f6e7 -> 
  custom:video-encoder-webm-vp8: eb34c28f22e8b96e1ab97ce403110664 -> 
  custom:audio-decoder-ogg-vorbis: bf7c407c2cedff20999df2af8eb42d56 -> 
  custom:audio-encoder-webm-vorbis: bf7c407c2cedff20999df2af8eb42d56 -> 
  custom:scripting/monoscript/fileName/NewHomingMissile.cs: 97a81145d08cda4d1874bedadf2efec1 -> 
  custom:scripting/precompiled-assembly-types:Assembly-CSharp: 481c37afecec5ad9f335c7a177d31ded -> 1e9f807abdb6529675e0bede89060605
========================================================================
Received Import Request.
  Time since last request: 11.683677 seconds.
  path: Assets/Prefabs/Su30SM.prefab
  artifactKey: Guid(39a034aa202e50c40b5a5e7a6a9439f3) Importer(815301076,1909f56bfc062723c751e8b465ee728b)
Start importing Assets/Prefabs/Su30SM.prefab using Guid(39a034aa202e50c40b5a5e7a6a9439f3) Importer(815301076,1909f56bfc062723c751e8b465ee728b) [PhysX] Initialized MultithreadedTaskDispatcher with 8 workers.
 -> (artifact id: 'b516dc64f6eb55ba79b47fb7bf579096') in 0.003604 seconds
Number of updated asset objects reloaded before import = 0
Number of asset objects unloaded after import = 0
========================================================================
Received Import Request.
  Time since last request: 0.000028 seconds.
  path: Assets/Prefabs/Rocket.prefab
  artifactKey: Guid(4a230b035b777eb42a97a15c06acb6b8) Importer(815301076,1909f56bfc062723c751e8b465ee728b)
Start importing Assets/Prefabs/Rocket.prefab using Guid(4a230b035b777eb42a97a15c06acb6b8) Importer(815301076,1909f56bfc062723c751e8b465ee728b) [PhysX] Initialized MultithreadedTaskDispatcher with 8 workers.
 -> (artifact id: '0519d5831716a3e2e70c5d3c78b8e4e4') in 0.000418 seconds
Number of updated asset objects reloaded before import = 0
Number of asset objects unloaded after import = 0
========================================================================
Received Import Request.
  Time since last request: 0.000015 seconds.
  path: Assets/Prefabs/Mig21.prefab
  artifactKey: Guid(4f92e5782b1ca6f4dbb7835ef760bd9e) Importer(815301076,1909f56bfc062723c751e8b465ee728b)
Start importing Assets/Prefabs/Mig21.prefab using Guid(4f92e5782b1ca6f4dbb7835ef760bd9e) Importer(815301076,1909f56bfc062723c751e8b465ee728b) [PhysX] Initialized MultithreadedTaskDispatcher with 8 workers.
 -> (artifact id: 'd91f9b398a418afbd94e0648db4f24f8') in 0.000595 seconds
Number of updated asset objects reloaded before import = 0
Number of asset objects unloaded after import = 0
========================================================================
Received Import Request.
  Time since last request: 26.375557 seconds.
  path: Assets/Prefabs/Mig21.prefab
  artifactKey: Guid(4f92e5782b1ca6f4dbb7835ef760bd9e) Importer(815301076,1909f56bfc062723c751e8b465ee728b)
Start importing Assets/Prefabs/Mig21.prefab using Guid(4f92e5782b1ca6f4dbb7835ef760bd9e) Importer(815301076,1909f56bfc062723c751e8b465ee728b) [PhysX] Initialized MultithreadedTaskDispatcher with 8 workers.
 -> (artifact id: 'd91f9b398a418afbd94e0648db4f24f8') in 0.000472 seconds
Number of updated asset objects reloaded before import = 0
Number of asset objects unloaded after import = 0
========================================================================
Received Import Request.
  Time since last request: 0.000021 seconds.
  path: Assets/Prefabs/Su30SM.prefab
  artifactKey: Guid(39a034aa202e50c40b5a5e7a6a9439f3) Importer(815301076,1909f56bfc062723c751e8b465ee728b)
Start importing Assets/Prefabs/Su30SM.prefab using Guid(39a034aa202e50c40b5a5e7a6a9439f3) Importer(815301076,1909f56bfc062723c751e8b465ee728b) [PhysX] Initialized MultithreadedTaskDispatcher with 8 workers.
 -> (artifact id: 'b516dc64f6eb55ba79b47fb7bf579096') in 0.000321 seconds
Number of updated asset objects reloaded before import = 0
Number of asset objects unloaded after import = 0
========================================================================
Received Import Request.
  Time since last request: 6.651489 seconds.
  path: Assets/Prefabs/Mig21.prefab
  artifactKey: Guid(4f92e5782b1ca6f4dbb7835ef760bd9e) Importer(815301076,1909f56bfc062723c751e8b465ee728b)
Start importing Assets/Prefabs/Mig21.prefab using Guid(4f92e5782b1ca6f4dbb7835ef760bd9e) Importer(815301076,1909f56bfc062723c751e8b465ee728b) [PhysX] Initialized MultithreadedTaskDispatcher with 8 workers.
 -> (artifact id: 'd91f9b398a418afbd94e0648db4f24f8') in 0.000553 seconds
Number of updated asset objects reloaded before import = 0
Number of asset objects unloaded after import = 0
========================================================================
Received Import Request.
  Time since last request: 0.000020 seconds.
  path: Assets/Prefabs/Su30SM.prefab
  artifactKey: Guid(39a034aa202e50c40b5a5e7a6a9439f3) Importer(815301076,1909f56bfc062723c751e8b465ee728b)
Start importing Assets/Prefabs/Su30SM.prefab using Guid(39a034aa202e50c40b5a5e7a6a9439f3) Importer(815301076,1909f56bfc062723c751e8b465ee728b) [PhysX] Initialized MultithreadedTaskDispatcher with 8 workers.
 -> (artifact id: 'b516dc64f6eb55ba79b47fb7bf579096') in 0.000445 seconds
Number of updated asset objects reloaded before import = 0
Number of asset objects unloaded after import = 0
========================================================================
Received Import Request.
  Time since last request: 0.610584 seconds.
  path: Assets/Prefabs/Mig21.prefab
  artifactKey: Guid(4f92e5782b1ca6f4dbb7835ef760bd9e) Importer(815301076,1909f56bfc062723c751e8b465ee728b)
Start importing Assets/Prefabs/Mig21.prefab using Guid(4f92e5782b1ca6f4dbb7835ef760bd9e) Importer(815301076,1909f56bfc062723c751e8b465ee728b) [PhysX] Initialized MultithreadedTaskDispatcher with 8 workers.
 -> (artifact id: 'd91f9b398a418afbd94e0648db4f24f8') in 0.000549 seconds
Number of updated asset objects reloaded before import = 0
Number of asset objects unloaded after import = 0
========================================================================
Received Import Request.
  Time since last request: 0.000019 seconds.
  path: Assets/Prefabs/Su30SM.prefab
  artifactKey: Guid(39a034aa202e50c40b5a5e7a6a9439f3) Importer(815301076,1909f56bfc062723c751e8b465ee728b)
Start importing Assets/Prefabs/Su30SM.prefab using Guid(39a034aa202e50c40b5a5e7a6a9439f3) Importer(815301076,1909f56bfc062723c751e8b465ee728b) [PhysX] Initialized MultithreadedTaskDispatcher with 8 workers.
 -> (artifact id: 'b516dc64f6eb55ba79b47fb7bf579096') in 0.000463 seconds
Number of updated asset objects reloaded before import = 0
Number of asset objects unloaded after import = 0
========================================================================
Received Import Request.
  Time since last request: 0.226235 seconds.
  path: Assets/Prefabs/Mig21.prefab
  artifactKey: Guid(4f92e5782b1ca6f4dbb7835ef760bd9e) Importer(815301076,1909f56bfc062723c751e8b465ee728b)
Start importing Assets/Prefabs/Mig21.prefab using Guid(4f92e5782b1ca6f4dbb7835ef760bd9e) Importer(815301076,1909f56bfc062723c751e8b465ee728b) [PhysX] Initialized MultithreadedTaskDispatcher with 8 workers.
 -> (artifact id: 'd91f9b398a418afbd94e0648db4f24f8') in 0.000783 seconds
Number of updated asset objects reloaded before import = 0
Number of asset objects unloaded after import = 0
========================================================================
Received Import Request.
  Time since last request: 0.000018 seconds.
  path: Assets/Prefabs/Su30SM.prefab
  artifactKey: Guid(39a034aa202e50c40b5a5e7a6a9439f3) Importer(815301076,1909f56bfc062723c751e8b465ee728b)
Start importing Assets/Prefabs/Su30SM.prefab using Guid(39a034aa202e50c40b5a5e7a6a9439f3) Importer(815301076,1909f56bfc062723c751e8b465ee728b) [PhysX] Initialized MultithreadedTaskDispatcher with 8 workers.
 -> (artifact id: 'b516dc64f6eb55ba79b47fb7bf579096') in 0.000564 seconds
Number of updated asset objects reloaded before import = 0
Number of asset objects unloaded after import = 0
========================================================================
Received Import Request.
  Time since last request: 44.155290 seconds.
  path: Assets/Prefabs/Mig21.prefab
  artifactKey: Guid(4f92e5782b1ca6f4dbb7835ef760bd9e) Importer(815301076,1909f56bfc062723c751e8b465ee728b)
Start importing Assets/Prefabs/Mig21.prefab using Guid(4f92e5782b1ca6f4dbb7835ef760bd9e) Importer(815301076,1909f56bfc062723c751e8b465ee728b) [PhysX] Initialized MultithreadedTaskDispatcher with 8 workers.
 -> (artifact id: 'd91f9b398a418afbd94e0648db4f24f8') in 0.000562 seconds
Number of updated asset objects reloaded before import = 0
Number of asset objects unloaded after import = 0
========================================================================
Received Import Request.
  Time since last request: 0.000017 seconds.
  path: Assets/Prefabs/Su30SM.prefab
  artifactKey: Guid(39a034aa202e50c40b5a5e7a6a9439f3) Importer(815301076,1909f56bfc062723c751e8b465ee728b)
Start importing Assets/Prefabs/Su30SM.prefab using Guid(39a034aa202e50c40b5a5e7a6a9439f3) Importer(815301076,1909f56bfc062723c751e8b465ee728b) [PhysX] Initialized MultithreadedTaskDispatcher with 8 workers.
 -> (artifact id: 'b516dc64f6eb55ba79b47fb7bf579096') in 0.000355 seconds
Number of updated asset objects reloaded before import = 0
Number of asset objects unloaded after import = 0
========================================================================
Received Import Request.
  Time since last request: 2.563771 seconds.
  path: Assets/Prefabs/R73 1.prefab
  artifactKey: Guid(b0df1c60601612140ab59a7b72e8a8b6) Importer(815301076,1909f56bfc062723c751e8b465ee728b)
Start importing Assets/Prefabs/R73 1.prefab using Guid(b0df1c60601612140ab59a7b72e8a8b6) Importer(815301076,1909f56bfc062723c751e8b465ee728b) [PhysX] Initialized MultithreadedTaskDispatcher with 8 workers.
 -> (artifact id: 'a8f88b2aacac0d48a64fa33666a9a31b') in 0.000398 seconds
Number of updated asset objects reloaded before import = 0
Number of asset objects unloaded after import = 0
========================================================================
Received Import Request.
  Time since last request: 0.020578 seconds.
  path: Assets/Prefabs/Mig21.prefab
  artifactKey: Guid(4f92e5782b1ca6f4dbb7835ef760bd9e) Importer(815301076,1909f56bfc062723c751e8b465ee728b)
Start importing Assets/Prefabs/Mig21.prefab using Guid(4f92e5782b1ca6f4dbb7835ef760bd9e) Importer(815301076,1909f56bfc062723c751e8b465ee728b) [PhysX] Initialized MultithreadedTaskDispatcher with 8 workers.
 -> (artifact id: 'd91f9b398a418afbd94e0648db4f24f8') in 0.000419 seconds
Number of updated asset objects reloaded before import = 0
Number of asset objects unloaded after import = 0
========================================================================
Received Import Request.
  Time since last request: 0.000017 seconds.
  path: Assets/Prefabs/Su30SM.prefab
  artifactKey: Guid(39a034aa202e50c40b5a5e7a6a9439f3) Importer(815301076,1909f56bfc062723c751e8b465ee728b)
Start importing Assets/Prefabs/Su30SM.prefab using Guid(39a034aa202e50c40b5a5e7a6a9439f3) Importer(815301076,1909f56bfc062723c751e8b465ee728b) [PhysX] Initialized MultithreadedTaskDispatcher with 8 workers.
 -> (artifact id: 'b516dc64f6eb55ba79b47fb7bf579096') in 0.000416 seconds
Number of updated asset objects reloaded before import = 0
Number of asset objects unloaded after import = 0
========================================================================
Received Import Request.
  Time since last request: 3.983664 seconds.
  path: Assets/Prefabs/Mig21.prefab
  artifactKey: Guid(4f92e5782b1ca6f4dbb7835ef760bd9e) Importer(815301076,1909f56bfc062723c751e8b465ee728b)
Start importing Assets/Prefabs/Mig21.prefab using Guid(4f92e5782b1ca6f4dbb7835ef760bd9e) Importer(815301076,1909f56bfc062723c751e8b465ee728b) [PhysX] Initialized MultithreadedTaskDispatcher with 8 workers.
 -> (artifact id: 'd91f9b398a418afbd94e0648db4f24f8') in 0.000505 seconds
Number of updated asset objects reloaded before import = 0
Number of asset objects unloaded after import = 0
========================================================================
Received Import Request.
  Time since last request: 0.000016 seconds.
  path: Assets/Prefabs/Su30SM.prefab
  artifactKey: Guid(39a034aa202e50c40b5a5e7a6a9439f3) Importer(815301076,1909f56bfc062723c751e8b465ee728b)
Start importing Assets/Prefabs/Su30SM.prefab using Guid(39a034aa202e50c40b5a5e7a6a9439f3) Importer(815301076,1909f56bfc062723c751e8b465ee728b) [PhysX] Initialized MultithreadedTaskDispatcher with 8 workers.
 -> (artifact id: 'b516dc64f6eb55ba79b47fb7bf579096') in 0.000406 seconds
Number of updated asset objects reloaded before import = 0
Number of asset objects unloaded after import = 0
========================================================================
Received Import Request.
  Time since last request: 0.000015 seconds.
  path: Assets/Prefabs/Rocket.prefab
  artifactKey: Guid(4a230b035b777eb42a97a15c06acb6b8) Importer(815301076,1909f56bfc062723c751e8b465ee728b)
Start importing Assets/Prefabs/Rocket.prefab using Guid(4a230b035b777eb42a97a15c06acb6b8) Importer(815301076,1909f56bfc062723c751e8b465ee728b) [PhysX] Initialized MultithreadedTaskDispatcher with 8 workers.
 -> (artifact id: '0519d5831716a3e2e70c5d3c78b8e4e4') in 0.000523 seconds
Number of updated asset objects reloaded before import = 0
Number of asset objects unloaded after import = 0
========================================================================
Received Import Request.
  Time since last request: 4.136297 seconds.
  path: Assets/Prefabs/Mig21.prefab
  artifactKey: Guid(4f92e5782b1ca6f4dbb7835ef760bd9e) Importer(815301076,1909f56bfc062723c751e8b465ee728b)
Start importing Assets/Prefabs/Mig21.prefab using Guid(4f92e5782b1ca6f4dbb7835ef760bd9e) Importer(815301076,1909f56bfc062723c751e8b465ee728b) [PhysX] Initialized MultithreadedTaskDispatcher with 8 workers.
 -> (artifact id: 'd91f9b398a418afbd94e0648db4f24f8') in 0.000452 seconds
Number of updated asset objects reloaded before import = 0
Number of asset objects unloaded after import = 0
========================================================================
Received Import Request.
  Time since last request: 0.000019 seconds.
  path: Assets/Prefabs/Su30SM.prefab
  artifactKey: Guid(39a034aa202e50c40b5a5e7a6a9439f3) Importer(815301076,1909f56bfc062723c751e8b465ee728b)
Start importing Assets/Prefabs/Su30SM.prefab using Guid(39a034aa202e50c40b5a5e7a6a9439f3) Importer(815301076,1909f56bfc062723c751e8b465ee728b) [PhysX] Initialized MultithreadedTaskDispatcher with 8 workers.
 -> (artifact id: 'b516dc64f6eb55ba79b47fb7bf579096') in 0.000414 seconds
Number of updated asset objects reloaded before import = 0
Number of asset objects unloaded after import = 0
========================================================================
Received Prepare
Caller must complete domain reload
Begin MonoManager ReloadAssembly
- Loaded All Assemblies, in  0.928 seconds
Native extension for WindowsStandalone target not found
Native extension for WebGL target not found
Mono: successfully reloaded assembly
- Finished resetting the current domain, in 20.692 seconds
Domain Reload Profiling: 21620ms
	BeginReloadAssembly (143ms)
		ExecutionOrderSort (0ms)
		DisableScriptedObjects (3ms)
		BackupInstance (0ms)
		ReleaseScriptingObjects (0ms)
		CreateAndSetChildDomain (31ms)
	RebuildCommonClasses (29ms)
	RebuildNativeTypeToScriptingClass (10ms)
	initialDomainReloadingComplete (90ms)
	LoadAllAssembliesAndSetupDomain (656ms)
		LoadAssemblies (717ms)
		RebuildTransferFunctionScriptingTraits (0ms)
		AnalyzeDomain (23ms)
			TypeCache.Refresh (9ms)
				TypeCache.ScanAssembly (0ms)
			ScanForSourceGeneratedMonoScriptInfo (8ms)
			ResolveRequiredComponents (5ms)
	FinalizeReload (20692ms)
		ReleaseScriptCaches (0ms)
		RebuildScriptCaches (0ms)
		SetupLoadedEditorAssemblies (407ms)
			LogAssemblyErrors (0ms)
			InitializePlatformSupportModulesInManaged (6ms)
			SetLoadedEditorAssemblies (3ms)
			RefreshPlugins (0ms)
			BeforeProcessingInitializeOnLoad (49ms)
			ProcessInitializeOnLoadAttributes (326ms)
			ProcessInitializeOnLoadMethodAttributes (21ms)
			AfterProcessingInitializeOnLoad (2ms)
			EditorAssembliesLoaded (0ms)
		ExecutionOrderSort2 (0ms)
		AwakeInstancesAfterBackupRestoration (6ms)
Refreshing native plugins compatible for Editor in 2.39 ms, found 3 plugins.
Preloading 0 native plugins for Editor in 0.00 ms.
Unloading 3128 Unused Serialized files (Serialized files now loaded: 0)
Unloading 14 unused Assets / (28.5 KB). Loaded Objects now: 3676.
Memory consumption went from 119.2 MB to 119.2 MB.
Total: 2.734400 ms (FindLiveObjects: 0.172400 ms CreateObjectMapping: 0.078600 ms MarkObjects: 2.444400 ms  DeleteObjects: 0.037900 ms)

Prepare: number of updated asset objects reloaded= 0
AssetImportParameters requested are different than current active one (requested -> active):
  custom:container-demuxer-ogg: 62fdf1f143b41e24485cea50d1cbac27 -> 
  custom:video-codec-MediaFoundation-h265: 746d11721c4dcdbdad8f713fa42b33f4 -> 
  custom:video-decoder-ogg-theora: a1e56fd34408186e4bbccfd4996cb3dc -> 
  custom:framework-win-MediaFoundation: 216162199b28c13a410421893ffa2e32 -> 
  custom:CustomObjectIndexerAttribute: 9a22284fe3817be447336de3de66b15e -> 
  custom:container-demuxer-webm: 4f35f7cbe854078d1ac9338744f61a02 -> 
  custom:container-muxer-webm: aa71ff27fc2769a1b78a27578f13a17b -> 
  custom:video-decoder-webm-vp8: 9c59270c3fd7afecdb556c50c9e8de78 -> 
  custom:SearchIndexIgnoredProperties: e643bd26f0fe6173181afceb89e7c659 -> 
  custom:AudioImporter_EditorPlatform: d09bf68614088b80899f8185d706f6e7 -> 
  custom:video-encoder-webm-vp8: eb34c28f22e8b96e1ab97ce403110664 -> 
  custom:audio-decoder-ogg-vorbis: bf7c407c2cedff20999df2af8eb42d56 -> 
  custom:audio-encoder-webm-vorbis: bf7c407c2cedff20999df2af8eb42d56 -> 
  custom:scripting/monoscript/fileName/NewHomingMissile.cs: 97a81145d08cda4d1874bedadf2efec1 -> 
  custom:scripting/precompiled-assembly-types:Assembly-CSharp: 481c37afecec5ad9f335c7a177d31ded -> 1e9f807abdb6529675e0bede89060605
========================================================================
Received Import Request.
  Time since last request: 616.846780 seconds.
  path: Assets/Prefabs/Su30SM.prefab
  artifactKey: Guid(39a034aa202e50c40b5a5e7a6a9439f3) Importer(815301076,1909f56bfc062723c751e8b465ee728b)
Start importing Assets/Prefabs/Su30SM.prefab using Guid(39a034aa202e50c40b5a5e7a6a9439f3) Importer(815301076,1909f56bfc062723c751e8b465ee728b) [PhysX] Initialized MultithreadedTaskDispatcher with 8 workers.
 -> (artifact id: 'b516dc64f6eb55ba79b47fb7bf579096') in 0.002446 seconds
Number of updated asset objects reloaded before import = 0
Number of asset objects unloaded after import = 0
========================================================================
Received Import Request.
  Time since last request: 0.000026 seconds.
  path: Assets/Prefabs/R3S.prefab
  artifactKey: Guid(95d89e6b9ea3e604a9ad9fbb7e87fb47) Importer(815301076,1909f56bfc062723c751e8b465ee728b)
Start importing Assets/Prefabs/R3S.prefab using Guid(95d89e6b9ea3e604a9ad9fbb7e87fb47) Importer(815301076,1909f56bfc062723c751e8b465ee728b) [PhysX] Initialized MultithreadedTaskDispatcher with 8 workers.
[PhysX] Initialized MultithreadedTaskDispatcher with 8 workers.
 -> (artifact id: '6b81d42a065d891f9891ce9316adc518') in 0.247092 seconds
Number of updated asset objects reloaded before import = 0
Number of asset objects unloaded after import = 49
========================================================================
Received Import Request.
  Time since last request: 0.000025 seconds.
  path: Assets/Prefabs/Rocket.prefab
  artifactKey: Guid(4a230b035b777eb42a97a15c06acb6b8) Importer(815301076,1909f56bfc062723c751e8b465ee728b)
Start importing Assets/Prefabs/Rocket.prefab using Guid(4a230b035b777eb42a97a15c06acb6b8) Importer(815301076,1909f56bfc062723c751e8b465ee728b) [PhysX] Initialized MultithreadedTaskDispatcher with 8 workers.
 -> (artifact id: '0519d5831716a3e2e70c5d3c78b8e4e4') in 0.000427 seconds
Number of updated asset objects reloaded before import = 0
Number of asset objects unloaded after import = 0
========================================================================
Received Import Request.
  Time since last request: 0.000039 seconds.
  path: Assets/Prefabs/Mig21.prefab
  artifactKey: Guid(4f92e5782b1ca6f4dbb7835ef760bd9e) Importer(815301076,1909f56bfc062723c751e8b465ee728b)
Start importing Assets/Prefabs/Mig21.prefab using Guid(4f92e5782b1ca6f4dbb7835ef760bd9e) Importer(815301076,1909f56bfc062723c751e8b465ee728b) [PhysX] Initialized MultithreadedTaskDispatcher with 8 workers.
 -> (artifact id: 'd91f9b398a418afbd94e0648db4f24f8') in 0.000420 seconds
Number of updated asset objects reloaded before import = 0
Number of asset objects unloaded after import = 0
========================================================================
Received Import Request.
  Time since last request: 0.000067 seconds.
  path: Assets/Prefabs/R73.prefab
  artifactKey: Guid(2b0faee24f85505458815d2de54c3a58) Importer(815301076,1909f56bfc062723c751e8b465ee728b)
Start importing Assets/Prefabs/R73.prefab using Guid(2b0faee24f85505458815d2de54c3a58) Importer(815301076,1909f56bfc062723c751e8b465ee728b) [PhysX] Initialized MultithreadedTaskDispatcher with 8 workers.
[PhysX] Initialized MultithreadedTaskDispatcher with 8 workers.
 -> (artifact id: 'fbcf4e20c188d49fc38e19ead3df7974') in 0.023276 seconds
Number of updated asset objects reloaded before import = 0
Number of asset objects unloaded after import = 49
========================================================================
Received Import Request.
  Time since last request: 5.073880 seconds.
  path: Assets/Prefabs/R3S 1.prefab
  artifactKey: Guid(d0347d84e902de2469a3b3154e56c5a0) Importer(815301076,1909f56bfc062723c751e8b465ee728b)
Start importing Assets/Prefabs/R3S 1.prefab using Guid(d0347d84e902de2469a3b3154e56c5a0) Importer(815301076,1909f56bfc062723c751e8b465ee728b) [PhysX] Initialized MultithreadedTaskDispatcher with 8 workers.
[PhysX] Initialized MultithreadedTaskDispatcher with 8 workers.
 -> (artifact id: '3168e2a78284ba66f13ad1a699790acf') in 0.008097 seconds
Number of updated asset objects reloaded before import = 0
Number of asset objects unloaded after import = 49
========================================================================
Received Import Request.
  Time since last request: 0.015934 seconds.
  path: Assets/Prefabs/Mig21.prefab
  artifactKey: Guid(4f92e5782b1ca6f4dbb7835ef760bd9e) Importer(815301076,1909f56bfc062723c751e8b465ee728b)
Start importing Assets/Prefabs/Mig21.prefab using Guid(4f92e5782b1ca6f4dbb7835ef760bd9e) Importer(815301076,1909f56bfc062723c751e8b465ee728b) [PhysX] Initialized MultithreadedTaskDispatcher with 8 workers.
 -> (artifact id: 'd91f9b398a418afbd94e0648db4f24f8') in 0.000536 seconds
Number of updated asset objects reloaded before import = 0
Number of asset objects unloaded after import = 0
========================================================================
Received Import Request.
  Time since last request: 0.000248 seconds.
  path: Assets/Prefabs/Su30SM.prefab
  artifactKey: Guid(39a034aa202e50c40b5a5e7a6a9439f3) Importer(815301076,1909f56bfc062723c751e8b465ee728b)
Start importing Assets/Prefabs/Su30SM.prefab using Guid(39a034aa202e50c40b5a5e7a6a9439f3) Importer(815301076,1909f56bfc062723c751e8b465ee728b) [PhysX] Initialized MultithreadedTaskDispatcher with 8 workers.
 -> (artifact id: 'b516dc64f6eb55ba79b47fb7bf579096') in 0.000488 seconds
Number of updated asset objects reloaded before import = 0
Number of asset objects unloaded after import = 0
========================================================================
Received Import Request.
  Time since last request: 5.069967 seconds.
  path: Assets/Prefabs/Mig21.prefab
  artifactKey: Guid(4f92e5782b1ca6f4dbb7835ef760bd9e) Importer(815301076,1909f56bfc062723c751e8b465ee728b)
Start importing Assets/Prefabs/Mig21.prefab using Guid(4f92e5782b1ca6f4dbb7835ef760bd9e) Importer(815301076,1909f56bfc062723c751e8b465ee728b) [PhysX] Initialized MultithreadedTaskDispatcher with 8 workers.
 -> (artifact id: 'd91f9b398a418afbd94e0648db4f24f8') in 0.000575 seconds
Number of updated asset objects reloaded before import = 0
Number of asset objects unloaded after import = 0
========================================================================
Received Import Request.
  Time since last request: 0.000025 seconds.
  path: Assets/Prefabs/Su30SM.prefab
  artifactKey: Guid(39a034aa202e50c40b5a5e7a6a9439f3) Importer(815301076,1909f56bfc062723c751e8b465ee728b)
Start importing Assets/Prefabs/Su30SM.prefab using Guid(39a034aa202e50c40b5a5e7a6a9439f3) Importer(815301076,1909f56bfc062723c751e8b465ee728b) [PhysX] Initialized MultithreadedTaskDispatcher with 8 workers.
 -> (artifact id: 'b516dc64f6eb55ba79b47fb7bf579096') in 0.000534 seconds
Number of updated asset objects reloaded before import = 0
Number of asset objects unloaded after import = 0
========================================================================
Received Import Request.
  Time since last request: 0.000022 seconds.
  path: Assets/Prefabs/Rocket.prefab
  artifactKey: Guid(4a230b035b777eb42a97a15c06acb6b8) Importer(815301076,1909f56bfc062723c751e8b465ee728b)
Start importing Assets/Prefabs/Rocket.prefab using Guid(4a230b035b777eb42a97a15c06acb6b8) Importer(815301076,1909f56bfc062723c751e8b465ee728b) [PhysX] Initialized MultithreadedTaskDispatcher with 8 workers.
 -> (artifact id: '0519d5831716a3e2e70c5d3c78b8e4e4') in 0.000357 seconds
Number of updated asset objects reloaded before import = 0
Number of asset objects unloaded after import = 0
========================================================================
Received Import Request.
  Time since last request: 8.221417 seconds.
  path: Assets/Prefabs/Mig21.prefab
  artifactKey: Guid(4f92e5782b1ca6f4dbb7835ef760bd9e) Importer(815301076,1909f56bfc062723c751e8b465ee728b)
Start importing Assets/Prefabs/Mig21.prefab using Guid(4f92e5782b1ca6f4dbb7835ef760bd9e) Importer(815301076,1909f56bfc062723c751e8b465ee728b) [PhysX] Initialized MultithreadedTaskDispatcher with 8 workers.
 -> (artifact id: 'd91f9b398a418afbd94e0648db4f24f8') in 0.000447 seconds
Number of updated asset objects reloaded before import = 0
Number of asset objects unloaded after import = 0
========================================================================
Received Import Request.
  Time since last request: 0.000022 seconds.
  path: Assets/Prefabs/Su30SM.prefab
  artifactKey: Guid(39a034aa202e50c40b5a5e7a6a9439f3) Importer(815301076,1909f56bfc062723c751e8b465ee728b)
Start importing Assets/Prefabs/Su30SM.prefab using Guid(39a034aa202e50c40b5a5e7a6a9439f3) Importer(815301076,1909f56bfc062723c751e8b465ee728b) [PhysX] Initialized MultithreadedTaskDispatcher with 8 workers.
 -> (artifact id: 'b516dc64f6eb55ba79b47fb7bf579096') in 0.000419 seconds
Number of updated asset objects reloaded before import = 0
Number of asset objects unloaded after import = 0
========================================================================
Received Import Request.
  Time since last request: 0.000022 seconds.
  path: Assets/Prefabs/Rocket.prefab
  artifactKey: Guid(4a230b035b777eb42a97a15c06acb6b8) Importer(815301076,1909f56bfc062723c751e8b465ee728b)
Start importing Assets/Prefabs/Rocket.prefab using Guid(4a230b035b777eb42a97a15c06acb6b8) Importer(815301076,1909f56bfc062723c751e8b465ee728b) [PhysX] Initialized MultithreadedTaskDispatcher with 8 workers.
 -> (artifact id: '0519d5831716a3e2e70c5d3c78b8e4e4') in 0.000288 seconds
Number of updated asset objects reloaded before import = 0
Number of asset objects unloaded after import = 0
========================================================================
Received Import Request.
  Time since last request: 161.664302 seconds.
  path: Assets/Prefabs/Mig21.prefab
  artifactKey: Guid(4f92e5782b1ca6f4dbb7835ef760bd9e) Importer(815301076,1909f56bfc062723c751e8b465ee728b)
Start importing Assets/Prefabs/Mig21.prefab using Guid(4f92e5782b1ca6f4dbb7835ef760bd9e) Importer(815301076,1909f56bfc062723c751e8b465ee728b) [PhysX] Initialized MultithreadedTaskDispatcher with 8 workers.
 -> (artifact id: 'd91f9b398a418afbd94e0648db4f24f8') in 0.000615 seconds
Number of updated asset objects reloaded before import = 0
Number of asset objects unloaded after import = 0
========================================================================
Received Import Request.
  Time since last request: 0.000015 seconds.
  path: Assets/Prefabs/Su30SM.prefab
  artifactKey: Guid(39a034aa202e50c40b5a5e7a6a9439f3) Importer(815301076,1909f56bfc062723c751e8b465ee728b)
Start importing Assets/Prefabs/Su30SM.prefab using Guid(39a034aa202e50c40b5a5e7a6a9439f3) Importer(815301076,1909f56bfc062723c751e8b465ee728b) [PhysX] Initialized MultithreadedTaskDispatcher with 8 workers.
 -> (artifact id: 'b516dc64f6eb55ba79b47fb7bf579096') in 0.000348 seconds
Number of updated asset objects reloaded before import = 0
Number of asset objects unloaded after import = 0
========================================================================
Received Import Request.
  Time since last request: 0.000013 seconds.
  path: Assets/Prefabs/Rocket.prefab
  artifactKey: Guid(4a230b035b777eb42a97a15c06acb6b8) Importer(815301076,1909f56bfc062723c751e8b465ee728b)
Start importing Assets/Prefabs/Rocket.prefab using Guid(4a230b035b777eb42a97a15c06acb6b8) Importer(815301076,1909f56bfc062723c751e8b465ee728b) [PhysX] Initialized MultithreadedTaskDispatcher with 8 workers.
 -> (artifact id: '0519d5831716a3e2e70c5d3c78b8e4e4') in 0.000295 seconds
Number of updated asset objects reloaded before import = 0
Number of asset objects unloaded after import = 0
========================================================================
Received Import Request.
  Time since last request: 72.973179 seconds.
  path: Assets/Prefabs/Mig21.prefab
  artifactKey: Guid(4f92e5782b1ca6f4dbb7835ef760bd9e) Importer(815301076,1909f56bfc062723c751e8b465ee728b)
Start importing Assets/Prefabs/Mig21.prefab using Guid(4f92e5782b1ca6f4dbb7835ef760bd9e) Importer(815301076,1909f56bfc062723c751e8b465ee728b) [PhysX] Initialized MultithreadedTaskDispatcher with 8 workers.
 -> (artifact id: 'd91f9b398a418afbd94e0648db4f24f8') in 0.000574 seconds
Number of updated asset objects reloaded before import = 0
Number of asset objects unloaded after import = 0
========================================================================
Received Import Request.
  Time since last request: 0.000017 seconds.
  path: Assets/Prefabs/Su30SM.prefab
  artifactKey: Guid(39a034aa202e50c40b5a5e7a6a9439f3) Importer(815301076,1909f56bfc062723c751e8b465ee728b)
Start importing Assets/Prefabs/Su30SM.prefab using Guid(39a034aa202e50c40b5a5e7a6a9439f3) Importer(815301076,1909f56bfc062723c751e8b465ee728b) [PhysX] Initialized MultithreadedTaskDispatcher with 8 workers.
 -> (artifact id: 'b516dc64f6eb55ba79b47fb7bf579096') in 0.000463 seconds
Number of updated asset objects reloaded before import = 0
Number of asset objects unloaded after import = 0
========================================================================
Received Import Request.
  Time since last request: 0.000013 seconds.
  path: Assets/Prefabs/Rocket.prefab
  artifactKey: Guid(4a230b035b777eb42a97a15c06acb6b8) Importer(815301076,1909f56bfc062723c751e8b465ee728b)
Start importing Assets/Prefabs/Rocket.prefab using Guid(4a230b035b777eb42a97a15c06acb6b8) Importer(815301076,1909f56bfc062723c751e8b465ee728b) [PhysX] Initialized MultithreadedTaskDispatcher with 8 workers.
 -> (artifact id: '0519d5831716a3e2e70c5d3c78b8e4e4') in 0.000346 seconds
Number of updated asset objects reloaded before import = 0
Number of asset objects unloaded after import = 0
========================================================================
Received Import Request.
  Time since last request: 12.784365 seconds.
  path: Assets/Prefabs/Mig21.prefab
  artifactKey: Guid(4f92e5782b1ca6f4dbb7835ef760bd9e) Importer(815301076,1909f56bfc062723c751e8b465ee728b)
Start importing Assets/Prefabs/Mig21.prefab using Guid(4f92e5782b1ca6f4dbb7835ef760bd9e) Importer(815301076,1909f56bfc062723c751e8b465ee728b) [PhysX] Initialized MultithreadedTaskDispatcher with 8 workers.
 -> (artifact id: 'd91f9b398a418afbd94e0648db4f24f8') in 0.000479 seconds
Number of updated asset objects reloaded before import = 0
Number of asset objects unloaded after import = 0
========================================================================
Received Import Request.
  Time since last request: 0.000022 seconds.
  path: Assets/Prefabs/Su30SM.prefab
  artifactKey: Guid(39a034aa202e50c40b5a5e7a6a9439f3) Importer(815301076,1909f56bfc062723c751e8b465ee728b)
Start importing Assets/Prefabs/Su30SM.prefab using Guid(39a034aa202e50c40b5a5e7a6a9439f3) Importer(815301076,1909f56bfc062723c751e8b465ee728b) [PhysX] Initialized MultithreadedTaskDispatcher with 8 workers.
 -> (artifact id: 'b516dc64f6eb55ba79b47fb7bf579096') in 0.000414 seconds
Number of updated asset objects reloaded before import = 0
Number of asset objects unloaded after import = 0
========================================================================
Received Import Request.
  Time since last request: 0.000013 seconds.
  path: Assets/Prefabs/Rocket.prefab
  artifactKey: Guid(4a230b035b777eb42a97a15c06acb6b8) Importer(815301076,1909f56bfc062723c751e8b465ee728b)
Start importing Assets/Prefabs/Rocket.prefab using Guid(4a230b035b777eb42a97a15c06acb6b8) Importer(815301076,1909f56bfc062723c751e8b465ee728b) [PhysX] Initialized MultithreadedTaskDispatcher with 8 workers.
 -> (artifact id: '0519d5831716a3e2e70c5d3c78b8e4e4') in 0.000245 seconds
Number of updated asset objects reloaded before import = 0
Number of asset objects unloaded after import = 0
========================================================================
Received Import Request.
  Time since last request: 13.935118 seconds.
  path: Assets/Prefabs/Mig21.prefab
  artifactKey: Guid(4f92e5782b1ca6f4dbb7835ef760bd9e) Importer(815301076,1909f56bfc062723c751e8b465ee728b)
Start importing Assets/Prefabs/Mig21.prefab using Guid(4f92e5782b1ca6f4dbb7835ef760bd9e) Importer(815301076,1909f56bfc062723c751e8b465ee728b) [PhysX] Initialized MultithreadedTaskDispatcher with 8 workers.
 -> (artifact id: 'd91f9b398a418afbd94e0648db4f24f8') in 0.002646 seconds
Number of updated asset objects reloaded before import = 0
Number of asset objects unloaded after import = 0
========================================================================
Received Import Request.
  Time since last request: 0.000025 seconds.
  path: Assets/Prefabs/Su30SM.prefab
  artifactKey: Guid(39a034aa202e50c40b5a5e7a6a9439f3) Importer(815301076,1909f56bfc062723c751e8b465ee728b)
Start importing Assets/Prefabs/Su30SM.prefab using Guid(39a034aa202e50c40b5a5e7a6a9439f3) Importer(815301076,1909f56bfc062723c751e8b465ee728b) [PhysX] Initialized MultithreadedTaskDispatcher with 8 workers.
 -> (artifact id: 'b516dc64f6eb55ba79b47fb7bf579096') in 0.000534 seconds
Number of updated asset objects reloaded before import = 0
Number of asset objects unloaded after import = 0
========================================================================
Received Import Request.
  Time since last request: 0.000023 seconds.
  path: Assets/Prefabs/Rocket.prefab
  artifactKey: Guid(4a230b035b777eb42a97a15c06acb6b8) Importer(815301076,1909f56bfc062723c751e8b465ee728b)
Start importing Assets/Prefabs/Rocket.prefab using Guid(4a230b035b777eb42a97a15c06acb6b8) Importer(815301076,1909f56bfc062723c751e8b465ee728b) [PhysX] Initialized MultithreadedTaskDispatcher with 8 workers.
 -> (artifact id: '0519d5831716a3e2e70c5d3c78b8e4e4') in 0.000327 seconds
Number of updated asset objects reloaded before import = 0
Number of asset objects unloaded after import = 0
========================================================================
Received Import Request.
  Time since last request: 28.493438 seconds.
  path: Assets/Prefabs/Mig21.prefab
  artifactKey: Guid(4f92e5782b1ca6f4dbb7835ef760bd9e) Importer(815301076,1909f56bfc062723c751e8b465ee728b)
Start importing Assets/Prefabs/Mig21.prefab using Guid(4f92e5782b1ca6f4dbb7835ef760bd9e) Importer(815301076,1909f56bfc062723c751e8b465ee728b) [PhysX] Initialized MultithreadedTaskDispatcher with 8 workers.
 -> (artifact id: 'd91f9b398a418afbd94e0648db4f24f8') in 0.001068 seconds
Number of updated asset objects reloaded before import = 0
Number of asset objects unloaded after import = 0
========================================================================
Received Import Request.
  Time since last request: 0.000027 seconds.
  path: Assets/Prefabs/Su30SM.prefab
  artifactKey: Guid(39a034aa202e50c40b5a5e7a6a9439f3) Importer(815301076,1909f56bfc062723c751e8b465ee728b)
Start importing Assets/Prefabs/Su30SM.prefab using Guid(39a034aa202e50c40b5a5e7a6a9439f3) Importer(815301076,1909f56bfc062723c751e8b465ee728b) [PhysX] Initialized MultithreadedTaskDispatcher with 8 workers.
 -> (artifact id: 'b516dc64f6eb55ba79b47fb7bf579096') in 0.000590 seconds
Number of updated asset objects reloaded before import = 0
Number of asset objects unloaded after import = 0
========================================================================
Received Import Request.
  Time since last request: 0.000015 seconds.
  path: Assets/Prefabs/Rocket.prefab
  artifactKey: Guid(4a230b035b777eb42a97a15c06acb6b8) Importer(815301076,1909f56bfc062723c751e8b465ee728b)
Start importing Assets/Prefabs/Rocket.prefab using Guid(4a230b035b777eb42a97a15c06acb6b8) Importer(815301076,1909f56bfc062723c751e8b465ee728b) [PhysX] Initialized MultithreadedTaskDispatcher with 8 workers.
 -> (artifact id: '0519d5831716a3e2e70c5d3c78b8e4e4') in 0.000452 seconds
Number of updated asset objects reloaded before import = 0
Number of asset objects unloaded after import = 0
========================================================================
Received Import Request.
  Time since last request: 90.453613 seconds.
  path: Assets/Prefabs/Mig21.prefab
  artifactKey: Guid(4f92e5782b1ca6f4dbb7835ef760bd9e) Importer(815301076,1909f56bfc062723c751e8b465ee728b)
Start importing Assets/Prefabs/Mig21.prefab using Guid(4f92e5782b1ca6f4dbb7835ef760bd9e) Importer(815301076,1909f56bfc062723c751e8b465ee728b) [PhysX] Initialized MultithreadedTaskDispatcher with 8 workers.
 -> (artifact id: 'd91f9b398a418afbd94e0648db4f24f8') in 0.000698 seconds
Number of updated asset objects reloaded before import = 0
Number of asset objects unloaded after import = 0
========================================================================
Received Import Request.
  Time since last request: 0.000024 seconds.
  path: Assets/Prefabs/Su30SM.prefab
  artifactKey: Guid(39a034aa202e50c40b5a5e7a6a9439f3) Importer(815301076,1909f56bfc062723c751e8b465ee728b)
Start importing Assets/Prefabs/Su30SM.prefab using Guid(39a034aa202e50c40b5a5e7a6a9439f3) Importer(815301076,1909f56bfc062723c751e8b465ee728b) [PhysX] Initialized MultithreadedTaskDispatcher with 8 workers.
 -> (artifact id: 'b516dc64f6eb55ba79b47fb7bf579096') in 0.000527 seconds
Number of updated asset objects reloaded before import = 0
Number of asset objects unloaded after import = 0
========================================================================
Received Import Request.
  Time since last request: 0.000019 seconds.
  path: Assets/Prefabs/Rocket.prefab
  artifactKey: Guid(4a230b035b777eb42a97a15c06acb6b8) Importer(815301076,1909f56bfc062723c751e8b465ee728b)
Start importing Assets/Prefabs/Rocket.prefab using Guid(4a230b035b777eb42a97a15c06acb6b8) Importer(815301076,1909f56bfc062723c751e8b465ee728b) [PhysX] Initialized MultithreadedTaskDispatcher with 8 workers.
 -> (artifact id: '0519d5831716a3e2e70c5d3c78b8e4e4') in 0.000355 seconds
Number of updated asset objects reloaded before import = 0
Number of asset objects unloaded after import = 0
========================================================================
Received Import Request.
  Time since last request: 3.418867 seconds.
  path: Assets/Prefabs/Mig21.prefab
  artifactKey: Guid(4f92e5782b1ca6f4dbb7835ef760bd9e) Importer(815301076,1909f56bfc062723c751e8b465ee728b)
Start importing Assets/Prefabs/Mig21.prefab using Guid(4f92e5782b1ca6f4dbb7835ef760bd9e) Importer(815301076,1909f56bfc062723c751e8b465ee728b) [PhysX] Initialized MultithreadedTaskDispatcher with 8 workers.
 -> (artifact id: 'd91f9b398a418afbd94e0648db4f24f8') in 0.000839 seconds
Number of updated asset objects reloaded before import = 0
Number of asset objects unloaded after import = 0
========================================================================
Received Import Request.
  Time since last request: 0.000039 seconds.
  path: Assets/Prefabs/Su30SM.prefab
  artifactKey: Guid(39a034aa202e50c40b5a5e7a6a9439f3) Importer(815301076,1909f56bfc062723c751e8b465ee728b)
Start importing Assets/Prefabs/Su30SM.prefab using Guid(39a034aa202e50c40b5a5e7a6a9439f3) Importer(815301076,1909f56bfc062723c751e8b465ee728b) [PhysX] Initialized MultithreadedTaskDispatcher with 8 workers.
 -> (artifact id: 'b516dc64f6eb55ba79b47fb7bf579096') in 0.000432 seconds
Number of updated asset objects reloaded before import = 0
Number of asset objects unloaded after import = 0
========================================================================
Received Import Request.
  Time since last request: 0.000023 seconds.
  path: Assets/Prefabs/Rocket.prefab
  artifactKey: Guid(4a230b035b777eb42a97a15c06acb6b8) Importer(815301076,1909f56bfc062723c751e8b465ee728b)
Start importing Assets/Prefabs/Rocket.prefab using Guid(4a230b035b777eb42a97a15c06acb6b8) Importer(815301076,1909f56bfc062723c751e8b465ee728b) [PhysX] Initialized MultithreadedTaskDispatcher with 8 workers.
 -> (artifact id: '0519d5831716a3e2e70c5d3c78b8e4e4') in 0.000278 seconds
Number of updated asset objects reloaded before import = 0
Number of asset objects unloaded after import = 0
========================================================================
Received Import Request.
  Time since last request: 1.984295 seconds.
  path: Assets/Prefabs/Mig21.prefab
  artifactKey: Guid(4f92e5782b1ca6f4dbb7835ef760bd9e) Importer(815301076,1909f56bfc062723c751e8b465ee728b)
Start importing Assets/Prefabs/Mig21.prefab using Guid(4f92e5782b1ca6f4dbb7835ef760bd9e) Importer(815301076,1909f56bfc062723c751e8b465ee728b) [PhysX] Initialized MultithreadedTaskDispatcher with 8 workers.
 -> (artifact id: 'd91f9b398a418afbd94e0648db4f24f8') in 0.000546 seconds
Number of updated asset objects reloaded before import = 0
Number of asset objects unloaded after import = 0
========================================================================
Received Import Request.
  Time since last request: 0.000012 seconds.
  path: Assets/Prefabs/Su30SM.prefab
  artifactKey: Guid(39a034aa202e50c40b5a5e7a6a9439f3) Importer(815301076,1909f56bfc062723c751e8b465ee728b)
Start importing Assets/Prefabs/Su30SM.prefab using Guid(39a034aa202e50c40b5a5e7a6a9439f3) Importer(815301076,1909f56bfc062723c751e8b465ee728b) [PhysX] Initialized MultithreadedTaskDispatcher with 8 workers.
 -> (artifact id: 'b516dc64f6eb55ba79b47fb7bf579096') in 0.000463 seconds
Number of updated asset objects reloaded before import = 0
Number of asset objects unloaded after import = 0
========================================================================
Received Import Request.
  Time since last request: 48.867746 seconds.
  path: Assets/Prefabs/Mig21.prefab
  artifactKey: Guid(4f92e5782b1ca6f4dbb7835ef760bd9e) Importer(815301076,1909f56bfc062723c751e8b465ee728b)
Start importing Assets/Prefabs/Mig21.prefab using Guid(4f92e5782b1ca6f4dbb7835ef760bd9e) Importer(815301076,1909f56bfc062723c751e8b465ee728b) [PhysX] Initialized MultithreadedTaskDispatcher with 8 workers.
 -> (artifact id: 'd91f9b398a418afbd94e0648db4f24f8') in 0.000521 seconds
Number of updated asset objects reloaded before import = 0
Number of asset objects unloaded after import = 0
========================================================================
Received Import Request.
  Time since last request: 0.000014 seconds.
  path: Assets/Prefabs/Su30SM.prefab
  artifactKey: Guid(39a034aa202e50c40b5a5e7a6a9439f3) Importer(815301076,1909f56bfc062723c751e8b465ee728b)
Start importing Assets/Prefabs/Su30SM.prefab using Guid(39a034aa202e50c40b5a5e7a6a9439f3) Importer(815301076,1909f56bfc062723c751e8b465ee728b) [PhysX] Initialized MultithreadedTaskDispatcher with 8 workers.
 -> (artifact id: 'b516dc64f6eb55ba79b47fb7bf579096') in 0.000362 seconds
Number of updated asset objects reloaded before import = 0
Number of asset objects unloaded after import = 0
========================================================================
Received Import Request.
  Time since last request: 0.000021 seconds.
  path: Assets/Prefabs/Rocket.prefab
  artifactKey: Guid(4a230b035b777eb42a97a15c06acb6b8) Importer(815301076,1909f56bfc062723c751e8b465ee728b)
Start importing Assets/Prefabs/Rocket.prefab using Guid(4a230b035b777eb42a97a15c06acb6b8) Importer(815301076,1909f56bfc062723c751e8b465ee728b) [PhysX] Initialized MultithreadedTaskDispatcher with 8 workers.
 -> (artifact id: '0519d5831716a3e2e70c5d3c78b8e4e4') in 0.000270 seconds
Number of updated asset objects reloaded before import = 0
Number of asset objects unloaded after import = 0
========================================================================
Received Import Request.
  Time since last request: 0.399384 seconds.
  path: Assets/Prefabs/Mig21.prefab
  artifactKey: Guid(4f92e5782b1ca6f4dbb7835ef760bd9e) Importer(815301076,1909f56bfc062723c751e8b465ee728b)
Start importing Assets/Prefabs/Mig21.prefab using Guid(4f92e5782b1ca6f4dbb7835ef760bd9e) Importer(815301076,1909f56bfc062723c751e8b465ee728b) [PhysX] Initialized MultithreadedTaskDispatcher with 8 workers.
 -> (artifact id: 'd91f9b398a418afbd94e0648db4f24f8') in 0.000569 seconds
Number of updated asset objects reloaded before import = 0
Number of asset objects unloaded after import = 0
========================================================================
Received Import Request.
  Time since last request: 0.000017 seconds.
  path: Assets/Prefabs/Su30SM.prefab
  artifactKey: Guid(39a034aa202e50c40b5a5e7a6a9439f3) Importer(815301076,1909f56bfc062723c751e8b465ee728b)
Start importing Assets/Prefabs/Su30SM.prefab using Guid(39a034aa202e50c40b5a5e7a6a9439f3) Importer(815301076,1909f56bfc062723c751e8b465ee728b) [PhysX] Initialized MultithreadedTaskDispatcher with 8 workers.
 -> (artifact id: 'b516dc64f6eb55ba79b47fb7bf579096') in 0.000408 seconds
Number of updated asset objects reloaded before import = 0
Number of asset objects unloaded after import = 0
========================================================================
Received Import Request.
  Time since last request: 0.000015 seconds.
  path: Assets/Prefabs/Rocket.prefab
  artifactKey: Guid(4a230b035b777eb42a97a15c06acb6b8) Importer(815301076,1909f56bfc062723c751e8b465ee728b)
Start importing Assets/Prefabs/Rocket.prefab using Guid(4a230b035b777eb42a97a15c06acb6b8) Importer(815301076,1909f56bfc062723c751e8b465ee728b) [PhysX] Initialized MultithreadedTaskDispatcher with 8 workers.
 -> (artifact id: '0519d5831716a3e2e70c5d3c78b8e4e4') in 0.000367 seconds
Number of updated asset objects reloaded before import = 0
Number of asset objects unloaded after import = 0
========================================================================
Received Import Request.
  Time since last request: 3.816454 seconds.
  path: Assets/Prefabs/Mig21.prefab
  artifactKey: Guid(4f92e5782b1ca6f4dbb7835ef760bd9e) Importer(815301076,1909f56bfc062723c751e8b465ee728b)
Start importing Assets/Prefabs/Mig21.prefab using Guid(4f92e5782b1ca6f4dbb7835ef760bd9e) Importer(815301076,1909f56bfc062723c751e8b465ee728b) [PhysX] Initialized MultithreadedTaskDispatcher with 8 workers.
 -> (artifact id: 'd91f9b398a418afbd94e0648db4f24f8') in 0.000655 seconds
Number of updated asset objects reloaded before import = 0
Number of asset objects unloaded after import = 0
========================================================================
Received Import Request.
  Time since last request: 0.000019 seconds.
  path: Assets/Prefabs/Su30SM.prefab
  artifactKey: Guid(39a034aa202e50c40b5a5e7a6a9439f3) Importer(815301076,1909f56bfc062723c751e8b465ee728b)
Start importing Assets/Prefabs/Su30SM.prefab using Guid(39a034aa202e50c40b5a5e7a6a9439f3) Importer(815301076,1909f56bfc062723c751e8b465ee728b) [PhysX] Initialized MultithreadedTaskDispatcher with 8 workers.
 -> (artifact id: 'b516dc64f6eb55ba79b47fb7bf579096') in 0.000592 seconds
Number of updated asset objects reloaded before import = 0
Number of asset objects unloaded after import = 0
========================================================================
Received Import Request.
  Time since last request: 0.000016 seconds.
  path: Assets/Prefabs/Rocket.prefab
  artifactKey: Guid(4a230b035b777eb42a97a15c06acb6b8) Importer(815301076,1909f56bfc062723c751e8b465ee728b)
Start importing Assets/Prefabs/Rocket.prefab using Guid(4a230b035b777eb42a97a15c06acb6b8) Importer(815301076,1909f56bfc062723c751e8b465ee728b) [PhysX] Initialized MultithreadedTaskDispatcher with 8 workers.
 -> (artifact id: '0519d5831716a3e2e70c5d3c78b8e4e4') in 0.000522 seconds
Number of updated asset objects reloaded before import = 0
Number of asset objects unloaded after import = 0
========================================================================
Received Import Request.
  Time since last request: 3.860297 seconds.
  path: Assets/Prefabs/Mig21.prefab
  artifactKey: Guid(4f92e5782b1ca6f4dbb7835ef760bd9e) Importer(815301076,1909f56bfc062723c751e8b465ee728b)
Start importing Assets/Prefabs/Mig21.prefab using Guid(4f92e5782b1ca6f4dbb7835ef760bd9e) Importer(815301076,1909f56bfc062723c751e8b465ee728b) [PhysX] Initialized MultithreadedTaskDispatcher with 8 workers.
 -> (artifact id: 'd91f9b398a418afbd94e0648db4f24f8') in 0.000598 seconds
Number of updated asset objects reloaded before import = 0
Number of asset objects unloaded after import = 0
========================================================================
Received Import Request.
  Time since last request: 0.000017 seconds.
  path: Assets/Prefabs/Su30SM.prefab
  artifactKey: Guid(39a034aa202e50c40b5a5e7a6a9439f3) Importer(815301076,1909f56bfc062723c751e8b465ee728b)
Start importing Assets/Prefabs/Su30SM.prefab using Guid(39a034aa202e50c40b5a5e7a6a9439f3) Importer(815301076,1909f56bfc062723c751e8b465ee728b) [PhysX] Initialized MultithreadedTaskDispatcher with 8 workers.
 -> (artifact id: 'b516dc64f6eb55ba79b47fb7bf579096') in 0.000430 seconds
Number of updated asset objects reloaded before import = 0
Number of asset objects unloaded after import = 0
========================================================================
Received Import Request.
  Time since last request: 0.000023 seconds.
  path: Assets/Prefabs/Rocket.prefab
  artifactKey: Guid(4a230b035b777eb42a97a15c06acb6b8) Importer(815301076,1909f56bfc062723c751e8b465ee728b)
Start importing Assets/Prefabs/Rocket.prefab using Guid(4a230b035b777eb42a97a15c06acb6b8) Importer(815301076,1909f56bfc062723c751e8b465ee728b) [PhysX] Initialized MultithreadedTaskDispatcher with 8 workers.
 -> (artifact id: '0519d5831716a3e2e70c5d3c78b8e4e4') in 0.000435 seconds
Number of updated asset objects reloaded before import = 0
Number of asset objects unloaded after import = 0
========================================================================
Received Import Request.
  Time since last request: 0.405382 seconds.
  path: Assets/Prefabs/Mig21.prefab
  artifactKey: Guid(4f92e5782b1ca6f4dbb7835ef760bd9e) Importer(815301076,1909f56bfc062723c751e8b465ee728b)
Start importing Assets/Prefabs/Mig21.prefab using Guid(4f92e5782b1ca6f4dbb7835ef760bd9e) Importer(815301076,1909f56bfc062723c751e8b465ee728b) [PhysX] Initialized MultithreadedTaskDispatcher with 8 workers.
 -> (artifact id: 'd91f9b398a418afbd94e0648db4f24f8') in 0.000475 seconds
Number of updated asset objects reloaded before import = 0
Number of asset objects unloaded after import = 0
========================================================================
Received Import Request.
  Time since last request: 0.000029 seconds.
  path: Assets/Prefabs/Su30SM.prefab
  artifactKey: Guid(39a034aa202e50c40b5a5e7a6a9439f3) Importer(815301076,1909f56bfc062723c751e8b465ee728b)
Start importing Assets/Prefabs/Su30SM.prefab using Guid(39a034aa202e50c40b5a5e7a6a9439f3) Importer(815301076,1909f56bfc062723c751e8b465ee728b) [PhysX] Initialized MultithreadedTaskDispatcher with 8 workers.
 -> (artifact id: 'b516dc64f6eb55ba79b47fb7bf579096') in 0.000511 seconds
Number of updated asset objects reloaded before import = 0
Number of asset objects unloaded after import = 0
========================================================================
Received Import Request.
  Time since last request: 0.000014 seconds.
  path: Assets/Prefabs/Rocket.prefab
  artifactKey: Guid(4a230b035b777eb42a97a15c06acb6b8) Importer(815301076,1909f56bfc062723c751e8b465ee728b)
Start importing Assets/Prefabs/Rocket.prefab using Guid(4a230b035b777eb42a97a15c06acb6b8) Importer(815301076,1909f56bfc062723c751e8b465ee728b) [PhysX] Initialized MultithreadedTaskDispatcher with 8 workers.
 -> (artifact id: '0519d5831716a3e2e70c5d3c78b8e4e4') in 0.000377 seconds
Number of updated asset objects reloaded before import = 0
Number of asset objects unloaded after import = 0
========================================================================
Received Import Request.
  Time since last request: 62.849195 seconds.
  path: Assets/Prefabs/Mig21.prefab
  artifactKey: Guid(4f92e5782b1ca6f4dbb7835ef760bd9e) Importer(815301076,1909f56bfc062723c751e8b465ee728b)
Start importing Assets/Prefabs/Mig21.prefab using Guid(4f92e5782b1ca6f4dbb7835ef760bd9e) Importer(815301076,1909f56bfc062723c751e8b465ee728b) [PhysX] Initialized MultithreadedTaskDispatcher with 8 workers.
 -> (artifact id: 'd91f9b398a418afbd94e0648db4f24f8') in 0.000713 seconds
Number of updated asset objects reloaded before import = 0
Number of asset objects unloaded after import = 0
========================================================================
Received Import Request.
  Time since last request: 0.000015 seconds.
  path: Assets/Prefabs/Su30SM.prefab
  artifactKey: Guid(39a034aa202e50c40b5a5e7a6a9439f3) Importer(815301076,1909f56bfc062723c751e8b465ee728b)
Start importing Assets/Prefabs/Su30SM.prefab using Guid(39a034aa202e50c40b5a5e7a6a9439f3) Importer(815301076,1909f56bfc062723c751e8b465ee728b) [PhysX] Initialized MultithreadedTaskDispatcher with 8 workers.
 -> (artifact id: 'b516dc64f6eb55ba79b47fb7bf579096') in 0.000374 seconds
Number of updated asset objects reloaded before import = 0
Number of asset objects unloaded after import = 0
========================================================================
Received Import Request.
  Time since last request: 0.000010 seconds.
  path: Assets/Prefabs/Rocket.prefab
  artifactKey: Guid(4a230b035b777eb42a97a15c06acb6b8) Importer(815301076,1909f56bfc062723c751e8b465ee728b)
Start importing Assets/Prefabs/Rocket.prefab using Guid(4a230b035b777eb42a97a15c06acb6b8) Importer(815301076,1909f56bfc062723c751e8b465ee728b) [PhysX] Initialized MultithreadedTaskDispatcher with 8 workers.
 -> (artifact id: '0519d5831716a3e2e70c5d3c78b8e4e4') in 0.000297 seconds
Number of updated asset objects reloaded before import = 0
Number of asset objects unloaded after import = 0
========================================================================
Received Import Request.
  Time since last request: 0.195911 seconds.
  path: Assets/Prefabs/Mig21.prefab
  artifactKey: Guid(4f92e5782b1ca6f4dbb7835ef760bd9e) Importer(815301076,1909f56bfc062723c751e8b465ee728b)
Start importing Assets/Prefabs/Mig21.prefab using Guid(4f92e5782b1ca6f4dbb7835ef760bd9e) Importer(815301076,1909f56bfc062723c751e8b465ee728b) [PhysX] Initialized MultithreadedTaskDispatcher with 8 workers.
 -> (artifact id: 'd91f9b398a418afbd94e0648db4f24f8') in 0.000532 seconds
Number of updated asset objects reloaded before import = 0
Number of asset objects unloaded after import = 0
========================================================================
Received Import Request.
  Time since last request: 0.000019 seconds.
  path: Assets/Prefabs/Su30SM.prefab
  artifactKey: Guid(39a034aa202e50c40b5a5e7a6a9439f3) Importer(815301076,1909f56bfc062723c751e8b465ee728b)
Start importing Assets/Prefabs/Su30SM.prefab using Guid(39a034aa202e50c40b5a5e7a6a9439f3) Importer(815301076,1909f56bfc062723c751e8b465ee728b) [PhysX] Initialized MultithreadedTaskDispatcher with 8 workers.
 -> (artifact id: 'b516dc64f6eb55ba79b47fb7bf579096') in 0.000342 seconds
Number of updated asset objects reloaded before import = 0
Number of asset objects unloaded after import = 0
========================================================================
Received Import Request.
  Time since last request: 0.000042 seconds.
  path: Assets/Prefabs/Rocket.prefab
  artifactKey: Guid(4a230b035b777eb42a97a15c06acb6b8) Importer(815301076,1909f56bfc062723c751e8b465ee728b)
Start importing Assets/Prefabs/Rocket.prefab using Guid(4a230b035b777eb42a97a15c06acb6b8) Importer(815301076,1909f56bfc062723c751e8b465ee728b) [PhysX] Initialized MultithreadedTaskDispatcher with 8 workers.
 -> (artifact id: '0519d5831716a3e2e70c5d3c78b8e4e4') in 0.000263 seconds
Number of updated asset objects reloaded before import = 0
Number of asset objects unloaded after import = 0
========================================================================
Received Import Request.
  Time since last request: 0.435425 seconds.
  path: Assets/Prefabs/Mig21.prefab
  artifactKey: Guid(4f92e5782b1ca6f4dbb7835ef760bd9e) Importer(815301076,1909f56bfc062723c751e8b465ee728b)
Start importing Assets/Prefabs/Mig21.prefab using Guid(4f92e5782b1ca6f4dbb7835ef760bd9e) Importer(815301076,1909f56bfc062723c751e8b465ee728b) [PhysX] Initialized MultithreadedTaskDispatcher with 8 workers.
 -> (artifact id: 'd91f9b398a418afbd94e0648db4f24f8') in 0.000486 seconds
Number of updated asset objects reloaded before import = 0
Number of asset objects unloaded after import = 0
========================================================================
Received Import Request.
  Time since last request: 0.000018 seconds.
  path: Assets/Prefabs/Su30SM.prefab
  artifactKey: Guid(39a034aa202e50c40b5a5e7a6a9439f3) Importer(815301076,1909f56bfc062723c751e8b465ee728b)
Start importing Assets/Prefabs/Su30SM.prefab using Guid(39a034aa202e50c40b5a5e7a6a9439f3) Importer(815301076,1909f56bfc062723c751e8b465ee728b) [PhysX] Initialized MultithreadedTaskDispatcher with 8 workers.
 -> (artifact id: 'b516dc64f6eb55ba79b47fb7bf579096') in 0.000558 seconds
Number of updated asset objects reloaded before import = 0
Number of asset objects unloaded after import = 0
========================================================================
Received Import Request.
  Time since last request: 0.000026 seconds.
  path: Assets/Prefabs/Rocket.prefab
  artifactKey: Guid(4a230b035b777eb42a97a15c06acb6b8) Importer(815301076,1909f56bfc062723c751e8b465ee728b)
Start importing Assets/Prefabs/Rocket.prefab using Guid(4a230b035b777eb42a97a15c06acb6b8) Importer(815301076,1909f56bfc062723c751e8b465ee728b) [PhysX] Initialized MultithreadedTaskDispatcher with 8 workers.
 -> (artifact id: '0519d5831716a3e2e70c5d3c78b8e4e4') in 0.000417 seconds
Number of updated asset objects reloaded before import = 0
Number of asset objects unloaded after import = 0
========================================================================
Received Import Request.
  Time since last request: 12.054484 seconds.
  path: Assets/Prefabs/Mig21.prefab
  artifactKey: Guid(4f92e5782b1ca6f4dbb7835ef760bd9e) Importer(815301076,1909f56bfc062723c751e8b465ee728b)
Start importing Assets/Prefabs/Mig21.prefab using Guid(4f92e5782b1ca6f4dbb7835ef760bd9e) Importer(815301076,1909f56bfc062723c751e8b465ee728b) [PhysX] Initialized MultithreadedTaskDispatcher with 8 workers.
 -> (artifact id: 'd91f9b398a418afbd94e0648db4f24f8') in 0.000508 seconds
Number of updated asset objects reloaded before import = 0
Number of asset objects unloaded after import = 0
========================================================================
Received Import Request.
  Time since last request: 0.000016 seconds.
  path: Assets/Prefabs/Su30SM.prefab
  artifactKey: Guid(39a034aa202e50c40b5a5e7a6a9439f3) Importer(815301076,1909f56bfc062723c751e8b465ee728b)
Start importing Assets/Prefabs/Su30SM.prefab using Guid(39a034aa202e50c40b5a5e7a6a9439f3) Importer(815301076,1909f56bfc062723c751e8b465ee728b) [PhysX] Initialized MultithreadedTaskDispatcher with 8 workers.
 -> (artifact id: 'b516dc64f6eb55ba79b47fb7bf579096') in 0.000348 seconds
Number of updated asset objects reloaded before import = 0
Number of asset objects unloaded after import = 0
========================================================================
Received Import Request.
  Time since last request: 0.000010 seconds.
  path: Assets/Prefabs/Rocket.prefab
  artifactKey: Guid(4a230b035b777eb42a97a15c06acb6b8) Importer(815301076,1909f56bfc062723c751e8b465ee728b)
Start importing Assets/Prefabs/Rocket.prefab using Guid(4a230b035b777eb42a97a15c06acb6b8) Importer(815301076,1909f56bfc062723c751e8b465ee728b) [PhysX] Initialized MultithreadedTaskDispatcher with 8 workers.
 -> (artifact id: '0519d5831716a3e2e70c5d3c78b8e4e4') in 0.000227 seconds
Number of updated asset objects reloaded before import = 0
Number of asset objects unloaded after import = 0
========================================================================
Received Import Request.
  Time since last request: 77.085243 seconds.
  path: Assets/Prefabs/Mig21.prefab
  artifactKey: Guid(4f92e5782b1ca6f4dbb7835ef760bd9e) Importer(815301076,1909f56bfc062723c751e8b465ee728b)
Start importing Assets/Prefabs/Mig21.prefab using Guid(4f92e5782b1ca6f4dbb7835ef760bd9e) Importer(815301076,1909f56bfc062723c751e8b465ee728b) [PhysX] Initialized MultithreadedTaskDispatcher with 8 workers.
 -> (artifact id: 'd91f9b398a418afbd94e0648db4f24f8') in 0.000476 seconds
Number of updated asset objects reloaded before import = 0
Number of asset objects unloaded after import = 0
========================================================================
Received Import Request.
  Time since last request: 0.000018 seconds.
  path: Assets/Prefabs/Su30SM.prefab
  artifactKey: Guid(39a034aa202e50c40b5a5e7a6a9439f3) Importer(815301076,1909f56bfc062723c751e8b465ee728b)
Start importing Assets/Prefabs/Su30SM.prefab using Guid(39a034aa202e50c40b5a5e7a6a9439f3) Importer(815301076,1909f56bfc062723c751e8b465ee728b) [PhysX] Initialized MultithreadedTaskDispatcher with 8 workers.
 -> (artifact id: 'b516dc64f6eb55ba79b47fb7bf579096') in 0.000390 seconds
Number of updated asset objects reloaded before import = 0
Number of asset objects unloaded after import = 0
========================================================================
Received Import Request.
  Time since last request: 0.000074 seconds.
  path: Assets/Prefabs/Rocket.prefab
  artifactKey: Guid(4a230b035b777eb42a97a15c06acb6b8) Importer(815301076,1909f56bfc062723c751e8b465ee728b)
Start importing Assets/Prefabs/Rocket.prefab using Guid(4a230b035b777eb42a97a15c06acb6b8) Importer(815301076,1909f56bfc062723c751e8b465ee728b) [PhysX] Initialized MultithreadedTaskDispatcher with 8 workers.
 -> (artifact id: '0519d5831716a3e2e70c5d3c78b8e4e4') in 0.000408 seconds
Number of updated asset objects reloaded before import = 0
Number of asset objects unloaded after import = 0
========================================================================
Received Import Request.
  Time since last request: 3.160578 seconds.
  path: Assets/Prefabs/Mig21.prefab
  artifactKey: Guid(4f92e5782b1ca6f4dbb7835ef760bd9e) Importer(815301076,1909f56bfc062723c751e8b465ee728b)
Start importing Assets/Prefabs/Mig21.prefab using Guid(4f92e5782b1ca6f4dbb7835ef760bd9e) Importer(815301076,1909f56bfc062723c751e8b465ee728b) [PhysX] Initialized MultithreadedTaskDispatcher with 8 workers.
 -> (artifact id: 'd91f9b398a418afbd94e0648db4f24f8') in 0.000468 seconds
Number of updated asset objects reloaded before import = 0
Number of asset objects unloaded after import = 0
========================================================================
Received Import Request.
  Time since last request: 0.000026 seconds.
  path: Assets/Prefabs/Su30SM.prefab
  artifactKey: Guid(39a034aa202e50c40b5a5e7a6a9439f3) Importer(815301076,1909f56bfc062723c751e8b465ee728b)
Start importing Assets/Prefabs/Su30SM.prefab using Guid(39a034aa202e50c40b5a5e7a6a9439f3) Importer(815301076,1909f56bfc062723c751e8b465ee728b) [PhysX] Initialized MultithreadedTaskDispatcher with 8 workers.
 -> (artifact id: 'b516dc64f6eb55ba79b47fb7bf579096') in 0.000330 seconds
Number of updated asset objects reloaded before import = 0
Number of asset objects unloaded after import = 0
========================================================================
Received Import Request.
  Time since last request: 0.000009 seconds.
  path: Assets/Prefabs/Rocket.prefab
  artifactKey: Guid(4a230b035b777eb42a97a15c06acb6b8) Importer(815301076,1909f56bfc062723c751e8b465ee728b)
Start importing Assets/Prefabs/Rocket.prefab using Guid(4a230b035b777eb42a97a15c06acb6b8) Importer(815301076,1909f56bfc062723c751e8b465ee728b) [PhysX] Initialized MultithreadedTaskDispatcher with 8 workers.
 -> (artifact id: '0519d5831716a3e2e70c5d3c78b8e4e4') in 0.000408 seconds
Number of updated asset objects reloaded before import = 0
Number of asset objects unloaded after import = 0
========================================================================
Received Import Request.
  Time since last request: 23.556706 seconds.
  path: Assets/Prefabs/Mig21.prefab
  artifactKey: Guid(4f92e5782b1ca6f4dbb7835ef760bd9e) Importer(815301076,1909f56bfc062723c751e8b465ee728b)
Start importing Assets/Prefabs/Mig21.prefab using Guid(4f92e5782b1ca6f4dbb7835ef760bd9e) Importer(815301076,1909f56bfc062723c751e8b465ee728b) [PhysX] Initialized MultithreadedTaskDispatcher with 8 workers.
 -> (artifact id: 'd91f9b398a418afbd94e0648db4f24f8') in 0.000707 seconds
Number of updated asset objects reloaded before import = 0
Number of asset objects unloaded after import = 0
========================================================================
Received Import Request.
  Time since last request: 0.000122 seconds.
  path: Assets/Prefabs/Su30SM.prefab
  artifactKey: Guid(39a034aa202e50c40b5a5e7a6a9439f3) Importer(815301076,1909f56bfc062723c751e8b465ee728b)
Start importing Assets/Prefabs/Su30SM.prefab using Guid(39a034aa202e50c40b5a5e7a6a9439f3) Importer(815301076,1909f56bfc062723c751e8b465ee728b) [PhysX] Initialized MultithreadedTaskDispatcher with 8 workers.
 -> (artifact id: 'b516dc64f6eb55ba79b47fb7bf579096') in 0.000478 seconds
Number of updated asset objects reloaded before import = 0
Number of asset objects unloaded after import = 0
========================================================================
Received Import Request.
  Time since last request: 0.000020 seconds.
  path: Assets/Prefabs/Rocket.prefab
  artifactKey: Guid(4a230b035b777eb42a97a15c06acb6b8) Importer(815301076,1909f56bfc062723c751e8b465ee728b)
Start importing Assets/Prefabs/Rocket.prefab using Guid(4a230b035b777eb42a97a15c06acb6b8) Importer(815301076,1909f56bfc062723c751e8b465ee728b) [PhysX] Initialized MultithreadedTaskDispatcher with 8 workers.
 -> (artifact id: '0519d5831716a3e2e70c5d3c78b8e4e4') in 0.000276 seconds
Number of updated asset objects reloaded before import = 0
Number of asset objects unloaded after import = 0
========================================================================
Received Import Request.
  Time since last request: 14.539709 seconds.
  path: Assets/Prefabs/Mig21.prefab
  artifactKey: Guid(4f92e5782b1ca6f4dbb7835ef760bd9e) Importer(815301076,1909f56bfc062723c751e8b465ee728b)
Start importing Assets/Prefabs/Mig21.prefab using Guid(4f92e5782b1ca6f4dbb7835ef760bd9e) Importer(815301076,1909f56bfc062723c751e8b465ee728b) [PhysX] Initialized MultithreadedTaskDispatcher with 8 workers.
 -> (artifact id: 'd91f9b398a418afbd94e0648db4f24f8') in 0.000507 seconds
Number of updated asset objects reloaded before import = 0
Number of asset objects unloaded after import = 0
========================================================================
Received Import Request.
  Time since last request: 0.000016 seconds.
  path: Assets/Prefabs/Su30SM.prefab
  artifactKey: Guid(39a034aa202e50c40b5a5e7a6a9439f3) Importer(815301076,1909f56bfc062723c751e8b465ee728b)
Start importing Assets/Prefabs/Su30SM.prefab using Guid(39a034aa202e50c40b5a5e7a6a9439f3) Importer(815301076,1909f56bfc062723c751e8b465ee728b) [PhysX] Initialized MultithreadedTaskDispatcher with 8 workers.
 -> (artifact id: 'b516dc64f6eb55ba79b47fb7bf579096') in 0.000366 seconds
Number of updated asset objects reloaded before import = 0
Number of asset objects unloaded after import = 0
========================================================================
Received Import Request.
  Time since last request: 0.000010 seconds.
  path: Assets/Prefabs/Rocket.prefab
  artifactKey: Guid(4a230b035b777eb42a97a15c06acb6b8) Importer(815301076,1909f56bfc062723c751e8b465ee728b)
Start importing Assets/Prefabs/Rocket.prefab using Guid(4a230b035b777eb42a97a15c06acb6b8) Importer(815301076,1909f56bfc062723c751e8b465ee728b) [PhysX] Initialized MultithreadedTaskDispatcher with 8 workers.
 -> (artifact id: '0519d5831716a3e2e70c5d3c78b8e4e4') in 0.000275 seconds
Number of updated asset objects reloaded before import = 0
Number of asset objects unloaded after import = 0
========================================================================
Received Import Request.
  Time since last request: 12.880677 seconds.
  path: Assets/Prefabs/Mig21.prefab
  artifactKey: Guid(4f92e5782b1ca6f4dbb7835ef760bd9e) Importer(815301076,1909f56bfc062723c751e8b465ee728b)
Start importing Assets/Prefabs/Mig21.prefab using Guid(4f92e5782b1ca6f4dbb7835ef760bd9e) Importer(815301076,1909f56bfc062723c751e8b465ee728b) [PhysX] Initialized MultithreadedTaskDispatcher with 8 workers.
 -> (artifact id: 'd91f9b398a418afbd94e0648db4f24f8') in 0.000610 seconds
Number of updated asset objects reloaded before import = 0
Number of asset objects unloaded after import = 0
========================================================================
Received Import Request.
  Time since last request: 0.000016 seconds.
  path: Assets/Prefabs/Su30SM.prefab
  artifactKey: Guid(39a034aa202e50c40b5a5e7a6a9439f3) Importer(815301076,1909f56bfc062723c751e8b465ee728b)
Start importing Assets/Prefabs/Su30SM.prefab using Guid(39a034aa202e50c40b5a5e7a6a9439f3) Importer(815301076,1909f56bfc062723c751e8b465ee728b) [PhysX] Initialized MultithreadedTaskDispatcher with 8 workers.
 -> (artifact id: 'b516dc64f6eb55ba79b47fb7bf579096') in 0.000370 seconds
Number of updated asset objects reloaded before import = 0
Number of asset objects unloaded after import = 0
========================================================================
Received Import Request.
  Time since last request: 0.000014 seconds.
  path: Assets/Prefabs/Rocket.prefab
  artifactKey: Guid(4a230b035b777eb42a97a15c06acb6b8) Importer(815301076,1909f56bfc062723c751e8b465ee728b)
Start importing Assets/Prefabs/Rocket.prefab using Guid(4a230b035b777eb42a97a15c06acb6b8) Importer(815301076,1909f56bfc062723c751e8b465ee728b) [PhysX] Initialized MultithreadedTaskDispatcher with 8 workers.
 -> (artifact id: '0519d5831716a3e2e70c5d3c78b8e4e4') in 0.000364 seconds
Number of updated asset objects reloaded before import = 0
Number of asset objects unloaded after import = 0
========================================================================
Received Import Request.
  Time since last request: 6.980579 seconds.
  path: Assets/Prefabs/Mig21.prefab
  artifactKey: Guid(4f92e5782b1ca6f4dbb7835ef760bd9e) Importer(815301076,1909f56bfc062723c751e8b465ee728b)
Start importing Assets/Prefabs/Mig21.prefab using Guid(4f92e5782b1ca6f4dbb7835ef760bd9e) Importer(815301076,1909f56bfc062723c751e8b465ee728b) [PhysX] Initialized MultithreadedTaskDispatcher with 8 workers.
 -> (artifact id: 'd91f9b398a418afbd94e0648db4f24f8') in 0.000894 seconds
Number of updated asset objects reloaded before import = 0
Number of asset objects unloaded after import = 0
========================================================================
Received Import Request.
  Time since last request: 0.000020 seconds.
  path: Assets/Prefabs/Su30SM.prefab
  artifactKey: Guid(39a034aa202e50c40b5a5e7a6a9439f3) Importer(815301076,1909f56bfc062723c751e8b465ee728b)
Start importing Assets/Prefabs/Su30SM.prefab using Guid(39a034aa202e50c40b5a5e7a6a9439f3) Importer(815301076,1909f56bfc062723c751e8b465ee728b) [PhysX] Initialized MultithreadedTaskDispatcher with 8 workers.
 -> (artifact id: 'b516dc64f6eb55ba79b47fb7bf579096') in 0.000482 seconds
Number of updated asset objects reloaded before import = 0
Number of asset objects unloaded after import = 0
========================================================================
Received Import Request.
  Time since last request: 1.225021 seconds.
  path: Assets/Prefabs/Mig21.prefab
  artifactKey: Guid(4f92e5782b1ca6f4dbb7835ef760bd9e) Importer(815301076,1909f56bfc062723c751e8b465ee728b)
Start importing Assets/Prefabs/Mig21.prefab using Guid(4f92e5782b1ca6f4dbb7835ef760bd9e) Importer(815301076,1909f56bfc062723c751e8b465ee728b) [PhysX] Initialized MultithreadedTaskDispatcher with 8 workers.
 -> (artifact id: 'd91f9b398a418afbd94e0648db4f24f8') in 0.000452 seconds
Number of updated asset objects reloaded before import = 0
Number of asset objects unloaded after import = 0
========================================================================
Received Import Request.
  Time since last request: 0.000016 seconds.
  path: Assets/Prefabs/Su30SM.prefab
  artifactKey: Guid(39a034aa202e50c40b5a5e7a6a9439f3) Importer(815301076,1909f56bfc062723c751e8b465ee728b)
Start importing Assets/Prefabs/Su30SM.prefab using Guid(39a034aa202e50c40b5a5e7a6a9439f3) Importer(815301076,1909f56bfc062723c751e8b465ee728b) [PhysX] Initialized MultithreadedTaskDispatcher with 8 workers.
 -> (artifact id: 'b516dc64f6eb55ba79b47fb7bf579096') in 0.000453 seconds
Number of updated asset objects reloaded before import = 0
Number of asset objects unloaded after import = 0
========================================================================
Received Import Request.
  Time since last request: 1.278925 seconds.
  path: Assets/Prefabs/Mig21.prefab
  artifactKey: Guid(4f92e5782b1ca6f4dbb7835ef760bd9e) Importer(815301076,1909f56bfc062723c751e8b465ee728b)
Start importing Assets/Prefabs/Mig21.prefab using Guid(4f92e5782b1ca6f4dbb7835ef760bd9e) Importer(815301076,1909f56bfc062723c751e8b465ee728b) [PhysX] Initialized MultithreadedTaskDispatcher with 8 workers.
 -> (artifact id: 'd91f9b398a418afbd94e0648db4f24f8') in 0.000904 seconds
Number of updated asset objects reloaded before import = 0
Number of asset objects unloaded after import = 0
========================================================================
Received Import Request.
  Time since last request: 2.131156 seconds.
  path: Assets/Prefabs/Mig21.prefab
  artifactKey: Guid(4f92e5782b1ca6f4dbb7835ef760bd9e) Importer(815301076,1909f56bfc062723c751e8b465ee728b)
Start importing Assets/Prefabs/Mig21.prefab using Guid(4f92e5782b1ca6f4dbb7835ef760bd9e) Importer(815301076,1909f56bfc062723c751e8b465ee728b) [PhysX] Initialized MultithreadedTaskDispatcher with 8 workers.
 -> (artifact id: 'd91f9b398a418afbd94e0648db4f24f8') in 0.000486 seconds
Number of updated asset objects reloaded before import = 0
Number of asset objects unloaded after import = 0
========================================================================
Received Import Request.
  Time since last request: 0.000017 seconds.
  path: Assets/Prefabs/Su30SM.prefab
  artifactKey: Guid(39a034aa202e50c40b5a5e7a6a9439f3) Importer(815301076,1909f56bfc062723c751e8b465ee728b)
Start importing Assets/Prefabs/Su30SM.prefab using Guid(39a034aa202e50c40b5a5e7a6a9439f3) Importer(815301076,1909f56bfc062723c751e8b465ee728b) [PhysX] Initialized MultithreadedTaskDispatcher with 8 workers.
 -> (artifact id: 'b516dc64f6eb55ba79b47fb7bf579096') in 0.000353 seconds
Number of updated asset objects reloaded before import = 0
Number of asset objects unloaded after import = 0
========================================================================
Received Import Request.
  Time since last request: 1.280565 seconds.
  path: Assets/Prefabs/Mig21.prefab
  artifactKey: Guid(4f92e5782b1ca6f4dbb7835ef760bd9e) Importer(815301076,1909f56bfc062723c751e8b465ee728b)
Start importing Assets/Prefabs/Mig21.prefab using Guid(4f92e5782b1ca6f4dbb7835ef760bd9e) Importer(815301076,1909f56bfc062723c751e8b465ee728b) [PhysX] Initialized MultithreadedTaskDispatcher with 8 workers.
 -> (artifact id: 'd91f9b398a418afbd94e0648db4f24f8') in 0.000606 seconds
Number of updated asset objects reloaded before import = 0
Number of asset objects unloaded after import = 0
========================================================================
Received Import Request.
  Time since last request: 0.000016 seconds.
  path: Assets/Prefabs/Su30SM.prefab
  artifactKey: Guid(39a034aa202e50c40b5a5e7a6a9439f3) Importer(815301076,1909f56bfc062723c751e8b465ee728b)
Start importing Assets/Prefabs/Su30SM.prefab using Guid(39a034aa202e50c40b5a5e7a6a9439f3) Importer(815301076,1909f56bfc062723c751e8b465ee728b) [PhysX] Initialized MultithreadedTaskDispatcher with 8 workers.
 -> (artifact id: 'b516dc64f6eb55ba79b47fb7bf579096') in 0.000512 seconds
Number of updated asset objects reloaded before import = 0
Number of asset objects unloaded after import = 0
========================================================================
Received Import Request.
  Time since last request: 15.139993 seconds.
  path: Assets/Prefabs/Mig21.prefab
  artifactKey: Guid(4f92e5782b1ca6f4dbb7835ef760bd9e) Importer(815301076,1909f56bfc062723c751e8b465ee728b)
Start importing Assets/Prefabs/Mig21.prefab using Guid(4f92e5782b1ca6f4dbb7835ef760bd9e) Importer(815301076,1909f56bfc062723c751e8b465ee728b) [PhysX] Initialized MultithreadedTaskDispatcher with 8 workers.
 -> (artifact id: 'd91f9b398a418afbd94e0648db4f24f8') in 0.000659 seconds
Number of updated asset objects reloaded before import = 0
Number of asset objects unloaded after import = 0
========================================================================
Received Import Request.
  Time since last request: 0.000020 seconds.
  path: Assets/Prefabs/Su30SM.prefab
  artifactKey: Guid(39a034aa202e50c40b5a5e7a6a9439f3) Importer(815301076,1909f56bfc062723c751e8b465ee728b)
Start importing Assets/Prefabs/Su30SM.prefab using Guid(39a034aa202e50c40b5a5e7a6a9439f3) Importer(815301076,1909f56bfc062723c751e8b465ee728b) [PhysX] Initialized MultithreadedTaskDispatcher with 8 workers.
 -> (artifact id: 'b516dc64f6eb55ba79b47fb7bf579096') in 0.000571 seconds
Number of updated asset objects reloaded before import = 0
Number of asset objects unloaded after import = 0
========================================================================
Received Import Request.
  Time since last request: 0.000170 seconds.
  path: Assets/Prefabs/Rocket.prefab
  artifactKey: Guid(4a230b035b777eb42a97a15c06acb6b8) Importer(815301076,1909f56bfc062723c751e8b465ee728b)
Start importing Assets/Prefabs/Rocket.prefab using Guid(4a230b035b777eb42a97a15c06acb6b8) Importer(815301076,1909f56bfc062723c751e8b465ee728b) [PhysX] Initialized MultithreadedTaskDispatcher with 8 workers.
 -> (artifact id: '0519d5831716a3e2e70c5d3c78b8e4e4') in 0.000854 seconds
Number of updated asset objects reloaded before import = 0
Number of asset objects unloaded after import = 0
========================================================================
Received Import Request.
  Time since last request: 1.711275 seconds.
  path: Assets/Prefabs/Mig21.prefab
  artifactKey: Guid(4f92e5782b1ca6f4dbb7835ef760bd9e) Importer(815301076,1909f56bfc062723c751e8b465ee728b)
Start importing Assets/Prefabs/Mig21.prefab using Guid(4f92e5782b1ca6f4dbb7835ef760bd9e) Importer(815301076,1909f56bfc062723c751e8b465ee728b) [PhysX] Initialized MultithreadedTaskDispatcher with 8 workers.
 -> (artifact id: 'd91f9b398a418afbd94e0648db4f24f8') in 0.000801 seconds
Number of updated asset objects reloaded before import = 0
Number of asset objects unloaded after import = 0
========================================================================
Received Import Request.
  Time since last request: 0.000022 seconds.
  path: Assets/Prefabs/Su30SM.prefab
  artifactKey: Guid(39a034aa202e50c40b5a5e7a6a9439f3) Importer(815301076,1909f56bfc062723c751e8b465ee728b)
Start importing Assets/Prefabs/Su30SM.prefab using Guid(39a034aa202e50c40b5a5e7a6a9439f3) Importer(815301076,1909f56bfc062723c751e8b465ee728b) [PhysX] Initialized MultithreadedTaskDispatcher with 8 workers.
 -> (artifact id: 'b516dc64f6eb55ba79b47fb7bf579096') in 0.000629 seconds
Number of updated asset objects reloaded before import = 0
Number of asset objects unloaded after import = 0
========================================================================
Received Import Request.
  Time since last request: 8.923357 seconds.
  path: Assets/Prefabs/Mig21.prefab
  artifactKey: Guid(4f92e5782b1ca6f4dbb7835ef760bd9e) Importer(815301076,1909f56bfc062723c751e8b465ee728b)
Start importing Assets/Prefabs/Mig21.prefab using Guid(4f92e5782b1ca6f4dbb7835ef760bd9e) Importer(815301076,1909f56bfc062723c751e8b465ee728b) [PhysX] Initialized MultithreadedTaskDispatcher with 8 workers.
 -> (artifact id: 'd91f9b398a418afbd94e0648db4f24f8') in 0.000530 seconds
Number of updated asset objects reloaded before import = 0
Number of asset objects unloaded after import = 0
========================================================================
Received Import Request.
  Time since last request: 0.000014 seconds.
  path: Assets/Prefabs/Su30SM.prefab
  artifactKey: Guid(39a034aa202e50c40b5a5e7a6a9439f3) Importer(815301076,1909f56bfc062723c751e8b465ee728b)
Start importing Assets/Prefabs/Su30SM.prefab using Guid(39a034aa202e50c40b5a5e7a6a9439f3) Importer(815301076,1909f56bfc062723c751e8b465ee728b) [PhysX] Initialized MultithreadedTaskDispatcher with 8 workers.
 -> (artifact id: 'b516dc64f6eb55ba79b47fb7bf579096') in 0.000342 seconds
Number of updated asset objects reloaded before import = 0
Number of asset objects unloaded after import = 0
========================================================================
Received Import Request.
  Time since last request: 0.000010 seconds.
  path: Assets/Prefabs/Rocket.prefab
  artifactKey: Guid(4a230b035b777eb42a97a15c06acb6b8) Importer(815301076,1909f56bfc062723c751e8b465ee728b)
Start importing Assets/Prefabs/Rocket.prefab using Guid(4a230b035b777eb42a97a15c06acb6b8) Importer(815301076,1909f56bfc062723c751e8b465ee728b) [PhysX] Initialized MultithreadedTaskDispatcher with 8 workers.
 -> (artifact id: '0519d5831716a3e2e70c5d3c78b8e4e4') in 0.000242 seconds
Number of updated asset objects reloaded before import = 0
Number of asset objects unloaded after import = 0
========================================================================
Received Import Request.
  Time since last request: 0.201518 seconds.
  path: Assets/Prefabs/Mig21.prefab
  artifactKey: Guid(4f92e5782b1ca6f4dbb7835ef760bd9e) Importer(815301076,1909f56bfc062723c751e8b465ee728b)
Start importing Assets/Prefabs/Mig21.prefab using Guid(4f92e5782b1ca6f4dbb7835ef760bd9e) Importer(815301076,1909f56bfc062723c751e8b465ee728b) [PhysX] Initialized MultithreadedTaskDispatcher with 8 workers.
 -> (artifact id: 'd91f9b398a418afbd94e0648db4f24f8') in 0.000464 seconds
Number of updated asset objects reloaded before import = 0
Number of asset objects unloaded after import = 0
========================================================================
Received Import Request.
  Time since last request: 0.000018 seconds.
  path: Assets/Prefabs/Su30SM.prefab
  artifactKey: Guid(39a034aa202e50c40b5a5e7a6a9439f3) Importer(815301076,1909f56bfc062723c751e8b465ee728b)
Start importing Assets/Prefabs/Su30SM.prefab using Guid(39a034aa202e50c40b5a5e7a6a9439f3) Importer(815301076,1909f56bfc062723c751e8b465ee728b) [PhysX] Initialized MultithreadedTaskDispatcher with 8 workers.
 -> (artifact id: 'b516dc64f6eb55ba79b47fb7bf579096') in 0.000509 seconds
Number of updated asset objects reloaded before import = 0
Number of asset objects unloaded after import = 0
========================================================================
Received Import Request.
  Time since last request: 0.000016 seconds.
  path: Assets/Prefabs/Rocket.prefab
  artifactKey: Guid(4a230b035b777eb42a97a15c06acb6b8) Importer(815301076,1909f56bfc062723c751e8b465ee728b)
Start importing Assets/Prefabs/Rocket.prefab using Guid(4a230b035b777eb42a97a15c06acb6b8) Importer(815301076,1909f56bfc062723c751e8b465ee728b) [PhysX] Initialized MultithreadedTaskDispatcher with 8 workers.
 -> (artifact id: '0519d5831716a3e2e70c5d3c78b8e4e4') in 0.000396 seconds
Number of updated asset objects reloaded before import = 0
Number of asset objects unloaded after import = 0
========================================================================
Received Import Request.
  Time since last request: 0.417123 seconds.
  path: Assets/Prefabs/Mig21.prefab
  artifactKey: Guid(4f92e5782b1ca6f4dbb7835ef760bd9e) Importer(815301076,1909f56bfc062723c751e8b465ee728b)
Start importing Assets/Prefabs/Mig21.prefab using Guid(4f92e5782b1ca6f4dbb7835ef760bd9e) Importer(815301076,1909f56bfc062723c751e8b465ee728b) [PhysX] Initialized MultithreadedTaskDispatcher with 8 workers.
 -> (artifact id: 'd91f9b398a418afbd94e0648db4f24f8') in 0.001054 seconds
Number of updated asset objects reloaded before import = 0
Number of asset objects unloaded after import = 0
========================================================================
Received Import Request.
  Time since last request: 0.000021 seconds.
  path: Assets/Prefabs/Su30SM.prefab
  artifactKey: Guid(39a034aa202e50c40b5a5e7a6a9439f3) Importer(815301076,1909f56bfc062723c751e8b465ee728b)
Start importing Assets/Prefabs/Su30SM.prefab using Guid(39a034aa202e50c40b5a5e7a6a9439f3) Importer(815301076,1909f56bfc062723c751e8b465ee728b) [PhysX] Initialized MultithreadedTaskDispatcher with 8 workers.
 -> (artifact id: 'b516dc64f6eb55ba79b47fb7bf579096') in 0.000532 seconds
Number of updated asset objects reloaded before import = 0
Number of asset objects unloaded after import = 0
========================================================================
Received Import Request.
  Time since last request: 0.000021 seconds.
  path: Assets/Prefabs/Rocket.prefab
  artifactKey: Guid(4a230b035b777eb42a97a15c06acb6b8) Importer(815301076,1909f56bfc062723c751e8b465ee728b)
Start importing Assets/Prefabs/Rocket.prefab using Guid(4a230b035b777eb42a97a15c06acb6b8) Importer(815301076,1909f56bfc062723c751e8b465ee728b) [PhysX] Initialized MultithreadedTaskDispatcher with 8 workers.
 -> (artifact id: '0519d5831716a3e2e70c5d3c78b8e4e4') in 0.000461 seconds
Number of updated asset objects reloaded before import = 0
Number of asset objects unloaded after import = 0
========================================================================
Received Import Request.
  Time since last request: 1.197190 seconds.
  path: Assets/Prefabs/Mig21.prefab
  artifactKey: Guid(4f92e5782b1ca6f4dbb7835ef760bd9e) Importer(815301076,1909f56bfc062723c751e8b465ee728b)
Start importing Assets/Prefabs/Mig21.prefab using Guid(4f92e5782b1ca6f4dbb7835ef760bd9e) Importer(815301076,1909f56bfc062723c751e8b465ee728b) [PhysX] Initialized MultithreadedTaskDispatcher with 8 workers.
 -> (artifact id: 'd91f9b398a418afbd94e0648db4f24f8') in 0.000649 seconds
Number of updated asset objects reloaded before import = 0
Number of asset objects unloaded after import = 0
========================================================================
Received Import Request.
  Time since last request: 0.000018 seconds.
  path: Assets/Prefabs/Su30SM.prefab
  artifactKey: Guid(39a034aa202e50c40b5a5e7a6a9439f3) Importer(815301076,1909f56bfc062723c751e8b465ee728b)
Start importing Assets/Prefabs/Su30SM.prefab using Guid(39a034aa202e50c40b5a5e7a6a9439f3) Importer(815301076,1909f56bfc062723c751e8b465ee728b) [PhysX] Initialized MultithreadedTaskDispatcher with 8 workers.
 -> (artifact id: 'b516dc64f6eb55ba79b47fb7bf579096') in 0.000516 seconds
Number of updated asset objects reloaded before import = 0
Number of asset objects unloaded after import = 0
========================================================================
Received Import Request.
  Time since last request: 0.000016 seconds.
  path: Assets/Prefabs/Rocket.prefab
  artifactKey: Guid(4a230b035b777eb42a97a15c06acb6b8) Importer(815301076,1909f56bfc062723c751e8b465ee728b)
Start importing Assets/Prefabs/Rocket.prefab using Guid(4a230b035b777eb42a97a15c06acb6b8) Importer(815301076,1909f56bfc062723c751e8b465ee728b) [PhysX] Initialized MultithreadedTaskDispatcher with 8 workers.
 -> (artifact id: '0519d5831716a3e2e70c5d3c78b8e4e4') in 0.000508 seconds
Number of updated asset objects reloaded before import = 0
Number of asset objects unloaded after import = 0
========================================================================
Received Import Request.
  Time since last request: 1.817847 seconds.
  path: Assets/Prefabs/Mig21.prefab
  artifactKey: Guid(4f92e5782b1ca6f4dbb7835ef760bd9e) Importer(815301076,1909f56bfc062723c751e8b465ee728b)
Start importing Assets/Prefabs/Mig21.prefab using Guid(4f92e5782b1ca6f4dbb7835ef760bd9e) Importer(815301076,1909f56bfc062723c751e8b465ee728b) [PhysX] Initialized MultithreadedTaskDispatcher with 8 workers.
 -> (artifact id: 'd91f9b398a418afbd94e0648db4f24f8') in 0.000533 seconds
Number of updated asset objects reloaded before import = 0
Number of asset objects unloaded after import = 0
========================================================================
Received Import Request.
  Time since last request: 0.000016 seconds.
  path: Assets/Prefabs/Su30SM.prefab
  artifactKey: Guid(39a034aa202e50c40b5a5e7a6a9439f3) Importer(815301076,1909f56bfc062723c751e8b465ee728b)
Start importing Assets/Prefabs/Su30SM.prefab using Guid(39a034aa202e50c40b5a5e7a6a9439f3) Importer(815301076,1909f56bfc062723c751e8b465ee728b) [PhysX] Initialized MultithreadedTaskDispatcher with 8 workers.
 -> (artifact id: 'b516dc64f6eb55ba79b47fb7bf579096') in 0.000859 seconds
Number of updated asset objects reloaded before import = 0
Number of asset objects unloaded after import = 0
========================================================================
Received Import Request.
  Time since last request: 0.000016 seconds.
  path: Assets/Prefabs/Rocket.prefab
  artifactKey: Guid(4a230b035b777eb42a97a15c06acb6b8) Importer(815301076,1909f56bfc062723c751e8b465ee728b)
Start importing Assets/Prefabs/Rocket.prefab using Guid(4a230b035b777eb42a97a15c06acb6b8) Importer(815301076,1909f56bfc062723c751e8b465ee728b) [PhysX] Initialized MultithreadedTaskDispatcher with 8 workers.
 -> (artifact id: '0519d5831716a3e2e70c5d3c78b8e4e4') in 0.000321 seconds
Number of updated asset objects reloaded before import = 0
Number of asset objects unloaded after import = 0
========================================================================
Received Import Request.
  Time since last request: 0.782668 seconds.
  path: Assets/Prefabs/Mig21.prefab
  artifactKey: Guid(4f92e5782b1ca6f4dbb7835ef760bd9e) Importer(815301076,1909f56bfc062723c751e8b465ee728b)
Start importing Assets/Prefabs/Mig21.prefab using Guid(4f92e5782b1ca6f4dbb7835ef760bd9e) Importer(815301076,1909f56bfc062723c751e8b465ee728b) [PhysX] Initialized MultithreadedTaskDispatcher with 8 workers.
 -> (artifact id: 'd91f9b398a418afbd94e0648db4f24f8') in 0.000768 seconds
Number of updated asset objects reloaded before import = 0
Number of asset objects unloaded after import = 0
========================================================================
Received Import Request.
  Time since last request: 0.000023 seconds.
  path: Assets/Prefabs/Su30SM.prefab
  artifactKey: Guid(39a034aa202e50c40b5a5e7a6a9439f3) Importer(815301076,1909f56bfc062723c751e8b465ee728b)
Start importing Assets/Prefabs/Su30SM.prefab using Guid(39a034aa202e50c40b5a5e7a6a9439f3) Importer(815301076,1909f56bfc062723c751e8b465ee728b) [PhysX] Initialized MultithreadedTaskDispatcher with 8 workers.
 -> (artifact id: 'b516dc64f6eb55ba79b47fb7bf579096') in 0.000687 seconds
Number of updated asset objects reloaded before import = 0
Number of asset objects unloaded after import = 0
========================================================================
Received Import Request.
  Time since last request: 0.000015 seconds.
  path: Assets/Prefabs/Rocket.prefab
  artifactKey: Guid(4a230b035b777eb42a97a15c06acb6b8) Importer(815301076,1909f56bfc062723c751e8b465ee728b)
Start importing Assets/Prefabs/Rocket.prefab using Guid(4a230b035b777eb42a97a15c06acb6b8) Importer(815301076,1909f56bfc062723c751e8b465ee728b) [PhysX] Initialized MultithreadedTaskDispatcher with 8 workers.
 -> (artifact id: '0519d5831716a3e2e70c5d3c78b8e4e4') in 0.000370 seconds
Number of updated asset objects reloaded before import = 0
Number of asset objects unloaded after import = 0
========================================================================
Received Import Request.
  Time since last request: 3.639047 seconds.
  path: Assets/Prefabs/Mig21.prefab
  artifactKey: Guid(4f92e5782b1ca6f4dbb7835ef760bd9e) Importer(815301076,1909f56bfc062723c751e8b465ee728b)
Start importing Assets/Prefabs/Mig21.prefab using Guid(4f92e5782b1ca6f4dbb7835ef760bd9e) Importer(815301076,1909f56bfc062723c751e8b465ee728b) [PhysX] Initialized MultithreadedTaskDispatcher with 8 workers.
 -> (artifact id: 'd91f9b398a418afbd94e0648db4f24f8') in 0.000628 seconds
Number of updated asset objects reloaded before import = 0
Number of asset objects unloaded after import = 0
========================================================================
Received Import Request.
  Time since last request: 0.000026 seconds.
  path: Assets/Prefabs/Su30SM.prefab
  artifactKey: Guid(39a034aa202e50c40b5a5e7a6a9439f3) Importer(815301076,1909f56bfc062723c751e8b465ee728b)
Start importing Assets/Prefabs/Su30SM.prefab using Guid(39a034aa202e50c40b5a5e7a6a9439f3) Importer(815301076,1909f56bfc062723c751e8b465ee728b) [PhysX] Initialized MultithreadedTaskDispatcher with 8 workers.
 -> (artifact id: 'b516dc64f6eb55ba79b47fb7bf579096') in 0.000753 seconds
Number of updated asset objects reloaded before import = 0
Number of asset objects unloaded after import = 0
========================================================================
Received Import Request.
  Time since last request: 0.000018 seconds.
  path: Assets/Prefabs/Rocket.prefab
  artifactKey: Guid(4a230b035b777eb42a97a15c06acb6b8) Importer(815301076,1909f56bfc062723c751e8b465ee728b)
Start importing Assets/Prefabs/Rocket.prefab using Guid(4a230b035b777eb42a97a15c06acb6b8) Importer(815301076,1909f56bfc062723c751e8b465ee728b) [PhysX] Initialized MultithreadedTaskDispatcher with 8 workers.
 -> (artifact id: '0519d5831716a3e2e70c5d3c78b8e4e4') in 0.000422 seconds
Number of updated asset objects reloaded before import = 0
Number of asset objects unloaded after import = 0
========================================================================
Received Import Request.
  Time since last request: 0.785041 seconds.
  path: Assets/Prefabs/Mig21.prefab
  artifactKey: Guid(4f92e5782b1ca6f4dbb7835ef760bd9e) Importer(815301076,1909f56bfc062723c751e8b465ee728b)
Start importing Assets/Prefabs/Mig21.prefab using Guid(4f92e5782b1ca6f4dbb7835ef760bd9e) Importer(815301076,1909f56bfc062723c751e8b465ee728b) [PhysX] Initialized MultithreadedTaskDispatcher with 8 workers.
 -> (artifact id: 'd91f9b398a418afbd94e0648db4f24f8') in 0.000482 seconds
Number of updated asset objects reloaded before import = 0
Number of asset objects unloaded after import = 0
========================================================================
Received Import Request.
  Time since last request: 0.000027 seconds.
  path: Assets/Prefabs/Su30SM.prefab
  artifactKey: Guid(39a034aa202e50c40b5a5e7a6a9439f3) Importer(815301076,1909f56bfc062723c751e8b465ee728b)
Start importing Assets/Prefabs/Su30SM.prefab using Guid(39a034aa202e50c40b5a5e7a6a9439f3) Importer(815301076,1909f56bfc062723c751e8b465ee728b) [PhysX] Initialized MultithreadedTaskDispatcher with 8 workers.
 -> (artifact id: 'b516dc64f6eb55ba79b47fb7bf579096') in 0.000351 seconds
Number of updated asset objects reloaded before import = 0
Number of asset objects unloaded after import = 0
========================================================================
Received Import Request.
  Time since last request: 0.000021 seconds.
  path: Assets/Prefabs/Rocket.prefab
  artifactKey: Guid(4a230b035b777eb42a97a15c06acb6b8) Importer(815301076,1909f56bfc062723c751e8b465ee728b)
Start importing Assets/Prefabs/Rocket.prefab using Guid(4a230b035b777eb42a97a15c06acb6b8) Importer(815301076,1909f56bfc062723c751e8b465ee728b) [PhysX] Initialized MultithreadedTaskDispatcher with 8 workers.
 -> (artifact id: '0519d5831716a3e2e70c5d3c78b8e4e4') in 0.000242 seconds
Number of updated asset objects reloaded before import = 0
Number of asset objects unloaded after import = 0
========================================================================
Received Import Request.
  Time since last request: 1.798943 seconds.
  path: Assets/Prefabs/Mig21.prefab
  artifactKey: Guid(4f92e5782b1ca6f4dbb7835ef760bd9e) Importer(815301076,1909f56bfc062723c751e8b465ee728b)
Start importing Assets/Prefabs/Mig21.prefab using Guid(4f92e5782b1ca6f4dbb7835ef760bd9e) Importer(815301076,1909f56bfc062723c751e8b465ee728b) [PhysX] Initialized MultithreadedTaskDispatcher with 8 workers.
 -> (artifact id: 'd91f9b398a418afbd94e0648db4f24f8') in 0.000491 seconds
Number of updated asset objects reloaded before import = 0
Number of asset objects unloaded after import = 0
========================================================================
Received Import Request.
  Time since last request: 0.000026 seconds.
  path: Assets/Prefabs/Su30SM.prefab
  artifactKey: Guid(39a034aa202e50c40b5a5e7a6a9439f3) Importer(815301076,1909f56bfc062723c751e8b465ee728b)
Start importing Assets/Prefabs/Su30SM.prefab using Guid(39a034aa202e50c40b5a5e7a6a9439f3) Importer(815301076,1909f56bfc062723c751e8b465ee728b) [PhysX] Initialized MultithreadedTaskDispatcher with 8 workers.
 -> (artifact id: 'b516dc64f6eb55ba79b47fb7bf579096') in 0.000408 seconds
Number of updated asset objects reloaded before import = 0
Number of asset objects unloaded after import = 0
========================================================================
Received Import Request.
  Time since last request: 0.000016 seconds.
  path: Assets/Prefabs/Rocket.prefab
  artifactKey: Guid(4a230b035b777eb42a97a15c06acb6b8) Importer(815301076,1909f56bfc062723c751e8b465ee728b)
Start importing Assets/Prefabs/Rocket.prefab using Guid(4a230b035b777eb42a97a15c06acb6b8) Importer(815301076,1909f56bfc062723c751e8b465ee728b) [PhysX] Initialized MultithreadedTaskDispatcher with 8 workers.
 -> (artifact id: '0519d5831716a3e2e70c5d3c78b8e4e4') in 0.000365 seconds
Number of updated asset objects reloaded before import = 0
Number of asset objects unloaded after import = 0
========================================================================
Received Import Request.
  Time since last request: 0.416668 seconds.
  path: Assets/Prefabs/Mig21.prefab
  artifactKey: Guid(4f92e5782b1ca6f4dbb7835ef760bd9e) Importer(815301076,1909f56bfc062723c751e8b465ee728b)
Start importing Assets/Prefabs/Mig21.prefab using Guid(4f92e5782b1ca6f4dbb7835ef760bd9e) Importer(815301076,1909f56bfc062723c751e8b465ee728b) [PhysX] Initialized MultithreadedTaskDispatcher with 8 workers.
 -> (artifact id: 'd91f9b398a418afbd94e0648db4f24f8') in 0.000555 seconds
Number of updated asset objects reloaded before import = 0
Number of asset objects unloaded after import = 0
========================================================================
Received Import Request.
  Time since last request: 0.000027 seconds.
  path: Assets/Prefabs/Su30SM.prefab
  artifactKey: Guid(39a034aa202e50c40b5a5e7a6a9439f3) Importer(815301076,1909f56bfc062723c751e8b465ee728b)
Start importing Assets/Prefabs/Su30SM.prefab using Guid(39a034aa202e50c40b5a5e7a6a9439f3) Importer(815301076,1909f56bfc062723c751e8b465ee728b) [PhysX] Initialized MultithreadedTaskDispatcher with 8 workers.
 -> (artifact id: 'b516dc64f6eb55ba79b47fb7bf579096') in 0.000362 seconds
Number of updated asset objects reloaded before import = 0
Number of asset objects unloaded after import = 0
========================================================================
Received Import Request.
  Time since last request: 0.000010 seconds.
  path: Assets/Prefabs/Rocket.prefab
  artifactKey: Guid(4a230b035b777eb42a97a15c06acb6b8) Importer(815301076,1909f56bfc062723c751e8b465ee728b)
Start importing Assets/Prefabs/Rocket.prefab using Guid(4a230b035b777eb42a97a15c06acb6b8) Importer(815301076,1909f56bfc062723c751e8b465ee728b) [PhysX] Initialized MultithreadedTaskDispatcher with 8 workers.
 -> (artifact id: '0519d5831716a3e2e70c5d3c78b8e4e4') in 0.000255 seconds
Number of updated asset objects reloaded before import = 0
Number of asset objects unloaded after import = 0
========================================================================
Received Import Request.
  Time since last request: 33.814610 seconds.
  path: Assets/Prefabs/Mig21.prefab
  artifactKey: Guid(4f92e5782b1ca6f4dbb7835ef760bd9e) Importer(815301076,1909f56bfc062723c751e8b465ee728b)
Start importing Assets/Prefabs/Mig21.prefab using Guid(4f92e5782b1ca6f4dbb7835ef760bd9e) Importer(815301076,1909f56bfc062723c751e8b465ee728b) [PhysX] Initialized MultithreadedTaskDispatcher with 8 workers.
 -> (artifact id: 'd91f9b398a418afbd94e0648db4f24f8') in 0.000643 seconds
Number of updated asset objects reloaded before import = 0
Number of asset objects unloaded after import = 0
========================================================================
Received Import Request.
  Time since last request: 0.000017 seconds.
  path: Assets/Prefabs/Su30SM.prefab
  artifactKey: Guid(39a034aa202e50c40b5a5e7a6a9439f3) Importer(815301076,1909f56bfc062723c751e8b465ee728b)
Start importing Assets/Prefabs/Su30SM.prefab using Guid(39a034aa202e50c40b5a5e7a6a9439f3) Importer(815301076,1909f56bfc062723c751e8b465ee728b) [PhysX] Initialized MultithreadedTaskDispatcher with 8 workers.
 -> (artifact id: 'b516dc64f6eb55ba79b47fb7bf579096') in 0.000697 seconds
Number of updated asset objects reloaded before import = 0
Number of asset objects unloaded after import = 0
========================================================================
Received Import Request.
  Time since last request: 0.000023 seconds.
  path: Assets/Prefabs/Rocket.prefab
  artifactKey: Guid(4a230b035b777eb42a97a15c06acb6b8) Importer(815301076,1909f56bfc062723c751e8b465ee728b)
Start importing Assets/Prefabs/Rocket.prefab using Guid(4a230b035b777eb42a97a15c06acb6b8) Importer(815301076,1909f56bfc062723c751e8b465ee728b) [PhysX] Initialized MultithreadedTaskDispatcher with 8 workers.
 -> (artifact id: '0519d5831716a3e2e70c5d3c78b8e4e4') in 0.000388 seconds
Number of updated asset objects reloaded before import = 0
Number of asset objects unloaded after import = 0
========================================================================
Received Import Request.
  Time since last request: 19.046583 seconds.
  path: Assets/Prefabs/Mig21.prefab
  artifactKey: Guid(4f92e5782b1ca6f4dbb7835ef760bd9e) Importer(815301076,1909f56bfc062723c751e8b465ee728b)
Start importing Assets/Prefabs/Mig21.prefab using Guid(4f92e5782b1ca6f4dbb7835ef760bd9e) Importer(815301076,1909f56bfc062723c751e8b465ee728b) [PhysX] Initialized MultithreadedTaskDispatcher with 8 workers.
 -> (artifact id: 'd91f9b398a418afbd94e0648db4f24f8') in 0.000531 seconds
Number of updated asset objects reloaded before import = 0
Number of asset objects unloaded after import = 0
========================================================================
Received Import Request.
  Time since last request: 0.000014 seconds.
  path: Assets/Prefabs/Su30SM.prefab
  artifactKey: Guid(39a034aa202e50c40b5a5e7a6a9439f3) Importer(815301076,1909f56bfc062723c751e8b465ee728b)
Start importing Assets/Prefabs/Su30SM.prefab using Guid(39a034aa202e50c40b5a5e7a6a9439f3) Importer(815301076,1909f56bfc062723c751e8b465ee728b) [PhysX] Initialized MultithreadedTaskDispatcher with 8 workers.
 -> (artifact id: 'b516dc64f6eb55ba79b47fb7bf579096') in 0.000606 seconds
Number of updated asset objects reloaded before import = 0
Number of asset objects unloaded after import = 0
========================================================================
Received Import Request.
  Time since last request: 0.000021 seconds.
  path: Assets/Prefabs/Rocket.prefab
  artifactKey: Guid(4a230b035b777eb42a97a15c06acb6b8) Importer(815301076,1909f56bfc062723c751e8b465ee728b)
Start importing Assets/Prefabs/Rocket.prefab using Guid(4a230b035b777eb42a97a15c06acb6b8) Importer(815301076,1909f56bfc062723c751e8b465ee728b) [PhysX] Initialized MultithreadedTaskDispatcher with 8 workers.
 -> (artifact id: '0519d5831716a3e2e70c5d3c78b8e4e4') in 0.000410 seconds
Number of updated asset objects reloaded before import = 0
Number of asset objects unloaded after import = 0
========================================================================
Received Import Request.
  Time since last request: 0.170833 seconds.
  path: Assets/Prefabs/Mig21.prefab
  artifactKey: Guid(4f92e5782b1ca6f4dbb7835ef760bd9e) Importer(815301076,1909f56bfc062723c751e8b465ee728b)
Start importing Assets/Prefabs/Mig21.prefab using Guid(4f92e5782b1ca6f4dbb7835ef760bd9e) Importer(815301076,1909f56bfc062723c751e8b465ee728b) [PhysX] Initialized MultithreadedTaskDispatcher with 8 workers.
 -> (artifact id: 'd91f9b398a418afbd94e0648db4f24f8') in 0.000607 seconds
Number of updated asset objects reloaded before import = 0
Number of asset objects unloaded after import = 0
========================================================================
Received Import Request.
  Time since last request: 0.000018 seconds.
  path: Assets/Prefabs/Su30SM.prefab
  artifactKey: Guid(39a034aa202e50c40b5a5e7a6a9439f3) Importer(815301076,1909f56bfc062723c751e8b465ee728b)
Start importing Assets/Prefabs/Su30SM.prefab using Guid(39a034aa202e50c40b5a5e7a6a9439f3) Importer(815301076,1909f56bfc062723c751e8b465ee728b) [PhysX] Initialized MultithreadedTaskDispatcher with 8 workers.
 -> (artifact id: 'b516dc64f6eb55ba79b47fb7bf579096') in 0.000523 seconds
Number of updated asset objects reloaded before import = 0
Number of asset objects unloaded after import = 0
========================================================================
Received Import Request.
  Time since last request: 0.000016 seconds.
  path: Assets/Prefabs/Rocket.prefab
  artifactKey: Guid(4a230b035b777eb42a97a15c06acb6b8) Importer(815301076,1909f56bfc062723c751e8b465ee728b)
Start importing Assets/Prefabs/Rocket.prefab using Guid(4a230b035b777eb42a97a15c06acb6b8) Importer(815301076,1909f56bfc062723c751e8b465ee728b) [PhysX] Initialized MultithreadedTaskDispatcher with 8 workers.
 -> (artifact id: '0519d5831716a3e2e70c5d3c78b8e4e4') in 0.000381 seconds
Number of updated asset objects reloaded before import = 0
Number of asset objects unloaded after import = 0
========================================================================
Received Import Request.
  Time since last request: 0.212858 seconds.
  path: Assets/Prefabs/Mig21.prefab
  artifactKey: Guid(4f92e5782b1ca6f4dbb7835ef760bd9e) Importer(815301076,1909f56bfc062723c751e8b465ee728b)
Start importing Assets/Prefabs/Mig21.prefab using Guid(4f92e5782b1ca6f4dbb7835ef760bd9e) Importer(815301076,1909f56bfc062723c751e8b465ee728b) [PhysX] Initialized MultithreadedTaskDispatcher with 8 workers.
 -> (artifact id: 'd91f9b398a418afbd94e0648db4f24f8') in 0.000523 seconds
Number of updated asset objects reloaded before import = 0
Number of asset objects unloaded after import = 0
========================================================================
Received Import Request.
  Time since last request: 0.000017 seconds.
  path: Assets/Prefabs/Su30SM.prefab
  artifactKey: Guid(39a034aa202e50c40b5a5e7a6a9439f3) Importer(815301076,1909f56bfc062723c751e8b465ee728b)
Start importing Assets/Prefabs/Su30SM.prefab using Guid(39a034aa202e50c40b5a5e7a6a9439f3) Importer(815301076,1909f56bfc062723c751e8b465ee728b) [PhysX] Initialized MultithreadedTaskDispatcher with 8 workers.
 -> (artifact id: 'b516dc64f6eb55ba79b47fb7bf579096') in 0.000474 seconds
Number of updated asset objects reloaded before import = 0
Number of asset objects unloaded after import = 0
========================================================================
Received Import Request.
  Time since last request: 0.000020 seconds.
  path: Assets/Prefabs/Rocket.prefab
  artifactKey: Guid(4a230b035b777eb42a97a15c06acb6b8) Importer(815301076,1909f56bfc062723c751e8b465ee728b)
Start importing Assets/Prefabs/Rocket.prefab using Guid(4a230b035b777eb42a97a15c06acb6b8) Importer(815301076,1909f56bfc062723c751e8b465ee728b) [PhysX] Initialized MultithreadedTaskDispatcher with 8 workers.
 -> (artifact id: '0519d5831716a3e2e70c5d3c78b8e4e4') in 0.000375 seconds
Number of updated asset objects reloaded before import = 0
Number of asset objects unloaded after import = 0
========================================================================
Received Import Request.
  Time since last request: 5.218567 seconds.
  path: Assets/Prefabs/Mig21.prefab
  artifactKey: Guid(4f92e5782b1ca6f4dbb7835ef760bd9e) Importer(815301076,1909f56bfc062723c751e8b465ee728b)
Start importing Assets/Prefabs/Mig21.prefab using Guid(4f92e5782b1ca6f4dbb7835ef760bd9e) Importer(815301076,1909f56bfc062723c751e8b465ee728b) [PhysX] Initialized MultithreadedTaskDispatcher with 8 workers.
 -> (artifact id: 'd91f9b398a418afbd94e0648db4f24f8') in 0.000453 seconds
Number of updated asset objects reloaded before import = 0
Number of asset objects unloaded after import = 0
========================================================================
Received Import Request.
  Time since last request: 0.000014 seconds.
  path: Assets/Prefabs/Su30SM.prefab
  artifactKey: Guid(39a034aa202e50c40b5a5e7a6a9439f3) Importer(815301076,1909f56bfc062723c751e8b465ee728b)
Start importing Assets/Prefabs/Su30SM.prefab using Guid(39a034aa202e50c40b5a5e7a6a9439f3) Importer(815301076,1909f56bfc062723c751e8b465ee728b) [PhysX] Initialized MultithreadedTaskDispatcher with 8 workers.
 -> (artifact id: 'b516dc64f6eb55ba79b47fb7bf579096') in 0.000407 seconds
Number of updated asset objects reloaded before import = 0
Number of asset objects unloaded after import = 0
========================================================================
Received Import Request.
  Time since last request: 0.000015 seconds.
  path: Assets/Prefabs/Rocket.prefab
  artifactKey: Guid(4a230b035b777eb42a97a15c06acb6b8) Importer(815301076,1909f56bfc062723c751e8b465ee728b)
Start importing Assets/Prefabs/Rocket.prefab using Guid(4a230b035b777eb42a97a15c06acb6b8) Importer(815301076,1909f56bfc062723c751e8b465ee728b) [PhysX] Initialized MultithreadedTaskDispatcher with 8 workers.
 -> (artifact id: '0519d5831716a3e2e70c5d3c78b8e4e4') in 0.000358 seconds
Number of updated asset objects reloaded before import = 0
Number of asset objects unloaded after import = 0
========================================================================
Received Import Request.
  Time since last request: 18.076601 seconds.
  path: Assets/Prefabs/Mig21.prefab
  artifactKey: Guid(4f92e5782b1ca6f4dbb7835ef760bd9e) Importer(815301076,1909f56bfc062723c751e8b465ee728b)
Start importing Assets/Prefabs/Mig21.prefab using Guid(4f92e5782b1ca6f4dbb7835ef760bd9e) Importer(815301076,1909f56bfc062723c751e8b465ee728b) [PhysX] Initialized MultithreadedTaskDispatcher with 8 workers.
 -> (artifact id: 'd91f9b398a418afbd94e0648db4f24f8') in 0.000785 seconds
Number of updated asset objects reloaded before import = 0
Number of asset objects unloaded after import = 0
========================================================================
Received Import Request.
  Time since last request: 0.000017 seconds.
  path: Assets/Prefabs/Su30SM.prefab
  artifactKey: Guid(39a034aa202e50c40b5a5e7a6a9439f3) Importer(815301076,1909f56bfc062723c751e8b465ee728b)
Start importing Assets/Prefabs/Su30SM.prefab using Guid(39a034aa202e50c40b5a5e7a6a9439f3) Importer(815301076,1909f56bfc062723c751e8b465ee728b) [PhysX] Initialized MultithreadedTaskDispatcher with 8 workers.
 -> (artifact id: 'b516dc64f6eb55ba79b47fb7bf579096') in 0.000514 seconds
Number of updated asset objects reloaded before import = 0
Number of asset objects unloaded after import = 0
========================================================================
Received Import Request.
  Time since last request: 0.000013 seconds.
  path: Assets/Prefabs/Rocket.prefab
  artifactKey: Guid(4a230b035b777eb42a97a15c06acb6b8) Importer(815301076,1909f56bfc062723c751e8b465ee728b)
Start importing Assets/Prefabs/Rocket.prefab using Guid(4a230b035b777eb42a97a15c06acb6b8) Importer(815301076,1909f56bfc062723c751e8b465ee728b) [PhysX] Initialized MultithreadedTaskDispatcher with 8 workers.
 -> (artifact id: '0519d5831716a3e2e70c5d3c78b8e4e4') in 0.000341 seconds
Number of updated asset objects reloaded before import = 0
Number of asset objects unloaded after import = 0
========================================================================
Received Import Request.
  Time since last request: 0.200482 seconds.
  path: Assets/Prefabs/Mig21.prefab
  artifactKey: Guid(4f92e5782b1ca6f4dbb7835ef760bd9e) Importer(815301076,1909f56bfc062723c751e8b465ee728b)
Start importing Assets/Prefabs/Mig21.prefab using Guid(4f92e5782b1ca6f4dbb7835ef760bd9e) Importer(815301076,1909f56bfc062723c751e8b465ee728b) [PhysX] Initialized MultithreadedTaskDispatcher with 8 workers.
 -> (artifact id: 'd91f9b398a418afbd94e0648db4f24f8') in 0.000656 seconds
Number of updated asset objects reloaded before import = 0
Number of asset objects unloaded after import = 0
========================================================================
Received Import Request.
  Time since last request: 0.000021 seconds.
  path: Assets/Prefabs/Su30SM.prefab
  artifactKey: Guid(39a034aa202e50c40b5a5e7a6a9439f3) Importer(815301076,1909f56bfc062723c751e8b465ee728b)
Start importing Assets/Prefabs/Su30SM.prefab using Guid(39a034aa202e50c40b5a5e7a6a9439f3) Importer(815301076,1909f56bfc062723c751e8b465ee728b) [PhysX] Initialized MultithreadedTaskDispatcher with 8 workers.
 -> (artifact id: 'b516dc64f6eb55ba79b47fb7bf579096') in 0.000545 seconds
Number of updated asset objects reloaded before import = 0
Number of asset objects unloaded after import = 0
========================================================================
Received Import Request.
  Time since last request: 0.000016 seconds.
  path: Assets/Prefabs/Rocket.prefab
  artifactKey: Guid(4a230b035b777eb42a97a15c06acb6b8) Importer(815301076,1909f56bfc062723c751e8b465ee728b)
Start importing Assets/Prefabs/Rocket.prefab using Guid(4a230b035b777eb42a97a15c06acb6b8) Importer(815301076,1909f56bfc062723c751e8b465ee728b) [PhysX] Initialized MultithreadedTaskDispatcher with 8 workers.
 -> (artifact id: '0519d5831716a3e2e70c5d3c78b8e4e4') in 0.000395 seconds
Number of updated asset objects reloaded before import = 0
Number of asset objects unloaded after import = 0
========================================================================
Received Import Request.
  Time since last request: 0.807067 seconds.
  path: Assets/Prefabs/Mig21.prefab
  artifactKey: Guid(4f92e5782b1ca6f4dbb7835ef760bd9e) Importer(815301076,1909f56bfc062723c751e8b465ee728b)
Start importing Assets/Prefabs/Mig21.prefab using Guid(4f92e5782b1ca6f4dbb7835ef760bd9e) Importer(815301076,1909f56bfc062723c751e8b465ee728b) [PhysX] Initialized MultithreadedTaskDispatcher with 8 workers.
 -> (artifact id: 'd91f9b398a418afbd94e0648db4f24f8') in 0.000475 seconds
Number of updated asset objects reloaded before import = 0
Number of asset objects unloaded after import = 0
========================================================================
Received Import Request.
  Time since last request: 0.000014 seconds.
  path: Assets/Prefabs/Su30SM.prefab
  artifactKey: Guid(39a034aa202e50c40b5a5e7a6a9439f3) Importer(815301076,1909f56bfc062723c751e8b465ee728b)
Start importing Assets/Prefabs/Su30SM.prefab using Guid(39a034aa202e50c40b5a5e7a6a9439f3) Importer(815301076,1909f56bfc062723c751e8b465ee728b) [PhysX] Initialized MultithreadedTaskDispatcher with 8 workers.
 -> (artifact id: 'b516dc64f6eb55ba79b47fb7bf579096') in 0.000352 seconds
Number of updated asset objects reloaded before import = 0
Number of asset objects unloaded after import = 0
========================================================================
Received Import Request.
  Time since last request: 0.000019 seconds.
  path: Assets/Prefabs/Rocket.prefab
  artifactKey: Guid(4a230b035b777eb42a97a15c06acb6b8) Importer(815301076,1909f56bfc062723c751e8b465ee728b)
Start importing Assets/Prefabs/Rocket.prefab using Guid(4a230b035b777eb42a97a15c06acb6b8) Importer(815301076,1909f56bfc062723c751e8b465ee728b) [PhysX] Initialized MultithreadedTaskDispatcher with 8 workers.
 -> (artifact id: '0519d5831716a3e2e70c5d3c78b8e4e4') in 0.000273 seconds
Number of updated asset objects reloaded before import = 0
Number of asset objects unloaded after import = 0
========================================================================
Received Import Request.
  Time since last request: 6.018492 seconds.
  path: Assets/Prefabs/Mig21.prefab
  artifactKey: Guid(4f92e5782b1ca6f4dbb7835ef760bd9e) Importer(815301076,1909f56bfc062723c751e8b465ee728b)
Start importing Assets/Prefabs/Mig21.prefab using Guid(4f92e5782b1ca6f4dbb7835ef760bd9e) Importer(815301076,1909f56bfc062723c751e8b465ee728b) [PhysX] Initialized MultithreadedTaskDispatcher with 8 workers.
 -> (artifact id: 'd91f9b398a418afbd94e0648db4f24f8') in 0.000555 seconds
Number of updated asset objects reloaded before import = 0
Number of asset objects unloaded after import = 0
========================================================================
Received Import Request.
  Time since last request: 0.000016 seconds.
  path: Assets/Prefabs/Su30SM.prefab
  artifactKey: Guid(39a034aa202e50c40b5a5e7a6a9439f3) Importer(815301076,1909f56bfc062723c751e8b465ee728b)
Start importing Assets/Prefabs/Su30SM.prefab using Guid(39a034aa202e50c40b5a5e7a6a9439f3) Importer(815301076,1909f56bfc062723c751e8b465ee728b) [PhysX] Initialized MultithreadedTaskDispatcher with 8 workers.
 -> (artifact id: 'b516dc64f6eb55ba79b47fb7bf579096') in 0.000506 seconds
Number of updated asset objects reloaded before import = 0
Number of asset objects unloaded after import = 0
========================================================================
Received Import Request.
  Time since last request: 0.000013 seconds.
  path: Assets/Prefabs/Rocket.prefab
  artifactKey: Guid(4a230b035b777eb42a97a15c06acb6b8) Importer(815301076,1909f56bfc062723c751e8b465ee728b)
Start importing Assets/Prefabs/Rocket.prefab using Guid(4a230b035b777eb42a97a15c06acb6b8) Importer(815301076,1909f56bfc062723c751e8b465ee728b) [PhysX] Initialized MultithreadedTaskDispatcher with 8 workers.
 -> (artifact id: '0519d5831716a3e2e70c5d3c78b8e4e4') in 0.000331 seconds
Number of updated asset objects reloaded before import = 0
Number of asset objects unloaded after import = 0
========================================================================
Received Import Request.
  Time since last request: 0.214841 seconds.
  path: Assets/Prefabs/Mig21.prefab
  artifactKey: Guid(4f92e5782b1ca6f4dbb7835ef760bd9e) Importer(815301076,1909f56bfc062723c751e8b465ee728b)
Start importing Assets/Prefabs/Mig21.prefab using Guid(4f92e5782b1ca6f4dbb7835ef760bd9e) Importer(815301076,1909f56bfc062723c751e8b465ee728b) [PhysX] Initialized MultithreadedTaskDispatcher with 8 workers.
 -> (artifact id: 'd91f9b398a418afbd94e0648db4f24f8') in 0.000460 seconds
Number of updated asset objects reloaded before import = 0
Number of asset objects unloaded after import = 0
========================================================================
Received Import Request.
  Time since last request: 0.000031 seconds.
  path: Assets/Prefabs/Su30SM.prefab
  artifactKey: Guid(39a034aa202e50c40b5a5e7a6a9439f3) Importer(815301076,1909f56bfc062723c751e8b465ee728b)
Start importing Assets/Prefabs/Su30SM.prefab using Guid(39a034aa202e50c40b5a5e7a6a9439f3) Importer(815301076,1909f56bfc062723c751e8b465ee728b) [PhysX] Initialized MultithreadedTaskDispatcher with 8 workers.
 -> (artifact id: 'b516dc64f6eb55ba79b47fb7bf579096') in 0.000382 seconds
Number of updated asset objects reloaded before import = 0
Number of asset objects unloaded after import = 0
========================================================================
Received Import Request.
  Time since last request: 0.000019 seconds.
  path: Assets/Prefabs/Rocket.prefab
  artifactKey: Guid(4a230b035b777eb42a97a15c06acb6b8) Importer(815301076,1909f56bfc062723c751e8b465ee728b)
Start importing Assets/Prefabs/Rocket.prefab using Guid(4a230b035b777eb42a97a15c06acb6b8) Importer(815301076,1909f56bfc062723c751e8b465ee728b) [PhysX] Initialized MultithreadedTaskDispatcher with 8 workers.
 -> (artifact id: '0519d5831716a3e2e70c5d3c78b8e4e4') in 0.000426 seconds
Number of updated asset objects reloaded before import = 0
Number of asset objects unloaded after import = 0
========================================================================
Received Import Request.
  Time since last request: 0.783717 seconds.
  path: Assets/Prefabs/Mig21.prefab
  artifactKey: Guid(4f92e5782b1ca6f4dbb7835ef760bd9e) Importer(815301076,1909f56bfc062723c751e8b465ee728b)
Start importing Assets/Prefabs/Mig21.prefab using Guid(4f92e5782b1ca6f4dbb7835ef760bd9e) Importer(815301076,1909f56bfc062723c751e8b465ee728b) [PhysX] Initialized MultithreadedTaskDispatcher with 8 workers.
 -> (artifact id: 'd91f9b398a418afbd94e0648db4f24f8') in 0.000497 seconds
Number of updated asset objects reloaded before import = 0
Number of asset objects unloaded after import = 0
========================================================================
Received Import Request.
  Time since last request: 0.000026 seconds.
  path: Assets/Prefabs/Su30SM.prefab
  artifactKey: Guid(39a034aa202e50c40b5a5e7a6a9439f3) Importer(815301076,1909f56bfc062723c751e8b465ee728b)
Start importing Assets/Prefabs/Su30SM.prefab using Guid(39a034aa202e50c40b5a5e7a6a9439f3) Importer(815301076,1909f56bfc062723c751e8b465ee728b) [PhysX] Initialized MultithreadedTaskDispatcher with 8 workers.
 -> (artifact id: 'b516dc64f6eb55ba79b47fb7bf579096') in 0.000381 seconds
Number of updated asset objects reloaded before import = 0
Number of asset objects unloaded after import = 0
========================================================================
Received Import Request.
  Time since last request: 0.000014 seconds.
  path: Assets/Prefabs/Rocket.prefab
  artifactKey: Guid(4a230b035b777eb42a97a15c06acb6b8) Importer(815301076,1909f56bfc062723c751e8b465ee728b)
Start importing Assets/Prefabs/Rocket.prefab using Guid(4a230b035b777eb42a97a15c06acb6b8) Importer(815301076,1909f56bfc062723c751e8b465ee728b) [PhysX] Initialized MultithreadedTaskDispatcher with 8 workers.
 -> (artifact id: '0519d5831716a3e2e70c5d3c78b8e4e4') in 0.000376 seconds
Number of updated asset objects reloaded before import = 0
Number of asset objects unloaded after import = 0
========================================================================
Received Import Request.
  Time since last request: 15.697827 seconds.
  path: Assets/Prefabs/Mig21.prefab
  artifactKey: Guid(4f92e5782b1ca6f4dbb7835ef760bd9e) Importer(815301076,1909f56bfc062723c751e8b465ee728b)
Start importing Assets/Prefabs/Mig21.prefab using Guid(4f92e5782b1ca6f4dbb7835ef760bd9e) Importer(815301076,1909f56bfc062723c751e8b465ee728b) [PhysX] Initialized MultithreadedTaskDispatcher with 8 workers.
 -> (artifact id: 'd91f9b398a418afbd94e0648db4f24f8') in 0.000642 seconds
Number of updated asset objects reloaded before import = 0
Number of asset objects unloaded after import = 0
========================================================================
Received Import Request.
  Time since last request: 0.000016 seconds.
  path: Assets/Prefabs/Su30SM.prefab
  artifactKey: Guid(39a034aa202e50c40b5a5e7a6a9439f3) Importer(815301076,1909f56bfc062723c751e8b465ee728b)
Start importing Assets/Prefabs/Su30SM.prefab using Guid(39a034aa202e50c40b5a5e7a6a9439f3) Importer(815301076,1909f56bfc062723c751e8b465ee728b) [PhysX] Initialized MultithreadedTaskDispatcher with 8 workers.
 -> (artifact id: 'b516dc64f6eb55ba79b47fb7bf579096') in 0.000721 seconds
Number of updated asset objects reloaded before import = 0
Number of asset objects unloaded after import = 0
========================================================================
Received Import Request.
  Time since last request: 0.000026 seconds.
  path: Assets/Prefabs/Rocket.prefab
  artifactKey: Guid(4a230b035b777eb42a97a15c06acb6b8) Importer(815301076,1909f56bfc062723c751e8b465ee728b)
Start importing Assets/Prefabs/Rocket.prefab using Guid(4a230b035b777eb42a97a15c06acb6b8) Importer(815301076,1909f56bfc062723c751e8b465ee728b) [PhysX] Initialized MultithreadedTaskDispatcher with 8 workers.
 -> (artifact id: '0519d5831716a3e2e70c5d3c78b8e4e4') in 0.000695 seconds
Number of updated asset objects reloaded before import = 0
Number of asset objects unloaded after import = 0
========================================================================
Received Import Request.
  Time since last request: 0.609174 seconds.
  path: Assets/Prefabs/Mig21.prefab
  artifactKey: Guid(4f92e5782b1ca6f4dbb7835ef760bd9e) Importer(815301076,1909f56bfc062723c751e8b465ee728b)
Start importing Assets/Prefabs/Mig21.prefab using Guid(4f92e5782b1ca6f4dbb7835ef760bd9e) Importer(815301076,1909f56bfc062723c751e8b465ee728b) [PhysX] Initialized MultithreadedTaskDispatcher with 8 workers.
 -> (artifact id: 'd91f9b398a418afbd94e0648db4f24f8') in 0.000458 seconds
Number of updated asset objects reloaded before import = 0
Number of asset objects unloaded after import = 0
========================================================================
Received Import Request.
  Time since last request: 0.000058 seconds.
  path: Assets/Prefabs/Su30SM.prefab
  artifactKey: Guid(39a034aa202e50c40b5a5e7a6a9439f3) Importer(815301076,1909f56bfc062723c751e8b465ee728b)
Start importing Assets/Prefabs/Su30SM.prefab using Guid(39a034aa202e50c40b5a5e7a6a9439f3) Importer(815301076,1909f56bfc062723c751e8b465ee728b) [PhysX] Initialized MultithreadedTaskDispatcher with 8 workers.
 -> (artifact id: 'b516dc64f6eb55ba79b47fb7bf579096') in 0.000499 seconds
Number of updated asset objects reloaded before import = 0
Number of asset objects unloaded after import = 0
========================================================================
Received Import Request.
  Time since last request: 0.000010 seconds.
  path: Assets/Prefabs/Rocket.prefab
  artifactKey: Guid(4a230b035b777eb42a97a15c06acb6b8) Importer(815301076,1909f56bfc062723c751e8b465ee728b)
Start importing Assets/Prefabs/Rocket.prefab using Guid(4a230b035b777eb42a97a15c06acb6b8) Importer(815301076,1909f56bfc062723c751e8b465ee728b) [PhysX] Initialized MultithreadedTaskDispatcher with 8 workers.
 -> (artifact id: '0519d5831716a3e2e70c5d3c78b8e4e4') in 0.000382 seconds
Number of updated asset objects reloaded before import = 0
Number of asset objects unloaded after import = 0
========================================================================
Received Import Request.
  Time since last request: 8.170674 seconds.
  path: Assets/Prefabs/Mig21.prefab
  artifactKey: Guid(4f92e5782b1ca6f4dbb7835ef760bd9e) Importer(815301076,1909f56bfc062723c751e8b465ee728b)
Start importing Assets/Prefabs/Mig21.prefab using Guid(4f92e5782b1ca6f4dbb7835ef760bd9e) Importer(815301076,1909f56bfc062723c751e8b465ee728b) [PhysX] Initialized MultithreadedTaskDispatcher with 8 workers.
 -> (artifact id: 'd91f9b398a418afbd94e0648db4f24f8') in 0.000877 seconds
Number of updated asset objects reloaded before import = 0
Number of asset objects unloaded after import = 0
========================================================================
Received Import Request.
  Time since last request: 0.000021 seconds.
  path: Assets/Prefabs/Su30SM.prefab
  artifactKey: Guid(39a034aa202e50c40b5a5e7a6a9439f3) Importer(815301076,1909f56bfc062723c751e8b465ee728b)
Start importing Assets/Prefabs/Su30SM.prefab using Guid(39a034aa202e50c40b5a5e7a6a9439f3) Importer(815301076,1909f56bfc062723c751e8b465ee728b) [PhysX] Initialized MultithreadedTaskDispatcher with 8 workers.
 -> (artifact id: 'b516dc64f6eb55ba79b47fb7bf579096') in 0.000499 seconds
Number of updated asset objects reloaded before import = 0
Number of asset objects unloaded after import = 0
========================================================================
Received Import Request.
  Time since last request: 0.000021 seconds.
  path: Assets/Prefabs/Rocket.prefab
  artifactKey: Guid(4a230b035b777eb42a97a15c06acb6b8) Importer(815301076,1909f56bfc062723c751e8b465ee728b)
Start importing Assets/Prefabs/Rocket.prefab using Guid(4a230b035b777eb42a97a15c06acb6b8) Importer(815301076,1909f56bfc062723c751e8b465ee728b) [PhysX] Initialized MultithreadedTaskDispatcher with 8 workers.
 -> (artifact id: '0519d5831716a3e2e70c5d3c78b8e4e4') in 0.000272 seconds
Number of updated asset objects reloaded before import = 0
Number of asset objects unloaded after import = 0
========================================================================
Received Import Request.
  Time since last request: 0.205595 seconds.
  path: Assets/Prefabs/Mig21.prefab
  artifactKey: Guid(4f92e5782b1ca6f4dbb7835ef760bd9e) Importer(815301076,1909f56bfc062723c751e8b465ee728b)
Start importing Assets/Prefabs/Mig21.prefab using Guid(4f92e5782b1ca6f4dbb7835ef760bd9e) Importer(815301076,1909f56bfc062723c751e8b465ee728b) [PhysX] Initialized MultithreadedTaskDispatcher with 8 workers.
 -> (artifact id: 'd91f9b398a418afbd94e0648db4f24f8') in 0.000532 seconds
Number of updated asset objects reloaded before import = 0
Number of asset objects unloaded after import = 0
========================================================================
Received Import Request.
  Time since last request: 0.000013 seconds.
  path: Assets/Prefabs/Su30SM.prefab
  artifactKey: Guid(39a034aa202e50c40b5a5e7a6a9439f3) Importer(815301076,1909f56bfc062723c751e8b465ee728b)
Start importing Assets/Prefabs/Su30SM.prefab using Guid(39a034aa202e50c40b5a5e7a6a9439f3) Importer(815301076,1909f56bfc062723c751e8b465ee728b) [PhysX] Initialized MultithreadedTaskDispatcher with 8 workers.
 -> (artifact id: 'b516dc64f6eb55ba79b47fb7bf579096') in 0.000338 seconds
Number of updated asset objects reloaded before import = 0
Number of asset objects unloaded after import = 0
========================================================================
Received Import Request.
  Time since last request: 0.000011 seconds.
  path: Assets/Prefabs/Rocket.prefab
  artifactKey: Guid(4a230b035b777eb42a97a15c06acb6b8) Importer(815301076,1909f56bfc062723c751e8b465ee728b)
Start importing Assets/Prefabs/Rocket.prefab using Guid(4a230b035b777eb42a97a15c06acb6b8) Importer(815301076,1909f56bfc062723c751e8b465ee728b) [PhysX] Initialized MultithreadedTaskDispatcher with 8 workers.
 -> (artifact id: '0519d5831716a3e2e70c5d3c78b8e4e4') in 0.000246 seconds
Number of updated asset objects reloaded before import = 0
Number of asset objects unloaded after import = 0
========================================================================
Received Import Request.
  Time since last request: 11.875704 seconds.
  path: Assets/Prefabs/Mig21.prefab
  artifactKey: Guid(4f92e5782b1ca6f4dbb7835ef760bd9e) Importer(815301076,1909f56bfc062723c751e8b465ee728b)
Start importing Assets/Prefabs/Mig21.prefab using Guid(4f92e5782b1ca6f4dbb7835ef760bd9e) Importer(815301076,1909f56bfc062723c751e8b465ee728b) [PhysX] Initialized MultithreadedTaskDispatcher with 8 workers.
 -> (artifact id: 'd91f9b398a418afbd94e0648db4f24f8') in 0.000526 seconds
Number of updated asset objects reloaded before import = 0
Number of asset objects unloaded after import = 0
========================================================================
Received Import Request.
  Time since last request: 0.000015 seconds.
  path: Assets/Prefabs/Su30SM.prefab
  artifactKey: Guid(39a034aa202e50c40b5a5e7a6a9439f3) Importer(815301076,1909f56bfc062723c751e8b465ee728b)
Start importing Assets/Prefabs/Su30SM.prefab using Guid(39a034aa202e50c40b5a5e7a6a9439f3) Importer(815301076,1909f56bfc062723c751e8b465ee728b) [PhysX] Initialized MultithreadedTaskDispatcher with 8 workers.
 -> (artifact id: 'b516dc64f6eb55ba79b47fb7bf579096') in 0.000365 seconds
Number of updated asset objects reloaded before import = 0
Number of asset objects unloaded after import = 0
========================================================================
Received Import Request.
  Time since last request: 0.000012 seconds.
  path: Assets/Prefabs/Rocket.prefab
  artifactKey: Guid(4a230b035b777eb42a97a15c06acb6b8) Importer(815301076,1909f56bfc062723c751e8b465ee728b)
Start importing Assets/Prefabs/Rocket.prefab using Guid(4a230b035b777eb42a97a15c06acb6b8) Importer(815301076,1909f56bfc062723c751e8b465ee728b) [PhysX] Initialized MultithreadedTaskDispatcher with 8 workers.
 -> (artifact id: '0519d5831716a3e2e70c5d3c78b8e4e4') in 0.000245 seconds
Number of updated asset objects reloaded before import = 0
Number of asset objects unloaded after import = 0
========================================================================
Received Import Request.
  Time since last request: 0.216880 seconds.
  path: Assets/Prefabs/Mig21.prefab
  artifactKey: Guid(4f92e5782b1ca6f4dbb7835ef760bd9e) Importer(815301076,1909f56bfc062723c751e8b465ee728b)
Start importing Assets/Prefabs/Mig21.prefab using Guid(4f92e5782b1ca6f4dbb7835ef760bd9e) Importer(815301076,1909f56bfc062723c751e8b465ee728b) [PhysX] Initialized MultithreadedTaskDispatcher with 8 workers.
 -> (artifact id: 'd91f9b398a418afbd94e0648db4f24f8') in 0.000519 seconds
Number of updated asset objects reloaded before import = 0
Number of asset objects unloaded after import = 0
========================================================================
Received Import Request.
  Time since last request: 0.000015 seconds.
  path: Assets/Prefabs/Su30SM.prefab
  artifactKey: Guid(39a034aa202e50c40b5a5e7a6a9439f3) Importer(815301076,1909f56bfc062723c751e8b465ee728b)
Start importing Assets/Prefabs/Su30SM.prefab using Guid(39a034aa202e50c40b5a5e7a6a9439f3) Importer(815301076,1909f56bfc062723c751e8b465ee728b) [PhysX] Initialized MultithreadedTaskDispatcher with 8 workers.
 -> (artifact id: 'b516dc64f6eb55ba79b47fb7bf579096') in 0.000507 seconds
Number of updated asset objects reloaded before import = 0
Number of asset objects unloaded after import = 0
========================================================================
Received Import Request.
  Time since last request: 0.000014 seconds.
  path: Assets/Prefabs/Rocket.prefab
  artifactKey: Guid(4a230b035b777eb42a97a15c06acb6b8) Importer(815301076,1909f56bfc062723c751e8b465ee728b)
Start importing Assets/Prefabs/Rocket.prefab using Guid(4a230b035b777eb42a97a15c06acb6b8) Importer(815301076,1909f56bfc062723c751e8b465ee728b) [PhysX] Initialized MultithreadedTaskDispatcher with 8 workers.
 -> (artifact id: '0519d5831716a3e2e70c5d3c78b8e4e4') in 0.000346 seconds
Number of updated asset objects reloaded before import = 0
Number of asset objects unloaded after import = 0
========================================================================
Received Import Request.
  Time since last request: 0.585595 seconds.
  path: Assets/Prefabs/Mig21.prefab
  artifactKey: Guid(4f92e5782b1ca6f4dbb7835ef760bd9e) Importer(815301076,1909f56bfc062723c751e8b465ee728b)
Start importing Assets/Prefabs/Mig21.prefab using Guid(4f92e5782b1ca6f4dbb7835ef760bd9e) Importer(815301076,1909f56bfc062723c751e8b465ee728b) [PhysX] Initialized MultithreadedTaskDispatcher with 8 workers.
 -> (artifact id: 'd91f9b398a418afbd94e0648db4f24f8') in 0.000585 seconds
Number of updated asset objects reloaded before import = 0
Number of asset objects unloaded after import = 0
========================================================================
Received Import Request.
  Time since last request: 0.000020 seconds.
  path: Assets/Prefabs/Su30SM.prefab
  artifactKey: Guid(39a034aa202e50c40b5a5e7a6a9439f3) Importer(815301076,1909f56bfc062723c751e8b465ee728b)
Start importing Assets/Prefabs/Su30SM.prefab using Guid(39a034aa202e50c40b5a5e7a6a9439f3) Importer(815301076,1909f56bfc062723c751e8b465ee728b) [PhysX] Initialized MultithreadedTaskDispatcher with 8 workers.
 -> (artifact id: 'b516dc64f6eb55ba79b47fb7bf579096') in 0.000530 seconds
Number of updated asset objects reloaded before import = 0
Number of asset objects unloaded after import = 0
========================================================================
Received Import Request.
  Time since last request: 0.000015 seconds.
  path: Assets/Prefabs/Rocket.prefab
  artifactKey: Guid(4a230b035b777eb42a97a15c06acb6b8) Importer(815301076,1909f56bfc062723c751e8b465ee728b)
Start importing Assets/Prefabs/Rocket.prefab using Guid(4a230b035b777eb42a97a15c06acb6b8) Importer(815301076,1909f56bfc062723c751e8b465ee728b) [PhysX] Initialized MultithreadedTaskDispatcher with 8 workers.
 -> (artifact id: '0519d5831716a3e2e70c5d3c78b8e4e4') in 0.000487 seconds
Number of updated asset objects reloaded before import = 0
Number of asset objects unloaded after import = 0
========================================================================
Received Import Request.
  Time since last request: 9.493792 seconds.
  path: Assets/Prefabs/Mig21.prefab
  artifactKey: Guid(4f92e5782b1ca6f4dbb7835ef760bd9e) Importer(815301076,1909f56bfc062723c751e8b465ee728b)
Start importing Assets/Prefabs/Mig21.prefab using Guid(4f92e5782b1ca6f4dbb7835ef760bd9e) Importer(815301076,1909f56bfc062723c751e8b465ee728b) [PhysX] Initialized MultithreadedTaskDispatcher with 8 workers.
 -> (artifact id: 'd91f9b398a418afbd94e0648db4f24f8') in 0.000666 seconds
Number of updated asset objects reloaded before import = 0
Number of asset objects unloaded after import = 0
========================================================================
Received Import Request.
  Time since last request: 0.000092 seconds.
  path: Assets/Prefabs/Su30SM.prefab
  artifactKey: Guid(39a034aa202e50c40b5a5e7a6a9439f3) Importer(815301076,1909f56bfc062723c751e8b465ee728b)
Start importing Assets/Prefabs/Su30SM.prefab using Guid(39a034aa202e50c40b5a5e7a6a9439f3) Importer(815301076,1909f56bfc062723c751e8b465ee728b) [PhysX] Initialized MultithreadedTaskDispatcher with 8 workers.
 -> (artifact id: 'b516dc64f6eb55ba79b47fb7bf579096') in 0.000563 seconds
Number of updated asset objects reloaded before import = 0
Number of asset objects unloaded after import = 0
========================================================================
Received Import Request.
  Time since last request: 0.000013 seconds.
  path: Assets/Prefabs/Rocket.prefab
  artifactKey: Guid(4a230b035b777eb42a97a15c06acb6b8) Importer(815301076,1909f56bfc062723c751e8b465ee728b)
Start importing Assets/Prefabs/Rocket.prefab using Guid(4a230b035b777eb42a97a15c06acb6b8) Importer(815301076,1909f56bfc062723c751e8b465ee728b) [PhysX] Initialized MultithreadedTaskDispatcher with 8 workers.
 -> (artifact id: '0519d5831716a3e2e70c5d3c78b8e4e4') in 0.000431 seconds
Number of updated asset objects reloaded before import = 0
Number of asset objects unloaded after import = 0
========================================================================
Received Import Request.
  Time since last request: 0.578806 seconds.
  path: Assets/Prefabs/Mig21.prefab
  artifactKey: Guid(4f92e5782b1ca6f4dbb7835ef760bd9e) Importer(815301076,1909f56bfc062723c751e8b465ee728b)
Start importing Assets/Prefabs/Mig21.prefab using Guid(4f92e5782b1ca6f4dbb7835ef760bd9e) Importer(815301076,1909f56bfc062723c751e8b465ee728b) [PhysX] Initialized MultithreadedTaskDispatcher with 8 workers.
 -> (artifact id: 'd91f9b398a418afbd94e0648db4f24f8') in 0.000513 seconds
Number of updated asset objects reloaded before import = 0
Number of asset objects unloaded after import = 0
========================================================================
Received Import Request.
  Time since last request: 0.000016 seconds.
  path: Assets/Prefabs/Su30SM.prefab
  artifactKey: Guid(39a034aa202e50c40b5a5e7a6a9439f3) Importer(815301076,1909f56bfc062723c751e8b465ee728b)
Start importing Assets/Prefabs/Su30SM.prefab using Guid(39a034aa202e50c40b5a5e7a6a9439f3) Importer(815301076,1909f56bfc062723c751e8b465ee728b) [PhysX] Initialized MultithreadedTaskDispatcher with 8 workers.
 -> (artifact id: 'b516dc64f6eb55ba79b47fb7bf579096') in 0.000636 seconds
Number of updated asset objects reloaded before import = 0
Number of asset objects unloaded after import = 0
========================================================================
Received Import Request.
  Time since last request: 0.000019 seconds.
  path: Assets/Prefabs/Rocket.prefab
  artifactKey: Guid(4a230b035b777eb42a97a15c06acb6b8) Importer(815301076,1909f56bfc062723c751e8b465ee728b)
Start importing Assets/Prefabs/Rocket.prefab using Guid(4a230b035b777eb42a97a15c06acb6b8) Importer(815301076,1909f56bfc062723c751e8b465ee728b) [PhysX] Initialized MultithreadedTaskDispatcher with 8 workers.
 -> (artifact id: '0519d5831716a3e2e70c5d3c78b8e4e4') in 0.000358 seconds
Number of updated asset objects reloaded before import = 0
Number of asset objects unloaded after import = 0
========================================================================
Received Import Request.
  Time since last request: 0.197649 seconds.
  path: Assets/Prefabs/Mig21.prefab
  artifactKey: Guid(4f92e5782b1ca6f4dbb7835ef760bd9e) Importer(815301076,1909f56bfc062723c751e8b465ee728b)
Start importing Assets/Prefabs/Mig21.prefab using Guid(4f92e5782b1ca6f4dbb7835ef760bd9e) Importer(815301076,1909f56bfc062723c751e8b465ee728b) [PhysX] Initialized MultithreadedTaskDispatcher with 8 workers.
 -> (artifact id: 'd91f9b398a418afbd94e0648db4f24f8') in 0.000646 seconds
Number of updated asset objects reloaded before import = 0
Number of asset objects unloaded after import = 0
========================================================================
Received Import Request.
  Time since last request: 0.000013 seconds.
  path: Assets/Prefabs/Su30SM.prefab
  artifactKey: Guid(39a034aa202e50c40b5a5e7a6a9439f3) Importer(815301076,1909f56bfc062723c751e8b465ee728b)
Start importing Assets/Prefabs/Su30SM.prefab using Guid(39a034aa202e50c40b5a5e7a6a9439f3) Importer(815301076,1909f56bfc062723c751e8b465ee728b) [PhysX] Initialized MultithreadedTaskDispatcher with 8 workers.
 -> (artifact id: 'b516dc64f6eb55ba79b47fb7bf579096') in 0.000399 seconds
Number of updated asset objects reloaded before import = 0
Number of asset objects unloaded after import = 0
========================================================================
Received Import Request.
  Time since last request: 0.000014 seconds.
  path: Assets/Prefabs/Rocket.prefab
  artifactKey: Guid(4a230b035b777eb42a97a15c06acb6b8) Importer(815301076,1909f56bfc062723c751e8b465ee728b)
Start importing Assets/Prefabs/Rocket.prefab using Guid(4a230b035b777eb42a97a15c06acb6b8) Importer(815301076,1909f56bfc062723c751e8b465ee728b) [PhysX] Initialized MultithreadedTaskDispatcher with 8 workers.
 -> (artifact id: '0519d5831716a3e2e70c5d3c78b8e4e4') in 0.000349 seconds
Number of updated asset objects reloaded before import = 0
Number of asset objects unloaded after import = 0
========================================================================
Received Import Request.
  Time since last request: 11.341325 seconds.
  path: Assets/Prefabs/Mig21.prefab
  artifactKey: Guid(4f92e5782b1ca6f4dbb7835ef760bd9e) Importer(815301076,1909f56bfc062723c751e8b465ee728b)
Start importing Assets/Prefabs/Mig21.prefab using Guid(4f92e5782b1ca6f4dbb7835ef760bd9e) Importer(815301076,1909f56bfc062723c751e8b465ee728b) [PhysX] Initialized MultithreadedTaskDispatcher with 8 workers.
 -> (artifact id: 'd91f9b398a418afbd94e0648db4f24f8') in 0.000474 seconds
Number of updated asset objects reloaded before import = 0
Number of asset objects unloaded after import = 0
========================================================================
Received Import Request.
  Time since last request: 0.000017 seconds.
  path: Assets/Prefabs/Su30SM.prefab
  artifactKey: Guid(39a034aa202e50c40b5a5e7a6a9439f3) Importer(815301076,1909f56bfc062723c751e8b465ee728b)
Start importing Assets/Prefabs/Su30SM.prefab using Guid(39a034aa202e50c40b5a5e7a6a9439f3) Importer(815301076,1909f56bfc062723c751e8b465ee728b) [PhysX] Initialized MultithreadedTaskDispatcher with 8 workers.
 -> (artifact id: 'b516dc64f6eb55ba79b47fb7bf579096') in 0.000394 seconds
Number of updated asset objects reloaded before import = 0
Number of asset objects unloaded after import = 0
========================================================================
Received Import Request.
  Time since last request: 0.000018 seconds.
  path: Assets/Prefabs/Rocket.prefab
  artifactKey: Guid(4a230b035b777eb42a97a15c06acb6b8) Importer(815301076,1909f56bfc062723c751e8b465ee728b)
Start importing Assets/Prefabs/Rocket.prefab using Guid(4a230b035b777eb42a97a15c06acb6b8) Importer(815301076,1909f56bfc062723c751e8b465ee728b) [PhysX] Initialized MultithreadedTaskDispatcher with 8 workers.
 -> (artifact id: '0519d5831716a3e2e70c5d3c78b8e4e4') in 0.000225 seconds
Number of updated asset objects reloaded before import = 0
Number of asset objects unloaded after import = 0
========================================================================
Received Import Request.
  Time since last request: 0.197631 seconds.
  path: Assets/Prefabs/Mig21.prefab
  artifactKey: Guid(4f92e5782b1ca6f4dbb7835ef760bd9e) Importer(815301076,1909f56bfc062723c751e8b465ee728b)
Start importing Assets/Prefabs/Mig21.prefab using Guid(4f92e5782b1ca6f4dbb7835ef760bd9e) Importer(815301076,1909f56bfc062723c751e8b465ee728b) [PhysX] Initialized MultithreadedTaskDispatcher with 8 workers.
 -> (artifact id: 'd91f9b398a418afbd94e0648db4f24f8') in 0.000489 seconds
Number of updated asset objects reloaded before import = 0
Number of asset objects unloaded after import = 0
========================================================================
Received Import Request.
  Time since last request: 0.000014 seconds.
  path: Assets/Prefabs/Su30SM.prefab
  artifactKey: Guid(39a034aa202e50c40b5a5e7a6a9439f3) Importer(815301076,1909f56bfc062723c751e8b465ee728b)
Start importing Assets/Prefabs/Su30SM.prefab using Guid(39a034aa202e50c40b5a5e7a6a9439f3) Importer(815301076,1909f56bfc062723c751e8b465ee728b) [PhysX] Initialized MultithreadedTaskDispatcher with 8 workers.
 -> (artifact id: 'b516dc64f6eb55ba79b47fb7bf579096') in 0.000430 seconds
Number of updated asset objects reloaded before import = 0
Number of asset objects unloaded after import = 0
========================================================================
Received Import Request.
  Time since last request: 0.000011 seconds.
  path: Assets/Prefabs/Rocket.prefab
  artifactKey: Guid(4a230b035b777eb42a97a15c06acb6b8) Importer(815301076,1909f56bfc062723c751e8b465ee728b)
Start importing Assets/Prefabs/Rocket.prefab using Guid(4a230b035b777eb42a97a15c06acb6b8) Importer(815301076,1909f56bfc062723c751e8b465ee728b) [PhysX] Initialized MultithreadedTaskDispatcher with 8 workers.
 -> (artifact id: '0519d5831716a3e2e70c5d3c78b8e4e4') in 0.000297 seconds
Number of updated asset objects reloaded before import = 0
Number of asset objects unloaded after import = 0
========================================================================
Received Import Request.
  Time since last request: 1.012690 seconds.
  path: Assets/Prefabs/Mig21.prefab
  artifactKey: Guid(4f92e5782b1ca6f4dbb7835ef760bd9e) Importer(815301076,1909f56bfc062723c751e8b465ee728b)
Start importing Assets/Prefabs/Mig21.prefab using Guid(4f92e5782b1ca6f4dbb7835ef760bd9e) Importer(815301076,1909f56bfc062723c751e8b465ee728b) [PhysX] Initialized MultithreadedTaskDispatcher with 8 workers.
 -> (artifact id: 'd91f9b398a418afbd94e0648db4f24f8') in 0.000481 seconds
Number of updated asset objects reloaded before import = 0
Number of asset objects unloaded after import = 0
========================================================================
Received Import Request.
  Time since last request: 0.000023 seconds.
  path: Assets/Prefabs/Su30SM.prefab
  artifactKey: Guid(39a034aa202e50c40b5a5e7a6a9439f3) Importer(815301076,1909f56bfc062723c751e8b465ee728b)
Start importing Assets/Prefabs/Su30SM.prefab using Guid(39a034aa202e50c40b5a5e7a6a9439f3) Importer(815301076,1909f56bfc062723c751e8b465ee728b) [PhysX] Initialized MultithreadedTaskDispatcher with 8 workers.
 -> (artifact id: 'b516dc64f6eb55ba79b47fb7bf579096') in 0.000586 seconds
Number of updated asset objects reloaded before import = 0
Number of asset objects unloaded after import = 0
========================================================================
Received Import Request.
  Time since last request: 0.000023 seconds.
  path: Assets/Prefabs/Rocket.prefab
  artifactKey: Guid(4a230b035b777eb42a97a15c06acb6b8) Importer(815301076,1909f56bfc062723c751e8b465ee728b)
Start importing Assets/Prefabs/Rocket.prefab using Guid(4a230b035b777eb42a97a15c06acb6b8) Importer(815301076,1909f56bfc062723c751e8b465ee728b) [PhysX] Initialized MultithreadedTaskDispatcher with 8 workers.
 -> (artifact id: '0519d5831716a3e2e70c5d3c78b8e4e4') in 0.000332 seconds
Number of updated asset objects reloaded before import = 0
Number of asset objects unloaded after import = 0
========================================================================
Received Import Request.
  Time since last request: 3.036474 seconds.
  path: Assets/Prefabs/Mig21.prefab
  artifactKey: Guid(4f92e5782b1ca6f4dbb7835ef760bd9e) Importer(815301076,1909f56bfc062723c751e8b465ee728b)
Start importing Assets/Prefabs/Mig21.prefab using Guid(4f92e5782b1ca6f4dbb7835ef760bd9e) Importer(815301076,1909f56bfc062723c751e8b465ee728b) [PhysX] Initialized MultithreadedTaskDispatcher with 8 workers.
 -> (artifact id: 'd91f9b398a418afbd94e0648db4f24f8') in 0.000737 seconds
Number of updated asset objects reloaded before import = 0
Number of asset objects unloaded after import = 0
========================================================================
Received Import Request.
  Time since last request: 0.000019 seconds.
  path: Assets/Prefabs/Su30SM.prefab
  artifactKey: Guid(39a034aa202e50c40b5a5e7a6a9439f3) Importer(815301076,1909f56bfc062723c751e8b465ee728b)
Start importing Assets/Prefabs/Su30SM.prefab using Guid(39a034aa202e50c40b5a5e7a6a9439f3) Importer(815301076,1909f56bfc062723c751e8b465ee728b) [PhysX] Initialized MultithreadedTaskDispatcher with 8 workers.
 -> (artifact id: 'b516dc64f6eb55ba79b47fb7bf579096') in 0.000493 seconds
Number of updated asset objects reloaded before import = 0
Number of asset objects unloaded after import = 0
========================================================================
Received Import Request.
  Time since last request: 0.000015 seconds.
  path: Assets/Prefabs/Rocket.prefab
  artifactKey: Guid(4a230b035b777eb42a97a15c06acb6b8) Importer(815301076,1909f56bfc062723c751e8b465ee728b)
Start importing Assets/Prefabs/Rocket.prefab using Guid(4a230b035b777eb42a97a15c06acb6b8) Importer(815301076,1909f56bfc062723c751e8b465ee728b) [PhysX] Initialized MultithreadedTaskDispatcher with 8 workers.
 -> (artifact id: '0519d5831716a3e2e70c5d3c78b8e4e4') in 0.000360 seconds
Number of updated asset objects reloaded before import = 0
Number of asset objects unloaded after import = 0
========================================================================
Received Import Request.
  Time since last request: 9.450498 seconds.
  path: Assets/Prefabs/R74 1.prefab
  artifactKey: Guid(3a2b65eec703b134ca893606e78cff62) Importer(815301076,1909f56bfc062723c751e8b465ee728b)
Start importing Assets/Prefabs/R74 1.prefab using Guid(3a2b65eec703b134ca893606e78cff62) Importer(815301076,1909f56bfc062723c751e8b465ee728b) [PhysX] Initialized MultithreadedTaskDispatcher with 8 workers.
[PhysX] Initialized MultithreadedTaskDispatcher with 8 workers.
 -> (artifact id: '56e8788649a4faaceb22eff9e9bdb5e5') in 0.009611 seconds
Number of updated asset objects reloaded before import = 0
Number of asset objects unloaded after import = 49
========================================================================
Received Import Request.
  Time since last request: 0.014716 seconds.
  path: Assets/Prefabs/Mig21.prefab
  artifactKey: Guid(4f92e5782b1ca6f4dbb7835ef760bd9e) Importer(815301076,1909f56bfc062723c751e8b465ee728b)
Start importing Assets/Prefabs/Mig21.prefab using Guid(4f92e5782b1ca6f4dbb7835ef760bd9e) Importer(815301076,1909f56bfc062723c751e8b465ee728b) [PhysX] Initialized MultithreadedTaskDispatcher with 8 workers.
 -> (artifact id: 'd91f9b398a418afbd94e0648db4f24f8') in 0.000656 seconds
Number of updated asset objects reloaded before import = 0
Number of asset objects unloaded after import = 0
========================================================================
Received Import Request.
  Time since last request: 0.000015 seconds.
  path: Assets/Prefabs/Su30SM.prefab
  artifactKey: Guid(39a034aa202e50c40b5a5e7a6a9439f3) Importer(815301076,1909f56bfc062723c751e8b465ee728b)
Start importing Assets/Prefabs/Su30SM.prefab using Guid(39a034aa202e50c40b5a5e7a6a9439f3) Importer(815301076,1909f56bfc062723c751e8b465ee728b) [PhysX] Initialized MultithreadedTaskDispatcher with 8 workers.
 -> (artifact id: 'b516dc64f6eb55ba79b47fb7bf579096') in 0.000570 seconds
Number of updated asset objects reloaded before import = 0
Number of asset objects unloaded after import = 0
========================================================================
Received Import Request.
  Time since last request: 15.949782 seconds.
  path: Assets/Prefabs/Mig21.prefab
  artifactKey: Guid(4f92e5782b1ca6f4dbb7835ef760bd9e) Importer(815301076,1909f56bfc062723c751e8b465ee728b)
Start importing Assets/Prefabs/Mig21.prefab using Guid(4f92e5782b1ca6f4dbb7835ef760bd9e) Importer(815301076,1909f56bfc062723c751e8b465ee728b) [PhysX] Initialized MultithreadedTaskDispatcher with 8 workers.
 -> (artifact id: 'd91f9b398a418afbd94e0648db4f24f8') in 0.000569 seconds
Number of updated asset objects reloaded before import = 0
Number of asset objects unloaded after import = 0
========================================================================
Received Import Request.
  Time since last request: 0.000017 seconds.
  path: Assets/Prefabs/Su30SM.prefab
  artifactKey: Guid(39a034aa202e50c40b5a5e7a6a9439f3) Importer(815301076,1909f56bfc062723c751e8b465ee728b)
Start importing Assets/Prefabs/Su30SM.prefab using Guid(39a034aa202e50c40b5a5e7a6a9439f3) Importer(815301076,1909f56bfc062723c751e8b465ee728b) [PhysX] Initialized MultithreadedTaskDispatcher with 8 workers.
 -> (artifact id: 'b516dc64f6eb55ba79b47fb7bf579096') in 0.000667 seconds
Number of updated asset objects reloaded before import = 0
Number of asset objects unloaded after import = 0
========================================================================
Received Import Request.
  Time since last request: 0.000017 seconds.
  path: Assets/Prefabs/Rocket.prefab
  artifactKey: Guid(4a230b035b777eb42a97a15c06acb6b8) Importer(815301076,1909f56bfc062723c751e8b465ee728b)
Start importing Assets/Prefabs/Rocket.prefab using Guid(4a230b035b777eb42a97a15c06acb6b8) Importer(815301076,1909f56bfc062723c751e8b465ee728b) [PhysX] Initialized MultithreadedTaskDispatcher with 8 workers.
 -> (artifact id: '0519d5831716a3e2e70c5d3c78b8e4e4') in 0.000359 seconds
Number of updated asset objects reloaded before import = 0
Number of asset objects unloaded after import = 0
========================================================================
Received Import Request.
  Time since last request: 16.337200 seconds.
  path: Assets/Prefabs/Mig21.prefab
  artifactKey: Guid(4f92e5782b1ca6f4dbb7835ef760bd9e) Importer(815301076,1909f56bfc062723c751e8b465ee728b)
Start importing Assets/Prefabs/Mig21.prefab using Guid(4f92e5782b1ca6f4dbb7835ef760bd9e) Importer(815301076,1909f56bfc062723c751e8b465ee728b) [PhysX] Initialized MultithreadedTaskDispatcher with 8 workers.
 -> (artifact id: 'd91f9b398a418afbd94e0648db4f24f8') in 0.000608 seconds
Number of updated asset objects reloaded before import = 0
Number of asset objects unloaded after import = 0
========================================================================
Received Import Request.
  Time since last request: 0.000021 seconds.
  path: Assets/Prefabs/Su30SM.prefab
  artifactKey: Guid(39a034aa202e50c40b5a5e7a6a9439f3) Importer(815301076,1909f56bfc062723c751e8b465ee728b)
Start importing Assets/Prefabs/Su30SM.prefab using Guid(39a034aa202e50c40b5a5e7a6a9439f3) Importer(815301076,1909f56bfc062723c751e8b465ee728b) [PhysX] Initialized MultithreadedTaskDispatcher with 8 workers.
 -> (artifact id: 'b516dc64f6eb55ba79b47fb7bf579096') in 0.000731 seconds
Number of updated asset objects reloaded before import = 0
Number of asset objects unloaded after import = 0
========================================================================
Received Import Request.
  Time since last request: 0.000026 seconds.
  path: Assets/Prefabs/Rocket.prefab
  artifactKey: Guid(4a230b035b777eb42a97a15c06acb6b8) Importer(815301076,1909f56bfc062723c751e8b465ee728b)
Start importing Assets/Prefabs/Rocket.prefab using Guid(4a230b035b777eb42a97a15c06acb6b8) Importer(815301076,1909f56bfc062723c751e8b465ee728b) [PhysX] Initialized MultithreadedTaskDispatcher with 8 workers.
 -> (artifact id: '0519d5831716a3e2e70c5d3c78b8e4e4') in 0.000315 seconds
Number of updated asset objects reloaded before import = 0
Number of asset objects unloaded after import = 0
========================================================================
Received Import Request.
  Time since last request: 8.813421 seconds.
  path: Assets/Prefabs/Mig21.prefab
  artifactKey: Guid(4f92e5782b1ca6f4dbb7835ef760bd9e) Importer(815301076,1909f56bfc062723c751e8b465ee728b)
Start importing Assets/Prefabs/Mig21.prefab using Guid(4f92e5782b1ca6f4dbb7835ef760bd9e) Importer(815301076,1909f56bfc062723c751e8b465ee728b) [PhysX] Initialized MultithreadedTaskDispatcher with 8 workers.
 -> (artifact id: 'd91f9b398a418afbd94e0648db4f24f8') in 0.000452 seconds
Number of updated asset objects reloaded before import = 0
Number of asset objects unloaded after import = 0
========================================================================
Received Import Request.
  Time since last request: 0.000015 seconds.
  path: Assets/Prefabs/Su30SM.prefab
  artifactKey: Guid(39a034aa202e50c40b5a5e7a6a9439f3) Importer(815301076,1909f56bfc062723c751e8b465ee728b)
Start importing Assets/Prefabs/Su30SM.prefab using Guid(39a034aa202e50c40b5a5e7a6a9439f3) Importer(815301076,1909f56bfc062723c751e8b465ee728b) [PhysX] Initialized MultithreadedTaskDispatcher with 8 workers.
 -> (artifact id: 'b516dc64f6eb55ba79b47fb7bf579096') in 0.000498 seconds
Number of updated asset objects reloaded before import = 0
Number of asset objects unloaded after import = 0
========================================================================
Received Import Request.
  Time since last request: 0.000013 seconds.
  path: Assets/Prefabs/Rocket.prefab
  artifactKey: Guid(4a230b035b777eb42a97a15c06acb6b8) Importer(815301076,1909f56bfc062723c751e8b465ee728b)
Start importing Assets/Prefabs/Rocket.prefab using Guid(4a230b035b777eb42a97a15c06acb6b8) Importer(815301076,1909f56bfc062723c751e8b465ee728b) [PhysX] Initialized MultithreadedTaskDispatcher with 8 workers.
 -> (artifact id: '0519d5831716a3e2e70c5d3c78b8e4e4') in 0.000344 seconds
Number of updated asset objects reloaded before import = 0
Number of asset objects unloaded after import = 0
========================================================================
Received Import Request.
  Time since last request: 0.601227 seconds.
  path: Assets/Prefabs/Mig21.prefab
  artifactKey: Guid(4f92e5782b1ca6f4dbb7835ef760bd9e) Importer(815301076,1909f56bfc062723c751e8b465ee728b)
Start importing Assets/Prefabs/Mig21.prefab using Guid(4f92e5782b1ca6f4dbb7835ef760bd9e) Importer(815301076,1909f56bfc062723c751e8b465ee728b) [PhysX] Initialized MultithreadedTaskDispatcher with 8 workers.
 -> (artifact id: 'd91f9b398a418afbd94e0648db4f24f8') in 0.000509 seconds
Number of updated asset objects reloaded before import = 0
Number of asset objects unloaded after import = 0
========================================================================
Received Import Request.
  Time since last request: 0.000031 seconds.
  path: Assets/Prefabs/Su30SM.prefab
  artifactKey: Guid(39a034aa202e50c40b5a5e7a6a9439f3) Importer(815301076,1909f56bfc062723c751e8b465ee728b)
Start importing Assets/Prefabs/Su30SM.prefab using Guid(39a034aa202e50c40b5a5e7a6a9439f3) Importer(815301076,1909f56bfc062723c751e8b465ee728b) [PhysX] Initialized MultithreadedTaskDispatcher with 8 workers.
 -> (artifact id: 'b516dc64f6eb55ba79b47fb7bf579096') in 0.000388 seconds
Number of updated asset objects reloaded before import = 0
Number of asset objects unloaded after import = 0
========================================================================
Received Import Request.
  Time since last request: 0.000010 seconds.
  path: Assets/Prefabs/Rocket.prefab
  artifactKey: Guid(4a230b035b777eb42a97a15c06acb6b8) Importer(815301076,1909f56bfc062723c751e8b465ee728b)
Start importing Assets/Prefabs/Rocket.prefab using Guid(4a230b035b777eb42a97a15c06acb6b8) Importer(815301076,1909f56bfc062723c751e8b465ee728b) [PhysX] Initialized MultithreadedTaskDispatcher with 8 workers.
 -> (artifact id: '0519d5831716a3e2e70c5d3c78b8e4e4') in 0.000377 seconds
Number of updated asset objects reloaded before import = 0
Number of asset objects unloaded after import = 0
========================================================================
Received Import Request.
  Time since last request: 0.196770 seconds.
  path: Assets/Prefabs/Mig21.prefab
  artifactKey: Guid(4f92e5782b1ca6f4dbb7835ef760bd9e) Importer(815301076,1909f56bfc062723c751e8b465ee728b)
Start importing Assets/Prefabs/Mig21.prefab using Guid(4f92e5782b1ca6f4dbb7835ef760bd9e) Importer(815301076,1909f56bfc062723c751e8b465ee728b) [PhysX] Initialized MultithreadedTaskDispatcher with 8 workers.
 -> (artifact id: 'd91f9b398a418afbd94e0648db4f24f8') in 0.000508 seconds
Number of updated asset objects reloaded before import = 0
Number of asset objects unloaded after import = 0
========================================================================
Received Import Request.
  Time since last request: 0.000016 seconds.
  path: Assets/Prefabs/Su30SM.prefab
  artifactKey: Guid(39a034aa202e50c40b5a5e7a6a9439f3) Importer(815301076,1909f56bfc062723c751e8b465ee728b)
Start importing Assets/Prefabs/Su30SM.prefab using Guid(39a034aa202e50c40b5a5e7a6a9439f3) Importer(815301076,1909f56bfc062723c751e8b465ee728b) [PhysX] Initialized MultithreadedTaskDispatcher with 8 workers.
 -> (artifact id: 'b516dc64f6eb55ba79b47fb7bf579096') in 0.000514 seconds
Number of updated asset objects reloaded before import = 0
Number of asset objects unloaded after import = 0
========================================================================
Received Import Request.
  Time since last request: 0.000058 seconds.
  path: Assets/Prefabs/Rocket.prefab
  artifactKey: Guid(4a230b035b777eb42a97a15c06acb6b8) Importer(815301076,1909f56bfc062723c751e8b465ee728b)
Start importing Assets/Prefabs/Rocket.prefab using Guid(4a230b035b777eb42a97a15c06acb6b8) Importer(815301076,1909f56bfc062723c751e8b465ee728b) [PhysX] Initialized MultithreadedTaskDispatcher with 8 workers.
 -> (artifact id: '0519d5831716a3e2e70c5d3c78b8e4e4') in 0.000331 seconds
Number of updated asset objects reloaded before import = 0
Number of asset objects unloaded after import = 0
========================================================================
Received Import Request.
  Time since last request: 3.225826 seconds.
  path: Assets/Prefabs/Mig21.prefab
  artifactKey: Guid(4f92e5782b1ca6f4dbb7835ef760bd9e) Importer(815301076,1909f56bfc062723c751e8b465ee728b)
Start importing Assets/Prefabs/Mig21.prefab using Guid(4f92e5782b1ca6f4dbb7835ef760bd9e) Importer(815301076,1909f56bfc062723c751e8b465ee728b) [PhysX] Initialized MultithreadedTaskDispatcher with 8 workers.
 -> (artifact id: 'd91f9b398a418afbd94e0648db4f24f8') in 0.000464 seconds
Number of updated asset objects reloaded before import = 0
Number of asset objects unloaded after import = 0
========================================================================
Received Import Request.
  Time since last request: 0.000013 seconds.
  path: Assets/Prefabs/Su30SM.prefab
  artifactKey: Guid(39a034aa202e50c40b5a5e7a6a9439f3) Importer(815301076,1909f56bfc062723c751e8b465ee728b)
Start importing Assets/Prefabs/Su30SM.prefab using Guid(39a034aa202e50c40b5a5e7a6a9439f3) Importer(815301076,1909f56bfc062723c751e8b465ee728b) [PhysX] Initialized MultithreadedTaskDispatcher with 8 workers.
 -> (artifact id: 'b516dc64f6eb55ba79b47fb7bf579096') in 0.000475 seconds
Number of updated asset objects reloaded before import = 0
Number of asset objects unloaded after import = 0
========================================================================
Received Import Request.
  Time since last request: 0.000015 seconds.
  path: Assets/Prefabs/Rocket.prefab
  artifactKey: Guid(4a230b035b777eb42a97a15c06acb6b8) Importer(815301076,1909f56bfc062723c751e8b465ee728b)
Start importing Assets/Prefabs/Rocket.prefab using Guid(4a230b035b777eb42a97a15c06acb6b8) Importer(815301076,1909f56bfc062723c751e8b465ee728b) [PhysX] Initialized MultithreadedTaskDispatcher with 8 workers.
 -> (artifact id: '0519d5831716a3e2e70c5d3c78b8e4e4') in 0.000357 seconds
Number of updated asset objects reloaded before import = 0
Number of asset objects unloaded after import = 0
========================================================================
Received Import Request.
  Time since last request: 40.840550 seconds.
  path: Assets/Prefabs/Mig21.prefab
  artifactKey: Guid(4f92e5782b1ca6f4dbb7835ef760bd9e) Importer(815301076,1909f56bfc062723c751e8b465ee728b)
Start importing Assets/Prefabs/Mig21.prefab using Guid(4f92e5782b1ca6f4dbb7835ef760bd9e) Importer(815301076,1909f56bfc062723c751e8b465ee728b) [PhysX] Initialized MultithreadedTaskDispatcher with 8 workers.
 -> (artifact id: 'd91f9b398a418afbd94e0648db4f24f8') in 0.000630 seconds
Number of updated asset objects reloaded before import = 0
Number of asset objects unloaded after import = 0
========================================================================
Received Import Request.
  Time since last request: 0.000016 seconds.
  path: Assets/Prefabs/Su30SM.prefab
  artifactKey: Guid(39a034aa202e50c40b5a5e7a6a9439f3) Importer(815301076,1909f56bfc062723c751e8b465ee728b)
Start importing Assets/Prefabs/Su30SM.prefab using Guid(39a034aa202e50c40b5a5e7a6a9439f3) Importer(815301076,1909f56bfc062723c751e8b465ee728b) [PhysX] Initialized MultithreadedTaskDispatcher with 8 workers.
 -> (artifact id: 'b516dc64f6eb55ba79b47fb7bf579096') in 0.000508 seconds
Number of updated asset objects reloaded before import = 0
Number of asset objects unloaded after import = 0
========================================================================
Received Import Request.
  Time since last request: 0.000012 seconds.
  path: Assets/Prefabs/Rocket.prefab
  artifactKey: Guid(4a230b035b777eb42a97a15c06acb6b8) Importer(815301076,1909f56bfc062723c751e8b465ee728b)
Start importing Assets/Prefabs/Rocket.prefab using Guid(4a230b035b777eb42a97a15c06acb6b8) Importer(815301076,1909f56bfc062723c751e8b465ee728b) [PhysX] Initialized MultithreadedTaskDispatcher with 8 workers.
 -> (artifact id: '0519d5831716a3e2e70c5d3c78b8e4e4') in 0.000502 seconds
Number of updated asset objects reloaded before import = 0
Number of asset objects unloaded after import = 0
========================================================================
Received Import Request.
  Time since last request: 0.177445 seconds.
  path: Assets/Prefabs/Mig21.prefab
  artifactKey: Guid(4f92e5782b1ca6f4dbb7835ef760bd9e) Importer(815301076,1909f56bfc062723c751e8b465ee728b)
Start importing Assets/Prefabs/Mig21.prefab using Guid(4f92e5782b1ca6f4dbb7835ef760bd9e) Importer(815301076,1909f56bfc062723c751e8b465ee728b) [PhysX] Initialized MultithreadedTaskDispatcher with 8 workers.
 -> (artifact id: 'd91f9b398a418afbd94e0648db4f24f8') in 0.000452 seconds
Number of updated asset objects reloaded before import = 0
Number of asset objects unloaded after import = 0
========================================================================
Received Import Request.
  Time since last request: 0.000016 seconds.
  path: Assets/Prefabs/Su30SM.prefab
  artifactKey: Guid(39a034aa202e50c40b5a5e7a6a9439f3) Importer(815301076,1909f56bfc062723c751e8b465ee728b)
Start importing Assets/Prefabs/Su30SM.prefab using Guid(39a034aa202e50c40b5a5e7a6a9439f3) Importer(815301076,1909f56bfc062723c751e8b465ee728b) [PhysX] Initialized MultithreadedTaskDispatcher with 8 workers.
 -> (artifact id: 'b516dc64f6eb55ba79b47fb7bf579096') in 0.000364 seconds
Number of updated asset objects reloaded before import = 0
Number of asset objects unloaded after import = 0
========================================================================
Received Import Request.
  Time since last request: 0.000028 seconds.
  path: Assets/Prefabs/Rocket.prefab
  artifactKey: Guid(4a230b035b777eb42a97a15c06acb6b8) Importer(815301076,1909f56bfc062723c751e8b465ee728b)
Start importing Assets/Prefabs/Rocket.prefab using Guid(4a230b035b777eb42a97a15c06acb6b8) Importer(815301076,1909f56bfc062723c751e8b465ee728b) [PhysX] Initialized MultithreadedTaskDispatcher with 8 workers.
 -> (artifact id: '0519d5831716a3e2e70c5d3c78b8e4e4') in 0.000475 seconds
Number of updated asset objects reloaded before import = 0
Number of asset objects unloaded after import = 0
========================================================================
Received Import Request.
  Time since last request: 0.404486 seconds.
  path: Assets/Prefabs/Mig21.prefab
  artifactKey: Guid(4f92e5782b1ca6f4dbb7835ef760bd9e) Importer(815301076,1909f56bfc062723c751e8b465ee728b)
Start importing Assets/Prefabs/Mig21.prefab using Guid(4f92e5782b1ca6f4dbb7835ef760bd9e) Importer(815301076,1909f56bfc062723c751e8b465ee728b) [PhysX] Initialized MultithreadedTaskDispatcher with 8 workers.
 -> (artifact id: 'd91f9b398a418afbd94e0648db4f24f8') in 0.000569 seconds
Number of updated asset objects reloaded before import = 0
Number of asset objects unloaded after import = 0
========================================================================
Received Import Request.
  Time since last request: 0.000014 seconds.
  path: Assets/Prefabs/Su30SM.prefab
  artifactKey: Guid(39a034aa202e50c40b5a5e7a6a9439f3) Importer(815301076,1909f56bfc062723c751e8b465ee728b)
Start importing Assets/Prefabs/Su30SM.prefab using Guid(39a034aa202e50c40b5a5e7a6a9439f3) Importer(815301076,1909f56bfc062723c751e8b465ee728b) [PhysX] Initialized MultithreadedTaskDispatcher with 8 workers.
 -> (artifact id: 'b516dc64f6eb55ba79b47fb7bf579096') in 0.000451 seconds
Number of updated asset objects reloaded before import = 0
Number of asset objects unloaded after import = 0
========================================================================
Received Import Request.
  Time since last request: 0.000062 seconds.
  path: Assets/Prefabs/Rocket.prefab
  artifactKey: Guid(4a230b035b777eb42a97a15c06acb6b8) Importer(815301076,1909f56bfc062723c751e8b465ee728b)
Start importing Assets/Prefabs/Rocket.prefab using Guid(4a230b035b777eb42a97a15c06acb6b8) Importer(815301076,1909f56bfc062723c751e8b465ee728b) [PhysX] Initialized MultithreadedTaskDispatcher with 8 workers.
 -> (artifact id: '0519d5831716a3e2e70c5d3c78b8e4e4') in 0.000332 seconds
Number of updated asset objects reloaded before import = 0
Number of asset objects unloaded after import = 0
========================================================================
Received Import Request.
  Time since last request: 14.203220 seconds.
  path: Assets/Prefabs/Mig21.prefab
  artifactKey: Guid(4f92e5782b1ca6f4dbb7835ef760bd9e) Importer(815301076,1909f56bfc062723c751e8b465ee728b)
Start importing Assets/Prefabs/Mig21.prefab using Guid(4f92e5782b1ca6f4dbb7835ef760bd9e) Importer(815301076,1909f56bfc062723c751e8b465ee728b) [PhysX] Initialized MultithreadedTaskDispatcher with 8 workers.
 -> (artifact id: 'd91f9b398a418afbd94e0648db4f24f8') in 0.000543 seconds
Number of updated asset objects reloaded before import = 0
Number of asset objects unloaded after import = 0
========================================================================
Received Import Request.
  Time since last request: 0.000014 seconds.
  path: Assets/Prefabs/Su30SM.prefab
  artifactKey: Guid(39a034aa202e50c40b5a5e7a6a9439f3) Importer(815301076,1909f56bfc062723c751e8b465ee728b)
Start importing Assets/Prefabs/Su30SM.prefab using Guid(39a034aa202e50c40b5a5e7a6a9439f3) Importer(815301076,1909f56bfc062723c751e8b465ee728b) [PhysX] Initialized MultithreadedTaskDispatcher with 8 workers.
 -> (artifact id: 'b516dc64f6eb55ba79b47fb7bf579096') in 0.000522 seconds
Number of updated asset objects reloaded before import = 0
Number of asset objects unloaded after import = 0
========================================================================
Received Import Request.
  Time since last request: 0.000041 seconds.
  path: Assets/Prefabs/Rocket.prefab
  artifactKey: Guid(4a230b035b777eb42a97a15c06acb6b8) Importer(815301076,1909f56bfc062723c751e8b465ee728b)
Start importing Assets/Prefabs/Rocket.prefab using Guid(4a230b035b777eb42a97a15c06acb6b8) Importer(815301076,1909f56bfc062723c751e8b465ee728b) [PhysX] Initialized MultithreadedTaskDispatcher with 8 workers.
 -> (artifact id: '0519d5831716a3e2e70c5d3c78b8e4e4') in 0.000428 seconds
Number of updated asset objects reloaded before import = 0
Number of asset objects unloaded after import = 0
========================================================================
Received Import Request.
  Time since last request: 27.328125 seconds.
  path: Assets/Prefabs/Mig21.prefab
  artifactKey: Guid(4f92e5782b1ca6f4dbb7835ef760bd9e) Importer(815301076,1909f56bfc062723c751e8b465ee728b)
Start importing Assets/Prefabs/Mig21.prefab using Guid(4f92e5782b1ca6f4dbb7835ef760bd9e) Importer(815301076,1909f56bfc062723c751e8b465ee728b) [PhysX] Initialized MultithreadedTaskDispatcher with 8 workers.
 -> (artifact id: 'd91f9b398a418afbd94e0648db4f24f8') in 0.000512 seconds
Number of updated asset objects reloaded before import = 0
Number of asset objects unloaded after import = 0
========================================================================
Received Import Request.
  Time since last request: 0.000018 seconds.
  path: Assets/Prefabs/Su30SM.prefab
  artifactKey: Guid(39a034aa202e50c40b5a5e7a6a9439f3) Importer(815301076,1909f56bfc062723c751e8b465ee728b)
Start importing Assets/Prefabs/Su30SM.prefab using Guid(39a034aa202e50c40b5a5e7a6a9439f3) Importer(815301076,1909f56bfc062723c751e8b465ee728b) [PhysX] Initialized MultithreadedTaskDispatcher with 8 workers.
 -> (artifact id: 'b516dc64f6eb55ba79b47fb7bf579096') in 0.000649 seconds
Number of updated asset objects reloaded before import = 0
Number of asset objects unloaded after import = 0
========================================================================
Received Import Request.
  Time since last request: 0.000015 seconds.
  path: Assets/Prefabs/Rocket.prefab
  artifactKey: Guid(4a230b035b777eb42a97a15c06acb6b8) Importer(815301076,1909f56bfc062723c751e8b465ee728b)
Start importing Assets/Prefabs/Rocket.prefab using Guid(4a230b035b777eb42a97a15c06acb6b8) Importer(815301076,1909f56bfc062723c751e8b465ee728b) [PhysX] Initialized MultithreadedTaskDispatcher with 8 workers.
 -> (artifact id: '0519d5831716a3e2e70c5d3c78b8e4e4') in 0.000358 seconds
Number of updated asset objects reloaded before import = 0
Number of asset objects unloaded after import = 0
========================================================================
Received Import Request.
  Time since last request: 0.197142 seconds.
  path: Assets/Prefabs/Mig21.prefab
  artifactKey: Guid(4f92e5782b1ca6f4dbb7835ef760bd9e) Importer(815301076,1909f56bfc062723c751e8b465ee728b)
Start importing Assets/Prefabs/Mig21.prefab using Guid(4f92e5782b1ca6f4dbb7835ef760bd9e) Importer(815301076,1909f56bfc062723c751e8b465ee728b) [PhysX] Initialized MultithreadedTaskDispatcher with 8 workers.
 -> (artifact id: 'd91f9b398a418afbd94e0648db4f24f8') in 0.001003 seconds
Number of updated asset objects reloaded before import = 0
Number of asset objects unloaded after import = 0
========================================================================
Received Import Request.
  Time since last request: 0.000020 seconds.
  path: Assets/Prefabs/Su30SM.prefab
  artifactKey: Guid(39a034aa202e50c40b5a5e7a6a9439f3) Importer(815301076,1909f56bfc062723c751e8b465ee728b)
Start importing Assets/Prefabs/Su30SM.prefab using Guid(39a034aa202e50c40b5a5e7a6a9439f3) Importer(815301076,1909f56bfc062723c751e8b465ee728b) [PhysX] Initialized MultithreadedTaskDispatcher with 8 workers.
 -> (artifact id: 'b516dc64f6eb55ba79b47fb7bf579096') in 0.000549 seconds
Number of updated asset objects reloaded before import = 0
Number of asset objects unloaded after import = 0
========================================================================
Received Import Request.
  Time since last request: 0.000021 seconds.
  path: Assets/Prefabs/Rocket.prefab
  artifactKey: Guid(4a230b035b777eb42a97a15c06acb6b8) Importer(815301076,1909f56bfc062723c751e8b465ee728b)
Start importing Assets/Prefabs/Rocket.prefab using Guid(4a230b035b777eb42a97a15c06acb6b8) Importer(815301076,1909f56bfc062723c751e8b465ee728b) [PhysX] Initialized MultithreadedTaskDispatcher with 8 workers.
 -> (artifact id: '0519d5831716a3e2e70c5d3c78b8e4e4') in 0.000343 seconds
Number of updated asset objects reloaded before import = 0
Number of asset objects unloaded after import = 0
========================================================================
Received Import Request.
  Time since last request: 30.315737 seconds.
  path: Assets/Prefabs/Mig21.prefab
  artifactKey: Guid(4f92e5782b1ca6f4dbb7835ef760bd9e) Importer(815301076,1909f56bfc062723c751e8b465ee728b)
Start importing Assets/Prefabs/Mig21.prefab using Guid(4f92e5782b1ca6f4dbb7835ef760bd9e) Importer(815301076,1909f56bfc062723c751e8b465ee728b) [PhysX] Initialized MultithreadedTaskDispatcher with 8 workers.
 -> (artifact id: 'd91f9b398a418afbd94e0648db4f24f8') in 0.000714 seconds
Number of updated asset objects reloaded before import = 0
Number of asset objects unloaded after import = 0
========================================================================
Received Import Request.
  Time since last request: 0.000021 seconds.
  path: Assets/Prefabs/Su30SM.prefab
  artifactKey: Guid(39a034aa202e50c40b5a5e7a6a9439f3) Importer(815301076,1909f56bfc062723c751e8b465ee728b)
Start importing Assets/Prefabs/Su30SM.prefab using Guid(39a034aa202e50c40b5a5e7a6a9439f3) Importer(815301076,1909f56bfc062723c751e8b465ee728b) [PhysX] Initialized MultithreadedTaskDispatcher with 8 workers.
 -> (artifact id: 'b516dc64f6eb55ba79b47fb7bf579096') in 0.000700 seconds
Number of updated asset objects reloaded before import = 0
Number of asset objects unloaded after import = 0
========================================================================
Received Import Request.
  Time since last request: 4.871592 seconds.
  path: Assets/Prefabs/Mig21.prefab
  artifactKey: Guid(4f92e5782b1ca6f4dbb7835ef760bd9e) Importer(815301076,1909f56bfc062723c751e8b465ee728b)
Start importing Assets/Prefabs/Mig21.prefab using Guid(4f92e5782b1ca6f4dbb7835ef760bd9e) Importer(815301076,1909f56bfc062723c751e8b465ee728b) [PhysX] Initialized MultithreadedTaskDispatcher with 8 workers.
 -> (artifact id: 'd91f9b398a418afbd94e0648db4f24f8') in 0.000654 seconds
Number of updated asset objects reloaded before import = 0
Number of asset objects unloaded after import = 0
========================================================================
Received Import Request.
  Time since last request: 10.095156 seconds.
  path: Assets/Prefabs/Mig21.prefab
  artifactKey: Guid(4f92e5782b1ca6f4dbb7835ef760bd9e) Importer(815301076,1909f56bfc062723c751e8b465ee728b)
Start importing Assets/Prefabs/Mig21.prefab using Guid(4f92e5782b1ca6f4dbb7835ef760bd9e) Importer(815301076,1909f56bfc062723c751e8b465ee728b) [PhysX] Initialized MultithreadedTaskDispatcher with 8 workers.
 -> (artifact id: 'd91f9b398a418afbd94e0648db4f24f8') in 0.000786 seconds
Number of updated asset objects reloaded before import = 0
Number of asset objects unloaded after import = 0
========================================================================
Received Import Request.
  Time since last request: 66.351305 seconds.
  path: Assets/Scripts/Scriptable Object's Script/Scriptable Objects/Armaments/Missiles/R27T HE IR Missile.asset
  artifactKey: Guid(b1a12802dec3304448bb8e422d3163fb) Importer(815301076,1909f56bfc062723c751e8b465ee728b)
Start importing Assets/Scripts/Scriptable Object's Script/Scriptable Objects/Armaments/Missiles/R27T HE IR Missile.asset using Guid(b1a12802dec3304448bb8e422d3163fb) Importer(815301076,1909f56bfc062723c751e8b465ee728b) [PhysX] Initialized MultithreadedTaskDispatcher with 8 workers.
 -> (artifact id: '11b456987cdf990a53f922f79a192631') in 0.002412 seconds
Number of updated asset objects reloaded before import = 0
Number of asset objects unloaded after import = 11
========================================================================
Received Import Request.
  Time since last request: 0.003704 seconds.
  path: Assets/Scripts/Scriptable Object's Script/Scriptable Objects/Armaments/Missiles/R37T HE IR Missile.asset
  artifactKey: Guid(8c6e26a20fcb36845b3ab1c9de6a6822) Importer(815301076,1909f56bfc062723c751e8b465ee728b)
Start importing Assets/Scripts/Scriptable Object's Script/Scriptable Objects/Armaments/Missiles/R37T HE IR Missile.asset using Guid(8c6e26a20fcb36845b3ab1c9de6a6822) Importer(815301076,1909f56bfc062723c751e8b465ee728b) [PhysX] Initialized MultithreadedTaskDispatcher with 8 workers.
 -> (artifact id: '0e1e652bf99a69ad576c07b0dd9d5fbb') in 0.002258 seconds
Number of updated asset objects reloaded before import = 0
Number of asset objects unloaded after import = 11
========================================================================
Received Import Request.
  Time since last request: 0.005925 seconds.
  path: Assets/Scripts/Scriptable Object's Script/Scriptable Objects/Armaments/Missiles/R60M IR Missile.asset
  artifactKey: Guid(fc6be2026041a9b40af9468a7de21abb) Importer(815301076,1909f56bfc062723c751e8b465ee728b)
Start importing Assets/Scripts/Scriptable Object's Script/Scriptable Objects/Armaments/Missiles/R60M IR Missile.asset using Guid(fc6be2026041a9b40af9468a7de21abb) Importer(815301076,1909f56bfc062723c751e8b465ee728b) [PhysX] Initialized MultithreadedTaskDispatcher with 8 workers.
 -> (artifact id: '7a98a0f9765ebd5b715f33bf8f0cc659') in 0.002101 seconds
Number of updated asset objects reloaded before import = 0
Number of asset objects unloaded after import = 19
========================================================================
Received Import Request.
  Time since last request: 0.011643 seconds.
  path: Assets/Scripts/Scriptable Object's Script/Scriptable Objects/Armaments/Missiles/R77T IR Missile 1.asset
  artifactKey: Guid(51635134545cbc047853a6861f217766) Importer(815301076,1909f56bfc062723c751e8b465ee728b)
Start importing Assets/Scripts/Scriptable Object's Script/Scriptable Objects/Armaments/Missiles/R77T IR Missile 1.asset using Guid(51635134545cbc047853a6861f217766) Importer(815301076,1909f56bfc062723c751e8b465ee728b) [PhysX] Initialized MultithreadedTaskDispatcher with 8 workers.
 -> (artifact id: 'd07ba1990b138c7a0b6255e99ebceb66') in 0.002096 seconds
Number of updated asset objects reloaded before import = 0
Number of asset objects unloaded after import = 19
========================================================================
Received Prepare
Caller must complete domain reload
Begin MonoManager ReloadAssembly
- Loaded All Assemblies, in  0.726 seconds
Native extension for WindowsStandalone target not found
Native extension for WebGL target not found
Mono: successfully reloaded assembly
- Finished resetting the current domain, in  1.262 seconds
Domain Reload Profiling: 1988ms
	BeginReloadAssembly (149ms)
		ExecutionOrderSort (0ms)
		DisableScriptedObjects (5ms)
		BackupInstance (0ms)
		ReleaseScriptingObjects (0ms)
		CreateAndSetChildDomain (30ms)
	RebuildCommonClasses (29ms)
	RebuildNativeTypeToScriptingClass (10ms)
	initialDomainReloadingComplete (24ms)
	LoadAllAssembliesAndSetupDomain (514ms)
		LoadAssemblies (589ms)
		RebuildTransferFunctionScriptingTraits (0ms)
		AnalyzeDomain (15ms)
			TypeCache.Refresh (8ms)
				TypeCache.ScanAssembly (0ms)
			ScanForSourceGeneratedMonoScriptInfo (0ms)
			ResolveRequiredComponents (5ms)
	FinalizeReload (1262ms)
		ReleaseScriptCaches (0ms)
		RebuildScriptCaches (0ms)
		SetupLoadedEditorAssemblies (503ms)
			LogAssemblyErrors (0ms)
			InitializePlatformSupportModulesInManaged (6ms)
			SetLoadedEditorAssemblies (5ms)
			RefreshPlugins (0ms)
			BeforeProcessingInitializeOnLoad (56ms)
			ProcessInitializeOnLoadAttributes (413ms)
			ProcessInitializeOnLoadMethodAttributes (21ms)
			AfterProcessingInitializeOnLoad (3ms)
			EditorAssembliesLoaded (0ms)
		ExecutionOrderSort2 (0ms)
		AwakeInstancesAfterBackupRestoration (7ms)
Refreshing native plugins compatible for Editor in 2.65 ms, found 3 plugins.
Preloading 0 native plugins for Editor in 0.00 ms.
Unloading 3128 Unused Serialized files (Serialized files now loaded: 0)
Unloading 17 unused Assets / (31.4 KB). Loaded Objects now: 3687.
Memory consumption went from 123.8 MB to 123.8 MB.
Total: 3.273400 ms (FindLiveObjects: 0.206800 ms CreateObjectMapping: 0.117800 ms MarkObjects: 2.872600 ms  DeleteObjects: 0.074700 ms)

Prepare: number of updated asset objects reloaded= 0
AssetImportParameters requested are different than current active one (requested -> active):
  custom:container-demuxer-ogg: 62fdf1f143b41e24485cea50d1cbac27 -> 
  custom:video-codec-MediaFoundation-h265: 746d11721c4dcdbdad8f713fa42b33f4 -> 
  custom:video-decoder-ogg-theora: a1e56fd34408186e4bbccfd4996cb3dc -> 
  custom:framework-win-MediaFoundation: 216162199b28c13a410421893ffa2e32 -> 
  custom:CustomObjectIndexerAttribute: 9a22284fe3817be447336de3de66b15e -> 
  custom:container-demuxer-webm: 4f35f7cbe854078d1ac9338744f61a02 -> 
  custom:container-muxer-webm: aa71ff27fc2769a1b78a27578f13a17b -> 
  custom:video-decoder-webm-vp8: 9c59270c3fd7afecdb556c50c9e8de78 -> 
  custom:SearchIndexIgnoredProperties: e643bd26f0fe6173181afceb89e7c659 -> 
  custom:AudioImporter_EditorPlatform: d09bf68614088b80899f8185d706f6e7 -> 
  custom:video-encoder-webm-vp8: eb34c28f22e8b96e1ab97ce403110664 -> 
  custom:audio-decoder-ogg-vorbis: bf7c407c2cedff20999df2af8eb42d56 -> 
  custom:audio-encoder-webm-vorbis: bf7c407c2cedff20999df2af8eb42d56 -> 
  custom:scripting/monoscript/fileName/NewHomingMissile.cs: 97a81145d08cda4d1874bedadf2efec1 -> 
  custom:scripting/precompiled-assembly-types:Assembly-CSharp: 481c37afecec5ad9f335c7a177d31ded -> 1e9f807abdb6529675e0bede89060605
========================================================================
Received Prepare
Caller must complete domain reload
Begin MonoManager ReloadAssembly
- Loaded All Assemblies, in  0.385 seconds
Native extension for WindowsStandalone target not found
Native extension for WebGL target not found
Mono: successfully reloaded assembly
- Finished resetting the current domain, in  0.989 seconds
Domain Reload Profiling: 1374ms
	BeginReloadAssembly (153ms)
		ExecutionOrderSort (0ms)
		DisableScriptedObjects (7ms)
		BackupInstance (0ms)
		ReleaseScriptingObjects (0ms)
		CreateAndSetChildDomain (28ms)
	RebuildCommonClasses (28ms)
	RebuildNativeTypeToScriptingClass (9ms)
	initialDomainReloadingComplete (24ms)
	LoadAllAssembliesAndSetupDomain (172ms)
		LoadAssemblies (244ms)
		RebuildTransferFunctionScriptingTraits (0ms)
		AnalyzeDomain (20ms)
			TypeCache.Refresh (8ms)
				TypeCache.ScanAssembly (1ms)
			ScanForSourceGeneratedMonoScriptInfo (7ms)
			ResolveRequiredComponents (4ms)
	FinalizeReload (989ms)
		ReleaseScriptCaches (0ms)
		RebuildScriptCaches (0ms)
		SetupLoadedEditorAssemblies (595ms)
			LogAssemblyErrors (0ms)
			InitializePlatformSupportModulesInManaged (5ms)
			SetLoadedEditorAssemblies (4ms)
			RefreshPlugins (0ms)
			BeforeProcessingInitializeOnLoad (49ms)
			ProcessInitializeOnLoadAttributes (489ms)
			ProcessInitializeOnLoadMethodAttributes (47ms)
			AfterProcessingInitializeOnLoad (1ms)
			EditorAssembliesLoaded (0ms)
		ExecutionOrderSort2 (0ms)
		AwakeInstancesAfterBackupRestoration (7ms)
Refreshing native plugins compatible for Editor in 1.94 ms, found 3 plugins.
Preloading 0 native plugins for Editor in 0.00 ms.
Unloading 3129 Unused Serialized files (Serialized files now loaded: 0)
Unloading 14 unused Assets / (28.5 KB). Loaded Objects now: 3690.
Memory consumption went from 124.1 MB to 124.0 MB.
Total: 3.372400 ms (FindLiveObjects: 0.197100 ms CreateObjectMapping: 0.088900 ms MarkObjects: 3.037300 ms  DeleteObjects: 0.047500 ms)

Prepare: number of updated asset objects reloaded= 0
AssetImportParameters requested are different than current active one (requested -> active):
  custom:container-demuxer-ogg: 62fdf1f143b41e24485cea50d1cbac27 -> 
  custom:video-codec-MediaFoundation-h265: 746d11721c4dcdbdad8f713fa42b33f4 -> 
  custom:video-decoder-ogg-theora: a1e56fd34408186e4bbccfd4996cb3dc -> 
  custom:framework-win-MediaFoundation: 216162199b28c13a410421893ffa2e32 -> 
  custom:CustomObjectIndexerAttribute: 9a22284fe3817be447336de3de66b15e -> 
  custom:container-demuxer-webm: 4f35f7cbe854078d1ac9338744f61a02 -> 
  custom:container-muxer-webm: aa71ff27fc2769a1b78a27578f13a17b -> 
  custom:video-decoder-webm-vp8: 9c59270c3fd7afecdb556c50c9e8de78 -> 
  custom:SearchIndexIgnoredProperties: e643bd26f0fe6173181afceb89e7c659 -> 
  custom:AudioImporter_EditorPlatform: d09bf68614088b80899f8185d706f6e7 -> 
  custom:video-encoder-webm-vp8: eb34c28f22e8b96e1ab97ce403110664 -> 
  custom:audio-decoder-ogg-vorbis: bf7c407c2cedff20999df2af8eb42d56 -> 
  custom:audio-encoder-webm-vorbis: bf7c407c2cedff20999df2af8eb42d56 -> 
  custom:scripting/monoscript/fileName/NewHomingMissile.cs: 97a81145d08cda4d1874bedadf2efec1 -> 
  custom:scripting/precompiled-assembly-types:Assembly-CSharp: 481c37afecec5ad9f335c7a177d31ded -> 1e9f807abdb6529675e0bede89060605
========================================================================
Received Import Request.
  Time since last request: 227.230153 seconds.
  path: Assets/Prefabs/Mig21.prefab
  artifactKey: Guid(4f92e5782b1ca6f4dbb7835ef760bd9e) Importer(815301076,1909f56bfc062723c751e8b465ee728b)
Start importing Assets/Prefabs/Mig21.prefab using Guid(4f92e5782b1ca6f4dbb7835ef760bd9e) Importer(815301076,1909f56bfc062723c751e8b465ee728b) [PhysX] Initialized MultithreadedTaskDispatcher with 8 workers.
 -> (artifact id: 'd91f9b398a418afbd94e0648db4f24f8') in 0.004576 seconds
Number of updated asset objects reloaded before import = 0
Number of asset objects unloaded after import = 0
========================================================================
Received Import Request.
  Time since last request: 0.000027 seconds.
  path: Assets/Prefabs/Su30SM.prefab
  artifactKey: Guid(39a034aa202e50c40b5a5e7a6a9439f3) Importer(815301076,1909f56bfc062723c751e8b465ee728b)
Start importing Assets/Prefabs/Su30SM.prefab using Guid(39a034aa202e50c40b5a5e7a6a9439f3) Importer(815301076,1909f56bfc062723c751e8b465ee728b) [PhysX] Initialized MultithreadedTaskDispatcher with 8 workers.
 -> (artifact id: 'b516dc64f6eb55ba79b47fb7bf579096') in 0.000714 seconds
Number of updated asset objects reloaded before import = 0
Number of asset objects unloaded after import = 0
========================================================================
Received Import Request.
  Time since last request: 103.778087 seconds.
  path: Assets/Prefabs/Missile/R60M.prefab
  artifactKey: Guid(d0347d84e902de2469a3b3154e56c5a0) Importer(815301076,1909f56bfc062723c751e8b465ee728b)
Start importing Assets/Prefabs/Missile/R60M.prefab using Guid(d0347d84e902de2469a3b3154e56c5a0) Importer(815301076,1909f56bfc062723c751e8b465ee728b) [PhysX] Initialized MultithreadedTaskDispatcher with 8 workers.
 -> (artifact id: 'bed862b808f4787184458774bdf4bc32') in 0.000731 seconds
Number of updated asset objects reloaded before import = 0
Number of asset objects unloaded after import = 0
========================================================================
Received Import Request.
  Time since last request: 0.000015 seconds.
  path: Assets/Prefabs/Missile/R74.prefab
  artifactKey: Guid(b0df1c60601612140ab59a7b72e8a8b6) Importer(815301076,1909f56bfc062723c751e8b465ee728b)
Start importing Assets/Prefabs/Missile/R74.prefab using Guid(b0df1c60601612140ab59a7b72e8a8b6) Importer(815301076,1909f56bfc062723c751e8b465ee728b) [PhysX] Initialized MultithreadedTaskDispatcher with 8 workers.
 -> (artifact id: '464b93757b60eaaf1d5706908d92c393') in 0.000409 seconds
Number of updated asset objects reloaded before import = 0
Number of asset objects unloaded after import = 0
========================================================================
Received Prepare
Caller must complete domain reload
Begin MonoManager ReloadAssembly
- Loaded All Assemblies, in  0.425 seconds
Native extension for WindowsStandalone target not found
Native extension for WebGL target not found
Mono: successfully reloaded assembly
- Finished resetting the current domain, in  0.951 seconds
Domain Reload Profiling: 1376ms
	BeginReloadAssembly (152ms)
		ExecutionOrderSort (0ms)
		DisableScriptedObjects (3ms)
		BackupInstance (0ms)
		ReleaseScriptingObjects (0ms)
		CreateAndSetChildDomain (29ms)
	RebuildCommonClasses (37ms)
	RebuildNativeTypeToScriptingClass (13ms)
	initialDomainReloadingComplete (31ms)
	LoadAllAssembliesAndSetupDomain (192ms)
		LoadAssemblies (270ms)
		RebuildTransferFunctionScriptingTraits (0ms)
		AnalyzeDomain (14ms)
			TypeCache.Refresh (5ms)
				TypeCache.ScanAssembly (0ms)
			ScanForSourceGeneratedMonoScriptInfo (0ms)
			ResolveRequiredComponents (7ms)
	FinalizeReload (952ms)
		ReleaseScriptCaches (0ms)
		RebuildScriptCaches (0ms)
		SetupLoadedEditorAssemblies (493ms)
			LogAssemblyErrors (0ms)
			InitializePlatformSupportModulesInManaged (7ms)
			SetLoadedEditorAssemblies (4ms)
			RefreshPlugins (0ms)
			BeforeProcessingInitializeOnLoad (54ms)
			ProcessInitializeOnLoadAttributes (404ms)
			ProcessInitializeOnLoadMethodAttributes (22ms)
			AfterProcessingInitializeOnLoad (1ms)
			EditorAssembliesLoaded (0ms)
		ExecutionOrderSort2 (0ms)
		AwakeInstancesAfterBackupRestoration (9ms)
Refreshing native plugins compatible for Editor in 1.60 ms, found 3 plugins.
Preloading 0 native plugins for Editor in 0.00 ms.
Unloading 3128 Unused Serialized files (Serialized files now loaded: 0)
Unloading 14 unused Assets / (28.5 KB). Loaded Objects now: 3693.
Memory consumption went from 123.8 MB to 123.8 MB.
Total: 4.416200 ms (FindLiveObjects: 0.253400 ms CreateObjectMapping: 0.183100 ms MarkObjects: 3.857800 ms  DeleteObjects: 0.119800 ms)

Prepare: number of updated asset objects reloaded= 0
AssetImportParameters requested are different than current active one (requested -> active):
  custom:container-demuxer-ogg: 62fdf1f143b41e24485cea50d1cbac27 -> 
  custom:video-codec-MediaFoundation-h265: 746d11721c4dcdbdad8f713fa42b33f4 -> 
  custom:video-decoder-ogg-theora: a1e56fd34408186e4bbccfd4996cb3dc -> 
  custom:framework-win-MediaFoundation: 216162199b28c13a410421893ffa2e32 -> 
  custom:CustomObjectIndexerAttribute: 9a22284fe3817be447336de3de66b15e -> 
  custom:container-demuxer-webm: 4f35f7cbe854078d1ac9338744f61a02 -> 
  custom:container-muxer-webm: aa71ff27fc2769a1b78a27578f13a17b -> 
  custom:video-decoder-webm-vp8: 9c59270c3fd7afecdb556c50c9e8de78 -> 
  custom:SearchIndexIgnoredProperties: e643bd26f0fe6173181afceb89e7c659 -> 
  custom:AudioImporter_EditorPlatform: d09bf68614088b80899f8185d706f6e7 -> 
  custom:video-encoder-webm-vp8: eb34c28f22e8b96e1ab97ce403110664 -> 
  custom:audio-decoder-ogg-vorbis: bf7c407c2cedff20999df2af8eb42d56 -> 
  custom:audio-encoder-webm-vorbis: bf7c407c2cedff20999df2af8eb42d56 -> 
  custom:scripting/monoscript/fileName/NewHomingMissile.cs: 97a81145d08cda4d1874bedadf2efec1 -> 
  custom:scripting/precompiled-assembly-types:Assembly-CSharp: 481c37afecec5ad9f335c7a177d31ded -> 1e9f807abdb6529675e0bede89060605
========================================================================
Received Import Request.
  Time since last request: 211.434817 seconds.
  path: Assets/Prefabs/Mig21.prefab
  artifactKey: Guid(4f92e5782b1ca6f4dbb7835ef760bd9e) Importer(815301076,1909f56bfc062723c751e8b465ee728b)
Start importing Assets/Prefabs/Mig21.prefab using Guid(4f92e5782b1ca6f4dbb7835ef760bd9e) Importer(815301076,1909f56bfc062723c751e8b465ee728b) [PhysX] Initialized MultithreadedTaskDispatcher with 8 workers.
 -> (artifact id: 'a88e31a7d34912306f3fbb94f5802093') in 0.004550 seconds
Number of updated asset objects reloaded before import = 0
Number of asset objects unloaded after import = 0
========================================================================
Received Import Request.
  Time since last request: 0.000027 seconds.
  path: Assets/Prefabs/Su30SM.prefab
  artifactKey: Guid(39a034aa202e50c40b5a5e7a6a9439f3) Importer(815301076,1909f56bfc062723c751e8b465ee728b)
Start importing Assets/Prefabs/Su30SM.prefab using Guid(39a034aa202e50c40b5a5e7a6a9439f3) Importer(815301076,1909f56bfc062723c751e8b465ee728b) [PhysX] Initialized MultithreadedTaskDispatcher with 8 workers.
 -> (artifact id: 'b516dc64f6eb55ba79b47fb7bf579096') in 0.001008 seconds
Number of updated asset objects reloaded before import = 0
Number of asset objects unloaded after import = 0
========================================================================
Received Import Request.
  Time since last request: 3.076168 seconds.
  path: Assets/Prefabs/Missile/R3S.prefab
  artifactKey: Guid(95d89e6b9ea3e604a9ad9fbb7e87fb47) Importer(815301076,1909f56bfc062723c751e8b465ee728b)
Start importing Assets/Prefabs/Missile/R3S.prefab using Guid(95d89e6b9ea3e604a9ad9fbb7e87fb47) Importer(815301076,1909f56bfc062723c751e8b465ee728b) [PhysX] Initialized MultithreadedTaskDispatcher with 8 workers.
 -> (artifact id: '8b3dac46b7cfa6819b28743675748ed2') in 0.000597 seconds
Number of updated asset objects reloaded before import = 0
Number of asset objects unloaded after import = 0
========================================================================
Received Import Request.
  Time since last request: 0.000019 seconds.
  path: Assets/Prefabs/Missile/R74.prefab
  artifactKey: Guid(b0df1c60601612140ab59a7b72e8a8b6) Importer(815301076,1909f56bfc062723c751e8b465ee728b)
Start importing Assets/Prefabs/Missile/R74.prefab using Guid(b0df1c60601612140ab59a7b72e8a8b6) Importer(815301076,1909f56bfc062723c751e8b465ee728b) [PhysX] Initialized MultithreadedTaskDispatcher with 8 workers.
 -> (artifact id: '464b93757b60eaaf1d5706908d92c393') in 0.000592 seconds
Number of updated asset objects reloaded before import = 0
Number of asset objects unloaded after import = 0
========================================================================
Received Import Request.
  Time since last request: 0.000016 seconds.
  path: Assets/Prefabs/Missile/R77T.prefab
  artifactKey: Guid(3a2b65eec703b134ca893606e78cff62) Importer(815301076,1909f56bfc062723c751e8b465ee728b)
Start importing Assets/Prefabs/Missile/R77T.prefab using Guid(3a2b65eec703b134ca893606e78cff62) Importer(815301076,1909f56bfc062723c751e8b465ee728b) [PhysX] Initialized MultithreadedTaskDispatcher with 8 workers.
 -> (artifact id: '50fcc7fa8beb1312a8e0238d124b6145') in 0.000383 seconds
Number of updated asset objects reloaded before import = 0
Number of asset objects unloaded after import = 0
========================================================================
Received Import Request.
  Time since last request: 21.475171 seconds.
  path: Assets/Prefabs/Missile/R74.prefab
  artifactKey: Guid(b0df1c60601612140ab59a7b72e8a8b6) Importer(815301076,1909f56bfc062723c751e8b465ee728b)
Start importing Assets/Prefabs/Missile/R74.prefab using Guid(b0df1c60601612140ab59a7b72e8a8b6) Importer(815301076,1909f56bfc062723c751e8b465ee728b) [PhysX] Initialized MultithreadedTaskDispatcher with 8 workers.
 -> (artifact id: '464b93757b60eaaf1d5706908d92c393') in 0.000493 seconds
Number of updated asset objects reloaded before import = 0
Number of asset objects unloaded after import = 0
========================================================================
Received Import Request.
  Time since last request: 0.044191 seconds.
  path: Assets/Prefabs/Missile/R3S.prefab
  artifactKey: Guid(95d89e6b9ea3e604a9ad9fbb7e87fb47) Importer(815301076,1909f56bfc062723c751e8b465ee728b)
Start importing Assets/Prefabs/Missile/R3S.prefab using Guid(95d89e6b9ea3e604a9ad9fbb7e87fb47) Importer(815301076,1909f56bfc062723c751e8b465ee728b) [PhysX] Initialized MultithreadedTaskDispatcher with 8 workers.
 -> (artifact id: '8b3dac46b7cfa6819b28743675748ed2') in 0.000451 seconds
Number of updated asset objects reloaded before import = 0
Number of asset objects unloaded after import = 0
========================================================================
Received Import Request.
  Time since last request: 0.000018 seconds.
  path: Assets/Prefabs/Missile/R73.prefab
  artifactKey: Guid(2b0faee24f85505458815d2de54c3a58) Importer(815301076,1909f56bfc062723c751e8b465ee728b)
Start importing Assets/Prefabs/Missile/R73.prefab using Guid(2b0faee24f85505458815d2de54c3a58) Importer(815301076,1909f56bfc062723c751e8b465ee728b) [PhysX] Initialized MultithreadedTaskDispatcher with 8 workers.
 -> (artifact id: 'b230c629dccbe596dfdf08b734296068') in 0.000484 seconds
Number of updated asset objects reloaded before import = 0
Number of asset objects unloaded after import = 0
========================================================================
Received Import Request.
  Time since last request: 1.793317 seconds.
  path: Assets/Prefabs/Missile/R77T.prefab
  artifactKey: Guid(3a2b65eec703b134ca893606e78cff62) Importer(815301076,1909f56bfc062723c751e8b465ee728b)
Start importing Assets/Prefabs/Missile/R77T.prefab using Guid(3a2b65eec703b134ca893606e78cff62) Importer(815301076,1909f56bfc062723c751e8b465ee728b) [PhysX] Initialized MultithreadedTaskDispatcher with 8 workers.
 -> (artifact id: '50fcc7fa8beb1312a8e0238d124b6145') in 0.000675 seconds
Number of updated asset objects reloaded before import = 0
Number of asset objects unloaded after import = 0
========================================================================
Received Import Request.
  Time since last request: 0.023934 seconds.
  path: Assets/Prefabs/Missile/R3S.prefab
  artifactKey: Guid(95d89e6b9ea3e604a9ad9fbb7e87fb47) Importer(815301076,1909f56bfc062723c751e8b465ee728b)
Start importing Assets/Prefabs/Missile/R3S.prefab using Guid(95d89e6b9ea3e604a9ad9fbb7e87fb47) Importer(815301076,1909f56bfc062723c751e8b465ee728b) [PhysX] Initialized MultithreadedTaskDispatcher with 8 workers.
 -> (artifact id: '8b3dac46b7cfa6819b28743675748ed2') in 0.000469 seconds
Number of updated asset objects reloaded before import = 0
Number of asset objects unloaded after import = 0
========================================================================
Received Import Request.
  Time since last request: 0.000016 seconds.
  path: Assets/Prefabs/Missile/R74.prefab
  artifactKey: Guid(b0df1c60601612140ab59a7b72e8a8b6) Importer(815301076,1909f56bfc062723c751e8b465ee728b)
Start importing Assets/Prefabs/Missile/R74.prefab using Guid(b0df1c60601612140ab59a7b72e8a8b6) Importer(815301076,1909f56bfc062723c751e8b465ee728b) [PhysX] Initialized MultithreadedTaskDispatcher with 8 workers.
 -> (artifact id: 'fc81780d65d24bd8f0b299b1c382d3d0') in 0.000342 seconds
Number of updated asset objects reloaded before import = 0
Number of asset objects unloaded after import = 0
========================================================================
Received Import Request.
  Time since last request: 1.999558 seconds.
  path: Assets/Prefabs/Missile/R60M.prefab
  artifactKey: Guid(d0347d84e902de2469a3b3154e56c5a0) Importer(815301076,1909f56bfc062723c751e8b465ee728b)
Start importing Assets/Prefabs/Missile/R60M.prefab using Guid(d0347d84e902de2469a3b3154e56c5a0) Importer(815301076,1909f56bfc062723c751e8b465ee728b) [PhysX] Initialized MultithreadedTaskDispatcher with 8 workers.
 -> (artifact id: 'bed862b808f4787184458774bdf4bc32') in 0.000398 seconds
Number of updated asset objects reloaded before import = 0
Number of asset objects unloaded after import = 0
========================================================================
Received Import Request.
  Time since last request: 0.026580 seconds.
  path: Assets/Prefabs/Missile/R3S.prefab
  artifactKey: Guid(95d89e6b9ea3e604a9ad9fbb7e87fb47) Importer(815301076,1909f56bfc062723c751e8b465ee728b)
Start importing Assets/Prefabs/Missile/R3S.prefab using Guid(95d89e6b9ea3e604a9ad9fbb7e87fb47) Importer(815301076,1909f56bfc062723c751e8b465ee728b) [PhysX] Initialized MultithreadedTaskDispatcher with 8 workers.
 -> (artifact id: '8b3dac46b7cfa6819b28743675748ed2') in 0.000462 seconds
Number of updated asset objects reloaded before import = 0
Number of asset objects unloaded after import = 0
========================================================================
Received Import Request.
  Time since last request: 0.000015 seconds.
  path: Assets/Prefabs/Missile/R74.prefab
  artifactKey: Guid(b0df1c60601612140ab59a7b72e8a8b6) Importer(815301076,1909f56bfc062723c751e8b465ee728b)
Start importing Assets/Prefabs/Missile/R74.prefab using Guid(b0df1c60601612140ab59a7b72e8a8b6) Importer(815301076,1909f56bfc062723c751e8b465ee728b) [PhysX] Initialized MultithreadedTaskDispatcher with 8 workers.
 -> (artifact id: 'fc81780d65d24bd8f0b299b1c382d3d0') in 0.000438 seconds
Number of updated asset objects reloaded before import = 0
Number of asset objects unloaded after import = 0
========================================================================
Received Import Request.
  Time since last request: 0.000042 seconds.
  path: Assets/Prefabs/Missile/R77T.prefab
  artifactKey: Guid(3a2b65eec703b134ca893606e78cff62) Importer(815301076,1909f56bfc062723c751e8b465ee728b)
Start importing Assets/Prefabs/Missile/R77T.prefab using Guid(3a2b65eec703b134ca893606e78cff62) Importer(815301076,1909f56bfc062723c751e8b465ee728b) [PhysX] Initialized MultithreadedTaskDispatcher with 8 workers.
 -> (artifact id: 'bac404832592489c3bc3bf2e9b3b9551') in 0.000365 seconds
Number of updated asset objects reloaded before import = 0
Number of asset objects unloaded after import = 0
========================================================================
Received Import Request.
  Time since last request: 2.559811 seconds.
  path: Assets/Prefabs/Missile/R3S.prefab
  artifactKey: Guid(95d89e6b9ea3e604a9ad9fbb7e87fb47) Importer(815301076,1909f56bfc062723c751e8b465ee728b)
Start importing Assets/Prefabs/Missile/R3S.prefab using Guid(95d89e6b9ea3e604a9ad9fbb7e87fb47) Importer(815301076,1909f56bfc062723c751e8b465ee728b) [PhysX] Initialized MultithreadedTaskDispatcher with 8 workers.
 -> (artifact id: '8b3dac46b7cfa6819b28743675748ed2') in 0.000777 seconds
Number of updated asset objects reloaded before import = 0
Number of asset objects unloaded after import = 0
========================================================================
Received Import Request.
  Time since last request: 0.026833 seconds.
  path: Assets/Prefabs/Missile/R60M.prefab
  artifactKey: Guid(d0347d84e902de2469a3b3154e56c5a0) Importer(815301076,1909f56bfc062723c751e8b465ee728b)
Start importing Assets/Prefabs/Missile/R60M.prefab using Guid(d0347d84e902de2469a3b3154e56c5a0) Importer(815301076,1909f56bfc062723c751e8b465ee728b) [PhysX] Initialized MultithreadedTaskDispatcher with 8 workers.
 -> (artifact id: 'a2dd7069a8e16e9b56ee59042097f5f2') in 0.000495 seconds
Number of updated asset objects reloaded before import = 0
Number of asset objects unloaded after import = 0
========================================================================
Received Import Request.
  Time since last request: 0.000014 seconds.
  path: Assets/Prefabs/Missile/R74.prefab
  artifactKey: Guid(b0df1c60601612140ab59a7b72e8a8b6) Importer(815301076,1909f56bfc062723c751e8b465ee728b)
Start importing Assets/Prefabs/Missile/R74.prefab using Guid(b0df1c60601612140ab59a7b72e8a8b6) Importer(815301076,1909f56bfc062723c751e8b465ee728b) [PhysX] Initialized MultithreadedTaskDispatcher with 8 workers.
 -> (artifact id: 'fc81780d65d24bd8f0b299b1c382d3d0') in 0.000360 seconds
Number of updated asset objects reloaded before import = 0
Number of asset objects unloaded after import = 0
========================================================================
Received Import Request.
  Time since last request: 2.191999 seconds.
  path: Assets/Prefabs/Missile/R3S.prefab
  artifactKey: Guid(95d89e6b9ea3e604a9ad9fbb7e87fb47) Importer(815301076,1909f56bfc062723c751e8b465ee728b)
Start importing Assets/Prefabs/Missile/R3S.prefab using Guid(95d89e6b9ea3e604a9ad9fbb7e87fb47) Importer(815301076,1909f56bfc062723c751e8b465ee728b) [PhysX] Initialized MultithreadedTaskDispatcher with 8 workers.
 -> (artifact id: '4b368e7533279a2795642a33373b1f91') in 0.000607 seconds
Number of updated asset objects reloaded before import = 0
Number of asset objects unloaded after import = 0
========================================================================
Received Import Request.
  Time since last request: 0.000017 seconds.
  path: Assets/Prefabs/Missile/R74.prefab
  artifactKey: Guid(b0df1c60601612140ab59a7b72e8a8b6) Importer(815301076,1909f56bfc062723c751e8b465ee728b)
Start importing Assets/Prefabs/Missile/R74.prefab using Guid(b0df1c60601612140ab59a7b72e8a8b6) Importer(815301076,1909f56bfc062723c751e8b465ee728b) [PhysX] Initialized MultithreadedTaskDispatcher with 8 workers.
 -> (artifact id: 'fc81780d65d24bd8f0b299b1c382d3d0') in 0.000495 seconds
Number of updated asset objects reloaded before import = 0
Number of asset objects unloaded after import = 0
========================================================================
Received Import Request.
  Time since last request: 0.000016 seconds.
  path: Assets/Prefabs/Missile/R77T.prefab
  artifactKey: Guid(3a2b65eec703b134ca893606e78cff62) Importer(815301076,1909f56bfc062723c751e8b465ee728b)
Start importing Assets/Prefabs/Missile/R77T.prefab using Guid(3a2b65eec703b134ca893606e78cff62) Importer(815301076,1909f56bfc062723c751e8b465ee728b) [PhysX] Initialized MultithreadedTaskDispatcher with 8 workers.
 -> (artifact id: 'bac404832592489c3bc3bf2e9b3b9551') in 0.000299 seconds
Number of updated asset objects reloaded before import = 0
Number of asset objects unloaded after import = 0
========================================================================
Received Prepare
Caller must complete domain reload
Begin MonoManager ReloadAssembly
- Loaded All Assemblies, in  0.527 seconds
Native extension for WindowsStandalone target not found
Native extension for WebGL target not found
Mono: successfully reloaded assembly
- Finished resetting the current domain, in  0.979 seconds
Domain Reload Profiling: 1506ms
	BeginReloadAssembly (150ms)
		ExecutionOrderSort (0ms)
		DisableScriptedObjects (5ms)
		BackupInstance (0ms)
		ReleaseScriptingObjects (0ms)
		CreateAndSetChildDomain (29ms)
	RebuildCommonClasses (34ms)
	RebuildNativeTypeToScriptingClass (12ms)
	initialDomainReloadingComplete (29ms)
	LoadAllAssembliesAndSetupDomain (302ms)
		LoadAssemblies (378ms)
		RebuildTransferFunctionScriptingTraits (0ms)
		AnalyzeDomain (14ms)
			TypeCache.Refresh (7ms)
				TypeCache.ScanAssembly (0ms)
			ScanForSourceGeneratedMonoScriptInfo (0ms)
			ResolveRequiredComponents (6ms)
	FinalizeReload (980ms)
		ReleaseScriptCaches (0ms)
		RebuildScriptCaches (0ms)
		SetupLoadedEditorAssemblies (461ms)
			LogAssemblyErrors (0ms)
			InitializePlatformSupportModulesInManaged (6ms)
			SetLoadedEditorAssemblies (5ms)
			RefreshPlugins (0ms)
			BeforeProcessingInitializeOnLoad (56ms)
			ProcessInitializeOnLoadAttributes (369ms)
			ProcessInitializeOnLoadMethodAttributes (22ms)
			AfterProcessingInitializeOnLoad (3ms)
			EditorAssembliesLoaded (0ms)
		ExecutionOrderSort2 (0ms)
		AwakeInstancesAfterBackupRestoration (6ms)
Refreshing native plugins compatible for Editor in 3.01 ms, found 3 plugins.
Preloading 0 native plugins for Editor in 0.00 ms.
Unloading 3128 Unused Serialized files (Serialized files now loaded: 0)
Unloading 14 unused Assets / (28.5 KB). Loaded Objects now: 3696.
Memory consumption went from 123.8 MB to 123.8 MB.
Total: 2.805600 ms (FindLiveObjects: 0.191200 ms CreateObjectMapping: 0.086000 ms MarkObjects: 2.485800 ms  DeleteObjects: 0.041500 ms)

Prepare: number of updated asset objects reloaded= 0
AssetImportParameters requested are different than current active one (requested -> active):
  custom:container-demuxer-ogg: 62fdf1f143b41e24485cea50d1cbac27 -> 
  custom:video-codec-MediaFoundation-h265: 746d11721c4dcdbdad8f713fa42b33f4 -> 
  custom:video-decoder-ogg-theora: a1e56fd34408186e4bbccfd4996cb3dc -> 
  custom:framework-win-MediaFoundation: 216162199b28c13a410421893ffa2e32 -> 
  custom:CustomObjectIndexerAttribute: 9a22284fe3817be447336de3de66b15e -> 
  custom:container-demuxer-webm: 4f35f7cbe854078d1ac9338744f61a02 -> 
  custom:container-muxer-webm: aa71ff27fc2769a1b78a27578f13a17b -> 
  custom:video-decoder-webm-vp8: 9c59270c3fd7afecdb556c50c9e8de78 -> 
  custom:SearchIndexIgnoredProperties: e643bd26f0fe6173181afceb89e7c659 -> 
  custom:AudioImporter_EditorPlatform: d09bf68614088b80899f8185d706f6e7 -> 
  custom:video-encoder-webm-vp8: eb34c28f22e8b96e1ab97ce403110664 -> 
  custom:audio-decoder-ogg-vorbis: bf7c407c2cedff20999df2af8eb42d56 -> 
  custom:audio-encoder-webm-vorbis: bf7c407c2cedff20999df2af8eb42d56 -> 
  custom:scripting/monoscript/fileName/NewHomingMissile.cs: 97a81145d08cda4d1874bedadf2efec1 -> 
  custom:scripting/precompiled-assembly-types:Assembly-CSharp: 481c37afecec5ad9f335c7a177d31ded -> 1e9f807abdb6529675e0bede89060605
========================================================================
Received Import Request.
  Time since last request: 5.300730 seconds.
  path: Assets/Prefabs/Missile/R74.prefab
  artifactKey: Guid(b0df1c60601612140ab59a7b72e8a8b6) Importer(815301076,1909f56bfc062723c751e8b465ee728b)
Start importing Assets/Prefabs/Missile/R74.prefab using Guid(b0df1c60601612140ab59a7b72e8a8b6) Importer(815301076,1909f56bfc062723c751e8b465ee728b) [PhysX] Initialized MultithreadedTaskDispatcher with 8 workers.
 -> (artifact id: 'fc81780d65d24bd8f0b299b1c382d3d0') in 0.002606 seconds
Number of updated asset objects reloaded before import = 0
Number of asset objects unloaded after import = 0
========================================================================
Received Import Request.
  Time since last request: 0.000028 seconds.
  path: Assets/Prefabs/Missile/R3S.prefab
  artifactKey: Guid(95d89e6b9ea3e604a9ad9fbb7e87fb47) Importer(815301076,1909f56bfc062723c751e8b465ee728b)
Start importing Assets/Prefabs/Missile/R3S.prefab using Guid(95d89e6b9ea3e604a9ad9fbb7e87fb47) Importer(815301076,1909f56bfc062723c751e8b465ee728b) [PhysX] Initialized MultithreadedTaskDispatcher with 8 workers.
 -> (artifact id: '4b368e7533279a2795642a33373b1f91') in 0.000516 seconds
Number of updated asset objects reloaded before import = 0
Number of asset objects unloaded after import = 0
========================================================================
Received Import Request.
  Time since last request: 0.000015 seconds.
  path: Assets/Prefabs/Missile/R60M.prefab
  artifactKey: Guid(d0347d84e902de2469a3b3154e56c5a0) Importer(815301076,1909f56bfc062723c751e8b465ee728b)
Start importing Assets/Prefabs/Missile/R60M.prefab using Guid(d0347d84e902de2469a3b3154e56c5a0) Importer(815301076,1909f56bfc062723c751e8b465ee728b) [PhysX] Initialized MultithreadedTaskDispatcher with 8 workers.
 -> (artifact id: 'a2dd7069a8e16e9b56ee59042097f5f2') in 0.000566 seconds
Number of updated asset objects reloaded before import = 0
Number of asset objects unloaded after import = 0
========================================================================
Received Import Request.
  Time since last request: 0.000016 seconds.
  path: Assets/Prefabs/Missile/R73.prefab
  artifactKey: Guid(2b0faee24f85505458815d2de54c3a58) Importer(815301076,1909f56bfc062723c751e8b465ee728b)
Start importing Assets/Prefabs/Missile/R73.prefab using Guid(2b0faee24f85505458815d2de54c3a58) Importer(815301076,1909f56bfc062723c751e8b465ee728b) [PhysX] Initialized MultithreadedTaskDispatcher with 8 workers.
 -> (artifact id: 'b230c629dccbe596dfdf08b734296068') in 0.000434 seconds
Number of updated asset objects reloaded before import = 0
Number of asset objects unloaded after import = 0
========================================================================
Received Import Request.
  Time since last request: 0.000016 seconds.
  path: Assets/Prefabs/Missile/R77T.prefab
  artifactKey: Guid(3a2b65eec703b134ca893606e78cff62) Importer(815301076,1909f56bfc062723c751e8b465ee728b)
Start importing Assets/Prefabs/Missile/R77T.prefab using Guid(3a2b65eec703b134ca893606e78cff62) Importer(815301076,1909f56bfc062723c751e8b465ee728b) [PhysX] Initialized MultithreadedTaskDispatcher with 8 workers.
 -> (artifact id: 'bac404832592489c3bc3bf2e9b3b9551') in 0.000353 seconds
Number of updated asset objects reloaded before import = 0
Number of asset objects unloaded after import = 0
========================================================================
Received Import Request.
  Time since last request: 9.809811 seconds.
  path: Assets/Prefabs/Missile/R3S.prefab
  artifactKey: Guid(95d89e6b9ea3e604a9ad9fbb7e87fb47) Importer(815301076,1909f56bfc062723c751e8b465ee728b)
Start importing Assets/Prefabs/Missile/R3S.prefab using Guid(95d89e6b9ea3e604a9ad9fbb7e87fb47) Importer(815301076,1909f56bfc062723c751e8b465ee728b) [PhysX] Initialized MultithreadedTaskDispatcher with 8 workers.
 -> (artifact id: '4b368e7533279a2795642a33373b1f91') in 0.000620 seconds
Number of updated asset objects reloaded before import = 0
Number of asset objects unloaded after import = 0
========================================================================
Received Import Request.
  Time since last request: 0.000018 seconds.
  path: Assets/Prefabs/Missile/R73.prefab
  artifactKey: Guid(2b0faee24f85505458815d2de54c3a58) Importer(815301076,1909f56bfc062723c751e8b465ee728b)
Start importing Assets/Prefabs/Missile/R73.prefab using Guid(2b0faee24f85505458815d2de54c3a58) Importer(815301076,1909f56bfc062723c751e8b465ee728b) [PhysX] Initialized MultithreadedTaskDispatcher with 8 workers.
 -> (artifact id: 'b230c629dccbe596dfdf08b734296068') in 0.000571 seconds
Number of updated asset objects reloaded before import = 0
Number of asset objects unloaded after import = 0
========================================================================
Received Import Request.
  Time since last request: 0.000013 seconds.
  path: Assets/Prefabs/Missile/R74.prefab
  artifactKey: Guid(b0df1c60601612140ab59a7b72e8a8b6) Importer(815301076,1909f56bfc062723c751e8b465ee728b)
Start importing Assets/Prefabs/Missile/R74.prefab using Guid(b0df1c60601612140ab59a7b72e8a8b6) Importer(815301076,1909f56bfc062723c751e8b465ee728b) [PhysX] Initialized MultithreadedTaskDispatcher with 8 workers.
 -> (artifact id: 'fc81780d65d24bd8f0b299b1c382d3d0') in 0.000436 seconds
Number of updated asset objects reloaded before import = 0
Number of asset objects unloaded after import = 0
========================================================================
Received Import Request.
  Time since last request: 0.000014 seconds.
  path: Assets/Prefabs/Missile/R77T.prefab
  artifactKey: Guid(3a2b65eec703b134ca893606e78cff62) Importer(815301076,1909f56bfc062723c751e8b465ee728b)
Start importing Assets/Prefabs/Missile/R77T.prefab using Guid(3a2b65eec703b134ca893606e78cff62) Importer(815301076,1909f56bfc062723c751e8b465ee728b) [PhysX] Initialized MultithreadedTaskDispatcher with 8 workers.
 -> (artifact id: 'bac404832592489c3bc3bf2e9b3b9551') in 0.000364 seconds
Number of updated asset objects reloaded before import = 0
Number of asset objects unloaded after import = 0
========================================================================
Received Import Request.
  Time since last request: 11.027221 seconds.
  path: Assets/Prefabs/Missile/R3S.prefab
  artifactKey: Guid(95d89e6b9ea3e604a9ad9fbb7e87fb47) Importer(815301076,1909f56bfc062723c751e8b465ee728b)
Start importing Assets/Prefabs/Missile/R3S.prefab using Guid(95d89e6b9ea3e604a9ad9fbb7e87fb47) Importer(815301076,1909f56bfc062723c751e8b465ee728b) [PhysX] Initialized MultithreadedTaskDispatcher with 8 workers.
 -> (artifact id: '4b368e7533279a2795642a33373b1f91') in 0.000561 seconds
Number of updated asset objects reloaded before import = 0
Number of asset objects unloaded after import = 0
========================================================================
Received Import Request.
  Time since last request: 0.006050 seconds.
  path: Assets/Prefabs/Missile/R74.prefab
  artifactKey: Guid(b0df1c60601612140ab59a7b72e8a8b6) Importer(815301076,1909f56bfc062723c751e8b465ee728b)
Start importing Assets/Prefabs/Missile/R74.prefab using Guid(b0df1c60601612140ab59a7b72e8a8b6) Importer(815301076,1909f56bfc062723c751e8b465ee728b) [PhysX] Initialized MultithreadedTaskDispatcher with 8 workers.
 -> (artifact id: 'fc81780d65d24bd8f0b299b1c382d3d0') in 0.001239 seconds
Number of updated asset objects reloaded before import = 0
Number of asset objects unloaded after import = 0
========================================================================
Received Import Request.
  Time since last request: 14.943669 seconds.
  path: Assets/Prefabs/Missile/R3S.prefab
  artifactKey: Guid(95d89e6b9ea3e604a9ad9fbb7e87fb47) Importer(815301076,1909f56bfc062723c751e8b465ee728b)
Start importing Assets/Prefabs/Missile/R3S.prefab using Guid(95d89e6b9ea3e604a9ad9fbb7e87fb47) Importer(815301076,1909f56bfc062723c751e8b465ee728b) [PhysX] Initialized MultithreadedTaskDispatcher with 8 workers.
 -> (artifact id: '4b368e7533279a2795642a33373b1f91') in 0.000949 seconds
Number of updated asset objects reloaded before import = 0
Number of asset objects unloaded after import = 0
========================================================================
Received Import Request.
  Time since last request: 0.000018 seconds.
  path: Assets/Prefabs/Missile/R73.prefab
  artifactKey: Guid(2b0faee24f85505458815d2de54c3a58) Importer(815301076,1909f56bfc062723c751e8b465ee728b)
Start importing Assets/Prefabs/Missile/R73.prefab using Guid(2b0faee24f85505458815d2de54c3a58) Importer(815301076,1909f56bfc062723c751e8b465ee728b) [PhysX] Initialized MultithreadedTaskDispatcher with 8 workers.
 -> (artifact id: 'b230c629dccbe596dfdf08b734296068') in 0.000557 seconds
Number of updated asset objects reloaded before import = 0
Number of asset objects unloaded after import = 0
========================================================================
Received Import Request.
  Time since last request: 0.000030 seconds.
  path: Assets/Prefabs/Missile/R77T.prefab
  artifactKey: Guid(3a2b65eec703b134ca893606e78cff62) Importer(815301076,1909f56bfc062723c751e8b465ee728b)
Start importing Assets/Prefabs/Missile/R77T.prefab using Guid(3a2b65eec703b134ca893606e78cff62) Importer(815301076,1909f56bfc062723c751e8b465ee728b) [PhysX] Initialized MultithreadedTaskDispatcher with 8 workers.
 -> (artifact id: 'bac404832592489c3bc3bf2e9b3b9551') in 0.000617 seconds
Number of updated asset objects reloaded before import = 0
Number of asset objects unloaded after import = 0
========================================================================
Received Import Request.
  Time since last request: 3.034883 seconds.
  path: Assets/Prefabs/Missile/R3S.prefab
  artifactKey: Guid(95d89e6b9ea3e604a9ad9fbb7e87fb47) Importer(815301076,1909f56bfc062723c751e8b465ee728b)
Start importing Assets/Prefabs/Missile/R3S.prefab using Guid(95d89e6b9ea3e604a9ad9fbb7e87fb47) Importer(815301076,1909f56bfc062723c751e8b465ee728b) [PhysX] Initialized MultithreadedTaskDispatcher with 8 workers.
 -> (artifact id: '4b368e7533279a2795642a33373b1f91') in 0.000837 seconds
Number of updated asset objects reloaded before import = 0
Number of asset objects unloaded after import = 0
========================================================================
Received Import Request.
  Time since last request: 0.000027 seconds.
  path: Assets/Prefabs/Missile/R74.prefab
  artifactKey: Guid(b0df1c60601612140ab59a7b72e8a8b6) Importer(815301076,1909f56bfc062723c751e8b465ee728b)
Start importing Assets/Prefabs/Missile/R74.prefab using Guid(b0df1c60601612140ab59a7b72e8a8b6) Importer(815301076,1909f56bfc062723c751e8b465ee728b) [PhysX] Initialized MultithreadedTaskDispatcher with 8 workers.
 -> (artifact id: 'fc81780d65d24bd8f0b299b1c382d3d0') in 0.000427 seconds
Number of updated asset objects reloaded before import = 0
Number of asset objects unloaded after import = 0
========================================================================
Received Import Request.
  Time since last request: 0.000023 seconds.
  path: Assets/Prefabs/Missile/R77T.prefab
  artifactKey: Guid(3a2b65eec703b134ca893606e78cff62) Importer(815301076,1909f56bfc062723c751e8b465ee728b)
Start importing Assets/Prefabs/Missile/R77T.prefab using Guid(3a2b65eec703b134ca893606e78cff62) Importer(815301076,1909f56bfc062723c751e8b465ee728b) [PhysX] Initialized MultithreadedTaskDispatcher with 8 workers.
 -> (artifact id: 'bac404832592489c3bc3bf2e9b3b9551') in 0.000393 seconds
Number of updated asset objects reloaded before import = 0
Number of asset objects unloaded after import = 0
========================================================================
Received Prepare
Caller must complete domain reload
Begin MonoManager ReloadAssembly
- Loaded All Assemblies, in  3.196 seconds
Native extension for WindowsStandalone target not found
Native extension for WebGL target not found
Mono: successfully reloaded assembly
- Finished resetting the current domain, in 38.085 seconds
Domain Reload Profiling: 41281ms
	BeginReloadAssembly (181ms)
		ExecutionOrderSort (0ms)
		DisableScriptedObjects (7ms)
		BackupInstance (0ms)
		ReleaseScriptingObjects (0ms)
		CreateAndSetChildDomain (35ms)
	RebuildCommonClasses (39ms)
	RebuildNativeTypeToScriptingClass (11ms)
	initialDomainReloadingComplete (29ms)
	LoadAllAssembliesAndSetupDomain (2935ms)
		LoadAssemblies (3028ms)
		RebuildTransferFunctionScriptingTraits (0ms)
		AnalyzeDomain (14ms)
			TypeCache.Refresh (6ms)
				TypeCache.ScanAssembly (0ms)
			ScanForSourceGeneratedMonoScriptInfo (0ms)
			ResolveRequiredComponents (6ms)
	FinalizeReload (38085ms)
		ReleaseScriptCaches (0ms)
		RebuildScriptCaches (0ms)
		SetupLoadedEditorAssemblies (460ms)
			LogAssemblyErrors (0ms)
			InitializePlatformSupportModulesInManaged (5ms)
			SetLoadedEditorAssemblies (4ms)
			RefreshPlugins (0ms)
			BeforeProcessingInitializeOnLoad (54ms)
			ProcessInitializeOnLoadAttributes (372ms)
			ProcessInitializeOnLoadMethodAttributes (23ms)
			AfterProcessingInitializeOnLoad (2ms)
			EditorAssembliesLoaded (0ms)
		ExecutionOrderSort2 (0ms)
		AwakeInstancesAfterBackupRestoration (8ms)
Refreshing native plugins compatible for Editor in 4.68 ms, found 3 plugins.
Preloading 0 native plugins for Editor in 0.00 ms.
Unloading 3128 Unused Serialized files (Serialized files now loaded: 0)
Unloading 14 unused Assets / (28.5 KB). Loaded Objects now: 3699.
Memory consumption went from 123.8 MB to 123.8 MB.
Total: 3.134200 ms (FindLiveObjects: 0.270400 ms CreateObjectMapping: 0.112300 ms MarkObjects: 2.711100 ms  DeleteObjects: 0.039500 ms)

Prepare: number of updated asset objects reloaded= 0
AssetImportParameters requested are different than current active one (requested -> active):
  custom:container-demuxer-ogg: 62fdf1f143b41e24485cea50d1cbac27 -> 
  custom:video-codec-MediaFoundation-h265: 746d11721c4dcdbdad8f713fa42b33f4 -> 
  custom:video-decoder-ogg-theora: a1e56fd34408186e4bbccfd4996cb3dc -> 
  custom:framework-win-MediaFoundation: 216162199b28c13a410421893ffa2e32 -> 
  custom:CustomObjectIndexerAttribute: 9a22284fe3817be447336de3de66b15e -> 
  custom:container-demuxer-webm: 4f35f7cbe854078d1ac9338744f61a02 -> 
  custom:container-muxer-webm: aa71ff27fc2769a1b78a27578f13a17b -> 
  custom:video-decoder-webm-vp8: 9c59270c3fd7afecdb556c50c9e8de78 -> 
  custom:SearchIndexIgnoredProperties: e643bd26f0fe6173181afceb89e7c659 -> 
  custom:AudioImporter_EditorPlatform: d09bf68614088b80899f8185d706f6e7 -> 
  custom:video-encoder-webm-vp8: eb34c28f22e8b96e1ab97ce403110664 -> 
  custom:audio-decoder-ogg-vorbis: bf7c407c2cedff20999df2af8eb42d56 -> 
  custom:audio-encoder-webm-vorbis: bf7c407c2cedff20999df2af8eb42d56 -> 
  custom:scripting/monoscript/fileName/NewHomingMissile.cs: 97a81145d08cda4d1874bedadf2efec1 -> 
  custom:scripting/precompiled-assembly-types:Assembly-CSharp: 481c37afecec5ad9f335c7a177d31ded -> 1e9f807abdb6529675e0bede89060605
========================================================================
Received Prepare
Caller must complete domain reload
Begin MonoManager ReloadAssembly
- Loaded All Assemblies, in  0.493 seconds
Native extension for WindowsStandalone target not found
Native extension for WebGL target not found
Mono: successfully reloaded assembly
- Finished resetting the current domain, in  1.038 seconds
Domain Reload Profiling: 1530ms
	BeginReloadAssembly (171ms)
		ExecutionOrderSort (0ms)
		DisableScriptedObjects (7ms)
		BackupInstance (0ms)
		ReleaseScriptingObjects (0ms)
		CreateAndSetChildDomain (34ms)
	RebuildCommonClasses (33ms)
	RebuildNativeTypeToScriptingClass (11ms)
	initialDomainReloadingComplete (25ms)
	LoadAllAssembliesAndSetupDomain (252ms)
		LoadAssemblies (334ms)
		RebuildTransferFunctionScriptingTraits (0ms)
		AnalyzeDomain (18ms)
			TypeCache.Refresh (8ms)
				TypeCache.ScanAssembly (0ms)
			ScanForSourceGeneratedMonoScriptInfo (0ms)
			ResolveRequiredComponents (8ms)
	FinalizeReload (1038ms)
		ReleaseScriptCaches (0ms)
		RebuildScriptCaches (0ms)
		SetupLoadedEditorAssemblies (459ms)
			LogAssemblyErrors (0ms)
			InitializePlatformSupportModulesInManaged (11ms)
			SetLoadedEditorAssemblies (8ms)
			RefreshPlugins (0ms)
			BeforeProcessingInitializeOnLoad (56ms)
			ProcessInitializeOnLoadAttributes (358ms)
			ProcessInitializeOnLoadMethodAttributes (24ms)
			AfterProcessingInitializeOnLoad (2ms)
			EditorAssembliesLoaded (0ms)
		ExecutionOrderSort2 (0ms)
		AwakeInstancesAfterBackupRestoration (7ms)
Refreshing native plugins compatible for Editor in 3.66 ms, found 3 plugins.
Preloading 0 native plugins for Editor in 0.00 ms.
Unloading 3129 Unused Serialized files (Serialized files now loaded: 0)
Unloading 14 unused Assets / (28.5 KB). Loaded Objects now: 3702.
Memory consumption went from 124.1 MB to 124.0 MB.
Total: 2.877100 ms (FindLiveObjects: 0.175400 ms CreateObjectMapping: 0.069200 ms MarkObjects: 2.497200 ms  DeleteObjects: 0.134500 ms)

Prepare: number of updated asset objects reloaded= 0
AssetImportParameters requested are different than current active one (requested -> active):
  custom:container-demuxer-ogg: 62fdf1f143b41e24485cea50d1cbac27 -> 
  custom:video-codec-MediaFoundation-h265: 746d11721c4dcdbdad8f713fa42b33f4 -> 
  custom:video-decoder-ogg-theora: a1e56fd34408186e4bbccfd4996cb3dc -> 
  custom:framework-win-MediaFoundation: 216162199b28c13a410421893ffa2e32 -> 
  custom:CustomObjectIndexerAttribute: 9a22284fe3817be447336de3de66b15e -> 
  custom:container-demuxer-webm: 4f35f7cbe854078d1ac9338744f61a02 -> 
  custom:container-muxer-webm: aa71ff27fc2769a1b78a27578f13a17b -> 
  custom:video-decoder-webm-vp8: 9c59270c3fd7afecdb556c50c9e8de78 -> 
  custom:SearchIndexIgnoredProperties: e643bd26f0fe6173181afceb89e7c659 -> 
  custom:AudioImporter_EditorPlatform: d09bf68614088b80899f8185d706f6e7 -> 
  custom:video-encoder-webm-vp8: eb34c28f22e8b96e1ab97ce403110664 -> 
  custom:audio-decoder-ogg-vorbis: bf7c407c2cedff20999df2af8eb42d56 -> 
  custom:audio-encoder-webm-vorbis: bf7c407c2cedff20999df2af8eb42d56 -> 
  custom:scripting/monoscript/fileName/NewHomingMissile.cs: 97a81145d08cda4d1874bedadf2efec1 -> 
  custom:scripting/precompiled-assembly-types:Assembly-CSharp: 481c37afecec5ad9f335c7a177d31ded -> 1e9f807abdb6529675e0bede89060605
========================================================================
Received Import Request.
  Time since last request: 99.254865 seconds.
  path: Assets/Prefabs/Missile/R74.prefab
  artifactKey: Guid(b0df1c60601612140ab59a7b72e8a8b6) Importer(815301076,1909f56bfc062723c751e8b465ee728b)
Start importing Assets/Prefabs/Missile/R74.prefab using Guid(b0df1c60601612140ab59a7b72e8a8b6) Importer(815301076,1909f56bfc062723c751e8b465ee728b) [PhysX] Initialized MultithreadedTaskDispatcher with 8 workers.
 -> (artifact id: 'fc81780d65d24bd8f0b299b1c382d3d0') in 0.003294 seconds
Number of updated asset objects reloaded before import = 0
Number of asset objects unloaded after import = 0
========================================================================
Received Import Request.
  Time since last request: 0.000024 seconds.
  path: Assets/Prefabs/Missile/R3S.prefab
  artifactKey: Guid(95d89e6b9ea3e604a9ad9fbb7e87fb47) Importer(815301076,1909f56bfc062723c751e8b465ee728b)
Start importing Assets/Prefabs/Missile/R3S.prefab using Guid(95d89e6b9ea3e604a9ad9fbb7e87fb47) Importer(815301076,1909f56bfc062723c751e8b465ee728b) [PhysX] Initialized MultithreadedTaskDispatcher with 8 workers.
 -> (artifact id: '4b368e7533279a2795642a33373b1f91') in 0.000642 seconds
Number of updated asset objects reloaded before import = 0
Number of asset objects unloaded after import = 0
========================================================================
Received Import Request.
  Time since last request: 0.000018 seconds.
  path: Assets/Prefabs/Missile/R60M.prefab
  artifactKey: Guid(d0347d84e902de2469a3b3154e56c5a0) Importer(815301076,1909f56bfc062723c751e8b465ee728b)
Start importing Assets/Prefabs/Missile/R60M.prefab using Guid(d0347d84e902de2469a3b3154e56c5a0) Importer(815301076,1909f56bfc062723c751e8b465ee728b) [PhysX] Initialized MultithreadedTaskDispatcher with 8 workers.
 -> (artifact id: 'a2dd7069a8e16e9b56ee59042097f5f2') in 0.000347 seconds
Number of updated asset objects reloaded before import = 0
Number of asset objects unloaded after import = 0
========================================================================
Received Import Request.
  Time since last request: 0.000016 seconds.
  path: Assets/Prefabs/Missile/R73.prefab
  artifactKey: Guid(2b0faee24f85505458815d2de54c3a58) Importer(815301076,1909f56bfc062723c751e8b465ee728b)
Start importing Assets/Prefabs/Missile/R73.prefab using Guid(2b0faee24f85505458815d2de54c3a58) Importer(815301076,1909f56bfc062723c751e8b465ee728b) [PhysX] Initialized MultithreadedTaskDispatcher with 8 workers.
 -> (artifact id: 'b230c629dccbe596dfdf08b734296068') in 0.000406 seconds
Number of updated asset objects reloaded before import = 0
Number of asset objects unloaded after import = 0
========================================================================
Received Import Request.
  Time since last request: 0.000010 seconds.
  path: Assets/Prefabs/Missile/R77T.prefab
  artifactKey: Guid(3a2b65eec703b134ca893606e78cff62) Importer(815301076,1909f56bfc062723c751e8b465ee728b)
Start importing Assets/Prefabs/Missile/R77T.prefab using Guid(3a2b65eec703b134ca893606e78cff62) Importer(815301076,1909f56bfc062723c751e8b465ee728b) [PhysX] Initialized MultithreadedTaskDispatcher with 8 workers.
 -> (artifact id: 'bac404832592489c3bc3bf2e9b3b9551') in 0.000362 seconds
Number of updated asset objects reloaded before import = 0
Number of asset objects unloaded after import = 0
========================================================================
Received Import Request.
  Time since last request: 127.962605 seconds.
  path: Assets/Prefabs/Missile/R3S.prefab
  artifactKey: Guid(95d89e6b9ea3e604a9ad9fbb7e87fb47) Importer(815301076,1909f56bfc062723c751e8b465ee728b)
Start importing Assets/Prefabs/Missile/R3S.prefab using Guid(95d89e6b9ea3e604a9ad9fbb7e87fb47) Importer(815301076,1909f56bfc062723c751e8b465ee728b) [PhysX] Initialized MultithreadedTaskDispatcher with 8 workers.
 -> (artifact id: '4b368e7533279a2795642a33373b1f91') in 0.000515 seconds
Number of updated asset objects reloaded before import = 0
Number of asset objects unloaded after import = 0
========================================================================
Received Import Request.
  Time since last request: 0.000016 seconds.
  path: Assets/Prefabs/Missile/R74.prefab
  artifactKey: Guid(b0df1c60601612140ab59a7b72e8a8b6) Importer(815301076,1909f56bfc062723c751e8b465ee728b)
Start importing Assets/Prefabs/Missile/R74.prefab using Guid(b0df1c60601612140ab59a7b72e8a8b6) Importer(815301076,1909f56bfc062723c751e8b465ee728b) [PhysX] Initialized MultithreadedTaskDispatcher with 8 workers.
 -> (artifact id: 'fc81780d65d24bd8f0b299b1c382d3d0') in 0.000400 seconds
Number of updated asset objects reloaded before import = 0
Number of asset objects unloaded after import = 0
========================================================================
Received Import Request.
  Time since last request: 0.000013 seconds.
  path: Assets/Prefabs/Missile/R73.prefab
  artifactKey: Guid(2b0faee24f85505458815d2de54c3a58) Importer(815301076,1909f56bfc062723c751e8b465ee728b)
Start importing Assets/Prefabs/Missile/R73.prefab using Guid(2b0faee24f85505458815d2de54c3a58) Importer(815301076,1909f56bfc062723c751e8b465ee728b) [PhysX] Initialized MultithreadedTaskDispatcher with 8 workers.
 -> (artifact id: 'b230c629dccbe596dfdf08b734296068') in 0.000420 seconds
Number of updated asset objects reloaded before import = 0
Number of asset objects unloaded after import = 0
========================================================================
Received Import Request.
  Time since last request: 0.000013 seconds.
  path: Assets/Prefabs/Missile/R77T.prefab
  artifactKey: Guid(3a2b65eec703b134ca893606e78cff62) Importer(815301076,1909f56bfc062723c751e8b465ee728b)
Start importing Assets/Prefabs/Missile/R77T.prefab using Guid(3a2b65eec703b134ca893606e78cff62) Importer(815301076,1909f56bfc062723c751e8b465ee728b) [PhysX] Initialized MultithreadedTaskDispatcher with 8 workers.
 -> (artifact id: 'bac404832592489c3bc3bf2e9b3b9551') in 0.000358 seconds
Number of updated asset objects reloaded before import = 0
Number of asset objects unloaded after import = 0
